
C:/Users/sean/OneDrive/Documents/Pico Projects/Bg Reader/Bg_Reader/build/Bg_Reader.elf:     file format elf32-littlearm

Sections:
Idx Name          Size      VMA       LMA       File off  Algn
  0 .boot2        00000100  10000000  10000000  00001000  2**0
                  CONTENTS, ALLOC, LOAD, READONLY, CODE
  1 .text         0000849c  10000100  10000100  00001100  2**3
                  CONTENTS, ALLOC, LOAD, READONLY, CODE
  2 .rodata       00001c1c  100085a0  100085a0  000095a0  2**3
                  CONTENTS, ALLOC, LOAD, READONLY, DATA
  3 .ARM.extab    00000054  1000a1bc  1000a1bc  0000b1bc  2**2
                  CONTENTS, ALLOC, LOAD, READONLY, DATA
  4 .ARM.exidx    00000160  1000a210  1000a210  0000b210  2**2
                  CONTENTS, ALLOC, LOAD, READONLY, DATA
  5 .binary_info  00000024  1000a370  1000a370  0000b370  2**2
                  CONTENTS, ALLOC, LOAD, READONLY, DATA
  6 .ram_vector_table 000000c0  20000000  20000000  0000f000  2**2
                  ALLOC
  7 .uninitialized_data 00000000  200000c0  200000c0  0000e0d0  2**0
                  CONTENTS
  8 .data         00002010  200000c0  1000a394  0000c0c0  2**4
                  CONTENTS, ALLOC, LOAD, READONLY, CODE
  9 .tdata        00000000  200020d0  200020d0  0000e0d0  2**0
                  CONTENTS, ALLOC, LOAD, DATA, THREAD_LOCAL
 10 .tbss         00000000  200020d0  200020d0  00000000  2**0
                  ALLOC, THREAD_LOCAL
 11 .bss          00001070  200020d0  1000c3a4  0000e0d0  2**3
                  ALLOC
 12 .heap         00000800  20003140  20003140  0000e0d0  2**2
                  CONTENTS, READONLY
 13 .scratch_x    00000000  20040000  20040000  0000e8d0  2**0
                  CONTENTS
 14 .scratch_y    00000000  20041000  20041000  0000e8d0  2**0
                  CONTENTS
 15 .stack_dummy  00000800  20041000  20041000  0000e8e0  2**5
                  CONTENTS, READONLY
 16 .ARM.attributes 00000028  00000000  00000000  0000f0e0  2**0
                  CONTENTS, READONLY
 17 .comment      00000045  00000000  00000000  0000f108  2**0
                  CONTENTS, READONLY
 18 .debug_info   0003307c  00000000  00000000  0000f14d  2**0
                  CONTENTS, READONLY, DEBUGGING, OCTETS
 19 .debug_abbrev 000097d0  00000000  00000000  000421c9  2**0
                  CONTENTS, READONLY, DEBUGGING, OCTETS
 20 .debug_loclists 00014c9b  00000000  00000000  0004b999  2**0
                  CONTENTS, READONLY, DEBUGGING, OCTETS
 21 .debug_aranges 00001a98  00000000  00000000  00060638  2**3
                  CONTENTS, READONLY, DEBUGGING, OCTETS
 22 .debug_rnglists 00001d2f  00000000  00000000  000620d0  2**0
                  CONTENTS, READONLY, DEBUGGING, OCTETS
 23 .debug_line   0001e486  00000000  00000000  00063dff  2**0
                  CONTENTS, READONLY, DEBUGGING, OCTETS
 24 .debug_str    0000a578  00000000  00000000  00082285  2**0
                  CONTENTS, READONLY, DEBUGGING, OCTETS
 25 .debug_frame  00004610  00000000  00000000  0008c800  2**2
                  CONTENTS, READONLY, DEBUGGING, OCTETS
 26 .debug_line_str 0000045e  00000000  00000000  00090e10  2**0
                  CONTENTS, READONLY, DEBUGGING, OCTETS

C:/Users/sean/OneDrive/Documents/Pico Projects/Bg Reader/Bg_Reader/build/Bg_Reader.elf:     file format elf32-littlearm


Disassembly of section .boot2:

10000000 <__boot2_start__>:
10000000:	4b32b500 	.word	0x4b32b500
10000004:	60582021 	.word	0x60582021
10000008:	21026898 	.word	0x21026898
1000000c:	60984388 	.word	0x60984388
10000010:	611860d8 	.word	0x611860d8
10000014:	4b2e6158 	.word	0x4b2e6158
10000018:	60992100 	.word	0x60992100
1000001c:	61592102 	.word	0x61592102
10000020:	22f02101 	.word	0x22f02101
10000024:	492b5099 	.word	0x492b5099
10000028:	21016019 	.word	0x21016019
1000002c:	20356099 	.word	0x20356099
10000030:	f844f000 	.word	0xf844f000
10000034:	42902202 	.word	0x42902202
10000038:	2106d014 	.word	0x2106d014
1000003c:	f0006619 	.word	0xf0006619
10000040:	6e19f834 	.word	0x6e19f834
10000044:	66192101 	.word	0x66192101
10000048:	66182000 	.word	0x66182000
1000004c:	f000661a 	.word	0xf000661a
10000050:	6e19f82c 	.word	0x6e19f82c
10000054:	6e196e19 	.word	0x6e196e19
10000058:	f0002005 	.word	0xf0002005
1000005c:	2101f82f 	.word	0x2101f82f
10000060:	d1f94208 	.word	0xd1f94208
10000064:	60992100 	.word	0x60992100
10000068:	6019491b 	.word	0x6019491b
1000006c:	60592100 	.word	0x60592100
10000070:	481b491a 	.word	0x481b491a
10000074:	21016001 	.word	0x21016001
10000078:	21eb6099 	.word	0x21eb6099
1000007c:	21a06619 	.word	0x21a06619
10000080:	f0006619 	.word	0xf0006619
10000084:	2100f812 	.word	0x2100f812
10000088:	49166099 	.word	0x49166099
1000008c:	60014814 	.word	0x60014814
10000090:	60992101 	.word	0x60992101
10000094:	2800bc01 	.word	0x2800bc01
10000098:	4700d000 	.word	0x4700d000
1000009c:	49134812 	.word	0x49134812
100000a0:	c8036008 	.word	0xc8036008
100000a4:	8808f380 	.word	0x8808f380
100000a8:	b5034708 	.word	0xb5034708
100000ac:	20046a99 	.word	0x20046a99
100000b0:	d0fb4201 	.word	0xd0fb4201
100000b4:	42012001 	.word	0x42012001
100000b8:	bd03d1f8 	.word	0xbd03d1f8
100000bc:	6618b502 	.word	0x6618b502
100000c0:	f7ff6618 	.word	0xf7ff6618
100000c4:	6e18fff2 	.word	0x6e18fff2
100000c8:	bd026e18 	.word	0xbd026e18
100000cc:	40020000 	.word	0x40020000
100000d0:	18000000 	.word	0x18000000
100000d4:	00070000 	.word	0x00070000
100000d8:	005f0300 	.word	0x005f0300
100000dc:	00002221 	.word	0x00002221
100000e0:	180000f4 	.word	0x180000f4
100000e4:	a0002022 	.word	0xa0002022
100000e8:	10000100 	.word	0x10000100
100000ec:	e000ed08 	.word	0xe000ed08
	...
100000fc:	7a4eb274 	.word	0x7a4eb274

Disassembly of section .text:

10000100 <__VECTOR_TABLE>:
10000100:	20042000 	.word	0x20042000
10000104:	100001f7 	.word	0x100001f7
10000108:	100001c3 	.word	0x100001c3
1000010c:	100001c5 	.word	0x100001c5
10000110:	100001c1 	.word	0x100001c1
10000114:	100001c1 	.word	0x100001c1
10000118:	100001c1 	.word	0x100001c1
1000011c:	100001c1 	.word	0x100001c1
10000120:	100001c1 	.word	0x100001c1
10000124:	100001c1 	.word	0x100001c1
10000128:	100001c1 	.word	0x100001c1
1000012c:	100001c7 	.word	0x100001c7
10000130:	100001c1 	.word	0x100001c1
10000134:	100001c1 	.word	0x100001c1
10000138:	100001c9 	.word	0x100001c9
1000013c:	100001cb 	.word	0x100001cb
10000140:	100001cd 	.word	0x100001cd
10000144:	100001cd 	.word	0x100001cd
10000148:	100001cd 	.word	0x100001cd
1000014c:	100001cd 	.word	0x100001cd
10000150:	100001cd 	.word	0x100001cd
10000154:	100001cd 	.word	0x100001cd
10000158:	100001cd 	.word	0x100001cd
1000015c:	100001cd 	.word	0x100001cd
10000160:	100001cd 	.word	0x100001cd
10000164:	100001cd 	.word	0x100001cd
10000168:	100001cd 	.word	0x100001cd
1000016c:	100001cd 	.word	0x100001cd
10000170:	100001cd 	.word	0x100001cd
10000174:	100001cd 	.word	0x100001cd
10000178:	100001cd 	.word	0x100001cd
1000017c:	100001cd 	.word	0x100001cd
10000180:	100001cd 	.word	0x100001cd
10000184:	100001cd 	.word	0x100001cd
10000188:	100001cd 	.word	0x100001cd
1000018c:	100001cd 	.word	0x100001cd
10000190:	100001cd 	.word	0x100001cd
10000194:	100001cd 	.word	0x100001cd
10000198:	100001cd 	.word	0x100001cd
1000019c:	100001cd 	.word	0x100001cd
100001a0:	100001cd 	.word	0x100001cd
100001a4:	100001cd 	.word	0x100001cd
100001a8:	100001cd 	.word	0x100001cd
100001ac:	100001cd 	.word	0x100001cd
100001b0:	100001cd 	.word	0x100001cd
100001b4:	100001cd 	.word	0x100001cd
100001b8:	100001cd 	.word	0x100001cd
100001bc:	100001cd 	.word	0x100001cd

100001c0 <isr_invalid>:
100001c0:	be00      	bkpt	0x0000

100001c2 <isr_nmi>:
100001c2:	be00      	bkpt	0x0000

100001c4 <isr_hardfault>:
100001c4:	be00      	bkpt	0x0000

100001c6 <isr_svcall>:
100001c6:	be00      	bkpt	0x0000

100001c8 <isr_pendsv>:
100001c8:	be00      	bkpt	0x0000

100001ca <isr_systick>:
100001ca:	be00      	bkpt	0x0000

100001cc <__unhandled_user_irq>:
100001cc:	f3ef 8005 	mrs	r0, IPSR
100001d0:	3810      	subs	r0, #16

100001d2 <unhandled_user_irq_num_in_r0>:
100001d2:	be00      	bkpt	0x0000

100001d4 <binary_info_header>:
100001d4:	7188ebf2 	.word	0x7188ebf2
100001d8:	1000a370 	.word	0x1000a370
100001dc:	1000a394 	.word	0x1000a394
100001e0:	10000238 	.word	0x10000238
100001e4:	e71aa390 	.word	0xe71aa390

100001e8 <_entry_point>:
100001e8:	481e      	ldr	r0, [pc, #120]	@ (10000264 <data_cpy_table+0x2c>)

100001ea <_enter_vtable_in_r0>:
100001ea:	491f      	ldr	r1, [pc, #124]	@ (10000268 <data_cpy_table+0x30>)
100001ec:	6008      	str	r0, [r1, #0]
100001ee:	c806      	ldmia	r0!, {r1, r2}
100001f0:	f381 8808 	msr	MSP, r1
100001f4:	4710      	bx	r2

100001f6 <_reset_handler>:
100001f6:	481d      	ldr	r0, [pc, #116]	@ (1000026c <data_cpy_table+0x34>)
100001f8:	6800      	ldr	r0, [r0, #0]
100001fa:	2800      	cmp	r0, #0
100001fc:	d001      	beq.n	10000202 <hold_non_core0_in_bootrom+0x4>

100001fe <hold_non_core0_in_bootrom>:
100001fe:	4819      	ldr	r0, [pc, #100]	@ (10000264 <data_cpy_table+0x2c>)
10000200:	e7f3      	b.n	100001ea <_enter_vtable_in_r0>
10000202:	a40d      	add	r4, pc, #52	@ (adr r4, 10000238 <data_cpy_table>)
10000204:	cc0e      	ldmia	r4!, {r1, r2, r3}
10000206:	2900      	cmp	r1, #0
10000208:	d002      	beq.n	10000210 <hold_non_core0_in_bootrom+0x12>
1000020a:	f000 f812 	bl	10000232 <data_cpy>
1000020e:	e7f9      	b.n	10000204 <hold_non_core0_in_bootrom+0x6>
10000210:	4917      	ldr	r1, [pc, #92]	@ (10000270 <data_cpy_table+0x38>)
10000212:	4a18      	ldr	r2, [pc, #96]	@ (10000274 <data_cpy_table+0x3c>)
10000214:	2000      	movs	r0, #0
10000216:	e000      	b.n	1000021a <bss_fill_test>

10000218 <bss_fill_loop>:
10000218:	c101      	stmia	r1!, {r0}

1000021a <bss_fill_test>:
1000021a:	4291      	cmp	r1, r2
1000021c:	d1fc      	bne.n	10000218 <bss_fill_loop>

1000021e <platform_entry>:
1000021e:	4916      	ldr	r1, [pc, #88]	@ (10000278 <data_cpy_table+0x40>)
10000220:	4788      	blx	r1
10000222:	4916      	ldr	r1, [pc, #88]	@ (1000027c <data_cpy_table+0x44>)
10000224:	4788      	blx	r1
10000226:	4916      	ldr	r1, [pc, #88]	@ (10000280 <data_cpy_table+0x48>)
10000228:	4788      	blx	r1
1000022a:	be00      	bkpt	0x0000
1000022c:	e7fd      	b.n	1000022a <platform_entry+0xc>

1000022e <data_cpy_loop>:
1000022e:	c901      	ldmia	r1!, {r0}
10000230:	c201      	stmia	r2!, {r0}

10000232 <data_cpy>:
10000232:	429a      	cmp	r2, r3
10000234:	d3fb      	bcc.n	1000022e <data_cpy_loop>
10000236:	4770      	bx	lr

10000238 <data_cpy_table>:
10000238:	1000a394 	.word	0x1000a394
1000023c:	200000c0 	.word	0x200000c0
10000240:	200020d0 	.word	0x200020d0
10000244:	1000c3a4 	.word	0x1000c3a4
10000248:	20040000 	.word	0x20040000
1000024c:	20040000 	.word	0x20040000
10000250:	1000c3a4 	.word	0x1000c3a4
10000254:	20041000 	.word	0x20041000
10000258:	20041000 	.word	0x20041000
1000025c:	00000000 	.word	0x00000000
10000260:	4770      	bx	lr
10000262:	0000      	.short	0x0000
10000264:	00000000 	.word	0x00000000
10000268:	e000ed08 	.word	0xe000ed08
1000026c:	d0000000 	.word	0xd0000000
10000270:	200020d0 	.word	0x200020d0
10000274:	20003140 	.word	0x20003140
10000278:	1000459d 	.word	0x1000459d
1000027c:	10000451 	.word	0x10000451
10000280:	1000455f 	.word	0x1000455f

10000284 <_init>:
10000284:	b5f8      	push	{r3, r4, r5, r6, r7, lr}
10000286:	46c0      	nop			@ (mov r8, r8)

10000288 <register_tm_clones>:
10000288:	4806      	ldr	r0, [pc, #24]	@ (100002a4 <register_tm_clones+0x1c>)
1000028a:	4907      	ldr	r1, [pc, #28]	@ (100002a8 <register_tm_clones+0x20>)
1000028c:	1a09      	subs	r1, r1, r0
1000028e:	108b      	asrs	r3, r1, #2
10000290:	0fc9      	lsrs	r1, r1, #31
10000292:	18c9      	adds	r1, r1, r3
10000294:	b510      	push	{r4, lr}
10000296:	1049      	asrs	r1, r1, #1
10000298:	d003      	beq.n	100002a2 <register_tm_clones+0x1a>
1000029a:	4b04      	ldr	r3, [pc, #16]	@ (100002ac <register_tm_clones+0x24>)
1000029c:	2b00      	cmp	r3, #0
1000029e:	d000      	beq.n	100002a2 <register_tm_clones+0x1a>
100002a0:	4798      	blx	r3
100002a2:	bd10      	pop	{r4, pc}
100002a4:	200020d0 	.word	0x200020d0
100002a8:	200020d0 	.word	0x200020d0
100002ac:	00000000 	.word	0x00000000

100002b0 <frame_dummy>:
100002b0:	4b05      	ldr	r3, [pc, #20]	@ (100002c8 <frame_dummy+0x18>)
100002b2:	b510      	push	{r4, lr}
100002b4:	2b00      	cmp	r3, #0
100002b6:	d003      	beq.n	100002c0 <frame_dummy+0x10>
100002b8:	4904      	ldr	r1, [pc, #16]	@ (100002cc <frame_dummy+0x1c>)
100002ba:	4805      	ldr	r0, [pc, #20]	@ (100002d0 <frame_dummy+0x20>)
100002bc:	e000      	b.n	100002c0 <frame_dummy+0x10>
100002be:	bf00      	nop
100002c0:	f7ff ffe2 	bl	10000288 <register_tm_clones>
100002c4:	bd10      	pop	{r4, pc}
100002c6:	46c0      	nop			@ (mov r8, r8)
100002c8:	00000000 	.word	0x00000000
100002cc:	20002edc 	.word	0x20002edc
100002d0:	1000859c 	.word	0x1000859c

100002d4 <_ZN10I2CScanner4scanEv>:
100002d4:	b530      	push	{r4, r5, lr}
100002d6:	b085      	sub	sp, #20
100002d8:	0005      	movs	r5, r0
100002da:	4820      	ldr	r0, [pc, #128]	@ (1000035c <_ZN10I2CScanner4scanEv+0x88>)
100002dc:	f004 faf4 	bl	100048c8 <__wrap_puts>
100002e0:	481f      	ldr	r0, [pc, #124]	@ (10000360 <_ZN10I2CScanner4scanEv+0x8c>)
100002e2:	f004 faf1 	bl	100048c8 <__wrap_puts>
100002e6:	2400      	movs	r4, #0
100002e8:	e010      	b.n	1000030c <_ZN10I2CScanner4scanEv+0x38>
100002ea:	481e      	ldr	r0, [pc, #120]	@ (10000364 <_ZN10I2CScanner4scanEv+0x90>)
100002ec:	0021      	movs	r1, r4
100002ee:	f004 fb1b 	bl	10004928 <__wrap_printf>
100002f2:	e00f      	b.n	10000314 <_ZN10I2CScanner4scanEv+0x40>
100002f4:	481c      	ldr	r0, [pc, #112]	@ (10000368 <_ZN10I2CScanner4scanEv+0x94>)
100002f6:	f004 fb17 	bl	10004928 <__wrap_printf>
100002fa:	17e2      	asrs	r2, r4, #31
100002fc:	0f12      	lsrs	r2, r2, #28
100002fe:	18a1      	adds	r1, r4, r2
10000300:	230f      	movs	r3, #15
10000302:	400b      	ands	r3, r1
10000304:	1a9b      	subs	r3, r3, r2
10000306:	2b0f      	cmp	r3, #15
10000308:	d01f      	beq.n	1000034a <_ZN10I2CScanner4scanEv+0x76>
1000030a:	3401      	adds	r4, #1
1000030c:	2c7f      	cmp	r4, #127	@ 0x7f
1000030e:	dc20      	bgt.n	10000352 <_ZN10I2CScanner4scanEv+0x7e>
10000310:	0723      	lsls	r3, r4, #28
10000312:	d0ea      	beq.n	100002ea <_ZN10I2CScanner4scanEv+0x16>
10000314:	2378      	movs	r3, #120	@ 0x78
10000316:	001a      	movs	r2, r3
10000318:	4022      	ands	r2, r4
1000031a:	4223      	tst	r3, r4
1000031c:	d0ea      	beq.n	100002f4 <_ZN10I2CScanner4scanEv+0x20>
1000031e:	2a78      	cmp	r2, #120	@ 0x78
10000320:	d0e8      	beq.n	100002f4 <_ZN10I2CScanner4scanEv+0x20>
10000322:	b2e1      	uxtb	r1, r4
10000324:	6828      	ldr	r0, [r5, #0]
10000326:	2300      	movs	r3, #0
10000328:	9300      	str	r3, [sp, #0]
1000032a:	3301      	adds	r3, #1
1000032c:	220f      	movs	r2, #15
1000032e:	446a      	add	r2, sp
10000330:	f007 fb98 	bl	10007a64 <i2c_read_blocking>
10000334:	2800      	cmp	r0, #0
10000336:	db04      	blt.n	10000342 <_ZN10I2CScanner4scanEv+0x6e>
10000338:	480c      	ldr	r0, [pc, #48]	@ (1000036c <_ZN10I2CScanner4scanEv+0x98>)
1000033a:	0021      	movs	r1, r4
1000033c:	f004 faf4 	bl	10004928 <__wrap_printf>
10000340:	e7db      	b.n	100002fa <_ZN10I2CScanner4scanEv+0x26>
10000342:	480b      	ldr	r0, [pc, #44]	@ (10000370 <_ZN10I2CScanner4scanEv+0x9c>)
10000344:	f004 faf0 	bl	10004928 <__wrap_printf>
10000348:	e7d7      	b.n	100002fa <_ZN10I2CScanner4scanEv+0x26>
1000034a:	200a      	movs	r0, #10
1000034c:	f004 faae 	bl	100048ac <__wrap_putchar>
10000350:	e7db      	b.n	1000030a <_ZN10I2CScanner4scanEv+0x36>
10000352:	4808      	ldr	r0, [pc, #32]	@ (10000374 <_ZN10I2CScanner4scanEv+0xa0>)
10000354:	f004 fab8 	bl	100048c8 <__wrap_puts>
10000358:	b005      	add	sp, #20
1000035a:	bd30      	pop	{r4, r5, pc}
1000035c:	100085a0 	.word	0x100085a0
10000360:	100085b8 	.word	0x100085b8
10000364:	100085ec 	.word	0x100085ec
10000368:	100085f4 	.word	0x100085f4
1000036c:	100085fc 	.word	0x100085fc
10000370:	100085f8 	.word	0x100085f8
10000374:	10008604 	.word	0x10008604

10000378 <_ZN10I2CScanner12test_addressEh>:
10000378:	b500      	push	{lr}
1000037a:	b085      	sub	sp, #20
1000037c:	6800      	ldr	r0, [r0, #0]
1000037e:	2300      	movs	r3, #0
10000380:	9300      	str	r3, [sp, #0]
10000382:	3301      	adds	r3, #1
10000384:	220f      	movs	r2, #15
10000386:	446a      	add	r2, sp
10000388:	f007 fb6c 	bl	10007a64 <i2c_read_blocking>
1000038c:	43c0      	mvns	r0, r0
1000038e:	0fc0      	lsrs	r0, r0, #31
10000390:	b005      	add	sp, #20
10000392:	bd00      	pop	{pc}

10000394 <_Z21display_position_infoR7LCD_I2CR17QuadratureEncoder>:
10000394:	b5f0      	push	{r4, r5, r6, r7, lr}
10000396:	b083      	sub	sp, #12
10000398:	0004      	movs	r4, r0
1000039a:	000f      	movs	r7, r1
1000039c:	f000 fa80 	bl	100008a0 <_ZN7LCD_I2C5clearEv>
100003a0:	2200      	movs	r2, #0
100003a2:	2100      	movs	r1, #0
100003a4:	0020      	movs	r0, r4
100003a6:	f000 fabb 	bl	10000920 <_ZN7LCD_I2C10set_cursorEhh>
100003aa:	2370      	movs	r3, #112	@ 0x70
100003ac:	5cfb      	ldrb	r3, [r7, r3]
100003ae:	2b00      	cmp	r3, #0
100003b0:	d03f      	beq.n	10000432 <_Z21display_position_infoR7LCD_I2CR17QuadratureEncoder+0x9e>
100003b2:	4922      	ldr	r1, [pc, #136]	@ (1000043c <_Z21display_position_infoR7LCD_I2CR17QuadratureEncoder+0xa8>)
100003b4:	0020      	movs	r0, r4
100003b6:	f000 facd 	bl	10000954 <_ZN7LCD_I2C5printEPKc>
100003ba:	2201      	movs	r2, #1
100003bc:	2100      	movs	r1, #0
100003be:	0020      	movs	r0, r4
100003c0:	f000 faae 	bl	10000920 <_ZN7LCD_I2C10set_cursorEhh>
100003c4:	697e      	ldr	r6, [r7, #20]
100003c6:	6eb8      	ldr	r0, [r7, #104]	@ 0x68
100003c8:	4d1d      	ldr	r5, [pc, #116]	@ (10000440 <_Z21display_position_infoR7LCD_I2CR17QuadratureEncoder+0xac>)
100003ca:	f002 fec9 	bl	10003160 <__wrap___aeabi_f2d>
100003ce:	9000      	str	r0, [sp, #0]
100003d0:	9101      	str	r1, [sp, #4]
100003d2:	0032      	movs	r2, r6
100003d4:	0029      	movs	r1, r5
100003d6:	0020      	movs	r0, r4
100003d8:	f000 fac9 	bl	1000096e <_ZN7LCD_I2C6printfEPKcz>
100003dc:	2202      	movs	r2, #2
100003de:	2100      	movs	r1, #0
100003e0:	0020      	movs	r0, r4
100003e2:	f000 fa9d 	bl	10000920 <_ZN7LCD_I2C10set_cursorEhh>
100003e6:	0038      	movs	r0, r7
100003e8:	f000 fc8d 	bl	10000d06 <_ZNK17QuadratureEncoder12get_distanceEv>
100003ec:	f002 feb8 	bl	10003160 <__wrap___aeabi_f2d>
100003f0:	0005      	movs	r5, r0
100003f2:	000e      	movs	r6, r1
100003f4:	0038      	movs	r0, r7
100003f6:	f000 fc97 	bl	10000d28 <_ZNK17QuadratureEncoder7get_rpmEv>
100003fa:	f002 feb1 	bl	10003160 <__wrap___aeabi_f2d>
100003fe:	9000      	str	r0, [sp, #0]
10000400:	9101      	str	r1, [sp, #4]
10000402:	002a      	movs	r2, r5
10000404:	0033      	movs	r3, r6
10000406:	490f      	ldr	r1, [pc, #60]	@ (10000444 <_Z21display_position_infoR7LCD_I2CR17QuadratureEncoder+0xb0>)
10000408:	0020      	movs	r0, r4
1000040a:	f000 fab0 	bl	1000096e <_ZN7LCD_I2C6printfEPKcz>
1000040e:	2203      	movs	r2, #3
10000410:	2100      	movs	r1, #0
10000412:	0020      	movs	r0, r4
10000414:	f000 fa84 	bl	10000920 <_ZN7LCD_I2C10set_cursorEhh>
10000418:	69f8      	ldr	r0, [r7, #28]
1000041a:	6a3d      	ldr	r5, [r7, #32]
1000041c:	f002 fea0 	bl	10003160 <__wrap___aeabi_f2d>
10000420:	0002      	movs	r2, r0
10000422:	000b      	movs	r3, r1
10000424:	4908      	ldr	r1, [pc, #32]	@ (10000448 <_Z21display_position_infoR7LCD_I2CR17QuadratureEncoder+0xb4>)
10000426:	9500      	str	r5, [sp, #0]
10000428:	0020      	movs	r0, r4
1000042a:	f000 faa0 	bl	1000096e <_ZN7LCD_I2C6printfEPKcz>
1000042e:	b003      	add	sp, #12
10000430:	bdf0      	pop	{r4, r5, r6, r7, pc}
10000432:	4906      	ldr	r1, [pc, #24]	@ (1000044c <_Z21display_position_infoR7LCD_I2CR17QuadratureEncoder+0xb8>)
10000434:	0020      	movs	r0, r4
10000436:	f000 fa8d 	bl	10000954 <_ZN7LCD_I2C5printEPKc>
1000043a:	e7be      	b.n	100003ba <_Z21display_position_infoR7LCD_I2CR17QuadratureEncoder+0x26>
1000043c:	10008614 	.word	0x10008614
10000440:	1000863c 	.word	0x1000863c
10000444:	10008650 	.word	0x10008650
10000448:	10008664 	.word	0x10008664
1000044c:	10008628 	.word	0x10008628

10000450 <main>:
10000450:	b5f0      	push	{r4, r5, r6, r7, lr}
10000452:	46c6      	mov	lr, r8
10000454:	b500      	push	{lr}
10000456:	b0aa      	sub	sp, #168	@ 0xa8
10000458:	f004 f9fa 	bl	10004850 <stdio_init_all>
1000045c:	48af      	ldr	r0, [pc, #700]	@ (1000071c <main+0x2cc>)
1000045e:	f004 fa33 	bl	100048c8 <__wrap_puts>
10000462:	48af      	ldr	r0, [pc, #700]	@ (10000720 <main+0x2d0>)
10000464:	f004 fa30 	bl	100048c8 <__wrap_puts>
10000468:	20fa      	movs	r0, #250	@ 0xfa
1000046a:	00c0      	lsls	r0, r0, #3
1000046c:	f001 fba2 	bl	10001bb4 <sleep_ms>
10000470:	4dac      	ldr	r5, [pc, #688]	@ (10000724 <main+0x2d4>)
10000472:	4cad      	ldr	r4, [pc, #692]	@ (10000728 <main+0x2d8>)
10000474:	0029      	movs	r1, r5
10000476:	0020      	movs	r0, r4
10000478:	f007 fabe 	bl	100079f8 <i2c_init>
1000047c:	2103      	movs	r1, #3
1000047e:	2008      	movs	r0, #8
10000480:	f000 fc80 	bl	10000d84 <gpio_set_function>
10000484:	2103      	movs	r1, #3
10000486:	2009      	movs	r0, #9
10000488:	f000 fc7c 	bl	10000d84 <gpio_set_function>
1000048c:	2200      	movs	r2, #0
1000048e:	2101      	movs	r1, #1
10000490:	2008      	movs	r0, #8
10000492:	f000 fc91 	bl	10000db8 <gpio_set_pulls>
10000496:	2200      	movs	r2, #0
10000498:	2101      	movs	r1, #1
1000049a:	2009      	movs	r0, #9
1000049c:	f000 fc8c 	bl	10000db8 <gpio_set_pulls>
100004a0:	48a2      	ldr	r0, [pc, #648]	@ (1000072c <main+0x2dc>)
100004a2:	002b      	movs	r3, r5
100004a4:	2209      	movs	r2, #9
100004a6:	2108      	movs	r1, #8
100004a8:	f004 fa3e 	bl	10004928 <__wrap_printf>
100004ac:	9429      	str	r4, [sp, #164]	@ 0xa4
100004ae:	ac29      	add	r4, sp, #164	@ 0xa4
100004b0:	0020      	movs	r0, r4
100004b2:	f7ff ff0f 	bl	100002d4 <_ZN10I2CScanner4scanEv>
100004b6:	2127      	movs	r1, #39	@ 0x27
100004b8:	0020      	movs	r0, r4
100004ba:	f7ff ff5d 	bl	10000378 <_ZN10I2CScanner12test_addressEh>
100004be:	2800      	cmp	r0, #0
100004c0:	d06f      	beq.n	100005a2 <main+0x152>
100004c2:	489b      	ldr	r0, [pc, #620]	@ (10000730 <main+0x2e0>)
100004c4:	2127      	movs	r1, #39	@ 0x27
100004c6:	f004 fa2f 	bl	10004928 <__wrap_printf>
100004ca:	4997      	ldr	r1, [pc, #604]	@ (10000728 <main+0x2d8>)
100004cc:	ac27      	add	r4, sp, #156	@ 0x9c
100004ce:	2227      	movs	r2, #39	@ 0x27
100004d0:	0020      	movs	r0, r4
100004d2:	f000 f979 	bl	100007c8 <_ZN7LCD_I2CC1EP8i2c_insth>
100004d6:	4897      	ldr	r0, [pc, #604]	@ (10000734 <main+0x2e4>)
100004d8:	f004 f9f6 	bl	100048c8 <__wrap_puts>
100004dc:	0020      	movs	r0, r4
100004de:	f000 f9e8 	bl	100008b2 <_ZN7LCD_I2C4initEv>
100004e2:	0020      	movs	r0, r4
100004e4:	f000 fa58 	bl	10000998 <_ZN7LCD_I2C12backlight_onEv>
100004e8:	4893      	ldr	r0, [pc, #588]	@ (10000738 <main+0x2e8>)
100004ea:	f004 f9ed 	bl	100048c8 <__wrap_puts>
100004ee:	ae0a      	add	r6, sp, #40	@ 0x28
100004f0:	2301      	movs	r3, #1
100004f2:	9303      	str	r3, [sp, #12]
100004f4:	25fa      	movs	r5, #250	@ 0xfa
100004f6:	006d      	lsls	r5, r5, #1
100004f8:	9502      	str	r5, [sp, #8]
100004fa:	23fe      	movs	r3, #254	@ 0xfe
100004fc:	059b      	lsls	r3, r3, #22
100004fe:	9301      	str	r3, [sp, #4]
10000500:	230b      	movs	r3, #11
10000502:	9300      	str	r3, [sp, #0]
10000504:	3b01      	subs	r3, #1
10000506:	2200      	movs	r2, #0
10000508:	498c      	ldr	r1, [pc, #560]	@ (1000073c <main+0x2ec>)
1000050a:	0030      	movs	r0, r6
1000050c:	f000 fb1a 	bl	10000b44 <_ZN17QuadratureEncoderC1EP8pio_hw_tjjjfmb>
10000510:	0030      	movs	r0, r6
10000512:	f000 fad3 	bl	10000abc <_ZN17QuadratureEncoder4initEv>
10000516:	488a      	ldr	r0, [pc, #552]	@ (10000740 <main+0x2f0>)
10000518:	220b      	movs	r2, #11
1000051a:	210a      	movs	r1, #10
1000051c:	f004 fa04 	bl	10004928 <__wrap_printf>
10000520:	2600      	movs	r6, #0
10000522:	4f88      	ldr	r7, [pc, #544]	@ (10000744 <main+0x2f4>)
10000524:	4888      	ldr	r0, [pc, #544]	@ (10000748 <main+0x2f8>)
10000526:	9500      	str	r5, [sp, #0]
10000528:	0032      	movs	r2, r6
1000052a:	003b      	movs	r3, r7
1000052c:	f004 f9fc 	bl	10004928 <__wrap_printf>
10000530:	0020      	movs	r0, r4
10000532:	f000 f9b5 	bl	100008a0 <_ZN7LCD_I2C5clearEv>
10000536:	2200      	movs	r2, #0
10000538:	2100      	movs	r1, #0
1000053a:	0020      	movs	r0, r4
1000053c:	f000 f9f0 	bl	10000920 <_ZN7LCD_I2C10set_cursorEhh>
10000540:	4982      	ldr	r1, [pc, #520]	@ (1000074c <main+0x2fc>)
10000542:	0020      	movs	r0, r4
10000544:	f000 fa06 	bl	10000954 <_ZN7LCD_I2C5printEPKc>
10000548:	2201      	movs	r2, #1
1000054a:	2100      	movs	r1, #0
1000054c:	0020      	movs	r0, r4
1000054e:	f000 f9e7 	bl	10000920 <_ZN7LCD_I2C10set_cursorEhh>
10000552:	497f      	ldr	r1, [pc, #508]	@ (10000750 <main+0x300>)
10000554:	0020      	movs	r0, r4
10000556:	f000 f9fd 	bl	10000954 <_ZN7LCD_I2C5printEPKc>
1000055a:	2202      	movs	r2, #2
1000055c:	2100      	movs	r1, #0
1000055e:	0020      	movs	r0, r4
10000560:	f000 f9de 	bl	10000920 <_ZN7LCD_I2C10set_cursorEhh>
10000564:	497b      	ldr	r1, [pc, #492]	@ (10000754 <main+0x304>)
10000566:	9500      	str	r5, [sp, #0]
10000568:	0032      	movs	r2, r6
1000056a:	003b      	movs	r3, r7
1000056c:	0020      	movs	r0, r4
1000056e:	f000 f9fe 	bl	1000096e <_ZN7LCD_I2C6printfEPKcz>
10000572:	2203      	movs	r2, #3
10000574:	2100      	movs	r1, #0
10000576:	0020      	movs	r0, r4
10000578:	f000 f9d2 	bl	10000920 <_ZN7LCD_I2C10set_cursorEhh>
1000057c:	4976      	ldr	r1, [pc, #472]	@ (10000758 <main+0x308>)
1000057e:	0020      	movs	r0, r4
10000580:	f000 f9e8 	bl	10000954 <_ZN7LCD_I2C5printEPKc>
10000584:	4875      	ldr	r0, [pc, #468]	@ (1000075c <main+0x30c>)
10000586:	f004 f99f 	bl	100048c8 <__wrap_puts>
1000058a:	4875      	ldr	r0, [pc, #468]	@ (10000760 <main+0x310>)
1000058c:	f001 fb12 	bl	10001bb4 <sleep_ms>
10000590:	4874      	ldr	r0, [pc, #464]	@ (10000764 <main+0x314>)
10000592:	f004 f999 	bl	100048c8 <__wrap_puts>
10000596:	4874      	ldr	r0, [pc, #464]	@ (10000768 <main+0x318>)
10000598:	f004 f996 	bl	100048c8 <__wrap_puts>
1000059c:	2500      	movs	r5, #0
1000059e:	2600      	movs	r6, #0
100005a0:	e046      	b.n	10000630 <main+0x1e0>
100005a2:	4872      	ldr	r0, [pc, #456]	@ (1000076c <main+0x31c>)
100005a4:	2127      	movs	r1, #39	@ 0x27
100005a6:	f004 f9bf 	bl	10004928 <__wrap_printf>
100005aa:	4871      	ldr	r0, [pc, #452]	@ (10000770 <main+0x320>)
100005ac:	f004 f98c 	bl	100048c8 <__wrap_puts>
100005b0:	e78b      	b.n	100004ca <main+0x7a>
100005b2:	21fa      	movs	r1, #250	@ 0xfa
100005b4:	0089      	lsls	r1, r1, #2
100005b6:	f001 fefd 	bl	100023b4 <__wrap___aeabi_uidiv>
100005ba:	0004      	movs	r4, r0
100005bc:	e042      	b.n	10000644 <main+0x1f4>
100005be:	2200      	movs	r2, #0
100005c0:	920f      	str	r2, [sp, #60]	@ 0x3c
100005c2:	486c      	ldr	r0, [pc, #432]	@ (10000774 <main+0x324>)
100005c4:	f004 f980 	bl	100048c8 <__wrap_puts>
100005c8:	9f0f      	ldr	r7, [sp, #60]	@ 0x3c
100005ca:	1ba3      	subs	r3, r4, r6
100005cc:	42bd      	cmp	r5, r7
100005ce:	d100      	bne.n	100005d2 <main+0x182>
100005d0:	e09e      	b.n	10000710 <main+0x2c0>
100005d2:	a90a      	add	r1, sp, #40	@ 0x28
100005d4:	a827      	add	r0, sp, #156	@ 0x9c
100005d6:	f7ff fedd 	bl	10000394 <_Z21display_position_infoR7LCD_I2CR17QuadratureEncoder>
100005da:	42bd      	cmp	r5, r7
100005dc:	d100      	bne.n	100005e0 <main+0x190>
100005de:	e09a      	b.n	10000716 <main+0x2c6>
100005e0:	ad0a      	add	r5, sp, #40	@ 0x28
100005e2:	0028      	movs	r0, r5
100005e4:	f000 fb8f 	bl	10000d06 <_ZNK17QuadratureEncoder12get_distanceEv>
100005e8:	f002 fdba 	bl	10003160 <__wrap___aeabi_f2d>
100005ec:	9006      	str	r0, [sp, #24]
100005ee:	9107      	str	r1, [sp, #28]
100005f0:	9824      	ldr	r0, [sp, #144]	@ 0x90
100005f2:	f002 fdb5 	bl	10003160 <__wrap___aeabi_f2d>
100005f6:	9008      	str	r0, [sp, #32]
100005f8:	9109      	str	r1, [sp, #36]	@ 0x24
100005fa:	0028      	movs	r0, r5
100005fc:	f000 fb94 	bl	10000d28 <_ZNK17QuadratureEncoder7get_rpmEv>
10000600:	4d5d      	ldr	r5, [pc, #372]	@ (10000778 <main+0x328>)
10000602:	2200      	movs	r2, #0
10000604:	4b5d      	ldr	r3, [pc, #372]	@ (1000077c <main+0x32c>)
10000606:	9204      	str	r2, [sp, #16]
10000608:	9305      	str	r3, [sp, #20]
1000060a:	f002 fda9 	bl	10003160 <__wrap___aeabi_f2d>
1000060e:	9002      	str	r0, [sp, #8]
10000610:	9103      	str	r1, [sp, #12]
10000612:	9908      	ldr	r1, [sp, #32]
10000614:	9a09      	ldr	r2, [sp, #36]	@ 0x24
10000616:	9100      	str	r1, [sp, #0]
10000618:	9201      	str	r2, [sp, #4]
1000061a:	9a06      	ldr	r2, [sp, #24]
1000061c:	9b07      	ldr	r3, [sp, #28]
1000061e:	0039      	movs	r1, r7
10000620:	0028      	movs	r0, r5
10000622:	f004 f981 	bl	10004928 <__wrap_printf>
10000626:	0026      	movs	r6, r4
10000628:	2001      	movs	r0, #1
1000062a:	f001 fac3 	bl	10001bb4 <sleep_ms>
1000062e:	003d      	movs	r5, r7
10000630:	f001 fbb4 	bl	10001d9c <time_us_64>
10000634:	2900      	cmp	r1, #0
10000636:	d0bc      	beq.n	100005b2 <main+0x162>
10000638:	22fa      	movs	r2, #250	@ 0xfa
1000063a:	0092      	lsls	r2, r2, #2
1000063c:	2300      	movs	r3, #0
1000063e:	f001 fef7 	bl	10002430 <__wrap___aeabi_uldivmod>
10000642:	0004      	movs	r4, r0
10000644:	a80a      	add	r0, sp, #40	@ 0x28
10000646:	f000 fb0d 	bl	10000c64 <_ZN17QuadratureEncoder6updateEv>
1000064a:	2000      	movs	r0, #0
1000064c:	f004 f904 	bl	10004858 <stdio_getchar_timeout_us>
10000650:	3848      	subs	r0, #72	@ 0x48
10000652:	282e      	cmp	r0, #46	@ 0x2e
10000654:	d8b8      	bhi.n	100005c8 <main+0x178>
10000656:	0080      	lsls	r0, r0, #2
10000658:	4b49      	ldr	r3, [pc, #292]	@ (10000780 <main+0x330>)
1000065a:	581b      	ldr	r3, [r3, r0]
1000065c:	469f      	mov	pc, r3
1000065e:	a829      	add	r0, sp, #164	@ 0xa4
10000660:	f7ff fe38 	bl	100002d4 <_ZN10I2CScanner4scanEv>
10000664:	e7b0      	b.n	100005c8 <main+0x178>
10000666:	4847      	ldr	r0, [pc, #284]	@ (10000784 <main+0x334>)
10000668:	f004 f92e 	bl	100048c8 <__wrap_puts>
1000066c:	4846      	ldr	r0, [pc, #280]	@ (10000788 <main+0x338>)
1000066e:	f004 f92b 	bl	100048c8 <__wrap_puts>
10000672:	4846      	ldr	r0, [pc, #280]	@ (1000078c <main+0x33c>)
10000674:	f004 f928 	bl	100048c8 <__wrap_puts>
10000678:	4845      	ldr	r0, [pc, #276]	@ (10000790 <main+0x340>)
1000067a:	f004 f925 	bl	100048c8 <__wrap_puts>
1000067e:	4845      	ldr	r0, [pc, #276]	@ (10000794 <main+0x344>)
10000680:	f004 f922 	bl	100048c8 <__wrap_puts>
10000684:	4844      	ldr	r0, [pc, #272]	@ (10000798 <main+0x348>)
10000686:	f004 f91f 	bl	100048c8 <__wrap_puts>
1000068a:	e79d      	b.n	100005c8 <main+0x178>
1000068c:	af0a      	add	r7, sp, #40	@ 0x28
1000068e:	2370      	movs	r3, #112	@ 0x70
10000690:	4698      	mov	r8, r3
10000692:	5cfb      	ldrb	r3, [r7, r3]
10000694:	2201      	movs	r2, #1
10000696:	4053      	eors	r3, r2
10000698:	4642      	mov	r2, r8
1000069a:	54bb      	strb	r3, [r7, r2]
1000069c:	0038      	movs	r0, r7
1000069e:	f000 fa0d 	bl	10000abc <_ZN17QuadratureEncoder4initEv>
100006a2:	4643      	mov	r3, r8
100006a4:	5cfb      	ldrb	r3, [r7, r3]
100006a6:	2b00      	cmp	r3, #0
100006a8:	d004      	beq.n	100006b4 <main+0x264>
100006aa:	493c      	ldr	r1, [pc, #240]	@ (1000079c <main+0x34c>)
100006ac:	483c      	ldr	r0, [pc, #240]	@ (100007a0 <main+0x350>)
100006ae:	f004 f93b 	bl	10004928 <__wrap_printf>
100006b2:	e789      	b.n	100005c8 <main+0x178>
100006b4:	493b      	ldr	r1, [pc, #236]	@ (100007a4 <main+0x354>)
100006b6:	e7f9      	b.n	100006ac <main+0x25c>
100006b8:	483b      	ldr	r0, [pc, #236]	@ (100007a8 <main+0x358>)
100006ba:	f004 f905 	bl	100048c8 <__wrap_puts>
100006be:	af0a      	add	r7, sp, #40	@ 0x28
100006c0:	9824      	ldr	r0, [sp, #144]	@ 0x90
100006c2:	f002 fd4d 	bl	10003160 <__wrap___aeabi_f2d>
100006c6:	0002      	movs	r2, r0
100006c8:	000b      	movs	r3, r1
100006ca:	4838      	ldr	r0, [pc, #224]	@ (100007ac <main+0x35c>)
100006cc:	f004 f92c 	bl	10004928 <__wrap_printf>
100006d0:	0038      	movs	r0, r7
100006d2:	f000 fb29 	bl	10000d28 <_ZNK17QuadratureEncoder7get_rpmEv>
100006d6:	f002 fd43 	bl	10003160 <__wrap___aeabi_f2d>
100006da:	0002      	movs	r2, r0
100006dc:	000b      	movs	r3, r1
100006de:	4834      	ldr	r0, [pc, #208]	@ (100007b0 <main+0x360>)
100006e0:	f004 f922 	bl	10004928 <__wrap_printf>
100006e4:	4933      	ldr	r1, [pc, #204]	@ (100007b4 <main+0x364>)
100006e6:	0038      	movs	r0, r7
100006e8:	f000 fb34 	bl	10000d54 <_ZNK17QuadratureEncoder20get_speed_percentageEf>
100006ec:	f002 fd38 	bl	10003160 <__wrap___aeabi_f2d>
100006f0:	0002      	movs	r2, r0
100006f2:	000b      	movs	r3, r1
100006f4:	4830      	ldr	r0, [pc, #192]	@ (100007b8 <main+0x368>)
100006f6:	f004 f917 	bl	10004928 <__wrap_printf>
100006fa:	2370      	movs	r3, #112	@ 0x70
100006fc:	5cfb      	ldrb	r3, [r7, r3]
100006fe:	2b00      	cmp	r3, #0
10000700:	d004      	beq.n	1000070c <main+0x2bc>
10000702:	492e      	ldr	r1, [pc, #184]	@ (100007bc <main+0x36c>)
10000704:	482e      	ldr	r0, [pc, #184]	@ (100007c0 <main+0x370>)
10000706:	f004 f90f 	bl	10004928 <__wrap_printf>
1000070a:	e75d      	b.n	100005c8 <main+0x178>
1000070c:	492d      	ldr	r1, [pc, #180]	@ (100007c4 <main+0x374>)
1000070e:	e7f9      	b.n	10000704 <main+0x2b4>
10000710:	2b31      	cmp	r3, #49	@ 0x31
10000712:	d989      	bls.n	10000628 <main+0x1d8>
10000714:	e75d      	b.n	100005d2 <main+0x182>
10000716:	0026      	movs	r6, r4
10000718:	e786      	b.n	10000628 <main+0x1d8>
1000071a:	46c0      	nop			@ (mov r8, r8)
1000071c:	100086a0 	.word	0x100086a0
10000720:	100086c8 	.word	0x100086c8
10000724:	00061a80 	.word	0x00061a80
10000728:	20001b68 	.word	0x20001b68
1000072c:	100086e4 	.word	0x100086e4
10000730:	1000871c 	.word	0x1000871c
10000734:	100087ac 	.word	0x100087ac
10000738:	100087d0 	.word	0x100087d0
1000073c:	50200000 	.word	0x50200000
10000740:	100087f0 	.word	0x100087f0
10000744:	3ff00000 	.word	0x3ff00000
10000748:	10008820 	.word	0x10008820
1000074c:	10008850 	.word	0x10008850
10000750:	10008864 	.word	0x10008864
10000754:	10008874 	.word	0x10008874
10000758:	10008880 	.word	0x10008880
1000075c:	1000888c 	.word	0x1000888c
10000760:	00000bb8 	.word	0x00000bb8
10000764:	100088b8 	.word	0x100088b8
10000768:	100088e4 	.word	0x100088e4
1000076c:	10008740 	.word	0x10008740
10000770:	10008770 	.word	0x10008770
10000774:	10008930 	.word	0x10008930
10000778:	10008a70 	.word	0x10008a70
1000077c:	408f4000 	.word	0x408f4000
10000780:	10009774 	.word	0x10009774
10000784:	10008948 	.word	0x10008948
10000788:	1000895c 	.word	0x1000895c
1000078c:	10008978 	.word	0x10008978
10000790:	1000898c 	.word	0x1000898c
10000794:	100089a8 	.word	0x100089a8
10000798:	100089c0 	.word	0x100089c0
1000079c:	10008674 	.word	0x10008674
100007a0:	100089d4 	.word	0x100089d4
100007a4:	10008678 	.word	0x10008678
100007a8:	100089ec 	.word	0x100089ec
100007ac:	10008a04 	.word	0x10008a04
100007b0:	10008a28 	.word	0x10008a28
100007b4:	41200000 	.word	0x41200000
100007b8:	10008a3c 	.word	0x10008a3c
100007bc:	10008680 	.word	0x10008680
100007c0:	10008a64 	.word	0x10008a64
100007c4:	10008690 	.word	0x10008690

100007c8 <_ZN7LCD_I2CC1EP8i2c_insth>:
100007c8:	6001      	str	r1, [r0, #0]
100007ca:	7102      	strb	r2, [r0, #4]
100007cc:	2308      	movs	r3, #8
100007ce:	7143      	strb	r3, [r0, #5]
100007d0:	4770      	bx	lr

100007d2 <_ZN7LCD_I2C12pulse_enableEh>:
100007d2:	b570      	push	{r4, r5, r6, lr}
100007d4:	b084      	sub	sp, #16
100007d6:	0004      	movs	r4, r0
100007d8:	2304      	movs	r3, #4
100007da:	430b      	orrs	r3, r1
100007dc:	220f      	movs	r2, #15
100007de:	446a      	add	r2, sp
100007e0:	7013      	strb	r3, [r2, #0]
100007e2:	2304      	movs	r3, #4
100007e4:	4399      	bics	r1, r3
100007e6:	250e      	movs	r5, #14
100007e8:	446d      	add	r5, sp
100007ea:	7029      	strb	r1, [r5, #0]
100007ec:	7901      	ldrb	r1, [r0, #4]
100007ee:	6800      	ldr	r0, [r0, #0]
100007f0:	2600      	movs	r6, #0
100007f2:	9600      	str	r6, [sp, #0]
100007f4:	3b03      	subs	r3, #3
100007f6:	f007 f929 	bl	10007a4c <i2c_write_blocking>
100007fa:	2001      	movs	r0, #1
100007fc:	2100      	movs	r1, #0
100007fe:	f001 f9c7 	bl	10001b90 <sleep_us>
10000802:	7921      	ldrb	r1, [r4, #4]
10000804:	6820      	ldr	r0, [r4, #0]
10000806:	9600      	str	r6, [sp, #0]
10000808:	2301      	movs	r3, #1
1000080a:	002a      	movs	r2, r5
1000080c:	f007 f91e 	bl	10007a4c <i2c_write_blocking>
10000810:	2032      	movs	r0, #50	@ 0x32
10000812:	2100      	movs	r1, #0
10000814:	f001 f9bc 	bl	10001b90 <sleep_us>
10000818:	b004      	add	sp, #16
1000081a:	bd70      	pop	{r4, r5, r6, pc}

1000081c <_ZN7LCD_I2C12write_nibbleEh>:
1000081c:	b530      	push	{r4, r5, lr}
1000081e:	b085      	sub	sp, #20
10000820:	0004      	movs	r4, r0
10000822:	7943      	ldrb	r3, [r0, #5]
10000824:	430b      	orrs	r3, r1
10000826:	250f      	movs	r5, #15
10000828:	446d      	add	r5, sp
1000082a:	702b      	strb	r3, [r5, #0]
1000082c:	7901      	ldrb	r1, [r0, #4]
1000082e:	6800      	ldr	r0, [r0, #0]
10000830:	2300      	movs	r3, #0
10000832:	9300      	str	r3, [sp, #0]
10000834:	3301      	adds	r3, #1
10000836:	002a      	movs	r2, r5
10000838:	f007 f908 	bl	10007a4c <i2c_write_blocking>
1000083c:	7829      	ldrb	r1, [r5, #0]
1000083e:	0020      	movs	r0, r4
10000840:	f7ff ffc7 	bl	100007d2 <_ZN7LCD_I2C12pulse_enableEh>
10000844:	b005      	add	sp, #20
10000846:	bd30      	pop	{r4, r5, pc}

10000848 <_ZN7LCD_I2C10write_byteEhh>:
10000848:	b5f0      	push	{r4, r5, r6, r7, lr}
1000084a:	b085      	sub	sp, #20
1000084c:	0004      	movs	r4, r0
1000084e:	230f      	movs	r3, #15
10000850:	0008      	movs	r0, r1
10000852:	4398      	bics	r0, r3
10000854:	0003      	movs	r3, r0
10000856:	4313      	orrs	r3, r2
10000858:	7960      	ldrb	r0, [r4, #5]
1000085a:	4303      	orrs	r3, r0
1000085c:	250f      	movs	r5, #15
1000085e:	446d      	add	r5, sp
10000860:	702b      	strb	r3, [r5, #0]
10000862:	0109      	lsls	r1, r1, #4
10000864:	430a      	orrs	r2, r1
10000866:	4310      	orrs	r0, r2
10000868:	260e      	movs	r6, #14
1000086a:	446e      	add	r6, sp
1000086c:	7030      	strb	r0, [r6, #0]
1000086e:	7921      	ldrb	r1, [r4, #4]
10000870:	6820      	ldr	r0, [r4, #0]
10000872:	2700      	movs	r7, #0
10000874:	9700      	str	r7, [sp, #0]
10000876:	2301      	movs	r3, #1
10000878:	002a      	movs	r2, r5
1000087a:	f007 f8e7 	bl	10007a4c <i2c_write_blocking>
1000087e:	7829      	ldrb	r1, [r5, #0]
10000880:	0020      	movs	r0, r4
10000882:	f7ff ffa6 	bl	100007d2 <_ZN7LCD_I2C12pulse_enableEh>
10000886:	7921      	ldrb	r1, [r4, #4]
10000888:	6820      	ldr	r0, [r4, #0]
1000088a:	9700      	str	r7, [sp, #0]
1000088c:	2301      	movs	r3, #1
1000088e:	0032      	movs	r2, r6
10000890:	f007 f8dc 	bl	10007a4c <i2c_write_blocking>
10000894:	7831      	ldrb	r1, [r6, #0]
10000896:	0020      	movs	r0, r4
10000898:	f7ff ff9b 	bl	100007d2 <_ZN7LCD_I2C12pulse_enableEh>
1000089c:	b005      	add	sp, #20
1000089e:	bdf0      	pop	{r4, r5, r6, r7, pc}

100008a0 <_ZN7LCD_I2C5clearEv>:
100008a0:	b510      	push	{r4, lr}
100008a2:	2200      	movs	r2, #0
100008a4:	2101      	movs	r1, #1
100008a6:	f7ff ffcf 	bl	10000848 <_ZN7LCD_I2C10write_byteEhh>
100008aa:	2002      	movs	r0, #2
100008ac:	f001 f982 	bl	10001bb4 <sleep_ms>
100008b0:	bd10      	pop	{r4, pc}

100008b2 <_ZN7LCD_I2C4initEv>:
100008b2:	b510      	push	{r4, lr}
100008b4:	0004      	movs	r4, r0
100008b6:	2032      	movs	r0, #50	@ 0x32
100008b8:	f001 f97c 	bl	10001bb4 <sleep_ms>
100008bc:	2130      	movs	r1, #48	@ 0x30
100008be:	0020      	movs	r0, r4
100008c0:	f7ff ffac 	bl	1000081c <_ZN7LCD_I2C12write_nibbleEh>
100008c4:	2005      	movs	r0, #5
100008c6:	f001 f975 	bl	10001bb4 <sleep_ms>
100008ca:	2130      	movs	r1, #48	@ 0x30
100008cc:	0020      	movs	r0, r4
100008ce:	f7ff ffa5 	bl	1000081c <_ZN7LCD_I2C12write_nibbleEh>
100008d2:	2064      	movs	r0, #100	@ 0x64
100008d4:	2100      	movs	r1, #0
100008d6:	f001 f95b 	bl	10001b90 <sleep_us>
100008da:	2130      	movs	r1, #48	@ 0x30
100008dc:	0020      	movs	r0, r4
100008de:	f7ff ff9d 	bl	1000081c <_ZN7LCD_I2C12write_nibbleEh>
100008e2:	2064      	movs	r0, #100	@ 0x64
100008e4:	2100      	movs	r1, #0
100008e6:	f001 f953 	bl	10001b90 <sleep_us>
100008ea:	2120      	movs	r1, #32
100008ec:	0020      	movs	r0, r4
100008ee:	f7ff ff95 	bl	1000081c <_ZN7LCD_I2C12write_nibbleEh>
100008f2:	2200      	movs	r2, #0
100008f4:	2128      	movs	r1, #40	@ 0x28
100008f6:	0020      	movs	r0, r4
100008f8:	f7ff ffa6 	bl	10000848 <_ZN7LCD_I2C10write_byteEhh>
100008fc:	2200      	movs	r2, #0
100008fe:	210c      	movs	r1, #12
10000900:	0020      	movs	r0, r4
10000902:	f7ff ffa1 	bl	10000848 <_ZN7LCD_I2C10write_byteEhh>
10000906:	0020      	movs	r0, r4
10000908:	f7ff ffca 	bl	100008a0 <_ZN7LCD_I2C5clearEv>
1000090c:	2200      	movs	r2, #0
1000090e:	2106      	movs	r1, #6
10000910:	0020      	movs	r0, r4
10000912:	f7ff ff99 	bl	10000848 <_ZN7LCD_I2C10write_byteEhh>
10000916:	2002      	movs	r0, #2
10000918:	f001 f94c 	bl	10001bb4 <sleep_ms>
1000091c:	bd10      	pop	{r4, pc}
	...

10000920 <_ZN7LCD_I2C10set_cursorEhh>:
10000920:	b500      	push	{lr}
10000922:	b083      	sub	sp, #12
10000924:	4b0a      	ldr	r3, [pc, #40]	@ (10000950 <_ZN7LCD_I2C10set_cursorEhh+0x30>)
10000926:	9301      	str	r3, [sp, #4]
10000928:	2a03      	cmp	r2, #3
1000092a:	d900      	bls.n	1000092e <_ZN7LCD_I2C10set_cursorEhh+0xe>
1000092c:	2203      	movs	r2, #3
1000092e:	290f      	cmp	r1, #15
10000930:	d900      	bls.n	10000934 <_ZN7LCD_I2C10set_cursorEhh+0x14>
10000932:	210f      	movs	r1, #15
10000934:	ab01      	add	r3, sp, #4
10000936:	5c9b      	ldrb	r3, [r3, r2]
10000938:	185b      	adds	r3, r3, r1
1000093a:	b2db      	uxtb	r3, r3
1000093c:	2180      	movs	r1, #128	@ 0x80
1000093e:	4249      	negs	r1, r1
10000940:	4319      	orrs	r1, r3
10000942:	b2c9      	uxtb	r1, r1
10000944:	2200      	movs	r2, #0
10000946:	f7ff ff7f 	bl	10000848 <_ZN7LCD_I2C10write_byteEhh>
1000094a:	b003      	add	sp, #12
1000094c:	bd00      	pop	{pc}
1000094e:	46c0      	nop			@ (mov r8, r8)
10000950:	54144000 	.word	0x54144000

10000954 <_ZN7LCD_I2C5printEPKc>:
10000954:	b570      	push	{r4, r5, r6, lr}
10000956:	0005      	movs	r5, r0
10000958:	000c      	movs	r4, r1
1000095a:	e004      	b.n	10000966 <_ZN7LCD_I2C5printEPKc+0x12>
1000095c:	3401      	adds	r4, #1
1000095e:	2201      	movs	r2, #1
10000960:	0028      	movs	r0, r5
10000962:	f7ff ff71 	bl	10000848 <_ZN7LCD_I2C10write_byteEhh>
10000966:	7821      	ldrb	r1, [r4, #0]
10000968:	2900      	cmp	r1, #0
1000096a:	d1f7      	bne.n	1000095c <_ZN7LCD_I2C5printEPKc+0x8>
1000096c:	bd70      	pop	{r4, r5, r6, pc}

1000096e <_ZN7LCD_I2C6printfEPKcz>:
1000096e:	b40e      	push	{r1, r2, r3}
10000970:	b530      	push	{r4, r5, lr}
10000972:	b0a2      	sub	sp, #136	@ 0x88
10000974:	0004      	movs	r4, r0
10000976:	ab25      	add	r3, sp, #148	@ 0x94
10000978:	cb04      	ldmia	r3!, {r2}
1000097a:	9301      	str	r3, [sp, #4]
1000097c:	ad02      	add	r5, sp, #8
1000097e:	2180      	movs	r1, #128	@ 0x80
10000980:	0028      	movs	r0, r5
10000982:	f003 fda9 	bl	100044d8 <__wrap_vsnprintf>
10000986:	0029      	movs	r1, r5
10000988:	0020      	movs	r0, r4
1000098a:	f7ff ffe3 	bl	10000954 <_ZN7LCD_I2C5printEPKc>
1000098e:	b022      	add	sp, #136	@ 0x88
10000990:	bc30      	pop	{r4, r5}
10000992:	bc08      	pop	{r3}
10000994:	b003      	add	sp, #12
10000996:	4718      	bx	r3

10000998 <_ZN7LCD_I2C12backlight_onEv>:
10000998:	2308      	movs	r3, #8
1000099a:	7143      	strb	r3, [r0, #5]
1000099c:	4770      	bx	lr
	...

100009a0 <_ZL20quadrature_get_countP8pio_hw_tjPl>:
100009a0:	b570      	push	{r4, r5, r6, lr}
100009a2:	2300      	movs	r3, #0
100009a4:	6013      	str	r3, [r2, #0]
100009a6:	2500      	movs	r5, #0
100009a8:	6844      	ldr	r4, [r0, #4]
100009aa:	000e      	movs	r6, r1
100009ac:	3608      	adds	r6, #8
100009ae:	2301      	movs	r3, #1
100009b0:	40b3      	lsls	r3, r6
100009b2:	4223      	tst	r3, r4
100009b4:	d112      	bne.n	100009dc <_ZL20quadrature_get_countP8pio_hw_tjPl+0x3c>
100009b6:	000b      	movs	r3, r1
100009b8:	3308      	adds	r3, #8
100009ba:	009b      	lsls	r3, r3, #2
100009bc:	581b      	ldr	r3, [r3, r0]
100009be:	2403      	movs	r4, #3
100009c0:	4023      	ands	r3, r4
100009c2:	4c0a      	ldr	r4, [pc, #40]	@ (100009ec <_ZL20quadrature_get_countP8pio_hw_tjPl+0x4c>)
100009c4:	7824      	ldrb	r4, [r4, #0]
100009c6:	429c      	cmp	r4, r3
100009c8:	d0ee      	beq.n	100009a8 <_ZL20quadrature_get_countP8pio_hw_tjPl+0x8>
100009ca:	00a4      	lsls	r4, r4, #2
100009cc:	431c      	orrs	r4, r3
100009ce:	b2e4      	uxtb	r4, r4
100009d0:	4e07      	ldr	r6, [pc, #28]	@ (100009f0 <_ZL20quadrature_get_countP8pio_hw_tjPl+0x50>)
100009d2:	5734      	ldrsb	r4, [r6, r4]
100009d4:	192d      	adds	r5, r5, r4
100009d6:	4c05      	ldr	r4, [pc, #20]	@ (100009ec <_ZL20quadrature_get_countP8pio_hw_tjPl+0x4c>)
100009d8:	7023      	strb	r3, [r4, #0]
100009da:	e7e5      	b.n	100009a8 <_ZL20quadrature_get_countP8pio_hw_tjPl+0x8>
100009dc:	2d00      	cmp	r5, #0
100009de:	d101      	bne.n	100009e4 <_ZL20quadrature_get_countP8pio_hw_tjPl+0x44>
100009e0:	2000      	movs	r0, #0
100009e2:	bd70      	pop	{r4, r5, r6, pc}
100009e4:	6015      	str	r5, [r2, #0]
100009e6:	2001      	movs	r0, #1
100009e8:	e7fb      	b.n	100009e2 <_ZL20quadrature_get_countP8pio_hw_tjPl+0x42>
100009ea:	46c0      	nop			@ (mov r8, r8)
100009ec:	20003135 	.word	0x20003135
100009f0:	1000986c 	.word	0x1000986c

100009f4 <_ZL23quadrature_program_initP8pio_hw_tjjjj>:
100009f4:	b5f0      	push	{r4, r5, r6, r7, lr}
100009f6:	46d6      	mov	lr, sl
100009f8:	464f      	mov	r7, r9
100009fa:	4646      	mov	r6, r8
100009fc:	b5c0      	push	{r6, r7, lr}
100009fe:	b086      	sub	sp, #24
10000a00:	0006      	movs	r6, r0
10000a02:	4688      	mov	r8, r1
10000a04:	4691      	mov	r9, r2
10000a06:	001f      	movs	r7, r3
10000a08:	ad02      	add	r5, sp, #8
10000a0a:	2210      	movs	r2, #16
10000a0c:	2100      	movs	r1, #0
10000a0e:	0028      	movs	r0, r5
10000a10:	f002 fc6c 	bl	100032ec <__wrap_memset>
10000a14:	2380      	movs	r3, #128	@ 0x80
10000a16:	025b      	lsls	r3, r3, #9
10000a18:	9302      	str	r3, [sp, #8]
10000a1a:	23f8      	movs	r3, #248	@ 0xf8
10000a1c:	025b      	lsls	r3, r3, #9
10000a1e:	9303      	str	r3, [sp, #12]
10000a20:	2380      	movs	r3, #128	@ 0x80
10000a22:	02db      	lsls	r3, r3, #11
10000a24:	9304      	str	r3, [sp, #16]
10000a26:	23c0      	movs	r3, #192	@ 0xc0
10000a28:	031b      	lsls	r3, r3, #12
10000a2a:	9304      	str	r3, [sp, #16]
10000a2c:	464b      	mov	r3, r9
10000a2e:	1c5a      	adds	r2, r3, #1
10000a30:	01db      	lsls	r3, r3, #7
10000a32:	0312      	lsls	r2, r2, #12
10000a34:	4313      	orrs	r3, r2
10000a36:	9303      	str	r3, [sp, #12]
10000a38:	03fb      	lsls	r3, r7, #15
10000a3a:	22f8      	movs	r2, #248	@ 0xf8
10000a3c:	0312      	lsls	r2, r2, #12
10000a3e:	4013      	ands	r3, r2
10000a40:	9305      	str	r3, [sp, #20]
10000a42:	2380      	movs	r3, #128	@ 0x80
10000a44:	031b      	lsls	r3, r3, #12
10000a46:	9304      	str	r3, [sp, #16]
10000a48:	4b1a      	ldr	r3, [pc, #104]	@ (10000ab4 <_ZL23quadrature_program_initP8pio_hw_tjjjj+0xc0>)
10000a4a:	9304      	str	r3, [sp, #16]
10000a4c:	4b1a      	ldr	r3, [pc, #104]	@ (10000ab8 <_ZL23quadrature_program_initP8pio_hw_tjjjj+0xc4>)
10000a4e:	18f4      	adds	r4, r6, r3
10000a50:	0d24      	lsrs	r4, r4, #20
10000a52:	b2e4      	uxtb	r4, r4
10000a54:	3406      	adds	r4, #6
10000a56:	b2e4      	uxtb	r4, r4
10000a58:	0021      	movs	r1, r4
10000a5a:	0038      	movs	r0, r7
10000a5c:	f000 f992 	bl	10000d84 <gpio_set_function>
10000a60:	1c7b      	adds	r3, r7, #1
10000a62:	469a      	mov	sl, r3
10000a64:	0021      	movs	r1, r4
10000a66:	0018      	movs	r0, r3
10000a68:	f000 f98c 	bl	10000d84 <gpio_set_function>
10000a6c:	2300      	movs	r3, #0
10000a6e:	9300      	str	r3, [sp, #0]
10000a70:	3302      	adds	r3, #2
10000a72:	003a      	movs	r2, r7
10000a74:	4641      	mov	r1, r8
10000a76:	0030      	movs	r0, r6
10000a78:	f007 f8ce 	bl	10007c18 <pio_sm_set_consecutive_pindirs>
10000a7c:	2200      	movs	r2, #0
10000a7e:	2101      	movs	r1, #1
10000a80:	0038      	movs	r0, r7
10000a82:	f000 f999 	bl	10000db8 <gpio_set_pulls>
10000a86:	2200      	movs	r2, #0
10000a88:	2101      	movs	r1, #1
10000a8a:	4650      	mov	r0, sl
10000a8c:	f000 f994 	bl	10000db8 <gpio_set_pulls>
10000a90:	002b      	movs	r3, r5
10000a92:	464a      	mov	r2, r9
10000a94:	4641      	mov	r1, r8
10000a96:	0030      	movs	r0, r6
10000a98:	f007 f918 	bl	10007ccc <pio_sm_init>
10000a9c:	6833      	ldr	r3, [r6, #0]
10000a9e:	2201      	movs	r2, #1
10000aa0:	4641      	mov	r1, r8
10000aa2:	408a      	lsls	r2, r1
10000aa4:	4313      	orrs	r3, r2
10000aa6:	6033      	str	r3, [r6, #0]
10000aa8:	b006      	add	sp, #24
10000aaa:	bce0      	pop	{r5, r6, r7}
10000aac:	46ba      	mov	sl, r7
10000aae:	46b1      	mov	r9, r6
10000ab0:	46a8      	mov	r8, r5
10000ab2:	bdf0      	pop	{r4, r5, r6, r7, pc}
10000ab4:	80080000 	.word	0x80080000
10000ab8:	afe00000 	.word	0xafe00000

10000abc <_ZN17QuadratureEncoder4initEv>:
10000abc:	b570      	push	{r4, r5, r6, lr}
10000abe:	b082      	sub	sp, #8
10000ac0:	0004      	movs	r4, r0
10000ac2:	2370      	movs	r3, #112	@ 0x70
10000ac4:	5cc3      	ldrb	r3, [r0, r3]
10000ac6:	2b00      	cmp	r3, #0
10000ac8:	d00d      	beq.n	10000ae6 <_ZN17QuadratureEncoder4initEv+0x2a>
10000aca:	491d      	ldr	r1, [pc, #116]	@ (10000b40 <_ZN17QuadratureEncoder4initEv+0x84>)
10000acc:	6840      	ldr	r0, [r0, #4]
10000ace:	f007 f88b 	bl	10007be8 <pio_add_program>
10000ad2:	0002      	movs	r2, r0
10000ad4:	68e3      	ldr	r3, [r4, #12]
10000ad6:	68a1      	ldr	r1, [r4, #8]
10000ad8:	6860      	ldr	r0, [r4, #4]
10000ada:	6924      	ldr	r4, [r4, #16]
10000adc:	9400      	str	r4, [sp, #0]
10000ade:	f7ff ff89 	bl	100009f4 <_ZL23quadrature_program_initP8pio_hw_tjjjj>
10000ae2:	b002      	add	sp, #8
10000ae4:	bd70      	pop	{r4, r5, r6, pc}
10000ae6:	68c0      	ldr	r0, [r0, #12]
10000ae8:	f000 f982 	bl	10000df0 <gpio_init>
10000aec:	6920      	ldr	r0, [r4, #16]
10000aee:	f000 f97f 	bl	10000df0 <gpio_init>
10000af2:	68e3      	ldr	r3, [r4, #12]
10000af4:	2501      	movs	r5, #1
10000af6:	002a      	movs	r2, r5
10000af8:	409a      	lsls	r2, r3
10000afa:	26d0      	movs	r6, #208	@ 0xd0
10000afc:	0636      	lsls	r6, r6, #24
10000afe:	62b2      	str	r2, [r6, #40]	@ 0x28
10000b00:	6923      	ldr	r3, [r4, #16]
10000b02:	002a      	movs	r2, r5
10000b04:	409a      	lsls	r2, r3
10000b06:	62b2      	str	r2, [r6, #40]	@ 0x28
10000b08:	68e0      	ldr	r0, [r4, #12]
10000b0a:	2200      	movs	r2, #0
10000b0c:	2101      	movs	r1, #1
10000b0e:	f000 f953 	bl	10000db8 <gpio_set_pulls>
10000b12:	6920      	ldr	r0, [r4, #16]
10000b14:	2200      	movs	r2, #0
10000b16:	2101      	movs	r1, #1
10000b18:	f000 f94e 	bl	10000db8 <gpio_set_pulls>
10000b1c:	6923      	ldr	r3, [r4, #16]
10000b1e:	6872      	ldr	r2, [r6, #4]
10000b20:	0029      	movs	r1, r5
10000b22:	4099      	lsls	r1, r3
10000b24:	000b      	movs	r3, r1
10000b26:	4013      	ands	r3, r2
10000b28:	1e5a      	subs	r2, r3, #1
10000b2a:	4193      	sbcs	r3, r2
10000b2c:	68e1      	ldr	r1, [r4, #12]
10000b2e:	6872      	ldr	r2, [r6, #4]
10000b30:	408d      	lsls	r5, r1
10000b32:	4015      	ands	r5, r2
10000b34:	1e6a      	subs	r2, r5, #1
10000b36:	4195      	sbcs	r5, r2
10000b38:	005b      	lsls	r3, r3, #1
10000b3a:	431d      	orrs	r5, r3
10000b3c:	7625      	strb	r5, [r4, #24]
10000b3e:	e7d0      	b.n	10000ae2 <_ZN17QuadratureEncoder4initEv+0x26>
10000b40:	1000987c 	.word	0x1000987c

10000b44 <_ZN17QuadratureEncoderC1EP8pio_hw_tjjjfmb>:
10000b44:	b570      	push	{r4, r5, r6, lr}
10000b46:	0004      	movs	r4, r0
10000b48:	a807      	add	r0, sp, #28
10000b4a:	7800      	ldrb	r0, [r0, #0]
10000b4c:	4d1a      	ldr	r5, [pc, #104]	@ (10000bb8 <_ZN17QuadratureEncoderC1EP8pio_hw_tjjjfmb+0x74>)
10000b4e:	6025      	str	r5, [r4, #0]
10000b50:	6061      	str	r1, [r4, #4]
10000b52:	60a2      	str	r2, [r4, #8]
10000b54:	60e3      	str	r3, [r4, #12]
10000b56:	9b04      	ldr	r3, [sp, #16]
10000b58:	6123      	str	r3, [r4, #16]
10000b5a:	2300      	movs	r3, #0
10000b5c:	6163      	str	r3, [r4, #20]
10000b5e:	7623      	strb	r3, [r4, #24]
10000b60:	9a05      	ldr	r2, [sp, #20]
10000b62:	61e2      	str	r2, [r4, #28]
10000b64:	9a06      	ldr	r2, [sp, #24]
10000b66:	6222      	str	r2, [r4, #32]
10000b68:	2270      	movs	r2, #112	@ 0x70
10000b6a:	54a0      	strb	r0, [r4, r2]
10000b6c:	2200      	movs	r2, #0
10000b6e:	66a2      	str	r2, [r4, #104]	@ 0x68
10000b70:	2264      	movs	r2, #100	@ 0x64
10000b72:	54a3      	strb	r3, [r4, r2]
10000b74:	f001 f912 	bl	10001d9c <time_us_64>
10000b78:	2900      	cmp	r1, #0
10000b7a:	d007      	beq.n	10000b8c <_ZN17QuadratureEncoderC1EP8pio_hw_tjjjfmb+0x48>
10000b7c:	22fa      	movs	r2, #250	@ 0xfa
10000b7e:	0092      	lsls	r2, r2, #2
10000b80:	2300      	movs	r3, #0
10000b82:	f001 fc55 	bl	10002430 <__wrap___aeabi_uldivmod>
10000b86:	66e0      	str	r0, [r4, #108]	@ 0x6c
10000b88:	2200      	movs	r2, #0
10000b8a:	e010      	b.n	10000bae <_ZN17QuadratureEncoderC1EP8pio_hw_tjjjfmb+0x6a>
10000b8c:	21fa      	movs	r1, #250	@ 0xfa
10000b8e:	0089      	lsls	r1, r1, #2
10000b90:	f001 fc10 	bl	100023b4 <__wrap___aeabi_uidiv>
10000b94:	e7f7      	b.n	10000b86 <_ZN17QuadratureEncoderC1EP8pio_hw_tjjjfmb+0x42>
10000b96:	0013      	movs	r3, r2
10000b98:	3308      	adds	r3, #8
10000b9a:	009b      	lsls	r3, r3, #2
10000b9c:	18e3      	adds	r3, r4, r3
10000b9e:	2100      	movs	r1, #0
10000ba0:	6059      	str	r1, [r3, #4]
10000ba2:	0013      	movs	r3, r2
10000ba4:	3310      	adds	r3, #16
10000ba6:	009b      	lsls	r3, r3, #2
10000ba8:	18e3      	adds	r3, r4, r3
10000baa:	6059      	str	r1, [r3, #4]
10000bac:	3201      	adds	r2, #1
10000bae:	2a07      	cmp	r2, #7
10000bb0:	ddf1      	ble.n	10000b96 <_ZN17QuadratureEncoderC1EP8pio_hw_tjjjfmb+0x52>
10000bb2:	0020      	movs	r0, r4
10000bb4:	bd70      	pop	{r4, r5, r6, pc}
10000bb6:	46c0      	nop			@ (mov r8, r8)
10000bb8:	10009854 	.word	0x10009854

10000bbc <_ZN17QuadratureEncoder19add_velocity_sampleElm>:
10000bbc:	b530      	push	{r4, r5, lr}
10000bbe:	2564      	movs	r5, #100	@ 0x64
10000bc0:	5d43      	ldrb	r3, [r0, r5]
10000bc2:	001c      	movs	r4, r3
10000bc4:	3408      	adds	r4, #8
10000bc6:	00a4      	lsls	r4, r4, #2
10000bc8:	1904      	adds	r4, r0, r4
10000bca:	6061      	str	r1, [r4, #4]
10000bcc:	0019      	movs	r1, r3
10000bce:	3110      	adds	r1, #16
10000bd0:	0089      	lsls	r1, r1, #2
10000bd2:	1841      	adds	r1, r0, r1
10000bd4:	604a      	str	r2, [r1, #4]
10000bd6:	3301      	adds	r3, #1
10000bd8:	2207      	movs	r2, #7
10000bda:	4013      	ands	r3, r2
10000bdc:	5543      	strb	r3, [r0, r5]
10000bde:	bd30      	pop	{r4, r5, pc}

10000be0 <_ZN17QuadratureEncoder15update_velocityEv>:
10000be0:	b570      	push	{r4, r5, r6, lr}
10000be2:	0004      	movs	r4, r0
10000be4:	2200      	movs	r2, #0
10000be6:	2500      	movs	r5, #0
10000be8:	2000      	movs	r0, #0
10000bea:	e00c      	b.n	10000c06 <_ZN17QuadratureEncoder15update_velocityEv+0x26>
10000bec:	0013      	movs	r3, r2
10000bee:	3308      	adds	r3, #8
10000bf0:	009b      	lsls	r3, r3, #2
10000bf2:	18e3      	adds	r3, r4, r3
10000bf4:	685b      	ldr	r3, [r3, #4]
10000bf6:	18c0      	adds	r0, r0, r3
10000bf8:	0013      	movs	r3, r2
10000bfa:	3310      	adds	r3, #16
10000bfc:	009b      	lsls	r3, r3, #2
10000bfe:	18e3      	adds	r3, r4, r3
10000c00:	685b      	ldr	r3, [r3, #4]
10000c02:	18ed      	adds	r5, r5, r3
10000c04:	3201      	adds	r2, #1
10000c06:	2a07      	cmp	r2, #7
10000c08:	ddf0      	ble.n	10000bec <_ZN17QuadratureEncoder15update_velocityEv+0xc>
10000c0a:	2d00      	cmp	r5, #0
10000c0c:	d01a      	beq.n	10000c44 <_ZN17QuadratureEncoder15update_velocityEv+0x64>
10000c0e:	f002 fa85 	bl	1000311c <__wrap___aeabi_i2f>
10000c12:	1c06      	adds	r6, r0, #0
10000c14:	0028      	movs	r0, r5
10000c16:	f002 fa7c 	bl	10003112 <__wrap___aeabi_ui2f>
10000c1a:	1c01      	adds	r1, r0, #0
10000c1c:	1c30      	adds	r0, r6, #0
10000c1e:	f002 fa2c 	bl	1000307a <__wrap___aeabi_fdiv>
10000c22:	490a      	ldr	r1, [pc, #40]	@ (10000c4c <_ZN17QuadratureEncoder15update_velocityEv+0x6c>)
10000c24:	f002 fa3f 	bl	100030a6 <__wrap___aeabi_fmul>
10000c28:	1c01      	adds	r1, r0, #0
10000c2a:	69e0      	ldr	r0, [r4, #28]
10000c2c:	f002 fa3b 	bl	100030a6 <__wrap___aeabi_fmul>
10000c30:	1c05      	adds	r5, r0, #0
10000c32:	6a20      	ldr	r0, [r4, #32]
10000c34:	f002 fa6d 	bl	10003112 <__wrap___aeabi_ui2f>
10000c38:	1c01      	adds	r1, r0, #0
10000c3a:	1c28      	adds	r0, r5, #0
10000c3c:	f002 fa1d 	bl	1000307a <__wrap___aeabi_fdiv>
10000c40:	66a0      	str	r0, [r4, #104]	@ 0x68
10000c42:	bd70      	pop	{r4, r5, r6, pc}
10000c44:	2300      	movs	r3, #0
10000c46:	66a3      	str	r3, [r4, #104]	@ 0x68
10000c48:	e7fb      	b.n	10000c42 <_ZN17QuadratureEncoder15update_velocityEv+0x62>
10000c4a:	46c0      	nop			@ (mov r8, r8)
10000c4c:	447a0000 	.word	0x447a0000

10000c50 <_ZN17QuadratureEncoder17decode_transitionEh>:
10000c50:	7e03      	ldrb	r3, [r0, #24]
10000c52:	009b      	lsls	r3, r3, #2
10000c54:	4319      	orrs	r1, r3
10000c56:	b2c9      	uxtb	r1, r1
10000c58:	4b01      	ldr	r3, [pc, #4]	@ (10000c60 <_ZN17QuadratureEncoder17decode_transitionEh+0x10>)
10000c5a:	5658      	ldrsb	r0, [r3, r1]
10000c5c:	4770      	bx	lr
10000c5e:	46c0      	nop			@ (mov r8, r8)
10000c60:	1000985c 	.word	0x1000985c

10000c64 <_ZN17QuadratureEncoder6updateEv>:
10000c64:	b5f0      	push	{r4, r5, r6, r7, lr}
10000c66:	b083      	sub	sp, #12
10000c68:	0004      	movs	r4, r0
10000c6a:	f001 f897 	bl	10001d9c <time_us_64>
10000c6e:	2900      	cmp	r1, #0
10000c70:	d028      	beq.n	10000cc4 <_ZN17QuadratureEncoder6updateEv+0x60>
10000c72:	22fa      	movs	r2, #250	@ 0xfa
10000c74:	0092      	lsls	r2, r2, #2
10000c76:	2300      	movs	r3, #0
10000c78:	f001 fbda 	bl	10002430 <__wrap___aeabi_uldivmod>
10000c7c:	0005      	movs	r5, r0
10000c7e:	6966      	ldr	r6, [r4, #20]
10000c80:	2370      	movs	r3, #112	@ 0x70
10000c82:	5ce3      	ldrb	r3, [r4, r3]
10000c84:	2b00      	cmp	r3, #0
10000c86:	d127      	bne.n	10000cd8 <_ZN17QuadratureEncoder6updateEv+0x74>
10000c88:	6922      	ldr	r2, [r4, #16]
10000c8a:	21d0      	movs	r1, #208	@ 0xd0
10000c8c:	0609      	lsls	r1, r1, #24
10000c8e:	6848      	ldr	r0, [r1, #4]
10000c90:	2701      	movs	r7, #1
10000c92:	003b      	movs	r3, r7
10000c94:	4093      	lsls	r3, r2
10000c96:	001a      	movs	r2, r3
10000c98:	4002      	ands	r2, r0
10000c9a:	1e50      	subs	r0, r2, #1
10000c9c:	4182      	sbcs	r2, r0
10000c9e:	68e0      	ldr	r0, [r4, #12]
10000ca0:	6849      	ldr	r1, [r1, #4]
10000ca2:	4087      	lsls	r7, r0
10000ca4:	400f      	ands	r7, r1
10000ca6:	1e7b      	subs	r3, r7, #1
10000ca8:	419f      	sbcs	r7, r3
10000caa:	0052      	lsls	r2, r2, #1
10000cac:	4317      	orrs	r7, r2
10000cae:	7e23      	ldrb	r3, [r4, #24]
10000cb0:	42bb      	cmp	r3, r7
10000cb2:	d018      	beq.n	10000ce6 <_ZN17QuadratureEncoder6updateEv+0x82>
10000cb4:	0039      	movs	r1, r7
10000cb6:	0020      	movs	r0, r4
10000cb8:	f7ff ffca 	bl	10000c50 <_ZN17QuadratureEncoder17decode_transitionEh>
10000cbc:	1980      	adds	r0, r0, r6
10000cbe:	6160      	str	r0, [r4, #20]
10000cc0:	7627      	strb	r7, [r4, #24]
10000cc2:	e010      	b.n	10000ce6 <_ZN17QuadratureEncoder6updateEv+0x82>
10000cc4:	21fa      	movs	r1, #250	@ 0xfa
10000cc6:	0089      	lsls	r1, r1, #2
10000cc8:	f001 fb74 	bl	100023b4 <__wrap___aeabi_uidiv>
10000ccc:	0005      	movs	r5, r0
10000cce:	e7d6      	b.n	10000c7e <_ZN17QuadratureEncoder6updateEv+0x1a>
10000cd0:	6962      	ldr	r2, [r4, #20]
10000cd2:	9b01      	ldr	r3, [sp, #4]
10000cd4:	189b      	adds	r3, r3, r2
10000cd6:	6163      	str	r3, [r4, #20]
10000cd8:	68a1      	ldr	r1, [r4, #8]
10000cda:	6860      	ldr	r0, [r4, #4]
10000cdc:	aa01      	add	r2, sp, #4
10000cde:	f7ff fe5f 	bl	100009a0 <_ZL20quadrature_get_countP8pio_hw_tjPl>
10000ce2:	2800      	cmp	r0, #0
10000ce4:	d1f4      	bne.n	10000cd0 <_ZN17QuadratureEncoder6updateEv+0x6c>
10000ce6:	6961      	ldr	r1, [r4, #20]
10000ce8:	42b1      	cmp	r1, r6
10000cea:	d104      	bne.n	10000cf6 <_ZN17QuadratureEncoder6updateEv+0x92>
10000cec:	0020      	movs	r0, r4
10000cee:	f7ff ff77 	bl	10000be0 <_ZN17QuadratureEncoder15update_velocityEv>
10000cf2:	b003      	add	sp, #12
10000cf4:	bdf0      	pop	{r4, r5, r6, r7, pc}
10000cf6:	1b89      	subs	r1, r1, r6
10000cf8:	6ee2      	ldr	r2, [r4, #108]	@ 0x6c
10000cfa:	1aaa      	subs	r2, r5, r2
10000cfc:	0020      	movs	r0, r4
10000cfe:	f7ff ff5d 	bl	10000bbc <_ZN17QuadratureEncoder19add_velocity_sampleElm>
10000d02:	66e5      	str	r5, [r4, #108]	@ 0x6c
10000d04:	e7f2      	b.n	10000cec <_ZN17QuadratureEncoder6updateEv+0x88>

10000d06 <_ZNK17QuadratureEncoder12get_distanceEv>:
10000d06:	b570      	push	{r4, r5, r6, lr}
10000d08:	0004      	movs	r4, r0
10000d0a:	6940      	ldr	r0, [r0, #20]
10000d0c:	f002 fa06 	bl	1000311c <__wrap___aeabi_i2f>
10000d10:	69e1      	ldr	r1, [r4, #28]
10000d12:	f002 f9c8 	bl	100030a6 <__wrap___aeabi_fmul>
10000d16:	1c05      	adds	r5, r0, #0
10000d18:	6a20      	ldr	r0, [r4, #32]
10000d1a:	f002 f9fa 	bl	10003112 <__wrap___aeabi_ui2f>
10000d1e:	1c01      	adds	r1, r0, #0
10000d20:	1c28      	adds	r0, r5, #0
10000d22:	f002 f9aa 	bl	1000307a <__wrap___aeabi_fdiv>
10000d26:	bd70      	pop	{r4, r5, r6, pc}

10000d28 <_ZNK17QuadratureEncoder7get_rpmEv>:
10000d28:	b570      	push	{r4, r5, r6, lr}
10000d2a:	0004      	movs	r4, r0
10000d2c:	69c5      	ldr	r5, [r0, #28]
10000d2e:	2100      	movs	r1, #0
10000d30:	1c28      	adds	r0, r5, #0
10000d32:	f002 f9e9 	bl	10003108 <__wrap___aeabi_fcmpgt>
10000d36:	2800      	cmp	r0, #0
10000d38:	d101      	bne.n	10000d3e <_ZNK17QuadratureEncoder7get_rpmEv+0x16>
10000d3a:	2000      	movs	r0, #0
10000d3c:	bd70      	pop	{r4, r5, r6, pc}
10000d3e:	6ea0      	ldr	r0, [r4, #104]	@ 0x68
10000d40:	1c29      	adds	r1, r5, #0
10000d42:	f002 f99a 	bl	1000307a <__wrap___aeabi_fdiv>
10000d46:	4902      	ldr	r1, [pc, #8]	@ (10000d50 <_ZNK17QuadratureEncoder7get_rpmEv+0x28>)
10000d48:	f002 f9ad 	bl	100030a6 <__wrap___aeabi_fmul>
10000d4c:	e7f6      	b.n	10000d3c <_ZNK17QuadratureEncoder7get_rpmEv+0x14>
10000d4e:	46c0      	nop			@ (mov r8, r8)
10000d50:	42700000 	.word	0x42700000

10000d54 <_ZNK17QuadratureEncoder20get_speed_percentageEf>:
10000d54:	b570      	push	{r4, r5, r6, lr}
10000d56:	0005      	movs	r5, r0
10000d58:	1c0c      	adds	r4, r1, #0
10000d5a:	2100      	movs	r1, #0
10000d5c:	1c20      	adds	r0, r4, #0
10000d5e:	f002 f9d3 	bl	10003108 <__wrap___aeabi_fcmpgt>
10000d62:	2800      	cmp	r0, #0
10000d64:	d101      	bne.n	10000d6a <_ZNK17QuadratureEncoder20get_speed_percentageEf+0x16>
10000d66:	2000      	movs	r0, #0
10000d68:	bd70      	pop	{r4, r5, r6, pc}
10000d6a:	6ea8      	ldr	r0, [r5, #104]	@ 0x68
10000d6c:	0040      	lsls	r0, r0, #1
10000d6e:	0840      	lsrs	r0, r0, #1
10000d70:	1c21      	adds	r1, r4, #0
10000d72:	f002 f982 	bl	1000307a <__wrap___aeabi_fdiv>
10000d76:	4902      	ldr	r1, [pc, #8]	@ (10000d80 <_ZNK17QuadratureEncoder20get_speed_percentageEf+0x2c>)
10000d78:	f002 f995 	bl	100030a6 <__wrap___aeabi_fmul>
10000d7c:	e7f4      	b.n	10000d68 <_ZNK17QuadratureEncoder20get_speed_percentageEf+0x14>
10000d7e:	46c0      	nop			@ (mov r8, r8)
10000d80:	42c80000 	.word	0x42c80000

10000d84 <gpio_set_function>:
10000d84:	b510      	push	{r4, lr}
10000d86:	0083      	lsls	r3, r0, #2
10000d88:	4a08      	ldr	r2, [pc, #32]	@ (10000dac <gpio_set_function+0x28>)
10000d8a:	189a      	adds	r2, r3, r2
10000d8c:	6814      	ldr	r4, [r2, #0]
10000d8e:	2240      	movs	r2, #64	@ 0x40
10000d90:	4054      	eors	r4, r2
10000d92:	3280      	adds	r2, #128	@ 0x80
10000d94:	4022      	ands	r2, r4
10000d96:	4c06      	ldr	r4, [pc, #24]	@ (10000db0 <gpio_set_function+0x2c>)
10000d98:	46a4      	mov	ip, r4
10000d9a:	4463      	add	r3, ip
10000d9c:	601a      	str	r2, [r3, #0]
10000d9e:	00c0      	lsls	r0, r0, #3
10000da0:	4b04      	ldr	r3, [pc, #16]	@ (10000db4 <gpio_set_function+0x30>)
10000da2:	469c      	mov	ip, r3
10000da4:	4460      	add	r0, ip
10000da6:	6041      	str	r1, [r0, #4]
10000da8:	bd10      	pop	{r4, pc}
10000daa:	46c0      	nop			@ (mov r8, r8)
10000dac:	4001c004 	.word	0x4001c004
10000db0:	4001d004 	.word	0x4001d004
10000db4:	40014000 	.word	0x40014000

10000db8 <gpio_set_pulls>:
10000db8:	0080      	lsls	r0, r0, #2
10000dba:	4b0c      	ldr	r3, [pc, #48]	@ (10000dec <gpio_set_pulls+0x34>)
10000dbc:	469c      	mov	ip, r3
10000dbe:	4460      	add	r0, ip
10000dc0:	2900      	cmp	r1, #0
10000dc2:	d00e      	beq.n	10000de2 <gpio_set_pulls+0x2a>
10000dc4:	2308      	movs	r3, #8
10000dc6:	2a00      	cmp	r2, #0
10000dc8:	d00d      	beq.n	10000de6 <gpio_set_pulls+0x2e>
10000dca:	2204      	movs	r2, #4
10000dcc:	4313      	orrs	r3, r2
10000dce:	6802      	ldr	r2, [r0, #0]
10000dd0:	4053      	eors	r3, r2
10000dd2:	220c      	movs	r2, #12
10000dd4:	4013      	ands	r3, r2
10000dd6:	2280      	movs	r2, #128	@ 0x80
10000dd8:	0152      	lsls	r2, r2, #5
10000dda:	4694      	mov	ip, r2
10000ddc:	4460      	add	r0, ip
10000dde:	6003      	str	r3, [r0, #0]
10000de0:	4770      	bx	lr
10000de2:	2300      	movs	r3, #0
10000de4:	e7ef      	b.n	10000dc6 <gpio_set_pulls+0xe>
10000de6:	2200      	movs	r2, #0
10000de8:	e7f0      	b.n	10000dcc <gpio_set_pulls+0x14>
10000dea:	46c0      	nop			@ (mov r8, r8)
10000dec:	4001c004 	.word	0x4001c004

10000df0 <gpio_init>:
10000df0:	b510      	push	{r4, lr}
10000df2:	2301      	movs	r3, #1
10000df4:	4083      	lsls	r3, r0
10000df6:	22d0      	movs	r2, #208	@ 0xd0
10000df8:	0612      	lsls	r2, r2, #24
10000dfa:	6293      	str	r3, [r2, #40]	@ 0x28
10000dfc:	6193      	str	r3, [r2, #24]
10000dfe:	2105      	movs	r1, #5
10000e00:	f7ff ffc0 	bl	10000d84 <gpio_set_function>
10000e04:	bd10      	pop	{r4, pc}
	...

10000e08 <rp2040_chip_version>:
10000e08:	b510      	push	{r4, lr}
10000e0a:	2380      	movs	r3, #128	@ 0x80
10000e0c:	05db      	lsls	r3, r3, #23
10000e0e:	6818      	ldr	r0, [r3, #0]
10000e10:	0503      	lsls	r3, r0, #20
10000e12:	0d1b      	lsrs	r3, r3, #20
10000e14:	4a0b      	ldr	r2, [pc, #44]	@ (10000e44 <rp2040_chip_version+0x3c>)
10000e16:	4293      	cmp	r3, r2
10000e18:	d107      	bne.n	10000e2a <rp2040_chip_version+0x22>
10000e1a:	4b0b      	ldr	r3, [pc, #44]	@ (10000e48 <rp2040_chip_version+0x40>)
10000e1c:	4003      	ands	r3, r0
10000e1e:	2280      	movs	r2, #128	@ 0x80
10000e20:	0192      	lsls	r2, r2, #6
10000e22:	4293      	cmp	r3, r2
10000e24:	d107      	bne.n	10000e36 <rp2040_chip_version+0x2e>
10000e26:	0f00      	lsrs	r0, r0, #28
10000e28:	bd10      	pop	{r4, pc}
10000e2a:	4b08      	ldr	r3, [pc, #32]	@ (10000e4c <rp2040_chip_version+0x44>)
10000e2c:	4a08      	ldr	r2, [pc, #32]	@ (10000e50 <rp2040_chip_version+0x48>)
10000e2e:	4809      	ldr	r0, [pc, #36]	@ (10000e54 <rp2040_chip_version+0x4c>)
10000e30:	2122      	movs	r1, #34	@ 0x22
10000e32:	f003 fb97 	bl	10004564 <__assert_func>
10000e36:	4b08      	ldr	r3, [pc, #32]	@ (10000e58 <rp2040_chip_version+0x50>)
10000e38:	4a05      	ldr	r2, [pc, #20]	@ (10000e50 <rp2040_chip_version+0x48>)
10000e3a:	4806      	ldr	r0, [pc, #24]	@ (10000e54 <rp2040_chip_version+0x4c>)
10000e3c:	2123      	movs	r1, #35	@ 0x23
10000e3e:	f003 fb91 	bl	10004564 <__assert_func>
10000e42:	46c0      	nop			@ (mov r8, r8)
10000e44:	00000927 	.word	0x00000927
10000e48:	0ffff000 	.word	0x0ffff000
10000e4c:	10008ab8 	.word	0x10008ab8
10000e50:	10009888 	.word	0x10009888
10000e54:	10008adc 	.word	0x10008adc
10000e58:	10008b24 	.word	0x10008b24

10000e5c <panic>:
10000e5c:	b40f      	push	{r0, r1, r2, r3}
10000e5e:	b500      	push	{lr}
10000e60:	b083      	sub	sp, #12
10000e62:	4808      	ldr	r0, [pc, #32]	@ (10000e84 <panic+0x28>)
10000e64:	f003 fd30 	bl	100048c8 <__wrap_puts>
10000e68:	9b04      	ldr	r3, [sp, #16]
10000e6a:	2b00      	cmp	r3, #0
10000e6c:	d007      	beq.n	10000e7e <panic+0x22>
10000e6e:	a905      	add	r1, sp, #20
10000e70:	9101      	str	r1, [sp, #4]
10000e72:	0018      	movs	r0, r3
10000e74:	f003 fd38 	bl	100048e8 <__wrap_vprintf>
10000e78:	4803      	ldr	r0, [pc, #12]	@ (10000e88 <panic+0x2c>)
10000e7a:	f003 fd25 	bl	100048c8 <__wrap_puts>
10000e7e:	2001      	movs	r0, #1
10000e80:	f003 fb4a 	bl	10004518 <_exit>
10000e84:	10008b38 	.word	0x10008b38
10000e88:	1000884c 	.word	0x1000884c

10000e8c <hw_claim_lock>:
10000e8c:	f3ef 8010 	mrs	r0, PRIMASK
10000e90:	b672      	cpsid	i
10000e92:	4b03      	ldr	r3, [pc, #12]	@ (10000ea0 <hw_claim_lock+0x14>)
10000e94:	681b      	ldr	r3, [r3, #0]
10000e96:	2b00      	cmp	r3, #0
10000e98:	d0fb      	beq.n	10000e92 <hw_claim_lock+0x6>
10000e9a:	f3bf 8f5f 	dmb	sy
10000e9e:	4770      	bx	lr
10000ea0:	d000012c 	.word	0xd000012c

10000ea4 <hw_claim_unlock>:
10000ea4:	f3bf 8f5f 	dmb	sy
10000ea8:	4b02      	ldr	r3, [pc, #8]	@ (10000eb4 <hw_claim_unlock+0x10>)
10000eaa:	2200      	movs	r2, #0
10000eac:	601a      	str	r2, [r3, #0]
10000eae:	f380 8810 	msr	PRIMASK, r0
10000eb2:	4770      	bx	lr
10000eb4:	d000012c 	.word	0xd000012c

10000eb8 <hw_claim_or_assert>:
10000eb8:	b5f8      	push	{r3, r4, r5, r6, r7, lr}
10000eba:	0006      	movs	r6, r0
10000ebc:	000c      	movs	r4, r1
10000ebe:	0015      	movs	r5, r2
10000ec0:	f7ff ffe4 	bl	10000e8c <hw_claim_lock>
10000ec4:	08e3      	lsrs	r3, r4, #3
10000ec6:	18f7      	adds	r7, r6, r3
10000ec8:	5cf1      	ldrb	r1, [r6, r3]
10000eca:	2207      	movs	r2, #7
10000ecc:	4022      	ands	r2, r4
10000ece:	2301      	movs	r3, #1
10000ed0:	4093      	lsls	r3, r2
10000ed2:	420b      	tst	r3, r1
10000ed4:	d105      	bne.n	10000ee2 <hw_claim_or_assert+0x2a>
10000ed6:	b2db      	uxtb	r3, r3
10000ed8:	430b      	orrs	r3, r1
10000eda:	703b      	strb	r3, [r7, #0]
10000edc:	f7ff ffe2 	bl	10000ea4 <hw_claim_unlock>
10000ee0:	bdf8      	pop	{r3, r4, r5, r6, r7, pc}
10000ee2:	0021      	movs	r1, r4
10000ee4:	0028      	movs	r0, r5
10000ee6:	f7ff ffb9 	bl	10000e5c <panic>

10000eea <hw_claim_unused_from_range>:
10000eea:	b5f0      	push	{r4, r5, r6, r7, lr}
10000eec:	b083      	sub	sp, #12
10000eee:	0006      	movs	r6, r0
10000ef0:	9101      	str	r1, [sp, #4]
10000ef2:	0014      	movs	r4, r2
10000ef4:	001f      	movs	r7, r3
10000ef6:	f7ff ffc9 	bl	10000e8c <hw_claim_lock>
10000efa:	e000      	b.n	10000efe <hw_claim_unused_from_range+0x14>
10000efc:	3401      	adds	r4, #1
10000efe:	42bc      	cmp	r4, r7
10000f00:	d80c      	bhi.n	10000f1c <hw_claim_unused_from_range+0x32>
10000f02:	08e3      	lsrs	r3, r4, #3
10000f04:	18f5      	adds	r5, r6, r3
10000f06:	5cf3      	ldrb	r3, [r6, r3]
10000f08:	2107      	movs	r1, #7
10000f0a:	4021      	ands	r1, r4
10000f0c:	2201      	movs	r2, #1
10000f0e:	408a      	lsls	r2, r1
10000f10:	421a      	tst	r2, r3
10000f12:	d1f3      	bne.n	10000efc <hw_claim_unused_from_range+0x12>
10000f14:	b2d2      	uxtb	r2, r2
10000f16:	431a      	orrs	r2, r3
10000f18:	702a      	strb	r2, [r5, #0]
10000f1a:	e001      	b.n	10000f20 <hw_claim_unused_from_range+0x36>
10000f1c:	2401      	movs	r4, #1
10000f1e:	4264      	negs	r4, r4
10000f20:	f7ff ffc0 	bl	10000ea4 <hw_claim_unlock>
10000f24:	2c00      	cmp	r4, #0
10000f26:	db02      	blt.n	10000f2e <hw_claim_unused_from_range+0x44>
10000f28:	0020      	movs	r0, r4
10000f2a:	b003      	add	sp, #12
10000f2c:	bdf0      	pop	{r4, r5, r6, r7, pc}
10000f2e:	9b01      	ldr	r3, [sp, #4]
10000f30:	2b00      	cmp	r3, #0
10000f32:	d0f9      	beq.n	10000f28 <hw_claim_unused_from_range+0x3e>
10000f34:	9808      	ldr	r0, [sp, #32]
10000f36:	f7ff ff91 	bl	10000e5c <panic>
	...

10000f3c <next_striped_spin_lock_num>:
10000f3c:	4a05      	ldr	r2, [pc, #20]	@ (10000f54 <next_striped_spin_lock_num+0x18>)
10000f3e:	7810      	ldrb	r0, [r2, #0]
10000f40:	1c43      	adds	r3, r0, #1
10000f42:	b2db      	uxtb	r3, r3
10000f44:	7013      	strb	r3, [r2, #0]
10000f46:	2b17      	cmp	r3, #23
10000f48:	d902      	bls.n	10000f50 <next_striped_spin_lock_num+0x14>
10000f4a:	0013      	movs	r3, r2
10000f4c:	2210      	movs	r2, #16
10000f4e:	701a      	strb	r2, [r3, #0]
10000f50:	4770      	bx	lr
10000f52:	46c0      	nop			@ (mov r8, r8)
10000f54:	20001aac 	.word	0x20001aac

10000f58 <spin_lock_claim_unused>:
10000f58:	b510      	push	{r4, lr}
10000f5a:	b082      	sub	sp, #8
10000f5c:	0001      	movs	r1, r0
10000f5e:	4c05      	ldr	r4, [pc, #20]	@ (10000f74 <spin_lock_claim_unused+0x1c>)
10000f60:	4b05      	ldr	r3, [pc, #20]	@ (10000f78 <spin_lock_claim_unused+0x20>)
10000f62:	9300      	str	r3, [sp, #0]
10000f64:	231f      	movs	r3, #31
10000f66:	2218      	movs	r2, #24
10000f68:	0020      	movs	r0, r4
10000f6a:	f7ff ffbe 	bl	10000eea <hw_claim_unused_from_range>
10000f6e:	b002      	add	sp, #8
10000f70:	bd10      	pop	{r4, pc}
10000f72:	46c0      	nop			@ (mov r8, r8)
10000f74:	20002a68 	.word	0x20002a68
10000f78:	10008b48 	.word	0x10008b48

10000f7c <spin_locks_reset>:
10000f7c:	2300      	movs	r3, #0
10000f7e:	e007      	b.n	10000f90 <spin_locks_reset+0x14>
10000f80:	4a05      	ldr	r2, [pc, #20]	@ (10000f98 <spin_locks_reset+0x1c>)
10000f82:	189a      	adds	r2, r3, r2
10000f84:	0092      	lsls	r2, r2, #2
10000f86:	f3bf 8f5f 	dmb	sy
10000f8a:	2100      	movs	r1, #0
10000f8c:	6011      	str	r1, [r2, #0]
10000f8e:	3301      	adds	r3, #1
10000f90:	2b1f      	cmp	r3, #31
10000f92:	d9f5      	bls.n	10000f80 <spin_locks_reset+0x4>
10000f94:	4770      	bx	lr
10000f96:	46c0      	nop			@ (mov r8, r8)
10000f98:	34000040 	.word	0x34000040

10000f9c <set_raw_irq_handler_and_unlock>:
10000f9c:	4b07      	ldr	r3, [pc, #28]	@ (10000fbc <set_raw_irq_handler_and_unlock+0x20>)
10000f9e:	689b      	ldr	r3, [r3, #8]
10000fa0:	3010      	adds	r0, #16
10000fa2:	0080      	lsls	r0, r0, #2
10000fa4:	5019      	str	r1, [r3, r0]
10000fa6:	f3bf 8f5f 	dmb	sy
10000faa:	f3bf 8f5f 	dmb	sy
10000fae:	4b04      	ldr	r3, [pc, #16]	@ (10000fc0 <set_raw_irq_handler_and_unlock+0x24>)
10000fb0:	2100      	movs	r1, #0
10000fb2:	6019      	str	r1, [r3, #0]
10000fb4:	f382 8810 	msr	PRIMASK, r2
10000fb8:	4770      	bx	lr
10000fba:	46c0      	nop			@ (mov r8, r8)
10000fbc:	e000ed00 	.word	0xe000ed00
10000fc0:	d0000124 	.word	0xd0000124

10000fc4 <nvic_ipr0>:
10000fc4:	4800      	ldr	r0, [pc, #0]	@ (10000fc8 <nvic_ipr0+0x4>)
10000fc6:	4770      	bx	lr
10000fc8:	e000e400 	.word	0xe000e400

10000fcc <runtime_init_per_core_irq_priorities>:
10000fcc:	b510      	push	{r4, lr}
10000fce:	f7ff fff9 	bl	10000fc4 <nvic_ipr0>
10000fd2:	2300      	movs	r3, #0
10000fd4:	e002      	b.n	10000fdc <runtime_init_per_core_irq_priorities+0x10>
10000fd6:	4a03      	ldr	r2, [pc, #12]	@ (10000fe4 <runtime_init_per_core_irq_priorities+0x18>)
10000fd8:	c004      	stmia	r0!, {r2}
10000fda:	3301      	adds	r3, #1
10000fdc:	2b07      	cmp	r3, #7
10000fde:	d9fa      	bls.n	10000fd6 <runtime_init_per_core_irq_priorities+0xa>
10000fe0:	bd10      	pop	{r4, pc}
10000fe2:	46c0      	nop			@ (mov r8, r8)
10000fe4:	80808080 	.word	0x80808080

10000fe8 <resolve_j_16>:
10000fe8:	b510      	push	{r4, lr}
10000fea:	8803      	ldrh	r3, [r0, #0]
10000fec:	0ada      	lsrs	r2, r3, #11
10000fee:	2a1c      	cmp	r2, #28
10000ff0:	d105      	bne.n	10000ffe <resolve_j_16+0x16>
10000ff2:	055b      	lsls	r3, r3, #21
10000ff4:	155b      	asrs	r3, r3, #21
10000ff6:	3302      	adds	r3, #2
10000ff8:	005b      	lsls	r3, r3, #1
10000ffa:	18c0      	adds	r0, r0, r3
10000ffc:	bd10      	pop	{r4, pc}
10000ffe:	4b03      	ldr	r3, [pc, #12]	@ (1000100c <resolve_j_16+0x24>)
10001000:	4a03      	ldr	r2, [pc, #12]	@ (10001010 <resolve_j_16+0x28>)
10001002:	2116      	movs	r1, #22
10001004:	4803      	ldr	r0, [pc, #12]	@ (10001014 <resolve_j_16+0x2c>)
10001006:	31ff      	adds	r1, #255	@ 0xff
10001008:	f003 faac 	bl	10004564 <__assert_func>
1000100c:	10008b64 	.word	0x10008b64
10001010:	100098c4 	.word	0x100098c4
10001014:	10008b7c 	.word	0x10008b7c

10001018 <make_j_16>:
10001018:	b510      	push	{r4, lr}
1000101a:	1a09      	subs	r1, r1, r0
1000101c:	1f0b      	subs	r3, r1, #4
1000101e:	4a0a      	ldr	r2, [pc, #40]	@ (10001048 <make_j_16+0x30>)
10001020:	1888      	adds	r0, r1, r2
10001022:	4a0a      	ldr	r2, [pc, #40]	@ (1000104c <make_j_16+0x34>)
10001024:	4290      	cmp	r0, r2
10001026:	d808      	bhi.n	1000103a <make_j_16+0x22>
10001028:	07c9      	lsls	r1, r1, #31
1000102a:	d406      	bmi.n	1000103a <make_j_16+0x22>
1000102c:	105b      	asrs	r3, r3, #1
1000102e:	055b      	lsls	r3, r3, #21
10001030:	0d5b      	lsrs	r3, r3, #21
10001032:	4807      	ldr	r0, [pc, #28]	@ (10001050 <make_j_16+0x38>)
10001034:	4318      	orrs	r0, r3
10001036:	b280      	uxth	r0, r0
10001038:	bd10      	pop	{r4, pc}
1000103a:	4b06      	ldr	r3, [pc, #24]	@ (10001054 <make_j_16+0x3c>)
1000103c:	4a06      	ldr	r2, [pc, #24]	@ (10001058 <make_j_16+0x40>)
1000103e:	2108      	movs	r1, #8
10001040:	4806      	ldr	r0, [pc, #24]	@ (1000105c <make_j_16+0x44>)
10001042:	31ff      	adds	r1, #255	@ 0xff
10001044:	f003 fa8e 	bl	10004564 <__assert_func>
10001048:	000007fc 	.word	0x000007fc
1000104c:	00000ffe 	.word	0x00000ffe
10001050:	ffffe000 	.word	0xffffe000
10001054:	10008bc0 	.word	0x10008bc0
10001058:	100098b8 	.word	0x100098b8
1000105c:	10008b7c 	.word	0x10008b7c

10001060 <irq_is_enabled>:
10001060:	2301      	movs	r3, #1
10001062:	4083      	lsls	r3, r0
10001064:	4a03      	ldr	r2, [pc, #12]	@ (10001074 <irq_is_enabled+0x14>)
10001066:	6810      	ldr	r0, [r2, #0]
10001068:	4018      	ands	r0, r3
1000106a:	1e43      	subs	r3, r0, #1
1000106c:	4198      	sbcs	r0, r3
1000106e:	b2c0      	uxtb	r0, r0
10001070:	4770      	bx	lr
10001072:	46c0      	nop			@ (mov r8, r8)
10001074:	e000e100 	.word	0xe000e100

10001078 <irq_set_mask_n_enabled>:
10001078:	2a00      	cmp	r2, #0
1000107a:	d005      	beq.n	10001088 <irq_set_mask_n_enabled+0x10>
1000107c:	4b04      	ldr	r3, [pc, #16]	@ (10001090 <irq_set_mask_n_enabled+0x18>)
1000107e:	22c0      	movs	r2, #192	@ 0xc0
10001080:	0052      	lsls	r2, r2, #1
10001082:	5099      	str	r1, [r3, r2]
10001084:	6019      	str	r1, [r3, #0]
10001086:	4770      	bx	lr
10001088:	4a01      	ldr	r2, [pc, #4]	@ (10001090 <irq_set_mask_n_enabled+0x18>)
1000108a:	2380      	movs	r3, #128	@ 0x80
1000108c:	50d1      	str	r1, [r2, r3]
1000108e:	e7fa      	b.n	10001086 <irq_set_mask_n_enabled+0xe>
10001090:	e000e100 	.word	0xe000e100

10001094 <irq_set_enabled>:
10001094:	b510      	push	{r4, lr}
10001096:	000a      	movs	r2, r1
10001098:	231f      	movs	r3, #31
1000109a:	4003      	ands	r3, r0
1000109c:	2101      	movs	r1, #1
1000109e:	4099      	lsls	r1, r3
100010a0:	0940      	lsrs	r0, r0, #5
100010a2:	f7ff ffe9 	bl	10001078 <irq_set_mask_n_enabled>
100010a6:	bd10      	pop	{r4, pc}

100010a8 <irq_set_pending>:
100010a8:	2301      	movs	r3, #1
100010aa:	4083      	lsls	r3, r0
100010ac:	4a01      	ldr	r2, [pc, #4]	@ (100010b4 <irq_set_pending+0xc>)
100010ae:	6013      	str	r3, [r2, #0]
100010b0:	4770      	bx	lr
100010b2:	46c0      	nop			@ (mov r8, r8)
100010b4:	e000e200 	.word	0xe000e200

100010b8 <irq_get_vtable_handler>:
100010b8:	4b02      	ldr	r3, [pc, #8]	@ (100010c4 <irq_get_vtable_handler+0xc>)
100010ba:	689b      	ldr	r3, [r3, #8]
100010bc:	3010      	adds	r0, #16
100010be:	0080      	lsls	r0, r0, #2
100010c0:	58c0      	ldr	r0, [r0, r3]
100010c2:	4770      	bx	lr
100010c4:	e000ed00 	.word	0xe000ed00

100010c8 <irq_has_shared_handler>:
100010c8:	b510      	push	{r4, lr}
100010ca:	f7ff fff5 	bl	100010b8 <irq_get_vtable_handler>
100010ce:	4b04      	ldr	r3, [pc, #16]	@ (100010e0 <irq_has_shared_handler+0x18>)
100010d0:	1ac3      	subs	r3, r0, r3
100010d2:	2000      	movs	r0, #0
100010d4:	222f      	movs	r2, #47	@ 0x2f
100010d6:	429a      	cmp	r2, r3
100010d8:	4140      	adcs	r0, r0
100010da:	b2c0      	uxtb	r0, r0
100010dc:	bd10      	pop	{r4, pc}
100010de:	46c0      	nop			@ (mov r8, r8)
100010e0:	20001ab0 	.word	0x20001ab0

100010e4 <irq_set_exclusive_handler>:
100010e4:	b570      	push	{r4, r5, r6, lr}
100010e6:	0004      	movs	r4, r0
100010e8:	000d      	movs	r5, r1
100010ea:	f3ef 8610 	mrs	r6, PRIMASK
100010ee:	b672      	cpsid	i
100010f0:	4b0c      	ldr	r3, [pc, #48]	@ (10001124 <irq_set_exclusive_handler+0x40>)
100010f2:	681b      	ldr	r3, [r3, #0]
100010f4:	2b00      	cmp	r3, #0
100010f6:	d0fb      	beq.n	100010f0 <irq_set_exclusive_handler+0xc>
100010f8:	f3bf 8f5f 	dmb	sy
100010fc:	0020      	movs	r0, r4
100010fe:	f7ff ffdb 	bl	100010b8 <irq_get_vtable_handler>
10001102:	4b09      	ldr	r3, [pc, #36]	@ (10001128 <irq_set_exclusive_handler+0x44>)
10001104:	4298      	cmp	r0, r3
10001106:	d001      	beq.n	1000110c <irq_set_exclusive_handler+0x28>
10001108:	42a8      	cmp	r0, r5
1000110a:	d105      	bne.n	10001118 <irq_set_exclusive_handler+0x34>
1000110c:	0032      	movs	r2, r6
1000110e:	0029      	movs	r1, r5
10001110:	0020      	movs	r0, r4
10001112:	f7ff ff43 	bl	10000f9c <set_raw_irq_handler_and_unlock>
10001116:	bd70      	pop	{r4, r5, r6, pc}
10001118:	4b04      	ldr	r3, [pc, #16]	@ (1000112c <irq_set_exclusive_handler+0x48>)
1000111a:	4a05      	ldr	r2, [pc, #20]	@ (10001130 <irq_set_exclusive_handler+0x4c>)
1000111c:	4805      	ldr	r0, [pc, #20]	@ (10001134 <irq_set_exclusive_handler+0x50>)
1000111e:	21e7      	movs	r1, #231	@ 0xe7
10001120:	f003 fa20 	bl	10004564 <__assert_func>
10001124:	d0000124 	.word	0xd0000124
10001128:	100001cd 	.word	0x100001cd
1000112c:	10008bf0 	.word	0x10008bf0
10001130:	100098ec 	.word	0x100098ec
10001134:	10008b7c 	.word	0x10008b7c

10001138 <irq_add_shared_handler>:
10001138:	b5f0      	push	{r4, r5, r6, r7, lr}
1000113a:	46de      	mov	lr, fp
1000113c:	4657      	mov	r7, sl
1000113e:	464e      	mov	r6, r9
10001140:	4645      	mov	r5, r8
10001142:	b5e0      	push	{r5, r6, r7, lr}
10001144:	b089      	sub	sp, #36	@ 0x24
10001146:	4681      	mov	r9, r0
10001148:	9101      	str	r1, [sp, #4]
1000114a:	0015      	movs	r5, r2
1000114c:	f3ef 8b10 	mrs	fp, PRIMASK
10001150:	b672      	cpsid	i
10001152:	4b6f      	ldr	r3, [pc, #444]	@ (10001310 <irq_add_shared_handler+0x1d8>)
10001154:	681b      	ldr	r3, [r3, #0]
10001156:	2b00      	cmp	r3, #0
10001158:	d0fb      	beq.n	10001152 <irq_add_shared_handler+0x1a>
1000115a:	f3bf 8f5f 	dmb	sy
1000115e:	4b6d      	ldr	r3, [pc, #436]	@ (10001314 <irq_add_shared_handler+0x1dc>)
10001160:	2600      	movs	r6, #0
10001162:	579e      	ldrsb	r6, [r3, r6]
10001164:	2e00      	cmp	r6, #0
10001166:	db40      	blt.n	100011ea <irq_add_shared_handler+0xb2>
10001168:	0074      	lsls	r4, r6, #1
1000116a:	19a4      	adds	r4, r4, r6
1000116c:	00a4      	lsls	r4, r4, #2
1000116e:	486a      	ldr	r0, [pc, #424]	@ (10001318 <irq_add_shared_handler+0x1e0>)
10001170:	1824      	adds	r4, r4, r0
10001172:	2206      	movs	r2, #6
10001174:	56a2      	ldrsb	r2, [r4, r2]
10001176:	4b67      	ldr	r3, [pc, #412]	@ (10001314 <irq_add_shared_handler+0x1dc>)
10001178:	701a      	strb	r2, [r3, #0]
1000117a:	4b68      	ldr	r3, [pc, #416]	@ (1000131c <irq_add_shared_handler+0x1e4>)
1000117c:	689a      	ldr	r2, [r3, #8]
1000117e:	464b      	mov	r3, r9
10001180:	3310      	adds	r3, #16
10001182:	009b      	lsls	r3, r3, #2
10001184:	58d3      	ldr	r3, [r2, r3]
10001186:	4698      	mov	r8, r3
10001188:	1a1b      	subs	r3, r3, r0
1000118a:	2b2f      	cmp	r3, #47	@ 0x2f
1000118c:	d93b      	bls.n	10001206 <irq_add_shared_handler+0xce>
1000118e:	4b64      	ldr	r3, [pc, #400]	@ (10001320 <irq_add_shared_handler+0x1e8>)
10001190:	4598      	cmp	r8, r3
10001192:	d131      	bne.n	100011f8 <irq_add_shared_handler+0xc0>
10001194:	af05      	add	r7, sp, #20
10001196:	4b63      	ldr	r3, [pc, #396]	@ (10001324 <irq_add_shared_handler+0x1ec>)
10001198:	803b      	strh	r3, [r7, #0]
1000119a:	4963      	ldr	r1, [pc, #396]	@ (10001328 <irq_add_shared_handler+0x1f0>)
1000119c:	0073      	lsls	r3, r6, #1
1000119e:	469a      	mov	sl, r3
100011a0:	1998      	adds	r0, r3, r6
100011a2:	0080      	lsls	r0, r0, #2
100011a4:	4b5c      	ldr	r3, [pc, #368]	@ (10001318 <irq_add_shared_handler+0x1e0>)
100011a6:	4698      	mov	r8, r3
100011a8:	4440      	add	r0, r8
100011aa:	3002      	adds	r0, #2
100011ac:	f7ff ff34 	bl	10001018 <make_j_16>
100011b0:	8078      	strh	r0, [r7, #2]
100011b2:	4b5e      	ldr	r3, [pc, #376]	@ (1000132c <irq_add_shared_handler+0x1f4>)
100011b4:	80bb      	strh	r3, [r7, #4]
100011b6:	23ff      	movs	r3, #255	@ 0xff
100011b8:	71bb      	strb	r3, [r7, #6]
100011ba:	71fd      	strb	r5, [r7, #7]
100011bc:	9b01      	ldr	r3, [sp, #4]
100011be:	9307      	str	r3, [sp, #28]
100011c0:	0033      	movs	r3, r6
100011c2:	4453      	add	r3, sl
100011c4:	009b      	lsls	r3, r3, #2
100011c6:	4443      	add	r3, r8
100011c8:	cf07      	ldmia	r7!, {r0, r1, r2}
100011ca:	c307      	stmia	r3!, {r0, r1, r2}
100011cc:	2301      	movs	r3, #1
100011ce:	431c      	orrs	r4, r3
100011d0:	46a0      	mov	r8, r4
100011d2:	465a      	mov	r2, fp
100011d4:	4641      	mov	r1, r8
100011d6:	4648      	mov	r0, r9
100011d8:	f7ff fee0 	bl	10000f9c <set_raw_irq_handler_and_unlock>
100011dc:	b009      	add	sp, #36	@ 0x24
100011de:	bcf0      	pop	{r4, r5, r6, r7}
100011e0:	46bb      	mov	fp, r7
100011e2:	46b2      	mov	sl, r6
100011e4:	46a9      	mov	r9, r5
100011e6:	46a0      	mov	r8, r4
100011e8:	bdf0      	pop	{r4, r5, r6, r7, pc}
100011ea:	4b51      	ldr	r3, [pc, #324]	@ (10001330 <irq_add_shared_handler+0x1f8>)
100011ec:	4a51      	ldr	r2, [pc, #324]	@ (10001334 <irq_add_shared_handler+0x1fc>)
100011ee:	2174      	movs	r1, #116	@ 0x74
100011f0:	4851      	ldr	r0, [pc, #324]	@ (10001338 <irq_add_shared_handler+0x200>)
100011f2:	31ff      	adds	r1, #255	@ 0xff
100011f4:	f003 f9b6 	bl	10004564 <__assert_func>
100011f8:	4b50      	ldr	r3, [pc, #320]	@ (1000133c <irq_add_shared_handler+0x204>)
100011fa:	4a4e      	ldr	r2, [pc, #312]	@ (10001334 <irq_add_shared_handler+0x1fc>)
100011fc:	21bd      	movs	r1, #189	@ 0xbd
100011fe:	484e      	ldr	r0, [pc, #312]	@ (10001338 <irq_add_shared_handler+0x200>)
10001200:	0049      	lsls	r1, r1, #1
10001202:	f003 f9af 	bl	10004564 <__assert_func>
10001206:	2301      	movs	r3, #1
10001208:	4642      	mov	r2, r8
1000120a:	439a      	bics	r2, r3
1000120c:	4692      	mov	sl, r2
1000120e:	1a10      	subs	r0, r2, r0
10001210:	210c      	movs	r1, #12
10001212:	f001 f8cf 	bl	100023b4 <__wrap___aeabi_uidiv>
10001216:	2900      	cmp	r1, #0
10001218:	d10f      	bne.n	1000123a <irq_add_shared_handler+0x102>
1000121a:	4653      	mov	r3, sl
1000121c:	2700      	movs	r7, #0
1000121e:	79da      	ldrb	r2, [r3, #7]
10001220:	42aa      	cmp	r2, r5
10001222:	d912      	bls.n	1000124a <irq_add_shared_handler+0x112>
10001224:	2106      	movs	r1, #6
10001226:	5659      	ldrsb	r1, [r3, r1]
10001228:	2900      	cmp	r1, #0
1000122a:	db0d      	blt.n	10001248 <irq_add_shared_handler+0x110>
1000122c:	004a      	lsls	r2, r1, #1
1000122e:	1852      	adds	r2, r2, r1
10001230:	0092      	lsls	r2, r2, #2
10001232:	4939      	ldr	r1, [pc, #228]	@ (10001318 <irq_add_shared_handler+0x1e0>)
10001234:	001f      	movs	r7, r3
10001236:	188b      	adds	r3, r1, r2
10001238:	e7f1      	b.n	1000121e <irq_add_shared_handler+0xe6>
1000123a:	4b41      	ldr	r3, [pc, #260]	@ (10001340 <irq_add_shared_handler+0x208>)
1000123c:	4a3d      	ldr	r2, [pc, #244]	@ (10001334 <irq_add_shared_handler+0x1fc>)
1000123e:	218c      	movs	r1, #140	@ 0x8c
10001240:	483d      	ldr	r0, [pc, #244]	@ (10001338 <irq_add_shared_handler+0x200>)
10001242:	31ff      	adds	r1, #255	@ 0xff
10001244:	f003 f98e 	bl	10004564 <__assert_func>
10001248:	001f      	movs	r7, r3
1000124a:	2f00      	cmp	r7, #0
1000124c:	d02e      	beq.n	100012ac <irq_add_shared_handler+0x174>
1000124e:	ab05      	add	r3, sp, #20
10001250:	4a3c      	ldr	r2, [pc, #240]	@ (10001344 <irq_add_shared_handler+0x20c>)
10001252:	801a      	strh	r2, [r3, #0]
10001254:	3a81      	subs	r2, #129	@ 0x81
10001256:	805a      	strh	r2, [r3, #2]
10001258:	2306      	movs	r3, #6
1000125a:	56fb      	ldrsb	r3, [r7, r3]
1000125c:	9302      	str	r3, [sp, #8]
1000125e:	2b00      	cmp	r3, #0
10001260:	da17      	bge.n	10001292 <irq_add_shared_handler+0x15a>
10001262:	4839      	ldr	r0, [pc, #228]	@ (10001348 <irq_add_shared_handler+0x210>)
10001264:	ab05      	add	r3, sp, #20
10001266:	469a      	mov	sl, r3
10001268:	8098      	strh	r0, [r3, #4]
1000126a:	9a02      	ldr	r2, [sp, #8]
1000126c:	719a      	strb	r2, [r3, #6]
1000126e:	71dd      	strb	r5, [r3, #7]
10001270:	9a01      	ldr	r2, [sp, #4]
10001272:	9207      	str	r2, [sp, #28]
10001274:	1d38      	adds	r0, r7, #4
10001276:	0021      	movs	r1, r4
10001278:	f7ff fece 	bl	10001018 <make_j_16>
1000127c:	80b8      	strh	r0, [r7, #4]
1000127e:	71be      	strb	r6, [r7, #6]
10001280:	4b25      	ldr	r3, [pc, #148]	@ (10001318 <irq_add_shared_handler+0x1e0>)
10001282:	0072      	lsls	r2, r6, #1
10001284:	1992      	adds	r2, r2, r6
10001286:	0092      	lsls	r2, r2, #2
10001288:	189b      	adds	r3, r3, r2
1000128a:	4652      	mov	r2, sl
1000128c:	ca13      	ldmia	r2!, {r0, r1, r4}
1000128e:	c313      	stmia	r3!, {r0, r1, r4}
10001290:	e79f      	b.n	100011d2 <irq_add_shared_handler+0x9a>
10001292:	1d38      	adds	r0, r7, #4
10001294:	f7ff fea8 	bl	10000fe8 <resolve_j_16>
10001298:	0001      	movs	r1, r0
1000129a:	0070      	lsls	r0, r6, #1
1000129c:	1980      	adds	r0, r0, r6
1000129e:	0080      	lsls	r0, r0, #2
100012a0:	4b1d      	ldr	r3, [pc, #116]	@ (10001318 <irq_add_shared_handler+0x1e0>)
100012a2:	18c0      	adds	r0, r0, r3
100012a4:	3004      	adds	r0, #4
100012a6:	f7ff feb7 	bl	10001018 <make_j_16>
100012aa:	e7db      	b.n	10001264 <irq_add_shared_handler+0x12c>
100012ac:	af05      	add	r7, sp, #20
100012ae:	4b1d      	ldr	r3, [pc, #116]	@ (10001324 <irq_add_shared_handler+0x1ec>)
100012b0:	803b      	strh	r3, [r7, #0]
100012b2:	491d      	ldr	r1, [pc, #116]	@ (10001328 <irq_add_shared_handler+0x1f0>)
100012b4:	0073      	lsls	r3, r6, #1
100012b6:	9302      	str	r3, [sp, #8]
100012b8:	199b      	adds	r3, r3, r6
100012ba:	009b      	lsls	r3, r3, #2
100012bc:	4a16      	ldr	r2, [pc, #88]	@ (10001318 <irq_add_shared_handler+0x1e0>)
100012be:	4690      	mov	r8, r2
100012c0:	001a      	movs	r2, r3
100012c2:	4442      	add	r2, r8
100012c4:	9203      	str	r2, [sp, #12]
100012c6:	1c90      	adds	r0, r2, #2
100012c8:	f7ff fea6 	bl	10001018 <make_j_16>
100012cc:	8078      	strh	r0, [r7, #2]
100012ce:	9a03      	ldr	r2, [sp, #12]
100012d0:	1d10      	adds	r0, r2, #4
100012d2:	4651      	mov	r1, sl
100012d4:	f7ff fea0 	bl	10001018 <make_j_16>
100012d8:	80b8      	strh	r0, [r7, #4]
100012da:	4b1c      	ldr	r3, [pc, #112]	@ (1000134c <irq_add_shared_handler+0x214>)
100012dc:	4652      	mov	r2, sl
100012de:	4641      	mov	r1, r8
100012e0:	1a52      	subs	r2, r2, r1
100012e2:	4152      	adcs	r2, r2
100012e4:	4353      	muls	r3, r2
100012e6:	0d1b      	lsrs	r3, r3, #20
100012e8:	71bb      	strb	r3, [r7, #6]
100012ea:	71fd      	strb	r5, [r7, #7]
100012ec:	9a01      	ldr	r2, [sp, #4]
100012ee:	9207      	str	r2, [sp, #28]
100012f0:	9b02      	ldr	r3, [sp, #8]
100012f2:	199b      	adds	r3, r3, r6
100012f4:	009b      	lsls	r3, r3, #2
100012f6:	4443      	add	r3, r8
100012f8:	cf07      	ldmia	r7!, {r0, r1, r2}
100012fa:	c307      	stmia	r3!, {r0, r1, r2}
100012fc:	4b11      	ldr	r3, [pc, #68]	@ (10001344 <irq_add_shared_handler+0x20c>)
100012fe:	4652      	mov	r2, sl
10001300:	8013      	strh	r3, [r2, #0]
10001302:	3b81      	subs	r3, #129	@ 0x81
10001304:	8053      	strh	r3, [r2, #2]
10001306:	2301      	movs	r3, #1
10001308:	431c      	orrs	r4, r3
1000130a:	46a0      	mov	r8, r4
1000130c:	e761      	b.n	100011d2 <irq_add_shared_handler+0x9a>
1000130e:	46c0      	nop			@ (mov r8, r8)
10001310:	d0000124 	.word	0xd0000124
10001314:	2000313a 	.word	0x2000313a
10001318:	20001ab0 	.word	0x20001ab0
1000131c:	e000ed00 	.word	0xe000ed00
10001320:	100001cd 	.word	0x100001cd
10001324:	ffffa100 	.word	0xffffa100
10001328:	20001ae0 	.word	0x20001ae0
1000132c:	ffffbd01 	.word	0xffffbd01
10001330:	10008c28 	.word	0x10008c28
10001334:	100098d4 	.word	0x100098d4
10001338:	10008b7c 	.word	0x10008b7c
1000133c:	10008c50 	.word	0x10008c50
10001340:	10008c78 	.word	0x10008c78
10001344:	00004801 	.word	0x00004801
10001348:	0000bd01 	.word	0x0000bd01
1000134c:	0000aaaa 	.word	0x0000aaaa

10001350 <irq_add_tail_to_free_list>:
10001350:	b5f8      	push	{r3, r4, r5, r6, r7, lr}
10001352:	2201      	movs	r2, #1
10001354:	4302      	orrs	r2, r0
10001356:	4b2d      	ldr	r3, [pc, #180]	@ (1000140c <irq_add_tail_to_free_list+0xbc>)
10001358:	1ad3      	subs	r3, r2, r3
1000135a:	2b2f      	cmp	r3, #47	@ 0x2f
1000135c:	d828      	bhi.n	100013b0 <irq_add_tail_to_free_list+0x60>
1000135e:	f3ef 8305 	mrs	r3, IPSR
10001362:	2b00      	cmp	r3, #0
10001364:	d02b      	beq.n	100013be <irq_add_tail_to_free_list+0x6e>
10001366:	f3ef 8410 	mrs	r4, PRIMASK
1000136a:	b672      	cpsid	i
1000136c:	4928      	ldr	r1, [pc, #160]	@ (10001410 <irq_add_tail_to_free_list+0xc0>)
1000136e:	6809      	ldr	r1, [r1, #0]
10001370:	2900      	cmp	r1, #0
10001372:	d0fb      	beq.n	1000136c <irq_add_tail_to_free_list+0x1c>
10001374:	f3bf 8f5f 	dmb	sy
10001378:	4d24      	ldr	r5, [pc, #144]	@ (1000140c <irq_add_tail_to_free_list+0xbc>)
1000137a:	4926      	ldr	r1, [pc, #152]	@ (10001414 <irq_add_tail_to_free_list+0xc4>)
1000137c:	0006      	movs	r6, r0
1000137e:	1b76      	subs	r6, r6, r5
10001380:	4176      	adcs	r6, r6
10001382:	4371      	muls	r1, r6
10001384:	0d09      	lsrs	r1, r1, #20
10001386:	b24d      	sxtb	r5, r1
10001388:	4923      	ldr	r1, [pc, #140]	@ (10001418 <irq_add_tail_to_free_list+0xc8>)
1000138a:	6889      	ldr	r1, [r1, #8]
1000138c:	009b      	lsls	r3, r3, #2
1000138e:	58c9      	ldr	r1, [r1, r3]
10001390:	4291      	cmp	r1, r2
10001392:	d01a      	beq.n	100013ca <irq_add_tail_to_free_list+0x7a>
10001394:	2100      	movs	r1, #0
10001396:	2903      	cmp	r1, #3
10001398:	d831      	bhi.n	100013fe <irq_add_tail_to_free_list+0xae>
1000139a:	4b1c      	ldr	r3, [pc, #112]	@ (1000140c <irq_add_tail_to_free_list+0xbc>)
1000139c:	004a      	lsls	r2, r1, #1
1000139e:	1852      	adds	r2, r2, r1
100013a0:	0092      	lsls	r2, r2, #2
100013a2:	189b      	adds	r3, r3, r2
100013a4:	799b      	ldrb	r3, [r3, #6]
100013a6:	b25b      	sxtb	r3, r3
100013a8:	42ab      	cmp	r3, r5
100013aa:	d01e      	beq.n	100013ea <irq_add_tail_to_free_list+0x9a>
100013ac:	3101      	adds	r1, #1
100013ae:	e7f2      	b.n	10001396 <irq_add_tail_to_free_list+0x46>
100013b0:	4b1a      	ldr	r3, [pc, #104]	@ (1000141c <irq_add_tail_to_free_list+0xcc>)
100013b2:	4a1b      	ldr	r2, [pc, #108]	@ (10001420 <irq_add_tail_to_free_list+0xd0>)
100013b4:	219d      	movs	r1, #157	@ 0x9d
100013b6:	481b      	ldr	r0, [pc, #108]	@ (10001424 <irq_add_tail_to_free_list+0xd4>)
100013b8:	0089      	lsls	r1, r1, #2
100013ba:	f003 f8d3 	bl	10004564 <__assert_func>
100013be:	4b1a      	ldr	r3, [pc, #104]	@ (10001428 <irq_add_tail_to_free_list+0xd8>)
100013c0:	4a17      	ldr	r2, [pc, #92]	@ (10001420 <irq_add_tail_to_free_list+0xd0>)
100013c2:	4818      	ldr	r0, [pc, #96]	@ (10001424 <irq_add_tail_to_free_list+0xd4>)
100013c4:	4919      	ldr	r1, [pc, #100]	@ (1000142c <irq_add_tail_to_free_list+0xdc>)
100013c6:	f003 f8cd 	bl	10004564 <__assert_func>
100013ca:	4a13      	ldr	r2, [pc, #76]	@ (10001418 <irq_add_tail_to_free_list+0xc8>)
100013cc:	6892      	ldr	r2, [r2, #8]
100013ce:	4918      	ldr	r1, [pc, #96]	@ (10001430 <irq_add_tail_to_free_list+0xe0>)
100013d0:	50d1      	str	r1, [r2, r3]
100013d2:	4b18      	ldr	r3, [pc, #96]	@ (10001434 <irq_add_tail_to_free_list+0xe4>)
100013d4:	781a      	ldrb	r2, [r3, #0]
100013d6:	7182      	strb	r2, [r0, #6]
100013d8:	701d      	strb	r5, [r3, #0]
100013da:	f3bf 8f5f 	dmb	sy
100013de:	4b0c      	ldr	r3, [pc, #48]	@ (10001410 <irq_add_tail_to_free_list+0xc0>)
100013e0:	2200      	movs	r2, #0
100013e2:	601a      	str	r2, [r3, #0]
100013e4:	f384 8810 	msr	PRIMASK, r4
100013e8:	bdf8      	pop	{r3, r4, r5, r6, r7, pc}
100013ea:	4b08      	ldr	r3, [pc, #32]	@ (1000140c <irq_add_tail_to_free_list+0xbc>)
100013ec:	004a      	lsls	r2, r1, #1
100013ee:	1856      	adds	r6, r2, r1
100013f0:	00b6      	lsls	r6, r6, #2
100013f2:	199e      	adds	r6, r3, r6
100013f4:	27ff      	movs	r7, #255	@ 0xff
100013f6:	71b7      	strb	r7, [r6, #6]
100013f8:	4a0f      	ldr	r2, [pc, #60]	@ (10001438 <irq_add_tail_to_free_list+0xe8>)
100013fa:	80b2      	strh	r2, [r6, #4]
100013fc:	e7e9      	b.n	100013d2 <irq_add_tail_to_free_list+0x82>
100013fe:	4b0f      	ldr	r3, [pc, #60]	@ (1000143c <irq_add_tail_to_free_list+0xec>)
10001400:	4a07      	ldr	r2, [pc, #28]	@ (10001420 <irq_add_tail_to_free_list+0xd0>)
10001402:	21a2      	movs	r1, #162	@ 0xa2
10001404:	4807      	ldr	r0, [pc, #28]	@ (10001424 <irq_add_tail_to_free_list+0xd4>)
10001406:	0089      	lsls	r1, r1, #2
10001408:	f003 f8ac 	bl	10004564 <__assert_func>
1000140c:	20001ab0 	.word	0x20001ab0
10001410:	d0000124 	.word	0xd0000124
10001414:	0000aaaa 	.word	0x0000aaaa
10001418:	e000ed00 	.word	0xe000ed00
1000141c:	10008cfc 	.word	0x10008cfc
10001420:	1000989c 	.word	0x1000989c
10001424:	10008b7c 	.word	0x10008b7c
10001428:	10008d24 	.word	0x10008d24
1000142c:	00000277 	.word	0x00000277
10001430:	100001cd 	.word	0x100001cd
10001434:	2000313a 	.word	0x2000313a
10001438:	ffffbd01 	.word	0xffffbd01
1000143c:	10008d30 	.word	0x10008d30

10001440 <user_irq_claim_unused>:
10001440:	b510      	push	{r4, lr}
10001442:	b082      	sub	sp, #8
10001444:	0001      	movs	r1, r0
10001446:	4c07      	ldr	r4, [pc, #28]	@ (10001464 <user_irq_claim_unused+0x24>)
10001448:	4b07      	ldr	r3, [pc, #28]	@ (10001468 <user_irq_claim_unused+0x28>)
1000144a:	9300      	str	r3, [sp, #0]
1000144c:	2305      	movs	r3, #5
1000144e:	2200      	movs	r2, #0
10001450:	0020      	movs	r0, r4
10001452:	f7ff fd4a 	bl	10000eea <hw_claim_unused_from_range>
10001456:	2800      	cmp	r0, #0
10001458:	db01      	blt.n	1000145e <user_irq_claim_unused+0x1e>
1000145a:	231f      	movs	r3, #31
1000145c:	1a18      	subs	r0, r3, r0
1000145e:	b002      	add	sp, #8
10001460:	bd10      	pop	{r4, pc}
10001462:	46c0      	nop			@ (mov r8, r8)
10001464:	2000313e 	.word	0x2000313e
10001468:	10008d38 	.word	0x10008d38

1000146c <lock_init>:
1000146c:	4b02      	ldr	r3, [pc, #8]	@ (10001478 <lock_init+0xc>)
1000146e:	469c      	mov	ip, r3
10001470:	4461      	add	r1, ip
10001472:	0089      	lsls	r1, r1, #2
10001474:	6001      	str	r1, [r0, #0]
10001476:	4770      	bx	lr
10001478:	34000040 	.word	0x34000040

1000147c <mutex_init>:
1000147c:	b510      	push	{r4, lr}
1000147e:	0004      	movs	r4, r0
10001480:	f7ff fd5c 	bl	10000f3c <next_striped_spin_lock_num>
10001484:	0001      	movs	r1, r0
10001486:	0020      	movs	r0, r4
10001488:	f7ff fff0 	bl	1000146c <lock_init>
1000148c:	23ff      	movs	r3, #255	@ 0xff
1000148e:	7123      	strb	r3, [r4, #4]
10001490:	f3bf 8f5f 	dmb	sy
10001494:	bd10      	pop	{r4, pc}

10001496 <recursive_mutex_init>:
10001496:	b510      	push	{r4, lr}
10001498:	0004      	movs	r4, r0
1000149a:	f7ff fd4f 	bl	10000f3c <next_striped_spin_lock_num>
1000149e:	0001      	movs	r1, r0
100014a0:	0020      	movs	r0, r4
100014a2:	f7ff ffe3 	bl	1000146c <lock_init>
100014a6:	23ff      	movs	r3, #255	@ 0xff
100014a8:	7123      	strb	r3, [r4, #4]
100014aa:	2300      	movs	r3, #0
100014ac:	7163      	strb	r3, [r4, #5]
100014ae:	f3bf 8f5f 	dmb	sy
100014b2:	bd10      	pop	{r4, pc}

100014b4 <runtime_init_mutex>:
100014b4:	b510      	push	{r4, lr}
100014b6:	4c0d      	ldr	r4, [pc, #52]	@ (100014ec <runtime_init_mutex+0x38>)
100014b8:	e009      	b.n	100014ce <runtime_init_mutex+0x1a>
100014ba:	4b0d      	ldr	r3, [pc, #52]	@ (100014f0 <runtime_init_mutex+0x3c>)
100014bc:	4a0d      	ldr	r2, [pc, #52]	@ (100014f4 <runtime_init_mutex+0x40>)
100014be:	480e      	ldr	r0, [pc, #56]	@ (100014f8 <runtime_init_mutex+0x44>)
100014c0:	211a      	movs	r1, #26
100014c2:	f003 f84f 	bl	10004564 <__assert_func>
100014c6:	0020      	movs	r0, r4
100014c8:	f7ff ffd8 	bl	1000147c <mutex_init>
100014cc:	3408      	adds	r4, #8
100014ce:	4b0b      	ldr	r3, [pc, #44]	@ (100014fc <runtime_init_mutex+0x48>)
100014d0:	429c      	cmp	r4, r3
100014d2:	d209      	bcs.n	100014e8 <runtime_init_mutex+0x34>
100014d4:	6823      	ldr	r3, [r4, #0]
100014d6:	2b00      	cmp	r3, #0
100014d8:	d0f5      	beq.n	100014c6 <runtime_init_mutex+0x12>
100014da:	2b01      	cmp	r3, #1
100014dc:	d1ed      	bne.n	100014ba <runtime_init_mutex+0x6>
100014de:	0020      	movs	r0, r4
100014e0:	f7ff ffd9 	bl	10001496 <recursive_mutex_init>
100014e4:	3408      	adds	r4, #8
100014e6:	e7f2      	b.n	100014ce <runtime_init_mutex+0x1a>
100014e8:	bd10      	pop	{r4, pc}
100014ea:	46c0      	nop			@ (mov r8, r8)
100014ec:	200020c8 	.word	0x200020c8
100014f0:	10008d54 	.word	0x10008d54
100014f4:	1000992c 	.word	0x1000992c
100014f8:	10008d74 	.word	0x10008d74
100014fc:	200020d0 	.word	0x200020d0

10001500 <critical_section_init_with_lock_num>:
10001500:	4b03      	ldr	r3, [pc, #12]	@ (10001510 <critical_section_init_with_lock_num+0x10>)
10001502:	469c      	mov	ip, r3
10001504:	4461      	add	r1, ip
10001506:	0089      	lsls	r1, r1, #2
10001508:	6001      	str	r1, [r0, #0]
1000150a:	f3bf 8f5f 	dmb	sy
1000150e:	4770      	bx	lr
10001510:	34000040 	.word	0x34000040

10001514 <critical_section_init>:
10001514:	b510      	push	{r4, lr}
10001516:	0004      	movs	r4, r0
10001518:	2001      	movs	r0, #1
1000151a:	f7ff fd1d 	bl	10000f58 <spin_lock_claim_unused>
1000151e:	0001      	movs	r1, r0
10001520:	0020      	movs	r0, r4
10001522:	f7ff ffed 	bl	10001500 <critical_section_init_with_lock_num>
10001526:	bd10      	pop	{r4, pc}

10001528 <ta_set_timeout>:
10001528:	b530      	push	{r4, r5, lr}
1000152a:	6a84      	ldr	r4, [r0, #40]	@ 0x28
1000152c:	1b15      	subs	r5, r2, r4
1000152e:	1d0b      	adds	r3, r1, #4
10001530:	009b      	lsls	r3, r3, #2
10001532:	581b      	ldr	r3, [r3, r0]
10001534:	1b1b      	subs	r3, r3, r4
10001536:	429d      	cmp	r5, r3
10001538:	d304      	bcc.n	10001544 <ta_set_timeout+0x1c>
1000153a:	6a04      	ldr	r4, [r0, #32]
1000153c:	2301      	movs	r3, #1
1000153e:	408b      	lsls	r3, r1
10001540:	4223      	tst	r3, r4
10001542:	d102      	bne.n	1000154a <ta_set_timeout+0x22>
10001544:	3104      	adds	r1, #4
10001546:	0089      	lsls	r1, r1, #2
10001548:	500a      	str	r2, [r1, r0]
1000154a:	bd30      	pop	{r4, r5, pc}

1000154c <make_alarm_id>:
1000154c:	0400      	lsls	r0, r0, #16
1000154e:	4308      	orrs	r0, r1
10001550:	4770      	bx	lr
	...

10001554 <sleep_until_callback>:
10001554:	4b0a      	ldr	r3, [pc, #40]	@ (10001580 <sleep_until_callback+0x2c>)
10001556:	6819      	ldr	r1, [r3, #0]
10001558:	f3ef 8310 	mrs	r3, PRIMASK
1000155c:	b672      	cpsid	i
1000155e:	680a      	ldr	r2, [r1, #0]
10001560:	2a00      	cmp	r2, #0
10001562:	d0fc      	beq.n	1000155e <sleep_until_callback+0xa>
10001564:	f3bf 8f5f 	dmb	sy
10001568:	4a05      	ldr	r2, [pc, #20]	@ (10001580 <sleep_until_callback+0x2c>)
1000156a:	6812      	ldr	r2, [r2, #0]
1000156c:	f3bf 8f5f 	dmb	sy
10001570:	2100      	movs	r1, #0
10001572:	6011      	str	r1, [r2, #0]
10001574:	f383 8810 	msr	PRIMASK, r3
10001578:	bf40      	sev
1000157a:	2000      	movs	r0, #0
1000157c:	2100      	movs	r1, #0
1000157e:	4770      	bx	lr
10001580:	20003118 	.word	0x20003118

10001584 <alarm_pool_irq_handler>:
10001584:	b5f0      	push	{r4, r5, r6, r7, lr}
10001586:	46de      	mov	lr, fp
10001588:	4657      	mov	r7, sl
1000158a:	464e      	mov	r6, r9
1000158c:	4645      	mov	r5, r8
1000158e:	b5e0      	push	{r5, r6, r7, lr}
10001590:	b087      	sub	sp, #28
10001592:	f3ef 8305 	mrs	r3, IPSR
10001596:	2203      	movs	r2, #3
10001598:	401a      	ands	r2, r3
1000159a:	4692      	mov	sl, r2
1000159c:	4bae      	ldr	r3, [pc, #696]	@ (10001858 <alarm_pool_irq_handler+0x2d4>)
1000159e:	0092      	lsls	r2, r2, #2
100015a0:	58d7      	ldr	r7, [r2, r3]
100015a2:	783b      	ldrb	r3, [r7, #0]
100015a4:	4553      	cmp	r3, sl
100015a6:	d107      	bne.n	100015b8 <alarm_pool_irq_handler+0x34>
100015a8:	2301      	movs	r3, #1
100015aa:	4652      	mov	r2, sl
100015ac:	4093      	lsls	r3, r2
100015ae:	4699      	mov	r9, r3
100015b0:	4baa      	ldr	r3, [pc, #680]	@ (1000185c <alarm_pool_irq_handler+0x2d8>)
100015b2:	464a      	mov	r2, r9
100015b4:	601a      	str	r2, [r3, #0]
100015b6:	e125      	b.n	10001804 <alarm_pool_irq_handler+0x280>
100015b8:	4ba9      	ldr	r3, [pc, #676]	@ (10001860 <alarm_pool_irq_handler+0x2dc>)
100015ba:	4aaa      	ldr	r2, [pc, #680]	@ (10001864 <alarm_pool_irq_handler+0x2e0>)
100015bc:	48aa      	ldr	r0, [pc, #680]	@ (10001868 <alarm_pool_irq_handler+0x2e4>)
100015be:	2192      	movs	r1, #146	@ 0x92
100015c0:	f002 ffd0 	bl	10004564 <__assert_func>
100015c4:	697a      	ldr	r2, [r7, #20]
100015c6:	0073      	lsls	r3, r6, #1
100015c8:	199b      	adds	r3, r3, r6
100015ca:	00db      	lsls	r3, r3, #3
100015cc:	4690      	mov	r8, r2
100015ce:	4498      	add	r8, r3
100015d0:	4643      	mov	r3, r8
100015d2:	689c      	ldr	r4, [r3, #8]
100015d4:	68dd      	ldr	r5, [r3, #12]
100015d6:	48a5      	ldr	r0, [pc, #660]	@ (1000186c <alarm_pool_irq_handler+0x2e8>)
100015d8:	f000 fbae 	bl	10001d38 <timer_time_us_64>
100015dc:	1b00      	subs	r0, r0, r4
100015de:	41a9      	sbcs	r1, r5
100015e0:	2900      	cmp	r1, #0
100015e2:	da00      	bge.n	100015e6 <alarm_pool_irq_handler+0x62>
100015e4:	e116      	b.n	10001814 <alarm_pool_irq_handler+0x290>
100015e6:	2d00      	cmp	r5, #0
100015e8:	db74      	blt.n	100016d4 <alarm_pool_irq_handler+0x150>
100015ea:	4643      	mov	r3, r8
100015ec:	691b      	ldr	r3, [r3, #16]
100015ee:	469b      	mov	fp, r3
100015f0:	4b9f      	ldr	r3, [pc, #636]	@ (10001870 <alarm_pool_irq_handler+0x2ec>)
100015f2:	459b      	cmp	fp, r3
100015f4:	d04f      	beq.n	10001696 <alarm_pool_irq_handler+0x112>
100015f6:	2308      	movs	r3, #8
100015f8:	5ef8      	ldrsh	r0, [r7, r3]
100015fa:	4643      	mov	r3, r8
100015fc:	8859      	ldrh	r1, [r3, #2]
100015fe:	b289      	uxth	r1, r1
10001600:	f7ff ffa4 	bl	1000154c <make_alarm_id>
10001604:	4643      	mov	r3, r8
10001606:	6959      	ldr	r1, [r3, #20]
10001608:	47d8      	blx	fp
1000160a:	9002      	str	r0, [sp, #8]
1000160c:	9103      	str	r1, [sp, #12]
1000160e:	9902      	ldr	r1, [sp, #8]
10001610:	9a03      	ldr	r2, [sp, #12]
10001612:	000b      	movs	r3, r1
10001614:	0010      	movs	r0, r2
10001616:	4313      	orrs	r3, r2
10001618:	d05c      	beq.n	100016d4 <alarm_pool_irq_handler+0x150>
1000161a:	0013      	movs	r3, r2
1000161c:	000a      	movs	r2, r1
1000161e:	2800      	cmp	r0, #0
10001620:	da47      	bge.n	100016b2 <alarm_pool_irq_handler+0x12e>
10001622:	1aa4      	subs	r4, r4, r2
10001624:	419d      	sbcs	r5, r3
10001626:	9400      	str	r4, [sp, #0]
10001628:	9501      	str	r5, [sp, #4]
1000162a:	4643      	mov	r3, r8
1000162c:	9c00      	ldr	r4, [sp, #0]
1000162e:	9d01      	ldr	r5, [sp, #4]
10001630:	609c      	str	r4, [r3, #8]
10001632:	60dd      	str	r5, [r3, #12]
10001634:	2100      	movs	r1, #0
10001636:	5e59      	ldrsh	r1, [r3, r1]
10001638:	2900      	cmp	r1, #0
1000163a:	da00      	bge.n	1000163e <alarm_pool_irq_handler+0xba>
1000163c:	e0ea      	b.n	10001814 <alarm_pool_irq_handler+0x290>
1000163e:	6978      	ldr	r0, [r7, #20]
10001640:	004b      	lsls	r3, r1, #1
10001642:	185b      	adds	r3, r3, r1
10001644:	00db      	lsls	r3, r3, #3
10001646:	18c3      	adds	r3, r0, r3
10001648:	689a      	ldr	r2, [r3, #8]
1000164a:	68db      	ldr	r3, [r3, #12]
1000164c:	1aa4      	subs	r4, r4, r2
1000164e:	419d      	sbcs	r5, r3
10001650:	2d00      	cmp	r5, #0
10001652:	da00      	bge.n	10001656 <alarm_pool_irq_handler+0xd2>
10001654:	e0de      	b.n	10001814 <alarm_pool_irq_handler+0x290>
10001656:	8139      	strh	r1, [r7, #8]
10001658:	003d      	movs	r5, r7
1000165a:	3508      	adds	r5, #8
1000165c:	4684      	mov	ip, r0
1000165e:	9104      	str	r1, [sp, #16]
10001660:	002a      	movs	r2, r5
10001662:	9705      	str	r7, [sp, #20]
10001664:	46b3      	mov	fp, r6
10001666:	9e00      	ldr	r6, [sp, #0]
10001668:	9f01      	ldr	r7, [sp, #4]
1000166a:	9b04      	ldr	r3, [sp, #16]
1000166c:	2b00      	cmp	r3, #0
1000166e:	db2a      	blt.n	100016c6 <alarm_pool_irq_handler+0x142>
10001670:	2300      	movs	r3, #0
10001672:	5ed4      	ldrsh	r4, [r2, r3]
10001674:	0063      	lsls	r3, r4, #1
10001676:	191b      	adds	r3, r3, r4
10001678:	00db      	lsls	r3, r3, #3
1000167a:	4463      	add	r3, ip
1000167c:	689c      	ldr	r4, [r3, #8]
1000167e:	68dd      	ldr	r5, [r3, #12]
10001680:	0030      	movs	r0, r6
10001682:	0039      	movs	r1, r7
10001684:	1b00      	subs	r0, r0, r4
10001686:	41a9      	sbcs	r1, r5
10001688:	2900      	cmp	r1, #0
1000168a:	db1c      	blt.n	100016c6 <alarm_pool_irq_handler+0x142>
1000168c:	001a      	movs	r2, r3
1000168e:	2100      	movs	r1, #0
10001690:	5e59      	ldrsh	r1, [r3, r1]
10001692:	9104      	str	r1, [sp, #16]
10001694:	e7e9      	b.n	1000166a <alarm_pool_irq_handler+0xe6>
10001696:	4643      	mov	r3, r8
10001698:	695b      	ldr	r3, [r3, #20]
1000169a:	469b      	mov	fp, r3
1000169c:	691b      	ldr	r3, [r3, #16]
1000169e:	4658      	mov	r0, fp
100016a0:	4798      	blx	r3
100016a2:	2800      	cmp	r0, #0
100016a4:	d016      	beq.n	100016d4 <alarm_pool_irq_handler+0x150>
100016a6:	465b      	mov	r3, fp
100016a8:	681a      	ldr	r2, [r3, #0]
100016aa:	685b      	ldr	r3, [r3, #4]
100016ac:	9202      	str	r2, [sp, #8]
100016ae:	9303      	str	r3, [sp, #12]
100016b0:	e7ad      	b.n	1000160e <alarm_pool_irq_handler+0x8a>
100016b2:	486e      	ldr	r0, [pc, #440]	@ (1000186c <alarm_pool_irq_handler+0x2e8>)
100016b4:	f000 fb40 	bl	10001d38 <timer_time_us_64>
100016b8:	9b02      	ldr	r3, [sp, #8]
100016ba:	9c03      	ldr	r4, [sp, #12]
100016bc:	181b      	adds	r3, r3, r0
100016be:	414c      	adcs	r4, r1
100016c0:	9300      	str	r3, [sp, #0]
100016c2:	9401      	str	r4, [sp, #4]
100016c4:	e7b1      	b.n	1000162a <alarm_pool_irq_handler+0xa6>
100016c6:	9904      	ldr	r1, [sp, #16]
100016c8:	9f05      	ldr	r7, [sp, #20]
100016ca:	465e      	mov	r6, fp
100016cc:	4643      	mov	r3, r8
100016ce:	8019      	strh	r1, [r3, #0]
100016d0:	8016      	strh	r6, [r2, #0]
100016d2:	e09f      	b.n	10001814 <alarm_pool_irq_handler+0x290>
100016d4:	4643      	mov	r3, r8
100016d6:	2200      	movs	r2, #0
100016d8:	5e9b      	ldrsh	r3, [r3, r2]
100016da:	813b      	strh	r3, [r7, #8]
100016dc:	693a      	ldr	r2, [r7, #16]
100016de:	f3ef 8310 	mrs	r3, PRIMASK
100016e2:	b672      	cpsid	i
100016e4:	6811      	ldr	r1, [r2, #0]
100016e6:	2900      	cmp	r1, #0
100016e8:	d0fc      	beq.n	100016e4 <alarm_pool_irq_handler+0x160>
100016ea:	f3bf 8f5f 	dmb	sy
100016ee:	2102      	movs	r1, #2
100016f0:	5e7a      	ldrsh	r2, [r7, r1]
100016f2:	4641      	mov	r1, r8
100016f4:	800a      	strh	r2, [r1, #0]
100016f6:	807e      	strh	r6, [r7, #2]
100016f8:	693a      	ldr	r2, [r7, #16]
100016fa:	f3bf 8f5f 	dmb	sy
100016fe:	2100      	movs	r1, #0
10001700:	6011      	str	r1, [r2, #0]
10001702:	f383 8810 	msr	PRIMASK, r3
10001706:	e085      	b.n	10001814 <alarm_pool_irq_handler+0x290>
10001708:	6939      	ldr	r1, [r7, #16]
1000170a:	f3ef 8310 	mrs	r3, PRIMASK
1000170e:	b672      	cpsid	i
10001710:	680a      	ldr	r2, [r1, #0]
10001712:	2a00      	cmp	r2, #0
10001714:	d0fc      	beq.n	10001710 <alarm_pool_irq_handler+0x18c>
10001716:	f3bf 8f5f 	dmb	sy
1000171a:	88b8      	ldrh	r0, [r7, #4]
1000171c:	b200      	sxth	r0, r0
1000171e:	2201      	movs	r2, #1
10001720:	4252      	negs	r2, r2
10001722:	80ba      	strh	r2, [r7, #4]
10001724:	693a      	ldr	r2, [r7, #16]
10001726:	f3bf 8f5f 	dmb	sy
1000172a:	2100      	movs	r1, #0
1000172c:	6011      	str	r1, [r2, #0]
1000172e:	f383 8810 	msr	PRIMASK, r3
10001732:	0005      	movs	r5, r0
10001734:	46bc      	mov	ip, r7
10001736:	e01c      	b.n	10001772 <alarm_pool_irq_handler+0x1ee>
10001738:	9304      	str	r3, [sp, #16]
1000173a:	2200      	movs	r2, #0
1000173c:	5e9a      	ldrsh	r2, [r3, r2]
1000173e:	2a00      	cmp	r2, #0
10001740:	db0e      	blt.n	10001760 <alarm_pool_irq_handler+0x1dc>
10001742:	9b04      	ldr	r3, [sp, #16]
10001744:	2100      	movs	r1, #0
10001746:	5e59      	ldrsh	r1, [r3, r1]
10001748:	004b      	lsls	r3, r1, #1
1000174a:	185b      	adds	r3, r3, r1
1000174c:	00db      	lsls	r3, r3, #3
1000174e:	4463      	add	r3, ip
10001750:	6898      	ldr	r0, [r3, #8]
10001752:	68d9      	ldr	r1, [r3, #12]
10001754:	0034      	movs	r4, r6
10001756:	003d      	movs	r5, r7
10001758:	1a24      	subs	r4, r4, r0
1000175a:	418d      	sbcs	r5, r1
1000175c:	2d00      	cmp	r5, #0
1000175e:	daeb      	bge.n	10001738 <alarm_pool_irq_handler+0x1b4>
10001760:	9904      	ldr	r1, [sp, #16]
10001762:	465d      	mov	r5, fp
10001764:	9b00      	ldr	r3, [sp, #0]
10001766:	469c      	mov	ip, r3
10001768:	4644      	mov	r4, r8
1000176a:	800d      	strh	r5, [r1, #0]
1000176c:	2300      	movs	r3, #0
1000176e:	5ee5      	ldrsh	r5, [r4, r3]
10001770:	8022      	strh	r2, [r4, #0]
10001772:	2d00      	cmp	r5, #0
10001774:	db12      	blt.n	1000179c <alarm_pool_irq_handler+0x218>
10001776:	4663      	mov	r3, ip
10001778:	6958      	ldr	r0, [r3, #20]
1000177a:	006c      	lsls	r4, r5, #1
1000177c:	1964      	adds	r4, r4, r5
1000177e:	00e4      	lsls	r4, r4, #3
10001780:	1904      	adds	r4, r0, r4
10001782:	68a6      	ldr	r6, [r4, #8]
10001784:	68e7      	ldr	r7, [r4, #12]
10001786:	4661      	mov	r1, ip
10001788:	3108      	adds	r1, #8
1000178a:	2208      	movs	r2, #8
1000178c:	5e9a      	ldrsh	r2, [r3, r2]
1000178e:	46ab      	mov	fp, r5
10001790:	9104      	str	r1, [sp, #16]
10001792:	4663      	mov	r3, ip
10001794:	9300      	str	r3, [sp, #0]
10001796:	46a0      	mov	r8, r4
10001798:	4684      	mov	ip, r0
1000179a:	e7d0      	b.n	1000173e <alarm_pool_irq_handler+0x1ba>
1000179c:	4667      	mov	r7, ip
1000179e:	e03e      	b.n	1000181e <alarm_pool_irq_handler+0x29a>
100017a0:	2300      	movs	r3, #0
100017a2:	71bb      	strb	r3, [r7, #6]
100017a4:	0039      	movs	r1, r7
100017a6:	3108      	adds	r1, #8
100017a8:	2308      	movs	r3, #8
100017aa:	5ef8      	ldrsh	r0, [r7, r3]
100017ac:	e00e      	b.n	100017cc <alarm_pool_irq_handler+0x248>
100017ae:	2401      	movs	r4, #1
100017b0:	4264      	negs	r4, r4
100017b2:	17e5      	asrs	r5, r4, #31
100017b4:	6094      	str	r4, [r2, #8]
100017b6:	60d5      	str	r5, [r2, #12]
100017b8:	2408      	movs	r4, #8
100017ba:	5f3b      	ldrsh	r3, [r7, r4]
100017bc:	4283      	cmp	r3, r0
100017be:	d004      	beq.n	100017ca <alarm_pool_irq_handler+0x246>
100017c0:	800e      	strh	r6, [r1, #0]
100017c2:	2408      	movs	r4, #8
100017c4:	5f3b      	ldrsh	r3, [r7, r4]
100017c6:	8013      	strh	r3, [r2, #0]
100017c8:	8138      	strh	r0, [r7, #8]
100017ca:	0030      	movs	r0, r6
100017cc:	1c43      	adds	r3, r0, #1
100017ce:	d029      	beq.n	10001824 <alarm_pool_irq_handler+0x2a0>
100017d0:	697c      	ldr	r4, [r7, #20]
100017d2:	0043      	lsls	r3, r0, #1
100017d4:	181b      	adds	r3, r3, r0
100017d6:	00db      	lsls	r3, r3, #3
100017d8:	18e2      	adds	r2, r4, r3
100017da:	5ee6      	ldrsh	r6, [r4, r3]
100017dc:	8853      	ldrh	r3, [r2, #2]
100017de:	b21b      	sxth	r3, r3
100017e0:	2b00      	cmp	r3, #0
100017e2:	dbe4      	blt.n	100017ae <alarm_pool_irq_handler+0x22a>
100017e4:	0011      	movs	r1, r2
100017e6:	e7f0      	b.n	100017ca <alarm_pool_irq_handler+0x246>
100017e8:	0022      	movs	r2, r4
100017ea:	002b      	movs	r3, r5
100017ec:	4651      	mov	r1, sl
100017ee:	481f      	ldr	r0, [pc, #124]	@ (1000186c <alarm_pool_irq_handler+0x2e8>)
100017f0:	f7ff fe9a 	bl	10001528 <ta_set_timeout>
100017f4:	481d      	ldr	r0, [pc, #116]	@ (1000186c <alarm_pool_irq_handler+0x2e8>)
100017f6:	f000 fa9f 	bl	10001d38 <timer_time_us_64>
100017fa:	1a24      	subs	r4, r4, r0
100017fc:	418d      	sbcs	r5, r1
100017fe:	2d00      	cmp	r5, #0
10001800:	dc22      	bgt.n	10001848 <alarm_pool_irq_handler+0x2c4>
10001802:	d01f      	beq.n	10001844 <alarm_pool_irq_handler+0x2c0>
10001804:	4b19      	ldr	r3, [pc, #100]	@ (1000186c <alarm_pool_irq_handler+0x2e8>)
10001806:	464a      	mov	r2, r9
10001808:	635a      	str	r2, [r3, #52]	@ 0x34
1000180a:	2308      	movs	r3, #8
1000180c:	5efe      	ldrsh	r6, [r7, r3]
1000180e:	2e00      	cmp	r6, #0
10001810:	db00      	blt.n	10001814 <alarm_pool_irq_handler+0x290>
10001812:	e6d7      	b.n	100015c4 <alarm_pool_irq_handler+0x40>
10001814:	88bb      	ldrh	r3, [r7, #4]
10001816:	b21b      	sxth	r3, r3
10001818:	2b00      	cmp	r3, #0
1000181a:	db00      	blt.n	1000181e <alarm_pool_irq_handler+0x29a>
1000181c:	e774      	b.n	10001708 <alarm_pool_irq_handler+0x184>
1000181e:	79bb      	ldrb	r3, [r7, #6]
10001820:	2b00      	cmp	r3, #0
10001822:	d1bd      	bne.n	100017a0 <alarm_pool_irq_handler+0x21c>
10001824:	2308      	movs	r3, #8
10001826:	5efa      	ldrsh	r2, [r7, r3]
10001828:	2a00      	cmp	r2, #0
1000182a:	db0d      	blt.n	10001848 <alarm_pool_irq_handler+0x2c4>
1000182c:	6979      	ldr	r1, [r7, #20]
1000182e:	0053      	lsls	r3, r2, #1
10001830:	189b      	adds	r3, r3, r2
10001832:	00db      	lsls	r3, r3, #3
10001834:	18cb      	adds	r3, r1, r3
10001836:	689c      	ldr	r4, [r3, #8]
10001838:	68dd      	ldr	r5, [r3, #12]
1000183a:	1c63      	adds	r3, r4, #1
1000183c:	d1d4      	bne.n	100017e8 <alarm_pool_irq_handler+0x264>
1000183e:	1c6b      	adds	r3, r5, #1
10001840:	d0d8      	beq.n	100017f4 <alarm_pool_irq_handler+0x270>
10001842:	e7d1      	b.n	100017e8 <alarm_pool_irq_handler+0x264>
10001844:	2c00      	cmp	r4, #0
10001846:	d0dd      	beq.n	10001804 <alarm_pool_irq_handler+0x280>
10001848:	bf40      	sev
1000184a:	b007      	add	sp, #28
1000184c:	bcf0      	pop	{r4, r5, r6, r7}
1000184e:	46bb      	mov	fp, r7
10001850:	46b2      	mov	sl, r6
10001852:	46a9      	mov	r9, r5
10001854:	46a0      	mov	r8, r4
10001856:	bdf0      	pop	{r4, r5, r6, r7, pc}
10001858:	20002efc 	.word	0x20002efc
1000185c:	4005703c 	.word	0x4005703c
10001860:	10008e08 	.word	0x10008e08
10001864:	10009958 	.word	0x10009958
10001868:	10008e34 	.word	0x10008e34
1000186c:	40054000 	.word	0x40054000
10001870:	10001585 	.word	0x10001585

10001874 <ta_enable_irq_handler>:
10001874:	b570      	push	{r4, r5, r6, lr}
10001876:	0004      	movs	r4, r0
10001878:	000d      	movs	r5, r1
1000187a:	0011      	movs	r1, r2
1000187c:	2601      	movs	r6, #1
1000187e:	40ae      	lsls	r6, r5
10001880:	6206      	str	r6, [r0, #32]
10001882:	0028      	movs	r0, r5
10001884:	f7ff fc2e 	bl	100010e4 <irq_set_exclusive_handler>
10001888:	2101      	movs	r1, #1
1000188a:	0028      	movs	r0, r5
1000188c:	f7ff fc02 	bl	10001094 <irq_set_enabled>
10001890:	4b02      	ldr	r3, [pc, #8]	@ (1000189c <ta_enable_irq_handler+0x28>)
10001892:	469c      	mov	ip, r3
10001894:	4464      	add	r4, ip
10001896:	6026      	str	r6, [r4, #0]
10001898:	bd70      	pop	{r4, r5, r6, pc}
1000189a:	46c0      	nop			@ (mov r8, r8)
1000189c:	00002038 	.word	0x00002038

100018a0 <alarm_pool_post_alloc_init>:
100018a0:	b5f8      	push	{r3, r4, r5, r6, r7, lr}
100018a2:	46ce      	mov	lr, r9
100018a4:	4647      	mov	r7, r8
100018a6:	b580      	push	{r7, lr}
100018a8:	0006      	movs	r6, r0
100018aa:	4689      	mov	r9, r1
100018ac:	4690      	mov	r8, r2
100018ae:	001f      	movs	r7, r3
100018b0:	60c1      	str	r1, [r0, #12]
100018b2:	f7ff fb43 	bl	10000f3c <next_striped_spin_lock_num>
100018b6:	4b15      	ldr	r3, [pc, #84]	@ (1000190c <alarm_pool_post_alloc_init+0x6c>)
100018b8:	469c      	mov	ip, r3
100018ba:	4460      	add	r0, ip
100018bc:	0080      	lsls	r0, r0, #2
100018be:	6130      	str	r0, [r6, #16]
100018c0:	4643      	mov	r3, r8
100018c2:	7033      	strb	r3, [r6, #0]
100018c4:	b2bb      	uxth	r3, r7
100018c6:	8173      	strh	r3, [r6, #10]
100018c8:	22d0      	movs	r2, #208	@ 0xd0
100018ca:	0612      	lsls	r2, r2, #24
100018cc:	7812      	ldrb	r2, [r2, #0]
100018ce:	7072      	strb	r2, [r6, #1]
100018d0:	2201      	movs	r2, #1
100018d2:	4252      	negs	r2, r2
100018d4:	8132      	strh	r2, [r6, #8]
100018d6:	80b2      	strh	r2, [r6, #4]
100018d8:	189b      	adds	r3, r3, r2
100018da:	8073      	strh	r3, [r6, #2]
100018dc:	2400      	movs	r4, #0
100018de:	e006      	b.n	100018ee <alarm_pool_post_alloc_init+0x4e>
100018e0:	1e62      	subs	r2, r4, #1
100018e2:	6973      	ldr	r3, [r6, #20]
100018e4:	0065      	lsls	r5, r4, #1
100018e6:	192d      	adds	r5, r5, r4
100018e8:	00ed      	lsls	r5, r5, #3
100018ea:	535a      	strh	r2, [r3, r5]
100018ec:	3401      	adds	r4, #1
100018ee:	42bc      	cmp	r4, r7
100018f0:	d3f6      	bcc.n	100018e0 <alarm_pool_post_alloc_init+0x40>
100018f2:	4b07      	ldr	r3, [pc, #28]	@ (10001910 <alarm_pool_post_alloc_init+0x70>)
100018f4:	4642      	mov	r2, r8
100018f6:	0092      	lsls	r2, r2, #2
100018f8:	50d6      	str	r6, [r2, r3]
100018fa:	4a06      	ldr	r2, [pc, #24]	@ (10001914 <alarm_pool_post_alloc_init+0x74>)
100018fc:	4641      	mov	r1, r8
100018fe:	4648      	mov	r0, r9
10001900:	f7ff ffb8 	bl	10001874 <ta_enable_irq_handler>
10001904:	bcc0      	pop	{r6, r7}
10001906:	46b9      	mov	r9, r7
10001908:	46b0      	mov	r8, r6
1000190a:	bdf8      	pop	{r3, r4, r5, r6, r7, pc}
1000190c:	34000040 	.word	0x34000040
10001910:	20002efc 	.word	0x20002efc
10001914:	10001585 	.word	0x10001585

10001918 <alarm_pool_get_default>:
10001918:	b510      	push	{r4, lr}
1000191a:	4b06      	ldr	r3, [pc, #24]	@ (10001934 <alarm_pool_get_default+0x1c>)
1000191c:	691b      	ldr	r3, [r3, #16]
1000191e:	2b00      	cmp	r3, #0
10001920:	d001      	beq.n	10001926 <alarm_pool_get_default+0xe>
10001922:	4804      	ldr	r0, [pc, #16]	@ (10001934 <alarm_pool_get_default+0x1c>)
10001924:	bd10      	pop	{r4, pc}
10001926:	4b04      	ldr	r3, [pc, #16]	@ (10001938 <alarm_pool_get_default+0x20>)
10001928:	4a04      	ldr	r2, [pc, #16]	@ (1000193c <alarm_pool_get_default+0x24>)
1000192a:	4805      	ldr	r0, [pc, #20]	@ (10001940 <alarm_pool_get_default+0x28>)
1000192c:	2165      	movs	r1, #101	@ 0x65
1000192e:	f002 fe19 	bl	10004564 <__assert_func>
10001932:	46c0      	nop			@ (mov r8, r8)
10001934:	20001af8 	.word	0x20001af8
10001938:	10008e74 	.word	0x10008e74
1000193c:	10009940 	.word	0x10009940
10001940:	10008e34 	.word	0x10008e34

10001944 <alarm_pool_add_alarm_at_force_in_context>:
10001944:	b5f8      	push	{r3, r4, r5, r6, r7, lr}
10001946:	0004      	movs	r4, r0
10001948:	6905      	ldr	r5, [r0, #16]
1000194a:	f3ef 8010 	mrs	r0, PRIMASK
1000194e:	b672      	cpsid	i
10001950:	6829      	ldr	r1, [r5, #0]
10001952:	2900      	cmp	r1, #0
10001954:	d0fc      	beq.n	10001950 <alarm_pool_add_alarm_at_force_in_context+0xc>
10001956:	f3bf 8f5f 	dmb	sy
1000195a:	2102      	movs	r1, #2
1000195c:	5e66      	ldrsh	r6, [r4, r1]
1000195e:	6965      	ldr	r5, [r4, #20]
10001960:	0071      	lsls	r1, r6, #1
10001962:	1989      	adds	r1, r1, r6
10001964:	00c9      	lsls	r1, r1, #3
10001966:	186d      	adds	r5, r5, r1
10001968:	2e00      	cmp	r6, #0
1000196a:	db02      	blt.n	10001972 <alarm_pool_add_alarm_at_force_in_context+0x2e>
1000196c:	2700      	movs	r7, #0
1000196e:	5fe9      	ldrsh	r1, [r5, r7]
10001970:	8061      	strh	r1, [r4, #2]
10001972:	6921      	ldr	r1, [r4, #16]
10001974:	f3bf 8f5f 	dmb	sy
10001978:	2700      	movs	r7, #0
1000197a:	600f      	str	r7, [r1, #0]
1000197c:	f380 8810 	msr	PRIMASK, r0
10001980:	2e00      	cmp	r6, #0
10001982:	db2c      	blt.n	100019de <alarm_pool_add_alarm_at_force_in_context+0x9a>
10001984:	9906      	ldr	r1, [sp, #24]
10001986:	6129      	str	r1, [r5, #16]
10001988:	9907      	ldr	r1, [sp, #28]
1000198a:	6169      	str	r1, [r5, #20]
1000198c:	60aa      	str	r2, [r5, #8]
1000198e:	60eb      	str	r3, [r5, #12]
10001990:	886b      	ldrh	r3, [r5, #2]
10001992:	3301      	adds	r3, #1
10001994:	045b      	lsls	r3, r3, #17
10001996:	0c59      	lsrs	r1, r3, #17
10001998:	2b00      	cmp	r3, #0
1000199a:	d100      	bne.n	1000199e <alarm_pool_add_alarm_at_force_in_context+0x5a>
1000199c:	2101      	movs	r1, #1
1000199e:	8069      	strh	r1, [r5, #2]
100019a0:	0030      	movs	r0, r6
100019a2:	f7ff fdd3 	bl	1000154c <make_alarm_id>
100019a6:	6921      	ldr	r1, [r4, #16]
100019a8:	f3ef 8310 	mrs	r3, PRIMASK
100019ac:	b672      	cpsid	i
100019ae:	680a      	ldr	r2, [r1, #0]
100019b0:	2a00      	cmp	r2, #0
100019b2:	d0fc      	beq.n	100019ae <alarm_pool_add_alarm_at_force_in_context+0x6a>
100019b4:	f3bf 8f5f 	dmb	sy
100019b8:	88a2      	ldrh	r2, [r4, #4]
100019ba:	802a      	strh	r2, [r5, #0]
100019bc:	80a6      	strh	r6, [r4, #4]
100019be:	6922      	ldr	r2, [r4, #16]
100019c0:	f3bf 8f5f 	dmb	sy
100019c4:	2100      	movs	r1, #0
100019c6:	6011      	str	r1, [r2, #0]
100019c8:	f383 8810 	msr	PRIMASK, r3
100019cc:	68e3      	ldr	r3, [r4, #12]
100019ce:	7821      	ldrb	r1, [r4, #0]
100019d0:	2201      	movs	r2, #1
100019d2:	408a      	lsls	r2, r1
100019d4:	4903      	ldr	r1, [pc, #12]	@ (100019e4 <alarm_pool_add_alarm_at_force_in_context+0xa0>)
100019d6:	468c      	mov	ip, r1
100019d8:	4463      	add	r3, ip
100019da:	601a      	str	r2, [r3, #0]
100019dc:	bdf8      	pop	{r3, r4, r5, r6, r7, pc}
100019de:	2001      	movs	r0, #1
100019e0:	4240      	negs	r0, r0
100019e2:	e7fb      	b.n	100019dc <alarm_pool_add_alarm_at_force_in_context+0x98>
100019e4:	0000203c 	.word	0x0000203c

100019e8 <alarm_pool_add_alarm_at>:
100019e8:	b570      	push	{r4, r5, r6, lr}
100019ea:	b082      	sub	sp, #8
100019ec:	0006      	movs	r6, r0
100019ee:	0014      	movs	r4, r2
100019f0:	001d      	movs	r5, r3
100019f2:	ab08      	add	r3, sp, #32
100019f4:	781b      	ldrb	r3, [r3, #0]
100019f6:	2b00      	cmp	r3, #0
100019f8:	d107      	bne.n	10001a0a <alarm_pool_add_alarm_at+0x22>
100019fa:	f000 f9cf 	bl	10001d9c <time_us_64>
100019fe:	0022      	movs	r2, r4
10001a00:	002b      	movs	r3, r5
10001a02:	1a12      	subs	r2, r2, r0
10001a04:	418b      	sbcs	r3, r1
10001a06:	2b00      	cmp	r3, #0
10001a08:	db0a      	blt.n	10001a20 <alarm_pool_add_alarm_at+0x38>
10001a0a:	9b07      	ldr	r3, [sp, #28]
10001a0c:	9301      	str	r3, [sp, #4]
10001a0e:	9b06      	ldr	r3, [sp, #24]
10001a10:	9300      	str	r3, [sp, #0]
10001a12:	0022      	movs	r2, r4
10001a14:	002b      	movs	r3, r5
10001a16:	0030      	movs	r0, r6
10001a18:	f7ff ff94 	bl	10001944 <alarm_pool_add_alarm_at_force_in_context>
10001a1c:	b002      	add	sp, #8
10001a1e:	bd70      	pop	{r4, r5, r6, pc}
10001a20:	2000      	movs	r0, #0
10001a22:	e7fb      	b.n	10001a1c <alarm_pool_add_alarm_at+0x34>

10001a24 <add_alarm_at>:
10001a24:	b5f0      	push	{r4, r5, r6, r7, lr}
10001a26:	46c6      	mov	lr, r8
10001a28:	b500      	push	{lr}
10001a2a:	b084      	sub	sp, #16
10001a2c:	0005      	movs	r5, r0
10001a2e:	4688      	mov	r8, r1
10001a30:	0016      	movs	r6, r2
10001a32:	001f      	movs	r7, r3
10001a34:	ab0a      	add	r3, sp, #40	@ 0x28
10001a36:	781c      	ldrb	r4, [r3, #0]
10001a38:	f7ff ff6e 	bl	10001918 <alarm_pool_get_default>
10001a3c:	9402      	str	r4, [sp, #8]
10001a3e:	9701      	str	r7, [sp, #4]
10001a40:	9600      	str	r6, [sp, #0]
10001a42:	002a      	movs	r2, r5
10001a44:	4643      	mov	r3, r8
10001a46:	f7ff ffcf 	bl	100019e8 <alarm_pool_add_alarm_at>
10001a4a:	b004      	add	sp, #16
10001a4c:	bc80      	pop	{r7}
10001a4e:	46b8      	mov	r8, r7
10001a50:	bdf0      	pop	{r4, r5, r6, r7, pc}
	...

10001a54 <alarm_pool_cancel_alarm>:
10001a54:	b530      	push	{r4, r5, lr}
10001a56:	0004      	movs	r4, r0
10001a58:	140a      	asrs	r2, r1, #16
10001a5a:	8943      	ldrh	r3, [r0, #10]
10001a5c:	429a      	cmp	r2, r3
10001a5e:	da2e      	bge.n	10001abe <alarm_pool_cancel_alarm+0x6a>
10001a60:	6940      	ldr	r0, [r0, #20]
10001a62:	0053      	lsls	r3, r2, #1
10001a64:	189b      	adds	r3, r3, r2
10001a66:	00db      	lsls	r3, r3, #3
10001a68:	18c3      	adds	r3, r0, r3
10001a6a:	6925      	ldr	r5, [r4, #16]
10001a6c:	f3ef 8210 	mrs	r2, PRIMASK
10001a70:	b672      	cpsid	i
10001a72:	6828      	ldr	r0, [r5, #0]
10001a74:	2800      	cmp	r0, #0
10001a76:	d0fc      	beq.n	10001a72 <alarm_pool_cancel_alarm+0x1e>
10001a78:	f3bf 8f5f 	dmb	sy
10001a7c:	8858      	ldrh	r0, [r3, #2]
10001a7e:	b285      	uxth	r5, r0
10001a80:	0409      	lsls	r1, r1, #16
10001a82:	0c09      	lsrs	r1, r1, #16
10001a84:	4288      	cmp	r0, r1
10001a86:	d012      	beq.n	10001aae <alarm_pool_cancel_alarm+0x5a>
10001a88:	2000      	movs	r0, #0
10001a8a:	6923      	ldr	r3, [r4, #16]
10001a8c:	f3bf 8f5f 	dmb	sy
10001a90:	2100      	movs	r1, #0
10001a92:	6019      	str	r1, [r3, #0]
10001a94:	f382 8810 	msr	PRIMASK, r2
10001a98:	2800      	cmp	r0, #0
10001a9a:	d011      	beq.n	10001ac0 <alarm_pool_cancel_alarm+0x6c>
10001a9c:	68e3      	ldr	r3, [r4, #12]
10001a9e:	7821      	ldrb	r1, [r4, #0]
10001aa0:	2201      	movs	r2, #1
10001aa2:	408a      	lsls	r2, r1
10001aa4:	4907      	ldr	r1, [pc, #28]	@ (10001ac4 <alarm_pool_cancel_alarm+0x70>)
10001aa6:	468c      	mov	ip, r1
10001aa8:	4463      	add	r3, ip
10001aaa:	601a      	str	r2, [r3, #0]
10001aac:	e008      	b.n	10001ac0 <alarm_pool_cancel_alarm+0x6c>
10001aae:	4906      	ldr	r1, [pc, #24]	@ (10001ac8 <alarm_pool_cancel_alarm+0x74>)
10001ab0:	4329      	orrs	r1, r5
10001ab2:	b289      	uxth	r1, r1
10001ab4:	8059      	strh	r1, [r3, #2]
10001ab6:	2301      	movs	r3, #1
10001ab8:	71a3      	strb	r3, [r4, #6]
10001aba:	2001      	movs	r0, #1
10001abc:	e7e5      	b.n	10001a8a <alarm_pool_cancel_alarm+0x36>
10001abe:	2000      	movs	r0, #0
10001ac0:	bd30      	pop	{r4, r5, pc}
10001ac2:	46c0      	nop			@ (mov r8, r8)
10001ac4:	0000203c 	.word	0x0000203c
10001ac8:	ffff8000 	.word	0xffff8000

10001acc <cancel_alarm>:
10001acc:	b510      	push	{r4, lr}
10001ace:	0004      	movs	r4, r0
10001ad0:	f7ff ff22 	bl	10001918 <alarm_pool_get_default>
10001ad4:	0021      	movs	r1, r4
10001ad6:	f7ff ffbd 	bl	10001a54 <alarm_pool_cancel_alarm>
10001ada:	bd10      	pop	{r4, pc}

10001adc <alarm_pool_core_num>:
10001adc:	7840      	ldrb	r0, [r0, #1]
10001ade:	4770      	bx	lr

10001ae0 <sleep_until>:
10001ae0:	b5f0      	push	{r4, r5, r6, r7, lr}
10001ae2:	b083      	sub	sp, #12
10001ae4:	0006      	movs	r6, r0
10001ae6:	000f      	movs	r7, r1
10001ae8:	f3ef 8305 	mrs	r3, IPSR
10001aec:	2b00      	cmp	r3, #0
10001aee:	d11a      	bne.n	10001b26 <sleep_until+0x46>
10001af0:	2406      	movs	r4, #6
10001af2:	4264      	negs	r4, r4
10001af4:	17e5      	asrs	r5, r4, #31
10001af6:	19a4      	adds	r4, r4, r6
10001af8:	417d      	adcs	r5, r7
10001afa:	428d      	cmp	r5, r1
10001afc:	d802      	bhi.n	10001b04 <sleep_until+0x24>
10001afe:	d103      	bne.n	10001b08 <sleep_until+0x28>
10001b00:	4284      	cmp	r4, r0
10001b02:	d901      	bls.n	10001b08 <sleep_until+0x28>
10001b04:	2400      	movs	r4, #0
10001b06:	2500      	movs	r5, #0
10001b08:	f000 f948 	bl	10001d9c <time_us_64>
10001b0c:	0022      	movs	r2, r4
10001b0e:	002b      	movs	r3, r5
10001b10:	1a12      	subs	r2, r2, r0
10001b12:	418b      	sbcs	r3, r1
10001b14:	2b00      	cmp	r3, #0
10001b16:	dc0b      	bgt.n	10001b30 <sleep_until+0x50>
10001b18:	d008      	beq.n	10001b2c <sleep_until+0x4c>
10001b1a:	0030      	movs	r0, r6
10001b1c:	0039      	movs	r1, r7
10001b1e:	f000 f94f 	bl	10001dc0 <busy_wait_until>
10001b22:	b003      	add	sp, #12
10001b24:	bdf0      	pop	{r4, r5, r6, r7, pc}
10001b26:	4816      	ldr	r0, [pc, #88]	@ (10001b80 <sleep_until+0xa0>)
10001b28:	f7ff f998 	bl	10000e5c <panic>
10001b2c:	2a00      	cmp	r2, #0
10001b2e:	d0f4      	beq.n	10001b1a <sleep_until+0x3a>
10001b30:	4a14      	ldr	r2, [pc, #80]	@ (10001b84 <sleep_until+0xa4>)
10001b32:	2300      	movs	r3, #0
10001b34:	9300      	str	r3, [sp, #0]
10001b36:	0020      	movs	r0, r4
10001b38:	0029      	movs	r1, r5
10001b3a:	f7ff ff73 	bl	10001a24 <add_alarm_at>
10001b3e:	2800      	cmp	r0, #0
10001b40:	da13      	bge.n	10001b6a <sleep_until+0x8a>
10001b42:	e7ea      	b.n	10001b1a <sleep_until+0x3a>
10001b44:	4b10      	ldr	r3, [pc, #64]	@ (10001b88 <sleep_until+0xa8>)
10001b46:	6819      	ldr	r1, [r3, #0]
10001b48:	f3ef 8310 	mrs	r3, PRIMASK
10001b4c:	b672      	cpsid	i
10001b4e:	680a      	ldr	r2, [r1, #0]
10001b50:	2a00      	cmp	r2, #0
10001b52:	d0fc      	beq.n	10001b4e <sleep_until+0x6e>
10001b54:	f3bf 8f5f 	dmb	sy
10001b58:	4a0b      	ldr	r2, [pc, #44]	@ (10001b88 <sleep_until+0xa8>)
10001b5a:	6812      	ldr	r2, [r2, #0]
10001b5c:	f3bf 8f5f 	dmb	sy
10001b60:	2100      	movs	r1, #0
10001b62:	6011      	str	r1, [r2, #0]
10001b64:	f383 8810 	msr	PRIMASK, r3
10001b68:	bf20      	wfe
10001b6a:	4b08      	ldr	r3, [pc, #32]	@ (10001b8c <sleep_until+0xac>)
10001b6c:	6a5b      	ldr	r3, [r3, #36]	@ 0x24
10001b6e:	429d      	cmp	r5, r3
10001b70:	d8e8      	bhi.n	10001b44 <sleep_until+0x64>
10001b72:	4906      	ldr	r1, [pc, #24]	@ (10001b8c <sleep_until+0xac>)
10001b74:	6a89      	ldr	r1, [r1, #40]	@ 0x28
10001b76:	42a1      	cmp	r1, r4
10001b78:	d2cf      	bcs.n	10001b1a <sleep_until+0x3a>
10001b7a:	429d      	cmp	r5, r3
10001b7c:	d1cd      	bne.n	10001b1a <sleep_until+0x3a>
10001b7e:	e7e1      	b.n	10001b44 <sleep_until+0x64>
10001b80:	10008e98 	.word	0x10008e98
10001b84:	10001555 	.word	0x10001555
10001b88:	20003118 	.word	0x20003118
10001b8c:	40054000 	.word	0x40054000

10001b90 <sleep_us>:
10001b90:	b570      	push	{r4, r5, r6, lr}
10001b92:	0004      	movs	r4, r0
10001b94:	000d      	movs	r5, r1
10001b96:	f000 f901 	bl	10001d9c <time_us_64>
10001b9a:	1900      	adds	r0, r0, r4
10001b9c:	4169      	adcs	r1, r5
10001b9e:	2900      	cmp	r1, #0
10001ba0:	db02      	blt.n	10001ba8 <sleep_us+0x18>
10001ba2:	f7ff ff9d 	bl	10001ae0 <sleep_until>
10001ba6:	bd70      	pop	{r4, r5, r6, pc}
10001ba8:	2001      	movs	r0, #1
10001baa:	4240      	negs	r0, r0
10001bac:	4900      	ldr	r1, [pc, #0]	@ (10001bb0 <sleep_us+0x20>)
10001bae:	e7f8      	b.n	10001ba2 <sleep_us+0x12>
10001bb0:	7fffffff 	.word	0x7fffffff

10001bb4 <sleep_ms>:
10001bb4:	b510      	push	{r4, lr}
10001bb6:	22fa      	movs	r2, #250	@ 0xfa
10001bb8:	0092      	lsls	r2, r2, #2
10001bba:	2300      	movs	r3, #0
10001bbc:	2100      	movs	r1, #0
10001bbe:	f001 fa35 	bl	1000302c <__wrap___aeabi_lmul>
10001bc2:	f7ff ffe5 	bl	10001b90 <sleep_us>
10001bc6:	bd10      	pop	{r4, pc}

10001bc8 <best_effort_wfe_or_timeout>:
10001bc8:	b5f0      	push	{r4, r5, r6, r7, lr}
10001bca:	46ce      	mov	lr, r9
10001bcc:	4647      	mov	r7, r8
10001bce:	b580      	push	{r7, lr}
10001bd0:	b083      	sub	sp, #12
10001bd2:	0005      	movs	r5, r0
10001bd4:	000c      	movs	r4, r1
10001bd6:	f3ef 8305 	mrs	r3, IPSR
10001bda:	2b00      	cmp	r3, #0
10001bdc:	d015      	beq.n	10001c0a <best_effort_wfe_or_timeout+0x42>
10001bde:	4b3f      	ldr	r3, [pc, #252]	@ (10001cdc <best_effort_wfe_or_timeout+0x114>)
10001be0:	6a5b      	ldr	r3, [r3, #36]	@ 0x24
10001be2:	428b      	cmp	r3, r1
10001be4:	d309      	bcc.n	10001bfa <best_effort_wfe_or_timeout+0x32>
10001be6:	4a3d      	ldr	r2, [pc, #244]	@ (10001cdc <best_effort_wfe_or_timeout+0x114>)
10001be8:	6a92      	ldr	r2, [r2, #40]	@ 0x28
10001bea:	4282      	cmp	r2, r0
10001bec:	d20b      	bcs.n	10001c06 <best_effort_wfe_or_timeout+0x3e>
10001bee:	428b      	cmp	r3, r1
10001bf0:	d001      	beq.n	10001bf6 <best_effort_wfe_or_timeout+0x2e>
10001bf2:	2001      	movs	r0, #1
10001bf4:	e002      	b.n	10001bfc <best_effort_wfe_or_timeout+0x34>
10001bf6:	2000      	movs	r0, #0
10001bf8:	e000      	b.n	10001bfc <best_effort_wfe_or_timeout+0x34>
10001bfa:	2000      	movs	r0, #0
10001bfc:	b003      	add	sp, #12
10001bfe:	bcc0      	pop	{r6, r7}
10001c00:	46b9      	mov	r9, r7
10001c02:	46b0      	mov	r8, r6
10001c04:	bdf0      	pop	{r4, r5, r6, r7, pc}
10001c06:	2001      	movs	r0, #1
10001c08:	e7f8      	b.n	10001bfc <best_effort_wfe_or_timeout+0x34>
10001c0a:	f7ff fe85 	bl	10001918 <alarm_pool_get_default>
10001c0e:	68c3      	ldr	r3, [r0, #12]
10001c10:	4699      	mov	r9, r3
10001c12:	7803      	ldrb	r3, [r0, #0]
10001c14:	4698      	mov	r8, r3
10001c16:	002e      	movs	r6, r5
10001c18:	0027      	movs	r7, r4
10001c1a:	4648      	mov	r0, r9
10001c1c:	f000 f88c 	bl	10001d38 <timer_time_us_64>
10001c20:	0002      	movs	r2, r0
10001c22:	000b      	movs	r3, r1
10001c24:	1ab6      	subs	r6, r6, r2
10001c26:	419f      	sbcs	r7, r3
10001c28:	4643      	mov	r3, r8
10001c2a:	3304      	adds	r3, #4
10001c2c:	009b      	lsls	r3, r3, #2
10001c2e:	464a      	mov	r2, r9
10001c30:	589b      	ldr	r3, [r3, r2]
10001c32:	1a1b      	subs	r3, r3, r0
10001c34:	2200      	movs	r2, #0
10001c36:	42ba      	cmp	r2, r7
10001c38:	dc0f      	bgt.n	10001c5a <best_effort_wfe_or_timeout+0x92>
10001c3a:	d00c      	beq.n	10001c56 <best_effort_wfe_or_timeout+0x8e>
10001c3c:	bf20      	wfe
10001c3e:	4b27      	ldr	r3, [pc, #156]	@ (10001cdc <best_effort_wfe_or_timeout+0x114>)
10001c40:	6a5b      	ldr	r3, [r3, #36]	@ 0x24
10001c42:	429c      	cmp	r4, r3
10001c44:	d82d      	bhi.n	10001ca2 <best_effort_wfe_or_timeout+0xda>
10001c46:	4a25      	ldr	r2, [pc, #148]	@ (10001cdc <best_effort_wfe_or_timeout+0x114>)
10001c48:	6a92      	ldr	r2, [r2, #40]	@ 0x28
10001c4a:	42aa      	cmp	r2, r5
10001c4c:	d22b      	bcs.n	10001ca6 <best_effort_wfe_or_timeout+0xde>
10001c4e:	429c      	cmp	r4, r3
10001c50:	d025      	beq.n	10001c9e <best_effort_wfe_or_timeout+0xd6>
10001c52:	2001      	movs	r0, #1
10001c54:	e7d2      	b.n	10001bfc <best_effort_wfe_or_timeout+0x34>
10001c56:	42b3      	cmp	r3, r6
10001c58:	d9f0      	bls.n	10001c3c <best_effort_wfe_or_timeout+0x74>
10001c5a:	4a21      	ldr	r2, [pc, #132]	@ (10001ce0 <best_effort_wfe_or_timeout+0x118>)
10001c5c:	2300      	movs	r3, #0
10001c5e:	9300      	str	r3, [sp, #0]
10001c60:	0028      	movs	r0, r5
10001c62:	0021      	movs	r1, r4
10001c64:	f7ff fede 	bl	10001a24 <add_alarm_at>
10001c68:	2800      	cmp	r0, #0
10001c6a:	dd1e      	ble.n	10001caa <best_effort_wfe_or_timeout+0xe2>
10001c6c:	4b1b      	ldr	r3, [pc, #108]	@ (10001cdc <best_effort_wfe_or_timeout+0x114>)
10001c6e:	6a5b      	ldr	r3, [r3, #36]	@ 0x24
10001c70:	429c      	cmp	r4, r3
10001c72:	d805      	bhi.n	10001c80 <best_effort_wfe_or_timeout+0xb8>
10001c74:	4a19      	ldr	r2, [pc, #100]	@ (10001cdc <best_effort_wfe_or_timeout+0x114>)
10001c76:	6a92      	ldr	r2, [r2, #40]	@ 0x28
10001c78:	42aa      	cmp	r2, r5
10001c7a:	d202      	bcs.n	10001c82 <best_effort_wfe_or_timeout+0xba>
10001c7c:	429c      	cmp	r4, r3
10001c7e:	d100      	bne.n	10001c82 <best_effort_wfe_or_timeout+0xba>
10001c80:	bf20      	wfe
10001c82:	f7ff ff23 	bl	10001acc <cancel_alarm>
10001c86:	4b15      	ldr	r3, [pc, #84]	@ (10001cdc <best_effort_wfe_or_timeout+0x114>)
10001c88:	6a5b      	ldr	r3, [r3, #36]	@ 0x24
10001c8a:	429c      	cmp	r4, r3
10001c8c:	d821      	bhi.n	10001cd2 <best_effort_wfe_or_timeout+0x10a>
10001c8e:	4a13      	ldr	r2, [pc, #76]	@ (10001cdc <best_effort_wfe_or_timeout+0x114>)
10001c90:	6a92      	ldr	r2, [r2, #40]	@ 0x28
10001c92:	42aa      	cmp	r2, r5
10001c94:	d21f      	bcs.n	10001cd6 <best_effort_wfe_or_timeout+0x10e>
10001c96:	429c      	cmp	r4, r3
10001c98:	d019      	beq.n	10001cce <best_effort_wfe_or_timeout+0x106>
10001c9a:	2001      	movs	r0, #1
10001c9c:	e7ae      	b.n	10001bfc <best_effort_wfe_or_timeout+0x34>
10001c9e:	2000      	movs	r0, #0
10001ca0:	e7ac      	b.n	10001bfc <best_effort_wfe_or_timeout+0x34>
10001ca2:	2000      	movs	r0, #0
10001ca4:	e7aa      	b.n	10001bfc <best_effort_wfe_or_timeout+0x34>
10001ca6:	2001      	movs	r0, #1
10001ca8:	e7a8      	b.n	10001bfc <best_effort_wfe_or_timeout+0x34>
10001caa:	4b0c      	ldr	r3, [pc, #48]	@ (10001cdc <best_effort_wfe_or_timeout+0x114>)
10001cac:	6a5b      	ldr	r3, [r3, #36]	@ 0x24
10001cae:	429c      	cmp	r4, r3
10001cb0:	d809      	bhi.n	10001cc6 <best_effort_wfe_or_timeout+0xfe>
10001cb2:	4a0a      	ldr	r2, [pc, #40]	@ (10001cdc <best_effort_wfe_or_timeout+0x114>)
10001cb4:	6a92      	ldr	r2, [r2, #40]	@ 0x28
10001cb6:	42aa      	cmp	r2, r5
10001cb8:	d207      	bcs.n	10001cca <best_effort_wfe_or_timeout+0x102>
10001cba:	429c      	cmp	r4, r3
10001cbc:	d001      	beq.n	10001cc2 <best_effort_wfe_or_timeout+0xfa>
10001cbe:	2001      	movs	r0, #1
10001cc0:	e79c      	b.n	10001bfc <best_effort_wfe_or_timeout+0x34>
10001cc2:	2000      	movs	r0, #0
10001cc4:	e79a      	b.n	10001bfc <best_effort_wfe_or_timeout+0x34>
10001cc6:	2000      	movs	r0, #0
10001cc8:	e798      	b.n	10001bfc <best_effort_wfe_or_timeout+0x34>
10001cca:	2001      	movs	r0, #1
10001ccc:	e796      	b.n	10001bfc <best_effort_wfe_or_timeout+0x34>
10001cce:	2000      	movs	r0, #0
10001cd0:	e794      	b.n	10001bfc <best_effort_wfe_or_timeout+0x34>
10001cd2:	2000      	movs	r0, #0
10001cd4:	e792      	b.n	10001bfc <best_effort_wfe_or_timeout+0x34>
10001cd6:	2001      	movs	r0, #1
10001cd8:	e790      	b.n	10001bfc <best_effort_wfe_or_timeout+0x34>
10001cda:	46c0      	nop			@ (mov r8, r8)
10001cdc:	40054000 	.word	0x40054000
10001ce0:	10001555 	.word	0x10001555

10001ce4 <alarm_pool_get_default_timer>:
10001ce4:	4800      	ldr	r0, [pc, #0]	@ (10001ce8 <alarm_pool_get_default_timer+0x4>)
10001ce6:	4770      	bx	lr
10001ce8:	40054000 	.word	0x40054000

10001cec <runtime_init_default_alarm_pool>:
10001cec:	b510      	push	{r4, lr}
10001cee:	4b0b      	ldr	r3, [pc, #44]	@ (10001d1c <runtime_init_default_alarm_pool+0x30>)
10001cf0:	691b      	ldr	r3, [r3, #16]
10001cf2:	2b00      	cmp	r3, #0
10001cf4:	d004      	beq.n	10001d00 <runtime_init_default_alarm_pool+0x14>
10001cf6:	480a      	ldr	r0, [pc, #40]	@ (10001d20 <runtime_init_default_alarm_pool+0x34>)
10001cf8:	210a      	movs	r1, #10
10001cfa:	f7ff fbb7 	bl	1000146c <lock_init>
10001cfe:	bd10      	pop	{r4, pc}
10001d00:	f7ff fff0 	bl	10001ce4 <alarm_pool_get_default_timer>
10001d04:	0004      	movs	r4, r0
10001d06:	2103      	movs	r1, #3
10001d08:	f000 f80c 	bl	10001d24 <timer_hardware_alarm_claim>
10001d0c:	4803      	ldr	r0, [pc, #12]	@ (10001d1c <runtime_init_default_alarm_pool+0x30>)
10001d0e:	2310      	movs	r3, #16
10001d10:	2203      	movs	r2, #3
10001d12:	0021      	movs	r1, r4
10001d14:	f7ff fdc4 	bl	100018a0 <alarm_pool_post_alloc_init>
10001d18:	e7ed      	b.n	10001cf6 <runtime_init_default_alarm_pool+0xa>
10001d1a:	46c0      	nop			@ (mov r8, r8)
10001d1c:	20001af8 	.word	0x20001af8
10001d20:	20003118 	.word	0x20003118

10001d24 <timer_hardware_alarm_claim>:
10001d24:	b510      	push	{r4, lr}
10001d26:	4a02      	ldr	r2, [pc, #8]	@ (10001d30 <timer_hardware_alarm_claim+0xc>)
10001d28:	4802      	ldr	r0, [pc, #8]	@ (10001d34 <timer_hardware_alarm_claim+0x10>)
10001d2a:	f7ff f8c5 	bl	10000eb8 <hw_claim_or_assert>
10001d2e:	bd10      	pop	{r4, pc}
10001d30:	10008ee8 	.word	0x10008ee8
10001d34:	20002a6c 	.word	0x20002a6c

10001d38 <timer_time_us_64>:
10001d38:	0002      	movs	r2, r0
10001d3a:	6a43      	ldr	r3, [r0, #36]	@ 0x24
10001d3c:	6a90      	ldr	r0, [r2, #40]	@ 0x28
10001d3e:	0019      	movs	r1, r3
10001d40:	6a53      	ldr	r3, [r2, #36]	@ 0x24
10001d42:	4299      	cmp	r1, r3
10001d44:	d1fa      	bne.n	10001d3c <timer_time_us_64+0x4>
10001d46:	4770      	bx	lr

10001d48 <timer_busy_wait_until>:
10001d48:	6a41      	ldr	r1, [r0, #36]	@ 0x24
10001d4a:	e000      	b.n	10001d4e <timer_busy_wait_until+0x6>
10001d4c:	6a41      	ldr	r1, [r0, #36]	@ 0x24
10001d4e:	4299      	cmp	r1, r3
10001d50:	d3fc      	bcc.n	10001d4c <timer_busy_wait_until+0x4>
10001d52:	e000      	b.n	10001d56 <timer_busy_wait_until+0xe>
10001d54:	6a41      	ldr	r1, [r0, #36]	@ 0x24
10001d56:	4299      	cmp	r1, r3
10001d58:	d102      	bne.n	10001d60 <timer_busy_wait_until+0x18>
10001d5a:	6a81      	ldr	r1, [r0, #40]	@ 0x28
10001d5c:	4291      	cmp	r1, r2
10001d5e:	d3f9      	bcc.n	10001d54 <timer_busy_wait_until+0xc>
10001d60:	4770      	bx	lr

10001d62 <timer_busy_wait_us>:
10001d62:	b5f0      	push	{r4, r5, r6, r7, lr}
10001d64:	46c6      	mov	lr, r8
10001d66:	b500      	push	{lr}
10001d68:	4680      	mov	r8, r0
10001d6a:	0014      	movs	r4, r2
10001d6c:	001d      	movs	r5, r3
10001d6e:	f7ff ffe3 	bl	10001d38 <timer_time_us_64>
10001d72:	0006      	movs	r6, r0
10001d74:	000f      	movs	r7, r1
10001d76:	0022      	movs	r2, r4
10001d78:	002b      	movs	r3, r5
10001d7a:	1992      	adds	r2, r2, r6
10001d7c:	417b      	adcs	r3, r7
10001d7e:	4299      	cmp	r1, r3
10001d80:	d802      	bhi.n	10001d88 <timer_busy_wait_us+0x26>
10001d82:	d104      	bne.n	10001d8e <timer_busy_wait_us+0x2c>
10001d84:	4290      	cmp	r0, r2
10001d86:	d902      	bls.n	10001d8e <timer_busy_wait_us+0x2c>
10001d88:	2201      	movs	r2, #1
10001d8a:	4252      	negs	r2, r2
10001d8c:	17d3      	asrs	r3, r2, #31
10001d8e:	4640      	mov	r0, r8
10001d90:	f7ff ffda 	bl	10001d48 <timer_busy_wait_until>
10001d94:	bc80      	pop	{r7}
10001d96:	46b8      	mov	r8, r7
10001d98:	bdf0      	pop	{r4, r5, r6, r7, pc}
	...

10001d9c <time_us_64>:
10001d9c:	b510      	push	{r4, lr}
10001d9e:	4802      	ldr	r0, [pc, #8]	@ (10001da8 <time_us_64+0xc>)
10001da0:	f7ff ffca 	bl	10001d38 <timer_time_us_64>
10001da4:	bd10      	pop	{r4, pc}
10001da6:	46c0      	nop			@ (mov r8, r8)
10001da8:	40054000 	.word	0x40054000

10001dac <busy_wait_us>:
10001dac:	b510      	push	{r4, lr}
10001dae:	0002      	movs	r2, r0
10001db0:	000b      	movs	r3, r1
10001db2:	4802      	ldr	r0, [pc, #8]	@ (10001dbc <busy_wait_us+0x10>)
10001db4:	f7ff ffd5 	bl	10001d62 <timer_busy_wait_us>
10001db8:	bd10      	pop	{r4, pc}
10001dba:	46c0      	nop			@ (mov r8, r8)
10001dbc:	40054000 	.word	0x40054000

10001dc0 <busy_wait_until>:
10001dc0:	b510      	push	{r4, lr}
10001dc2:	0002      	movs	r2, r0
10001dc4:	000b      	movs	r3, r1
10001dc6:	4802      	ldr	r0, [pc, #8]	@ (10001dd0 <busy_wait_until+0x10>)
10001dc8:	f7ff ffbe 	bl	10001d48 <timer_busy_wait_until>
10001dcc:	bd10      	pop	{r4, pc}
10001dce:	46c0      	nop			@ (mov r8, r8)
10001dd0:	40054000 	.word	0x40054000

10001dd4 <clock_configure_internal>:
10001dd4:	b5f8      	push	{r3, r4, r5, r6, r7, lr}
10001dd6:	46d6      	mov	lr, sl
10001dd8:	4647      	mov	r7, r8
10001dda:	b580      	push	{r7, lr}
10001ddc:	0006      	movs	r6, r0
10001dde:	000d      	movs	r5, r1
10001de0:	0017      	movs	r7, r2
10001de2:	4698      	mov	r8, r3
10001de4:	0044      	lsls	r4, r0, #1
10001de6:	1824      	adds	r4, r4, r0
10001de8:	00a4      	lsls	r4, r4, #2
10001dea:	4b29      	ldr	r3, [pc, #164]	@ (10001e90 <clock_configure_internal+0xbc>)
10001dec:	469c      	mov	ip, r3
10001dee:	4464      	add	r4, ip
10001df0:	6863      	ldr	r3, [r4, #4]
10001df2:	9a08      	ldr	r2, [sp, #32]
10001df4:	4293      	cmp	r3, r2
10001df6:	d200      	bcs.n	10001dfa <clock_configure_internal+0x26>
10001df8:	6062      	str	r2, [r4, #4]
10001dfa:	1f33      	subs	r3, r6, #4
10001dfc:	b2db      	uxtb	r3, r3
10001dfe:	469a      	mov	sl, r3
10001e00:	2b01      	cmp	r3, #1
10001e02:	d92e      	bls.n	10001e62 <clock_configure_internal+0x8e>
10001e04:	2280      	movs	r2, #128	@ 0x80
10001e06:	0112      	lsls	r2, r2, #4
10001e08:	23c0      	movs	r3, #192	@ 0xc0
10001e0a:	019b      	lsls	r3, r3, #6
10001e0c:	18e3      	adds	r3, r4, r3
10001e0e:	601a      	str	r2, [r3, #0]
10001e10:	4b20      	ldr	r3, [pc, #128]	@ (10001e94 <clock_configure_internal+0xc0>)
10001e12:	00b2      	lsls	r2, r6, #2
10001e14:	58d1      	ldr	r1, [r2, r3]
10001e16:	2900      	cmp	r1, #0
10001e18:	d007      	beq.n	10001e2a <clock_configure_internal+0x56>
10001e1a:	6958      	ldr	r0, [r3, #20]
10001e1c:	f000 faca 	bl	100023b4 <__wrap___aeabi_uidiv>
10001e20:	3001      	adds	r0, #1
10001e22:	0043      	lsls	r3, r0, #1
10001e24:	181b      	adds	r3, r3, r0
10001e26:	3b03      	subs	r3, #3
10001e28:	d2fd      	bcs.n	10001e26 <clock_configure_internal+0x52>
10001e2a:	017f      	lsls	r7, r7, #5
10001e2c:	6823      	ldr	r3, [r4, #0]
10001e2e:	405f      	eors	r7, r3
10001e30:	23e0      	movs	r3, #224	@ 0xe0
10001e32:	403b      	ands	r3, r7
10001e34:	2280      	movs	r2, #128	@ 0x80
10001e36:	0152      	lsls	r2, r2, #5
10001e38:	18a2      	adds	r2, r4, r2
10001e3a:	6013      	str	r3, [r2, #0]
10001e3c:	4653      	mov	r3, sl
10001e3e:	2b01      	cmp	r3, #1
10001e40:	d91a      	bls.n	10001e78 <clock_configure_internal+0xa4>
10001e42:	2380      	movs	r3, #128	@ 0x80
10001e44:	019b      	lsls	r3, r3, #6
10001e46:	18e3      	adds	r3, r4, r3
10001e48:	2280      	movs	r2, #128	@ 0x80
10001e4a:	0112      	lsls	r2, r2, #4
10001e4c:	601a      	str	r2, [r3, #0]
10001e4e:	9b08      	ldr	r3, [sp, #32]
10001e50:	6063      	str	r3, [r4, #4]
10001e52:	4b10      	ldr	r3, [pc, #64]	@ (10001e94 <clock_configure_internal+0xc0>)
10001e54:	00b6      	lsls	r6, r6, #2
10001e56:	4642      	mov	r2, r8
10001e58:	50f2      	str	r2, [r6, r3]
10001e5a:	bcc0      	pop	{r6, r7}
10001e5c:	46ba      	mov	sl, r7
10001e5e:	46b0      	mov	r8, r6
10001e60:	bdf8      	pop	{r3, r4, r5, r6, r7, pc}
10001e62:	2d01      	cmp	r5, #1
10001e64:	d1ce      	bne.n	10001e04 <clock_configure_internal+0x30>
10001e66:	2203      	movs	r2, #3
10001e68:	23c0      	movs	r3, #192	@ 0xc0
10001e6a:	019b      	lsls	r3, r3, #6
10001e6c:	18e3      	adds	r3, r4, r3
10001e6e:	601a      	str	r2, [r3, #0]
10001e70:	68a3      	ldr	r3, [r4, #8]
10001e72:	07db      	lsls	r3, r3, #31
10001e74:	d5fc      	bpl.n	10001e70 <clock_configure_internal+0x9c>
10001e76:	e7d8      	b.n	10001e2a <clock_configure_internal+0x56>
10001e78:	6821      	ldr	r1, [r4, #0]
10001e7a:	4069      	eors	r1, r5
10001e7c:	2303      	movs	r3, #3
10001e7e:	400b      	ands	r3, r1
10001e80:	6013      	str	r3, [r2, #0]
10001e82:	68a3      	ldr	r3, [r4, #8]
10001e84:	2201      	movs	r2, #1
10001e86:	40aa      	lsls	r2, r5
10001e88:	421a      	tst	r2, r3
10001e8a:	d0fa      	beq.n	10001e82 <clock_configure_internal+0xae>
10001e8c:	e7d9      	b.n	10001e42 <clock_configure_internal+0x6e>
10001e8e:	46c0      	nop			@ (mov r8, r8)
10001e90:	40008000 	.word	0x40008000
10001e94:	20002a70 	.word	0x20002a70

10001e98 <clock_configure_int_divider>:
10001e98:	b5f0      	push	{r4, r5, r6, r7, lr}
10001e9a:	b083      	sub	sp, #12
10001e9c:	0005      	movs	r5, r0
10001e9e:	000e      	movs	r6, r1
10001ea0:	0017      	movs	r7, r2
10001ea2:	0018      	movs	r0, r3
10001ea4:	9908      	ldr	r1, [sp, #32]
10001ea6:	f000 fa85 	bl	100023b4 <__wrap___aeabi_uidiv>
10001eaa:	0003      	movs	r3, r0
10001eac:	9a08      	ldr	r2, [sp, #32]
10001eae:	0214      	lsls	r4, r2, #8
10001eb0:	9400      	str	r4, [sp, #0]
10001eb2:	003a      	movs	r2, r7
10001eb4:	0031      	movs	r1, r6
10001eb6:	0028      	movs	r0, r5
10001eb8:	f7ff ff8c 	bl	10001dd4 <clock_configure_internal>
10001ebc:	b003      	add	sp, #12
10001ebe:	bdf0      	pop	{r4, r5, r6, r7, pc}

10001ec0 <clock_configure_undivided>:
10001ec0:	b510      	push	{r4, lr}
10001ec2:	b082      	sub	sp, #8
10001ec4:	2480      	movs	r4, #128	@ 0x80
10001ec6:	0064      	lsls	r4, r4, #1
10001ec8:	9400      	str	r4, [sp, #0]
10001eca:	f7ff ff83 	bl	10001dd4 <clock_configure_internal>
10001ece:	b002      	add	sp, #8
10001ed0:	bd10      	pop	{r4, pc}
	...

10001ed4 <clock_get_hz>:
10001ed4:	4b01      	ldr	r3, [pc, #4]	@ (10001edc <clock_get_hz+0x8>)
10001ed6:	0080      	lsls	r0, r0, #2
10001ed8:	58c0      	ldr	r0, [r0, r3]
10001eda:	4770      	bx	lr
10001edc:	20002a70 	.word	0x20002a70

10001ee0 <pll_init>:
10001ee0:	b5f0      	push	{r4, r5, r6, r7, lr}
10001ee2:	46c6      	mov	lr, r8
10001ee4:	b500      	push	{lr}
10001ee6:	0004      	movs	r4, r0
10001ee8:	000e      	movs	r6, r1
10001eea:	0017      	movs	r7, r2
10001eec:	001d      	movs	r5, r3
10001eee:	4837      	ldr	r0, [pc, #220]	@ (10001fcc <pll_init+0xec>)
10001ef0:	f000 fa60 	bl	100023b4 <__wrap___aeabi_uidiv>
10001ef4:	4680      	mov	r8, r0
10001ef6:	4b36      	ldr	r3, [pc, #216]	@ (10001fd0 <pll_init+0xf0>)
10001ef8:	18fa      	adds	r2, r7, r3
10001efa:	4b36      	ldr	r3, [pc, #216]	@ (10001fd4 <pll_init+0xf4>)
10001efc:	429a      	cmp	r2, r3
10001efe:	d839      	bhi.n	10001f74 <pll_init+0x94>
10001f00:	0001      	movs	r1, r0
10001f02:	0038      	movs	r0, r7
10001f04:	f000 fa56 	bl	100023b4 <__wrap___aeabi_uidiv>
10001f08:	0002      	movs	r2, r0
10001f0a:	3a10      	subs	r2, #16
10001f0c:	2398      	movs	r3, #152	@ 0x98
10001f0e:	005b      	lsls	r3, r3, #1
10001f10:	429a      	cmp	r2, r3
10001f12:	d835      	bhi.n	10001f80 <pll_init+0xa0>
10001f14:	1e6b      	subs	r3, r5, #1
10001f16:	2b06      	cmp	r3, #6
10001f18:	d838      	bhi.n	10001f8c <pll_init+0xac>
10001f1a:	9b06      	ldr	r3, [sp, #24]
10001f1c:	3b01      	subs	r3, #1
10001f1e:	2b06      	cmp	r3, #6
10001f20:	d834      	bhi.n	10001f8c <pll_init+0xac>
10001f22:	093f      	lsrs	r7, r7, #4
10001f24:	4547      	cmp	r7, r8
10001f26:	d337      	bcc.n	10001f98 <pll_init+0xb8>
10001f28:	042d      	lsls	r5, r5, #16
10001f2a:	9b06      	ldr	r3, [sp, #24]
10001f2c:	031b      	lsls	r3, r3, #12
10001f2e:	431d      	orrs	r5, r3
10001f30:	6823      	ldr	r3, [r4, #0]
10001f32:	2b00      	cmp	r3, #0
10001f34:	db36      	blt.n	10001fa4 <pll_init+0xc4>
10001f36:	4b28      	ldr	r3, [pc, #160]	@ (10001fd8 <pll_init+0xf8>)
10001f38:	429c      	cmp	r4, r3
10001f3a:	d044      	beq.n	10001fc6 <pll_init+0xe6>
10001f3c:	220c      	movs	r2, #12
10001f3e:	2301      	movs	r3, #1
10001f40:	4093      	lsls	r3, r2
10001f42:	4a26      	ldr	r2, [pc, #152]	@ (10001fdc <pll_init+0xfc>)
10001f44:	6013      	str	r3, [r2, #0]
10001f46:	4a26      	ldr	r2, [pc, #152]	@ (10001fe0 <pll_init+0x100>)
10001f48:	6013      	str	r3, [r2, #0]
10001f4a:	4a26      	ldr	r2, [pc, #152]	@ (10001fe4 <pll_init+0x104>)
10001f4c:	6812      	ldr	r2, [r2, #0]
10001f4e:	0019      	movs	r1, r3
10001f50:	4391      	bics	r1, r2
10001f52:	1e0a      	subs	r2, r1, #0
10001f54:	d1f9      	bne.n	10001f4a <pll_init+0x6a>
10001f56:	6026      	str	r6, [r4, #0]
10001f58:	60a0      	str	r0, [r4, #8]
10001f5a:	4b23      	ldr	r3, [pc, #140]	@ (10001fe8 <pll_init+0x108>)
10001f5c:	18e3      	adds	r3, r4, r3
10001f5e:	3221      	adds	r2, #33	@ 0x21
10001f60:	601a      	str	r2, [r3, #0]
10001f62:	6822      	ldr	r2, [r4, #0]
10001f64:	2a00      	cmp	r2, #0
10001f66:	dafc      	bge.n	10001f62 <pll_init+0x82>
10001f68:	60e5      	str	r5, [r4, #12]
10001f6a:	2208      	movs	r2, #8
10001f6c:	601a      	str	r2, [r3, #0]
10001f6e:	bc80      	pop	{r7}
10001f70:	46b8      	mov	r8, r7
10001f72:	bdf0      	pop	{r4, r5, r6, r7, pc}
10001f74:	4b1d      	ldr	r3, [pc, #116]	@ (10001fec <pll_init+0x10c>)
10001f76:	4a1e      	ldr	r2, [pc, #120]	@ (10001ff0 <pll_init+0x110>)
10001f78:	481e      	ldr	r0, [pc, #120]	@ (10001ff4 <pll_init+0x114>)
10001f7a:	2111      	movs	r1, #17
10001f7c:	f002 faf2 	bl	10004564 <__assert_func>
10001f80:	4b1d      	ldr	r3, [pc, #116]	@ (10001ff8 <pll_init+0x118>)
10001f82:	4a1b      	ldr	r2, [pc, #108]	@ (10001ff0 <pll_init+0x110>)
10001f84:	481b      	ldr	r0, [pc, #108]	@ (10001ff4 <pll_init+0x114>)
10001f86:	2119      	movs	r1, #25
10001f88:	f002 faec 	bl	10004564 <__assert_func>
10001f8c:	4b1b      	ldr	r3, [pc, #108]	@ (10001ffc <pll_init+0x11c>)
10001f8e:	4a18      	ldr	r2, [pc, #96]	@ (10001ff0 <pll_init+0x110>)
10001f90:	4818      	ldr	r0, [pc, #96]	@ (10001ff4 <pll_init+0x114>)
10001f92:	211c      	movs	r1, #28
10001f94:	f002 fae6 	bl	10004564 <__assert_func>
10001f98:	4b19      	ldr	r3, [pc, #100]	@ (10002000 <pll_init+0x120>)
10001f9a:	4a15      	ldr	r2, [pc, #84]	@ (10001ff0 <pll_init+0x110>)
10001f9c:	4815      	ldr	r0, [pc, #84]	@ (10001ff4 <pll_init+0x114>)
10001f9e:	2123      	movs	r1, #35	@ 0x23
10001fa0:	f002 fae0 	bl	10004564 <__assert_func>
10001fa4:	6822      	ldr	r2, [r4, #0]
10001fa6:	233f      	movs	r3, #63	@ 0x3f
10001fa8:	4013      	ands	r3, r2
10001faa:	42b3      	cmp	r3, r6
10001fac:	d1c3      	bne.n	10001f36 <pll_init+0x56>
10001fae:	68a3      	ldr	r3, [r4, #8]
10001fb0:	051b      	lsls	r3, r3, #20
10001fb2:	0d1b      	lsrs	r3, r3, #20
10001fb4:	4283      	cmp	r3, r0
10001fb6:	d1be      	bne.n	10001f36 <pll_init+0x56>
10001fb8:	68e3      	ldr	r3, [r4, #12]
10001fba:	22ee      	movs	r2, #238	@ 0xee
10001fbc:	02d2      	lsls	r2, r2, #11
10001fbe:	4013      	ands	r3, r2
10001fc0:	42ab      	cmp	r3, r5
10001fc2:	d1b8      	bne.n	10001f36 <pll_init+0x56>
10001fc4:	e7d3      	b.n	10001f6e <pll_init+0x8e>
10001fc6:	220d      	movs	r2, #13
10001fc8:	e7b9      	b.n	10001f3e <pll_init+0x5e>
10001fca:	46c0      	nop			@ (mov r8, r8)
10001fcc:	00b71b00 	.word	0x00b71b00
10001fd0:	d34be880 	.word	0xd34be880
10001fd4:	32a9f880 	.word	0x32a9f880
10001fd8:	4002c000 	.word	0x4002c000
10001fdc:	4000e000 	.word	0x4000e000
10001fe0:	4000f000 	.word	0x4000f000
10001fe4:	4000c008 	.word	0x4000c008
10001fe8:	00003004 	.word	0x00003004
10001fec:	10008f0c 	.word	0x10008f0c
10001ff0:	10009970 	.word	0x10009970
10001ff4:	10008f5c 	.word	0x10008f5c
10001ff8:	10008fa0 	.word	0x10008fa0
10001ffc:	10008fbc 	.word	0x10008fbc
10002000:	10009008 	.word	0x10009008

10002004 <watchdog_update>:
10002004:	4b02      	ldr	r3, [pc, #8]	@ (10002010 <watchdog_update+0xc>)
10002006:	681a      	ldr	r2, [r3, #0]
10002008:	4b02      	ldr	r3, [pc, #8]	@ (10002014 <watchdog_update+0x10>)
1000200a:	605a      	str	r2, [r3, #4]
1000200c:	4770      	bx	lr
1000200e:	46c0      	nop			@ (mov r8, r8)
10002010:	20002ed4 	.word	0x20002ed4
10002014:	40058000 	.word	0x40058000

10002018 <_watchdog_enable>:
10002018:	b510      	push	{r4, lr}
1000201a:	4b18      	ldr	r3, [pc, #96]	@ (1000207c <_watchdog_enable+0x64>)
1000201c:	2280      	movs	r2, #128	@ 0x80
1000201e:	05d2      	lsls	r2, r2, #23
10002020:	601a      	str	r2, [r3, #0]
10002022:	4b17      	ldr	r3, [pc, #92]	@ (10002080 <_watchdog_enable+0x68>)
10002024:	4a17      	ldr	r2, [pc, #92]	@ (10002084 <_watchdog_enable+0x6c>)
10002026:	601a      	str	r2, [r3, #0]
10002028:	2900      	cmp	r1, #0
1000202a:	d00a      	beq.n	10002042 <_watchdog_enable+0x2a>
1000202c:	4b16      	ldr	r3, [pc, #88]	@ (10002088 <_watchdog_enable+0x70>)
1000202e:	22e0      	movs	r2, #224	@ 0xe0
10002030:	04d2      	lsls	r2, r2, #19
10002032:	601a      	str	r2, [r3, #0]
10002034:	2800      	cmp	r0, #0
10002036:	d109      	bne.n	1000204c <_watchdog_enable+0x34>
10002038:	4b13      	ldr	r3, [pc, #76]	@ (10002088 <_watchdog_enable+0x70>)
1000203a:	2280      	movs	r2, #128	@ 0x80
1000203c:	0612      	lsls	r2, r2, #24
1000203e:	601a      	str	r2, [r3, #0]
10002040:	bd10      	pop	{r4, pc}
10002042:	4b0e      	ldr	r3, [pc, #56]	@ (1000207c <_watchdog_enable+0x64>)
10002044:	22e0      	movs	r2, #224	@ 0xe0
10002046:	04d2      	lsls	r2, r2, #19
10002048:	601a      	str	r2, [r3, #0]
1000204a:	e7f3      	b.n	10002034 <_watchdog_enable+0x1c>
1000204c:	0143      	lsls	r3, r0, #5
1000204e:	1a1b      	subs	r3, r3, r0
10002050:	009b      	lsls	r3, r3, #2
10002052:	181a      	adds	r2, r3, r0
10002054:	00d2      	lsls	r2, r2, #3
10002056:	490d      	ldr	r1, [pc, #52]	@ (1000208c <_watchdog_enable+0x74>)
10002058:	600a      	str	r2, [r1, #0]
1000205a:	1818      	adds	r0, r3, r0
1000205c:	0100      	lsls	r0, r0, #4
1000205e:	6008      	str	r0, [r1, #0]
10002060:	2380      	movs	r3, #128	@ 0x80
10002062:	045b      	lsls	r3, r3, #17
10002064:	4298      	cmp	r0, r3
10002066:	d301      	bcc.n	1000206c <_watchdog_enable+0x54>
10002068:	4a09      	ldr	r2, [pc, #36]	@ (10002090 <_watchdog_enable+0x78>)
1000206a:	600a      	str	r2, [r1, #0]
1000206c:	f7ff ffca 	bl	10002004 <watchdog_update>
10002070:	4b05      	ldr	r3, [pc, #20]	@ (10002088 <_watchdog_enable+0x70>)
10002072:	2280      	movs	r2, #128	@ 0x80
10002074:	05d2      	lsls	r2, r2, #23
10002076:	601a      	str	r2, [r3, #0]
10002078:	e7e2      	b.n	10002040 <_watchdog_enable+0x28>
1000207a:	46c0      	nop			@ (mov r8, r8)
1000207c:	4005b000 	.word	0x4005b000
10002080:	40012008 	.word	0x40012008
10002084:	0001fffc 	.word	0x0001fffc
10002088:	4005a000 	.word	0x4005a000
1000208c:	20002ed4 	.word	0x20002ed4
10002090:	00ffffff 	.word	0x00ffffff

10002094 <watchdog_reboot>:
10002094:	b510      	push	{r4, lr}
10002096:	0003      	movs	r3, r0
10002098:	0010      	movs	r0, r2
1000209a:	4a0c      	ldr	r2, [pc, #48]	@ (100020cc <watchdog_reboot+0x38>)
1000209c:	2480      	movs	r4, #128	@ 0x80
1000209e:	05e4      	lsls	r4, r4, #23
100020a0:	6014      	str	r4, [r2, #0]
100020a2:	2b00      	cmp	r3, #0
100020a4:	d00d      	beq.n	100020c2 <watchdog_reboot+0x2e>
100020a6:	2201      	movs	r2, #1
100020a8:	4313      	orrs	r3, r2
100020aa:	4a09      	ldr	r2, [pc, #36]	@ (100020d0 <watchdog_reboot+0x3c>)
100020ac:	4c09      	ldr	r4, [pc, #36]	@ (100020d4 <watchdog_reboot+0x40>)
100020ae:	61d4      	str	r4, [r2, #28]
100020b0:	4c09      	ldr	r4, [pc, #36]	@ (100020d8 <watchdog_reboot+0x44>)
100020b2:	405c      	eors	r4, r3
100020b4:	6214      	str	r4, [r2, #32]
100020b6:	6251      	str	r1, [r2, #36]	@ 0x24
100020b8:	6293      	str	r3, [r2, #40]	@ 0x28
100020ba:	2100      	movs	r1, #0
100020bc:	f7ff ffac 	bl	10002018 <_watchdog_enable>
100020c0:	bd10      	pop	{r4, pc}
100020c2:	4b03      	ldr	r3, [pc, #12]	@ (100020d0 <watchdog_reboot+0x3c>)
100020c4:	2200      	movs	r2, #0
100020c6:	61da      	str	r2, [r3, #28]
100020c8:	e7f7      	b.n	100020ba <watchdog_reboot+0x26>
100020ca:	46c0      	nop			@ (mov r8, r8)
100020cc:	4005b000 	.word	0x4005b000
100020d0:	40058000 	.word	0x40058000
100020d4:	b007c0d3 	.word	0xb007c0d3
100020d8:	4ff83f2d 	.word	0x4ff83f2d

100020dc <tick_start>:
100020dc:	2380      	movs	r3, #128	@ 0x80
100020de:	009b      	lsls	r3, r3, #2
100020e0:	430b      	orrs	r3, r1
100020e2:	4a01      	ldr	r2, [pc, #4]	@ (100020e8 <tick_start+0xc>)
100020e4:	62d3      	str	r3, [r2, #44]	@ 0x2c
100020e6:	4770      	bx	lr
100020e8:	40058000 	.word	0x40058000

100020ec <rom_func_lookup>:
100020ec:	b510      	push	{r4, lr}
100020ee:	0001      	movs	r1, r0
100020f0:	2318      	movs	r3, #24
100020f2:	881b      	ldrh	r3, [r3, #0]
100020f4:	2214      	movs	r2, #20
100020f6:	8810      	ldrh	r0, [r2, #0]
100020f8:	4798      	blx	r3
100020fa:	bd10      	pop	{r4, pc}

100020fc <rom_data_lookup>:
100020fc:	b510      	push	{r4, lr}
100020fe:	0001      	movs	r1, r0
10002100:	2318      	movs	r3, #24
10002102:	881b      	ldrh	r3, [r3, #0]
10002104:	2216      	movs	r2, #22
10002106:	8810      	ldrh	r0, [r2, #0]
10002108:	4798      	blx	r3
1000210a:	bd10      	pop	{r4, pc}

1000210c <rom_funcs_lookup>:
1000210c:	b5f0      	push	{r4, r5, r6, r7, lr}
1000210e:	46c6      	mov	lr, r8
10002110:	b500      	push	{lr}
10002112:	0007      	movs	r7, r0
10002114:	000e      	movs	r6, r1
10002116:	2500      	movs	r5, #0
10002118:	2301      	movs	r3, #1
1000211a:	4698      	mov	r8, r3
1000211c:	e000      	b.n	10002120 <rom_funcs_lookup+0x14>
1000211e:	3501      	adds	r5, #1
10002120:	42b5      	cmp	r5, r6
10002122:	d20a      	bcs.n	1000213a <rom_funcs_lookup+0x2e>
10002124:	00ac      	lsls	r4, r5, #2
10002126:	193c      	adds	r4, r7, r4
10002128:	6820      	ldr	r0, [r4, #0]
1000212a:	f7ff ffdf 	bl	100020ec <rom_func_lookup>
1000212e:	6020      	str	r0, [r4, #0]
10002130:	2800      	cmp	r0, #0
10002132:	d1f4      	bne.n	1000211e <rom_funcs_lookup+0x12>
10002134:	2300      	movs	r3, #0
10002136:	4698      	mov	r8, r3
10002138:	e7f1      	b.n	1000211e <rom_funcs_lookup+0x12>
1000213a:	4640      	mov	r0, r8
1000213c:	bc80      	pop	{r7}
1000213e:	46b8      	mov	r8, r7
10002140:	bdf0      	pop	{r4, r5, r6, r7, pc}
	...

10002144 <rom_reset_usb_boot_extra>:
10002144:	b570      	push	{r4, r5, r6, lr}
10002146:	0004      	movs	r4, r0
10002148:	000d      	movs	r5, r1
1000214a:	4806      	ldr	r0, [pc, #24]	@ (10002164 <rom_reset_usb_boot_extra+0x20>)
1000214c:	f7ff ffce 	bl	100020ec <rom_func_lookup>
10002150:	0003      	movs	r3, r0
10002152:	2c00      	cmp	r4, #0
10002154:	db03      	blt.n	1000215e <rom_reset_usb_boot_extra+0x1a>
10002156:	2001      	movs	r0, #1
10002158:	40a0      	lsls	r0, r4
1000215a:	0029      	movs	r1, r5
1000215c:	4798      	blx	r3
1000215e:	2000      	movs	r0, #0
10002160:	e7fb      	b.n	1000215a <rom_reset_usb_boot_extra+0x16>
10002162:	46c0      	nop			@ (mov r8, r8)
10002164:	00004255 	.word	0x00004255

10002168 <xosc_init>:
10002168:	4b07      	ldr	r3, [pc, #28]	@ (10002188 <xosc_init+0x20>)
1000216a:	22aa      	movs	r2, #170	@ 0xaa
1000216c:	0112      	lsls	r2, r2, #4
1000216e:	601a      	str	r2, [r3, #0]
10002170:	228d      	movs	r2, #141	@ 0x8d
10002172:	0052      	lsls	r2, r2, #1
10002174:	60da      	str	r2, [r3, #12]
10002176:	4b05      	ldr	r3, [pc, #20]	@ (1000218c <xosc_init+0x24>)
10002178:	4a05      	ldr	r2, [pc, #20]	@ (10002190 <xosc_init+0x28>)
1000217a:	601a      	str	r2, [r3, #0]
1000217c:	4b02      	ldr	r3, [pc, #8]	@ (10002188 <xosc_init+0x20>)
1000217e:	685b      	ldr	r3, [r3, #4]
10002180:	2b00      	cmp	r3, #0
10002182:	dafb      	bge.n	1000217c <xosc_init+0x14>
10002184:	4770      	bx	lr
10002186:	46c0      	nop			@ (mov r8, r8)
10002188:	40024000 	.word	0x40024000
1000218c:	40026000 	.word	0x40026000
10002190:	00fab000 	.word	0x00fab000

10002194 <runtime_run_initializers_from>:
10002194:	b510      	push	{r4, lr}
10002196:	0004      	movs	r4, r0
10002198:	e001      	b.n	1000219e <runtime_run_initializers_from+0xa>
1000219a:	cc08      	ldmia	r4!, {r3}
1000219c:	4798      	blx	r3
1000219e:	4b02      	ldr	r3, [pc, #8]	@ (100021a8 <runtime_run_initializers_from+0x14>)
100021a0:	429c      	cmp	r4, r3
100021a2:	d3fa      	bcc.n	1000219a <runtime_run_initializers_from+0x6>
100021a4:	bd10      	pop	{r4, pc}
100021a6:	46c0      	nop			@ (mov r8, r8)
100021a8:	10008594 	.word	0x10008594

100021ac <first_per_core_initializer>:
100021ac:	4770      	bx	lr
	...

100021b0 <runtime_run_initializers>:
100021b0:	b510      	push	{r4, lr}
100021b2:	4802      	ldr	r0, [pc, #8]	@ (100021bc <runtime_run_initializers+0xc>)
100021b4:	f7ff ffee 	bl	10002194 <runtime_run_initializers_from>
100021b8:	bd10      	pop	{r4, pc}
100021ba:	46c0      	nop			@ (mov r8, r8)
100021bc:	10008558 	.word	0x10008558

100021c0 <runtime_init_early_resets>:
100021c0:	4b05      	ldr	r3, [pc, #20]	@ (100021d8 <runtime_init_early_resets+0x18>)
100021c2:	4a06      	ldr	r2, [pc, #24]	@ (100021dc <runtime_init_early_resets+0x1c>)
100021c4:	601a      	str	r2, [r3, #0]
100021c6:	4b06      	ldr	r3, [pc, #24]	@ (100021e0 <runtime_init_early_resets+0x20>)
100021c8:	4a06      	ldr	r2, [pc, #24]	@ (100021e4 <runtime_init_early_resets+0x24>)
100021ca:	601a      	str	r2, [r3, #0]
100021cc:	4b06      	ldr	r3, [pc, #24]	@ (100021e8 <runtime_init_early_resets+0x28>)
100021ce:	681a      	ldr	r2, [r3, #0]
100021d0:	4b04      	ldr	r3, [pc, #16]	@ (100021e4 <runtime_init_early_resets+0x24>)
100021d2:	4393      	bics	r3, r2
100021d4:	d1fa      	bne.n	100021cc <runtime_init_early_resets+0xc>
100021d6:	4770      	bx	lr
100021d8:	4000e000 	.word	0x4000e000
100021dc:	fefbcdbf 	.word	0xfefbcdbf
100021e0:	4000f000 	.word	0x4000f000
100021e4:	003c7ffe 	.word	0x003c7ffe
100021e8:	4000c008 	.word	0x4000c008

100021ec <runtime_init_usb_power_down>:
100021ec:	4b04      	ldr	r3, [pc, #16]	@ (10002200 <runtime_init_usb_power_down+0x14>)
100021ee:	6cdb      	ldr	r3, [r3, #76]	@ 0x4c
100021f0:	2b00      	cmp	r3, #0
100021f2:	d103      	bne.n	100021fc <runtime_init_usb_power_down+0x10>
100021f4:	4b03      	ldr	r3, [pc, #12]	@ (10002204 <runtime_init_usb_power_down+0x18>)
100021f6:	2280      	movs	r2, #128	@ 0x80
100021f8:	02d2      	lsls	r2, r2, #11
100021fa:	601a      	str	r2, [r3, #0]
100021fc:	4770      	bx	lr
100021fe:	46c0      	nop			@ (mov r8, r8)
10002200:	50110000 	.word	0x50110000
10002204:	5011204c 	.word	0x5011204c

10002208 <runtime_init_post_clock_resets>:
10002208:	4b04      	ldr	r3, [pc, #16]	@ (1000221c <runtime_init_post_clock_resets+0x14>)
1000220a:	4a05      	ldr	r2, [pc, #20]	@ (10002220 <runtime_init_post_clock_resets+0x18>)
1000220c:	601a      	str	r2, [r3, #0]
1000220e:	4b05      	ldr	r3, [pc, #20]	@ (10002224 <runtime_init_post_clock_resets+0x1c>)
10002210:	681b      	ldr	r3, [r3, #0]
10002212:	43db      	mvns	r3, r3
10002214:	01db      	lsls	r3, r3, #7
10002216:	d1fa      	bne.n	1000220e <runtime_init_post_clock_resets+0x6>
10002218:	4770      	bx	lr
1000221a:	46c0      	nop			@ (mov r8, r8)
1000221c:	4000f000 	.word	0x4000f000
10002220:	01ffffff 	.word	0x01ffffff
10002224:	4000c008 	.word	0x4000c008

10002228 <runtime_init_rp2040_gpio_ie_disable>:
10002228:	4b03      	ldr	r3, [pc, #12]	@ (10002238 <runtime_init_rp2040_gpio_ie_disable+0x10>)
1000222a:	2240      	movs	r2, #64	@ 0x40
1000222c:	679a      	str	r2, [r3, #120]	@ 0x78
1000222e:	675a      	str	r2, [r3, #116]	@ 0x74
10002230:	671a      	str	r2, [r3, #112]	@ 0x70
10002232:	66da      	str	r2, [r3, #108]	@ 0x6c
10002234:	4770      	bx	lr
10002236:	46c0      	nop			@ (mov r8, r8)
10002238:	4001f000 	.word	0x4001f000

1000223c <runtime_init_spin_locks_reset>:
1000223c:	b510      	push	{r4, lr}
1000223e:	f7fe fe9d 	bl	10000f7c <spin_locks_reset>
10002242:	bd10      	pop	{r4, pc}

10002244 <runtime_init_install_ram_vector_table>:
10002244:	b570      	push	{r4, r5, r6, lr}
10002246:	4d04      	ldr	r5, [pc, #16]	@ (10002258 <runtime_init_install_ram_vector_table+0x14>)
10002248:	68a9      	ldr	r1, [r5, #8]
1000224a:	4c04      	ldr	r4, [pc, #16]	@ (1000225c <runtime_init_install_ram_vector_table+0x18>)
1000224c:	22c0      	movs	r2, #192	@ 0xc0
1000224e:	0020      	movs	r0, r4
10002250:	f001 f852 	bl	100032f8 <__wrap___aeabi_memcpy>
10002254:	60ac      	str	r4, [r5, #8]
10002256:	bd70      	pop	{r4, r5, r6, pc}
10002258:	e000ed00 	.word	0xe000ed00
1000225c:	20000000 	.word	0x20000000

10002260 <start_all_ticks>:
10002260:	b570      	push	{r4, r5, r6, lr}
10002262:	2004      	movs	r0, #4
10002264:	f7ff fe36 	bl	10001ed4 <clock_get_hz>
10002268:	4906      	ldr	r1, [pc, #24]	@ (10002284 <start_all_ticks+0x24>)
1000226a:	f000 f8a3 	bl	100023b4 <__wrap___aeabi_uidiv>
1000226e:	0005      	movs	r5, r0
10002270:	2400      	movs	r4, #0
10002272:	2c00      	cmp	r4, #0
10002274:	dd00      	ble.n	10002278 <start_all_ticks+0x18>
10002276:	bd70      	pop	{r4, r5, r6, pc}
10002278:	b2e0      	uxtb	r0, r4
1000227a:	0029      	movs	r1, r5
1000227c:	f7ff ff2e 	bl	100020dc <tick_start>
10002280:	3401      	adds	r4, #1
10002282:	e7f6      	b.n	10002272 <start_all_ticks+0x12>
10002284:	000f4240 	.word	0x000f4240

10002288 <runtime_init_clocks>:
10002288:	b530      	push	{r4, r5, lr}
1000228a:	b083      	sub	sp, #12
1000228c:	4b27      	ldr	r3, [pc, #156]	@ (1000232c <runtime_init_clocks+0xa4>)
1000228e:	2200      	movs	r2, #0
10002290:	679a      	str	r2, [r3, #120]	@ 0x78
10002292:	f7ff ff69 	bl	10002168 <xosc_init>
10002296:	4b26      	ldr	r3, [pc, #152]	@ (10002330 <runtime_init_clocks+0xa8>)
10002298:	2201      	movs	r2, #1
1000229a:	601a      	str	r2, [r3, #0]
1000229c:	4b23      	ldr	r3, [pc, #140]	@ (1000232c <runtime_init_clocks+0xa4>)
1000229e:	6c5b      	ldr	r3, [r3, #68]	@ 0x44
100022a0:	2b01      	cmp	r3, #1
100022a2:	d1fb      	bne.n	1000229c <runtime_init_clocks+0x14>
100022a4:	4b23      	ldr	r3, [pc, #140]	@ (10002334 <runtime_init_clocks+0xac>)
100022a6:	2203      	movs	r2, #3
100022a8:	601a      	str	r2, [r3, #0]
100022aa:	4b20      	ldr	r3, [pc, #128]	@ (1000232c <runtime_init_clocks+0xa4>)
100022ac:	6b9b      	ldr	r3, [r3, #56]	@ 0x38
100022ae:	2b01      	cmp	r3, #1
100022b0:	d1fb      	bne.n	100022aa <runtime_init_clocks+0x22>
100022b2:	3301      	adds	r3, #1
100022b4:	9300      	str	r3, [sp, #0]
100022b6:	3304      	adds	r3, #4
100022b8:	4a1f      	ldr	r2, [pc, #124]	@ (10002338 <runtime_init_clocks+0xb0>)
100022ba:	2101      	movs	r1, #1
100022bc:	481f      	ldr	r0, [pc, #124]	@ (1000233c <runtime_init_clocks+0xb4>)
100022be:	f7ff fe0f 	bl	10001ee0 <pll_init>
100022c2:	2305      	movs	r3, #5
100022c4:	9300      	str	r3, [sp, #0]
100022c6:	4a1e      	ldr	r2, [pc, #120]	@ (10002340 <runtime_init_clocks+0xb8>)
100022c8:	2101      	movs	r1, #1
100022ca:	481e      	ldr	r0, [pc, #120]	@ (10002344 <runtime_init_clocks+0xbc>)
100022cc:	f7ff fe08 	bl	10001ee0 <pll_init>
100022d0:	4b1d      	ldr	r3, [pc, #116]	@ (10002348 <runtime_init_clocks+0xc0>)
100022d2:	2200      	movs	r2, #0
100022d4:	2102      	movs	r1, #2
100022d6:	2004      	movs	r0, #4
100022d8:	f7ff fdf2 	bl	10001ec0 <clock_configure_undivided>
100022dc:	4d1b      	ldr	r5, [pc, #108]	@ (1000234c <runtime_init_clocks+0xc4>)
100022de:	002b      	movs	r3, r5
100022e0:	2200      	movs	r2, #0
100022e2:	2101      	movs	r1, #1
100022e4:	2005      	movs	r0, #5
100022e6:	f7ff fdeb 	bl	10001ec0 <clock_configure_undivided>
100022ea:	4c19      	ldr	r4, [pc, #100]	@ (10002350 <runtime_init_clocks+0xc8>)
100022ec:	0023      	movs	r3, r4
100022ee:	2200      	movs	r2, #0
100022f0:	2100      	movs	r1, #0
100022f2:	2007      	movs	r0, #7
100022f4:	f7ff fde4 	bl	10001ec0 <clock_configure_undivided>
100022f8:	0023      	movs	r3, r4
100022fa:	2200      	movs	r2, #0
100022fc:	2100      	movs	r1, #0
100022fe:	2008      	movs	r0, #8
10002300:	f7ff fdde 	bl	10001ec0 <clock_configure_undivided>
10002304:	2380      	movs	r3, #128	@ 0x80
10002306:	00db      	lsls	r3, r3, #3
10002308:	9300      	str	r3, [sp, #0]
1000230a:	0023      	movs	r3, r4
1000230c:	2200      	movs	r2, #0
1000230e:	2100      	movs	r1, #0
10002310:	2009      	movs	r0, #9
10002312:	f7ff fdc1 	bl	10001e98 <clock_configure_int_divider>
10002316:	002b      	movs	r3, r5
10002318:	2200      	movs	r2, #0
1000231a:	2100      	movs	r1, #0
1000231c:	2006      	movs	r0, #6
1000231e:	f7ff fdcf 	bl	10001ec0 <clock_configure_undivided>
10002322:	f7ff ff9d 	bl	10002260 <start_all_ticks>
10002326:	b003      	add	sp, #12
10002328:	bd30      	pop	{r4, r5, pc}
1000232a:	46c0      	nop			@ (mov r8, r8)
1000232c:	40008000 	.word	0x40008000
10002330:	4000b03c 	.word	0x4000b03c
10002334:	4000b030 	.word	0x4000b030
10002338:	59682f00 	.word	0x59682f00
1000233c:	40028000 	.word	0x40028000
10002340:	47868c00 	.word	0x47868c00
10002344:	4002c000 	.word	0x4002c000
10002348:	00b71b00 	.word	0x00b71b00
1000234c:	07735940 	.word	0x07735940
10002350:	02dc6c00 	.word	0x02dc6c00

10002354 <__aeabi_bits_init>:
10002354:	4801      	ldr	r0, [pc, #4]	@ (1000235c <__aeabi_bits_init+0x8>)
10002356:	2104      	movs	r1, #4
10002358:	4b01      	ldr	r3, [pc, #4]	@ (10002360 <__aeabi_bits_init+0xc>)
1000235a:	4718      	bx	r3
1000235c:	20001b10 	.word	0x20001b10
10002360:	1000210d 	.word	0x1000210d

10002364 <__wrap___aeabi_idiv>:
10002364:	4a12      	ldr	r2, [pc, #72]	@ (100023b0 <divmod_s32s32_savestate+0x18>)
10002366:	6f93      	ldr	r3, [r2, #120]	@ 0x78
10002368:	089b      	lsrs	r3, r3, #2
1000236a:	d215      	bcs.n	10002398 <divmod_s32s32_savestate>

1000236c <divmod_s32s32_unsafe>:
1000236c:	6690      	str	r0, [r2, #104]	@ 0x68
1000236e:	66d1      	str	r1, [r2, #108]	@ 0x6c
10002370:	2900      	cmp	r1, #0
10002372:	d005      	beq.n	10002380 <divmod_s32s32_unsafe+0x14>
10002374:	e7ff      	b.n	10002376 <divmod_s32s32_unsafe+0xa>
10002376:	e7ff      	b.n	10002378 <divmod_s32s32_unsafe+0xc>
10002378:	e7ff      	b.n	1000237a <divmod_s32s32_unsafe+0xe>
1000237a:	6f51      	ldr	r1, [r2, #116]	@ 0x74
1000237c:	6f10      	ldr	r0, [r2, #112]	@ 0x70
1000237e:	4770      	bx	lr
10002380:	b504      	push	{r2, lr}
10002382:	2180      	movs	r1, #128	@ 0x80
10002384:	0609      	lsls	r1, r1, #24
10002386:	17c2      	asrs	r2, r0, #31
10002388:	4051      	eors	r1, r2
1000238a:	2800      	cmp	r0, #0
1000238c:	d000      	beq.n	10002390 <divmod_s32s32_unsafe+0x24>
1000238e:	43c8      	mvns	r0, r1
10002390:	f006 f89a 	bl	100084c8 <____aeabi_idiv0_veneer>
10002394:	2100      	movs	r1, #0
10002396:	bd04      	pop	{r2, pc}

10002398 <divmod_s32s32_savestate>:
10002398:	b5f0      	push	{r4, r5, r6, r7, lr}
1000239a:	6e14      	ldr	r4, [r2, #96]	@ 0x60
1000239c:	6e55      	ldr	r5, [r2, #100]	@ 0x64
1000239e:	6f57      	ldr	r7, [r2, #116]	@ 0x74
100023a0:	6f16      	ldr	r6, [r2, #112]	@ 0x70
100023a2:	f7ff ffe3 	bl	1000236c <divmod_s32s32_unsafe>
100023a6:	6614      	str	r4, [r2, #96]	@ 0x60
100023a8:	6655      	str	r5, [r2, #100]	@ 0x64
100023aa:	6757      	str	r7, [r2, #116]	@ 0x74
100023ac:	6716      	str	r6, [r2, #112]	@ 0x70
100023ae:	bdf0      	pop	{r4, r5, r6, r7, pc}
100023b0:	d0000000 	.word	0xd0000000

100023b4 <__wrap___aeabi_uidiv>:
100023b4:	4a11      	ldr	r2, [pc, #68]	@ (100023fc <divmod_u32u32_savestate+0x18>)
100023b6:	6f93      	ldr	r3, [r2, #120]	@ 0x78
100023b8:	089b      	lsrs	r3, r3, #2
100023ba:	d213      	bcs.n	100023e4 <divmod_u32u32_savestate>

100023bc <divmod_u32u32_unsafe>:
100023bc:	6610      	str	r0, [r2, #96]	@ 0x60
100023be:	6651      	str	r1, [r2, #100]	@ 0x64
100023c0:	2900      	cmp	r1, #0
100023c2:	d005      	beq.n	100023d0 <divmod_u32u32_unsafe+0x14>
100023c4:	e7ff      	b.n	100023c6 <divmod_u32u32_unsafe+0xa>
100023c6:	e7ff      	b.n	100023c8 <divmod_u32u32_unsafe+0xc>
100023c8:	e7ff      	b.n	100023ca <divmod_u32u32_unsafe+0xe>
100023ca:	6f51      	ldr	r1, [r2, #116]	@ 0x74
100023cc:	6f10      	ldr	r0, [r2, #112]	@ 0x70
100023ce:	4770      	bx	lr
100023d0:	b504      	push	{r2, lr}
100023d2:	2800      	cmp	r0, #0
100023d4:	d001      	beq.n	100023da <divmod_u32u32_unsafe+0x1e>
100023d6:	2000      	movs	r0, #0
100023d8:	43c0      	mvns	r0, r0
100023da:	f006 f875 	bl	100084c8 <____aeabi_idiv0_veneer>
100023de:	2100      	movs	r1, #0
100023e0:	bd04      	pop	{r2, pc}
100023e2:	46c0      	nop			@ (mov r8, r8)

100023e4 <divmod_u32u32_savestate>:
100023e4:	b5f0      	push	{r4, r5, r6, r7, lr}
100023e6:	6e14      	ldr	r4, [r2, #96]	@ 0x60
100023e8:	6e55      	ldr	r5, [r2, #100]	@ 0x64
100023ea:	6f57      	ldr	r7, [r2, #116]	@ 0x74
100023ec:	6f16      	ldr	r6, [r2, #112]	@ 0x70
100023ee:	f7ff ffe5 	bl	100023bc <divmod_u32u32_unsafe>
100023f2:	6614      	str	r4, [r2, #96]	@ 0x60
100023f4:	6655      	str	r5, [r2, #100]	@ 0x64
100023f6:	6757      	str	r7, [r2, #116]	@ 0x74
100023f8:	6716      	str	r6, [r2, #112]	@ 0x70
100023fa:	bdf0      	pop	{r4, r5, r6, r7, pc}
100023fc:	d0000000 	.word	0xd0000000

10002400 <__wrap___aeabi_ldivmod>:
10002400:	4694      	mov	ip, r2
10002402:	4a4a      	ldr	r2, [pc, #296]	@ (1000252c <udiv0+0x1a>)
10002404:	6f92      	ldr	r2, [r2, #120]	@ 0x78
10002406:	0892      	lsrs	r2, r2, #2
10002408:	4662      	mov	r2, ip
1000240a:	d201      	bcs.n	10002410 <divmod_s64s64_savestate>
1000240c:	e028      	b.n	10002460 <divmod_s64s64_unsafe>
1000240e:	46c0      	nop			@ (mov r8, r8)

10002410 <divmod_s64s64_savestate>:
10002410:	b5f0      	push	{r4, r5, r6, r7, lr}
10002412:	4e46      	ldr	r6, [pc, #280]	@ (1000252c <udiv0+0x1a>)
10002414:	6e34      	ldr	r4, [r6, #96]	@ 0x60
10002416:	6e75      	ldr	r5, [r6, #100]	@ 0x64
10002418:	6f77      	ldr	r7, [r6, #116]	@ 0x74
1000241a:	6f36      	ldr	r6, [r6, #112]	@ 0x70
1000241c:	f000 f820 	bl	10002460 <divmod_s64s64_unsafe>
10002420:	4694      	mov	ip, r2
10002422:	4a42      	ldr	r2, [pc, #264]	@ (1000252c <udiv0+0x1a>)
10002424:	6614      	str	r4, [r2, #96]	@ 0x60
10002426:	6655      	str	r5, [r2, #100]	@ 0x64
10002428:	6757      	str	r7, [r2, #116]	@ 0x74
1000242a:	6716      	str	r6, [r2, #112]	@ 0x70
1000242c:	4662      	mov	r2, ip
1000242e:	bdf0      	pop	{r4, r5, r6, r7, pc}

10002430 <__wrap___aeabi_uldivmod>:
10002430:	4694      	mov	ip, r2
10002432:	4a3e      	ldr	r2, [pc, #248]	@ (1000252c <udiv0+0x1a>)
10002434:	6f92      	ldr	r2, [r2, #120]	@ 0x78
10002436:	0892      	lsrs	r2, r2, #2
10002438:	4662      	mov	r2, ip
1000243a:	d201      	bcs.n	10002440 <divmod_u64u64_savestate>
1000243c:	e054      	b.n	100024e8 <divmod_u64u64_unsafe>
1000243e:	46c0      	nop			@ (mov r8, r8)

10002440 <divmod_u64u64_savestate>:
10002440:	b5f0      	push	{r4, r5, r6, r7, lr}
10002442:	4e3a      	ldr	r6, [pc, #232]	@ (1000252c <udiv0+0x1a>)
10002444:	6e34      	ldr	r4, [r6, #96]	@ 0x60
10002446:	6e75      	ldr	r5, [r6, #100]	@ 0x64
10002448:	6f77      	ldr	r7, [r6, #116]	@ 0x74
1000244a:	6f36      	ldr	r6, [r6, #112]	@ 0x70
1000244c:	f000 f84c 	bl	100024e8 <divmod_u64u64_unsafe>
10002450:	4694      	mov	ip, r2
10002452:	4a36      	ldr	r2, [pc, #216]	@ (1000252c <udiv0+0x1a>)
10002454:	6614      	str	r4, [r2, #96]	@ 0x60
10002456:	6655      	str	r5, [r2, #100]	@ 0x64
10002458:	6757      	str	r7, [r2, #116]	@ 0x74
1000245a:	6716      	str	r6, [r2, #112]	@ 0x70
1000245c:	4662      	mov	r2, ip
1000245e:	bdf0      	pop	{r4, r5, r6, r7, pc}

10002460 <divmod_s64s64_unsafe>:
10002460:	2b00      	cmp	r3, #0
10002462:	db24      	blt.n	100024ae <l42_1+0x26>
10002464:	d011      	beq.n	1000248a <l42_1+0x2>
10002466:	2900      	cmp	r1, #0
10002468:	da3e      	bge.n	100024e8 <divmod_u64u64_unsafe>
1000246a:	b500      	push	{lr}
1000246c:	43c9      	mvns	r1, r1
1000246e:	4240      	negs	r0, r0
10002470:	d100      	bne.n	10002474 <l40_1>
10002472:	3101      	adds	r1, #1

10002474 <l40_1>:
10002474:	f000 f838 	bl	100024e8 <divmod_u64u64_unsafe>
10002478:	43c9      	mvns	r1, r1
1000247a:	4240      	negs	r0, r0
1000247c:	d100      	bne.n	10002480 <l41_1>
1000247e:	3101      	adds	r1, #1

10002480 <l41_1>:
10002480:	43db      	mvns	r3, r3
10002482:	4252      	negs	r2, r2
10002484:	d100      	bne.n	10002488 <l42_1>
10002486:	3301      	adds	r3, #1

10002488 <l42_1>:
10002488:	bd00      	pop	{pc}
1000248a:	2a00      	cmp	r2, #0
1000248c:	d1eb      	bne.n	10002466 <divmod_s64s64_unsafe+0x6>
1000248e:	2800      	cmp	r0, #0
10002490:	d101      	bne.n	10002496 <l42_1+0xe>
10002492:	2900      	cmp	r1, #0
10002494:	d005      	beq.n	100024a2 <l42_1+0x1a>
10002496:	2000      	movs	r0, #0
10002498:	0fc9      	lsrs	r1, r1, #31
1000249a:	07c9      	lsls	r1, r1, #31
1000249c:	d101      	bne.n	100024a2 <l42_1+0x1a>
1000249e:	43c0      	mvns	r0, r0
100024a0:	0841      	lsrs	r1, r0, #1
100024a2:	b500      	push	{lr}
100024a4:	f006 f800 	bl	100084a8 <____aeabi_ldiv0_veneer>
100024a8:	2200      	movs	r2, #0
100024aa:	2300      	movs	r3, #0
100024ac:	bd00      	pop	{pc}
100024ae:	b500      	push	{lr}
100024b0:	2900      	cmp	r1, #0
100024b2:	db0a      	blt.n	100024ca <l44_1+0x2>
100024b4:	43db      	mvns	r3, r3
100024b6:	4252      	negs	r2, r2
100024b8:	d100      	bne.n	100024bc <l43_1>
100024ba:	3301      	adds	r3, #1

100024bc <l43_1>:
100024bc:	f000 f814 	bl	100024e8 <divmod_u64u64_unsafe>
100024c0:	43c9      	mvns	r1, r1
100024c2:	4240      	negs	r0, r0
100024c4:	d100      	bne.n	100024c8 <l44_1>
100024c6:	3101      	adds	r1, #1

100024c8 <l44_1>:
100024c8:	bd00      	pop	{pc}
100024ca:	43c9      	mvns	r1, r1
100024cc:	4240      	negs	r0, r0
100024ce:	d100      	bne.n	100024d2 <l45_1>
100024d0:	3101      	adds	r1, #1

100024d2 <l45_1>:
100024d2:	43db      	mvns	r3, r3
100024d4:	4252      	negs	r2, r2
100024d6:	d100      	bne.n	100024da <l46_1>
100024d8:	3301      	adds	r3, #1

100024da <l46_1>:
100024da:	f000 f805 	bl	100024e8 <divmod_u64u64_unsafe>
100024de:	43db      	mvns	r3, r3
100024e0:	4252      	negs	r2, r2
100024e2:	d100      	bne.n	100024e6 <l47_1>
100024e4:	3301      	adds	r3, #1

100024e6 <l47_1>:
100024e6:	bd00      	pop	{pc}

100024e8 <divmod_u64u64_unsafe>:
100024e8:	2900      	cmp	r1, #0
100024ea:	d123      	bne.n	10002534 <y64>
100024ec:	2b00      	cmp	r3, #0
100024ee:	d118      	bne.n	10002522 <udiv0+0x10>
100024f0:	2a00      	cmp	r2, #0
100024f2:	d00c      	beq.n	1000250e <divmod_u64u64_unsafe+0x26>
100024f4:	46bc      	mov	ip, r7
100024f6:	4f0d      	ldr	r7, [pc, #52]	@ (1000252c <udiv0+0x1a>)
100024f8:	6638      	str	r0, [r7, #96]	@ 0x60
100024fa:	667a      	str	r2, [r7, #100]	@ 0x64
100024fc:	2100      	movs	r1, #0
100024fe:	2300      	movs	r3, #0
10002500:	e7ff      	b.n	10002502 <divmod_u64u64_unsafe+0x1a>
10002502:	e7ff      	b.n	10002504 <divmod_u64u64_unsafe+0x1c>
10002504:	e7ff      	b.n	10002506 <divmod_u64u64_unsafe+0x1e>
10002506:	6f7a      	ldr	r2, [r7, #116]	@ 0x74
10002508:	6f38      	ldr	r0, [r7, #112]	@ 0x70
1000250a:	4667      	mov	r7, ip
1000250c:	4770      	bx	lr
1000250e:	2800      	cmp	r0, #0
10002510:	d001      	beq.n	10002516 <udiv0+0x4>

10002512 <udiv0>:
10002512:	4807      	ldr	r0, [pc, #28]	@ (10002530 <udiv0+0x1e>)
10002514:	0001      	movs	r1, r0
10002516:	b500      	push	{lr}
10002518:	f005 ffc6 	bl	100084a8 <____aeabi_ldiv0_veneer>
1000251c:	2200      	movs	r2, #0
1000251e:	2300      	movs	r3, #0
10002520:	bd00      	pop	{pc}
10002522:	0002      	movs	r2, r0
10002524:	000b      	movs	r3, r1
10002526:	2000      	movs	r0, #0
10002528:	2100      	movs	r1, #0
1000252a:	4770      	bx	lr
1000252c:	d0000000 	.word	0xd0000000
10002530:	ffffffff 	.word	0xffffffff

10002534 <y64>:
10002534:	2b00      	cmp	r3, #0
10002536:	d000      	beq.n	1000253a <y64+0x6>
10002538:	e0bf      	b.n	100026ba <y64_x48>
1000253a:	0c13      	lsrs	r3, r2, #16
1000253c:	d128      	bne.n	10002590 <y64_x32>
1000253e:	2a00      	cmp	r2, #0
10002540:	d0e7      	beq.n	10002512 <udiv0>
10002542:	b480      	push	{r7}
10002544:	4f11      	ldr	r7, [pc, #68]	@ (1000258c <y64+0x58>)
10002546:	6639      	str	r1, [r7, #96]	@ 0x60
10002548:	667a      	str	r2, [r7, #100]	@ 0x64
1000254a:	e7ff      	b.n	1000254c <y64+0x18>
1000254c:	e7ff      	b.n	1000254e <y64+0x1a>
1000254e:	b430      	push	{r4, r5}
10002550:	0c04      	lsrs	r4, r0, #16
10002552:	6f7b      	ldr	r3, [r7, #116]	@ 0x74
10002554:	6f39      	ldr	r1, [r7, #112]	@ 0x70
10002556:	041b      	lsls	r3, r3, #16
10002558:	4323      	orrs	r3, r4
1000255a:	663b      	str	r3, [r7, #96]	@ 0x60
1000255c:	667a      	str	r2, [r7, #100]	@ 0x64
1000255e:	e7ff      	b.n	10002560 <y64+0x2c>
10002560:	e7ff      	b.n	10002562 <y64+0x2e>
10002562:	e7ff      	b.n	10002564 <y64+0x30>
10002564:	46c0      	nop			@ (mov r8, r8)
10002566:	b284      	uxth	r4, r0
10002568:	6f7b      	ldr	r3, [r7, #116]	@ 0x74
1000256a:	6f3d      	ldr	r5, [r7, #112]	@ 0x70
1000256c:	041b      	lsls	r3, r3, #16
1000256e:	4323      	orrs	r3, r4
10002570:	663b      	str	r3, [r7, #96]	@ 0x60
10002572:	667a      	str	r2, [r7, #100]	@ 0x64
10002574:	e7ff      	b.n	10002576 <y64+0x42>
10002576:	e7ff      	b.n	10002578 <y64+0x44>
10002578:	46c0      	nop			@ (mov r8, r8)
1000257a:	2300      	movs	r3, #0
1000257c:	042c      	lsls	r4, r5, #16
1000257e:	0c2d      	lsrs	r5, r5, #16
10002580:	6f7a      	ldr	r2, [r7, #116]	@ 0x74
10002582:	6f38      	ldr	r0, [r7, #112]	@ 0x70
10002584:	1900      	adds	r0, r0, r4
10002586:	4169      	adcs	r1, r5
10002588:	bcb0      	pop	{r4, r5, r7}
1000258a:	4770      	bx	lr
1000258c:	d0000000 	.word	0xd0000000

10002590 <y64_x32>:
10002590:	b5f0      	push	{r4, r5, r6, r7, lr}
10002592:	4694      	mov	ip, r2
10002594:	2500      	movs	r5, #0
10002596:	0e14      	lsrs	r4, r2, #24
10002598:	d101      	bne.n	1000259e <y64_x32+0xe>
1000259a:	0212      	lsls	r2, r2, #8
1000259c:	3508      	adds	r5, #8
1000259e:	0f14      	lsrs	r4, r2, #28
100025a0:	d101      	bne.n	100025a6 <y64_x32+0x16>
100025a2:	0112      	lsls	r2, r2, #4
100025a4:	3504      	adds	r5, #4
100025a6:	0f94      	lsrs	r4, r2, #30
100025a8:	d101      	bne.n	100025ae <y64_x32+0x1e>
100025aa:	0092      	lsls	r2, r2, #2
100025ac:	3502      	adds	r5, #2
100025ae:	0fd4      	lsrs	r4, r2, #31
100025b0:	d101      	bne.n	100025b6 <y64_x32+0x26>
100025b2:	0052      	lsls	r2, r2, #1
100025b4:	3501      	adds	r5, #1
100025b6:	0bd4      	lsrs	r4, r2, #15
100025b8:	3401      	adds	r4, #1
100025ba:	4f25      	ldr	r7, [pc, #148]	@ (10002650 <y64_x32+0xc0>)
100025bc:	667c      	str	r4, [r7, #100]	@ 0x64
100025be:	4c25      	ldr	r4, [pc, #148]	@ (10002654 <y64_x32+0xc4>)
100025c0:	663c      	str	r4, [r7, #96]	@ 0x60
100025c2:	0c0e      	lsrs	r6, r1, #16
100025c4:	b293      	uxth	r3, r2
100025c6:	e7ff      	b.n	100025c8 <y64_x32+0x38>
100025c8:	e7ff      	b.n	100025ca <y64_x32+0x3a>
100025ca:	e7ff      	b.n	100025cc <y64_x32+0x3c>
100025cc:	6f3c      	ldr	r4, [r7, #112]	@ 0x70
100025ce:	4366      	muls	r6, r4
100025d0:	0c36      	lsrs	r6, r6, #16
100025d2:	0377      	lsls	r7, r6, #13
100025d4:	46be      	mov	lr, r7
100025d6:	4373      	muls	r3, r6
100025d8:	0bdf      	lsrs	r7, r3, #15
100025da:	045b      	lsls	r3, r3, #17
100025dc:	1ac0      	subs	r0, r0, r3
100025de:	41b9      	sbcs	r1, r7
100025e0:	0c13      	lsrs	r3, r2, #16
100025e2:	4373      	muls	r3, r6
100025e4:	18db      	adds	r3, r3, r3
100025e6:	1ac9      	subs	r1, r1, r3
100025e8:	08ce      	lsrs	r6, r1, #3
100025ea:	4366      	muls	r6, r4
100025ec:	0c36      	lsrs	r6, r6, #16
100025ee:	44b6      	add	lr, r6
100025f0:	b293      	uxth	r3, r2
100025f2:	4373      	muls	r3, r6
100025f4:	0f1f      	lsrs	r7, r3, #28
100025f6:	011b      	lsls	r3, r3, #4
100025f8:	1ac0      	subs	r0, r0, r3
100025fa:	41b9      	sbcs	r1, r7
100025fc:	0c13      	lsrs	r3, r2, #16
100025fe:	4373      	muls	r3, r6
10002600:	0b1f      	lsrs	r7, r3, #12
10002602:	051b      	lsls	r3, r3, #20
10002604:	1ac0      	subs	r0, r0, r3
10002606:	41b9      	sbcs	r1, r7
10002608:	0d86      	lsrs	r6, r0, #22
1000260a:	028f      	lsls	r7, r1, #10
1000260c:	433e      	orrs	r6, r7
1000260e:	4366      	muls	r6, r4
10002610:	0c36      	lsrs	r6, r6, #16
10002612:	2d09      	cmp	r5, #9
10002614:	db24      	blt.n	10002660 <last0>
10002616:	0a52      	lsrs	r2, r2, #9
10002618:	4372      	muls	r2, r6
1000261a:	1a80      	subs	r0, r0, r2
1000261c:	0377      	lsls	r7, r6, #13
1000261e:	0a46      	lsrs	r6, r0, #9
10002620:	4366      	muls	r6, r4
10002622:	0c36      	lsrs	r6, r6, #16
10002624:	2316      	movs	r3, #22
10002626:	1b5b      	subs	r3, r3, r5
10002628:	40de      	lsrs	r6, r3
1000262a:	40df      	lsrs	r7, r3
1000262c:	19bf      	adds	r7, r7, r6
1000262e:	4664      	mov	r4, ip
10002630:	4366      	muls	r6, r4
10002632:	1b82      	subs	r2, r0, r6
10002634:	4670      	mov	r0, lr
10002636:	3504      	adds	r5, #4
10002638:	3306      	adds	r3, #6
1000263a:	0001      	movs	r1, r0
1000263c:	40d9      	lsrs	r1, r3
1000263e:	40a8      	lsls	r0, r5
10002640:	19c0      	adds	r0, r0, r7
10002642:	d300      	bcc.n	10002646 <y64_x32+0xb6>
10002644:	3101      	adds	r1, #1
10002646:	42a2      	cmp	r2, r4
10002648:	d206      	bcs.n	10002658 <y64_x32+0xc8>
1000264a:	2300      	movs	r3, #0
1000264c:	bdf0      	pop	{r4, r5, r6, r7, pc}
1000264e:	0000      	.short	0x0000
10002650:	d0000000 	.word	0xd0000000
10002654:	ffffffff 	.word	0xffffffff
10002658:	1b12      	subs	r2, r2, r4
1000265a:	3001      	adds	r0, #1
1000265c:	d3f3      	bcc.n	10002646 <y64_x32+0xb6>
1000265e:	e7f1      	b.n	10002644 <y64_x32+0xb4>

10002660 <last0>:
10002660:	2709      	movs	r7, #9
10002662:	1b7f      	subs	r7, r7, r5
10002664:	40fe      	lsrs	r6, r7
10002666:	4664      	mov	r4, ip
10002668:	b2a2      	uxth	r2, r4
1000266a:	4372      	muls	r2, r6
1000266c:	1a80      	subs	r0, r0, r2
1000266e:	d200      	bcs.n	10002672 <last0+0x12>
10002670:	3901      	subs	r1, #1
10002672:	0c22      	lsrs	r2, r4, #16
10002674:	4372      	muls	r2, r6
10002676:	0c13      	lsrs	r3, r2, #16
10002678:	0412      	lsls	r2, r2, #16
1000267a:	1a82      	subs	r2, r0, r2
1000267c:	4199      	sbcs	r1, r3
1000267e:	000b      	movs	r3, r1
10002680:	4670      	mov	r0, lr
10002682:	3504      	adds	r5, #4
10002684:	3713      	adds	r7, #19
10002686:	0001      	movs	r1, r0
10002688:	40f9      	lsrs	r1, r7
1000268a:	40a8      	lsls	r0, r5
1000268c:	1980      	adds	r0, r0, r6
1000268e:	d300      	bcc.n	10002692 <last0+0x32>
10002690:	3101      	adds	r1, #1
10002692:	2b00      	cmp	r3, #0
10002694:	d102      	bne.n	1000269c <last0+0x3c>
10002696:	42a2      	cmp	r2, r4
10002698:	d20a      	bcs.n	100026b0 <last0+0x50>
1000269a:	bdf0      	pop	{r4, r5, r6, r7, pc}
1000269c:	3001      	adds	r0, #1
1000269e:	d300      	bcc.n	100026a2 <last0+0x42>
100026a0:	3101      	adds	r1, #1
100026a2:	1b12      	subs	r2, r2, r4
100026a4:	d2fa      	bcs.n	1000269c <last0+0x3c>
100026a6:	3b01      	subs	r3, #1
100026a8:	d1f8      	bne.n	1000269c <last0+0x3c>
100026aa:	42a2      	cmp	r2, r4
100026ac:	d200      	bcs.n	100026b0 <last0+0x50>
100026ae:	bdf0      	pop	{r4, r5, r6, r7, pc}
100026b0:	3001      	adds	r0, #1
100026b2:	d300      	bcc.n	100026b6 <last0+0x56>
100026b4:	3101      	adds	r1, #1
100026b6:	1b12      	subs	r2, r2, r4
100026b8:	e7f7      	b.n	100026aa <last0+0x4a>

100026ba <y64_x48>:
100026ba:	b5f0      	push	{r4, r5, r6, r7, lr}
100026bc:	0c1c      	lsrs	r4, r3, #16
100026be:	d000      	beq.n	100026c2 <y64_x48+0x8>
100026c0:	e080      	b.n	100027c4 <y64_x64>
100026c2:	b40c      	push	{r2, r3}
100026c4:	2500      	movs	r5, #0
100026c6:	0a1c      	lsrs	r4, r3, #8
100026c8:	d104      	bne.n	100026d4 <y64_x48+0x1a>
100026ca:	021b      	lsls	r3, r3, #8
100026cc:	0e16      	lsrs	r6, r2, #24
100026ce:	4333      	orrs	r3, r6
100026d0:	0212      	lsls	r2, r2, #8
100026d2:	3508      	adds	r5, #8
100026d4:	0b1c      	lsrs	r4, r3, #12
100026d6:	d104      	bne.n	100026e2 <y64_x48+0x28>
100026d8:	011b      	lsls	r3, r3, #4
100026da:	0f16      	lsrs	r6, r2, #28
100026dc:	4333      	orrs	r3, r6
100026de:	0112      	lsls	r2, r2, #4
100026e0:	3504      	adds	r5, #4
100026e2:	0b9c      	lsrs	r4, r3, #14
100026e4:	d104      	bne.n	100026f0 <y64_x48+0x36>
100026e6:	009b      	lsls	r3, r3, #2
100026e8:	0f96      	lsrs	r6, r2, #30
100026ea:	4333      	orrs	r3, r6
100026ec:	0092      	lsls	r2, r2, #2
100026ee:	3502      	adds	r5, #2
100026f0:	0bdc      	lsrs	r4, r3, #15
100026f2:	d102      	bne.n	100026fa <y64_x48+0x40>
100026f4:	1892      	adds	r2, r2, r2
100026f6:	415b      	adcs	r3, r3
100026f8:	3501      	adds	r5, #1
100026fa:	001c      	movs	r4, r3
100026fc:	1897      	adds	r7, r2, r2
100026fe:	4164      	adcs	r4, r4
10002700:	3401      	adds	r4, #1
10002702:	4f46      	ldr	r7, [pc, #280]	@ (1000281c <y64_x64+0x58>)
10002704:	667c      	str	r4, [r7, #100]	@ 0x64
10002706:	4c46      	ldr	r4, [pc, #280]	@ (10002820 <y64_x64+0x5c>)
10002708:	663c      	str	r4, [r7, #96]	@ 0x60
1000270a:	0c0e      	lsrs	r6, r1, #16
1000270c:	e7ff      	b.n	1000270e <y64_x48+0x54>
1000270e:	e7ff      	b.n	10002710 <y64_x48+0x56>
10002710:	e7ff      	b.n	10002712 <y64_x48+0x58>
10002712:	46c0      	nop			@ (mov r8, r8)
10002714:	6f3c      	ldr	r4, [r7, #112]	@ 0x70
10002716:	4366      	muls	r6, r4
10002718:	0c36      	lsrs	r6, r6, #16
1000271a:	0377      	lsls	r7, r6, #13
1000271c:	46be      	mov	lr, r7
1000271e:	b297      	uxth	r7, r2
10002720:	4377      	muls	r7, r6
10002722:	1bc0      	subs	r0, r0, r7
10002724:	d200      	bcs.n	10002728 <y64_x48+0x6e>
10002726:	3901      	subs	r1, #1
10002728:	1bc0      	subs	r0, r0, r7
1000272a:	d200      	bcs.n	1000272e <y64_x48+0x74>
1000272c:	3901      	subs	r1, #1
1000272e:	b29f      	uxth	r7, r3
10002730:	4377      	muls	r7, r6
10002732:	1bc9      	subs	r1, r1, r7
10002734:	1bc9      	subs	r1, r1, r7
10002736:	0c17      	lsrs	r7, r2, #16
10002738:	4377      	muls	r7, r6
1000273a:	047e      	lsls	r6, r7, #17
1000273c:	0bff      	lsrs	r7, r7, #15
1000273e:	1b80      	subs	r0, r0, r6
10002740:	41b9      	sbcs	r1, r7
10002742:	08ce      	lsrs	r6, r1, #3
10002744:	4366      	muls	r6, r4
10002746:	0c36      	lsrs	r6, r6, #16
10002748:	2d0c      	cmp	r5, #12
1000274a:	db33      	blt.n	100027b4 <last1>
1000274c:	44b6      	add	lr, r6
1000274e:	0b12      	lsrs	r2, r2, #12
10002750:	051f      	lsls	r7, r3, #20
10002752:	433a      	orrs	r2, r7
10002754:	0b1b      	lsrs	r3, r3, #12
10002756:	b297      	uxth	r7, r2
10002758:	4377      	muls	r7, r6
1000275a:	1bc0      	subs	r0, r0, r7
1000275c:	d200      	bcs.n	10002760 <y64_x48+0xa6>
1000275e:	3901      	subs	r1, #1
10002760:	b29f      	uxth	r7, r3
10002762:	4377      	muls	r7, r6
10002764:	1bc9      	subs	r1, r1, r7
10002766:	0c17      	lsrs	r7, r2, #16
10002768:	4377      	muls	r7, r6
1000276a:	043e      	lsls	r6, r7, #16
1000276c:	0c3f      	lsrs	r7, r7, #16
1000276e:	1b80      	subs	r0, r0, r6
10002770:	41b9      	sbcs	r1, r7
10002772:	0d86      	lsrs	r6, r0, #22
10002774:	028f      	lsls	r7, r1, #10
10002776:	433e      	orrs	r6, r7
10002778:	4366      	muls	r6, r4
1000277a:	2729      	movs	r7, #41	@ 0x29
1000277c:	1b7f      	subs	r7, r7, r5
1000277e:	40fe      	lsrs	r6, r7
10002780:	3d0c      	subs	r5, #12
10002782:	4677      	mov	r7, lr
10002784:	40af      	lsls	r7, r5
10002786:	19bf      	adds	r7, r7, r6
10002788:	bc30      	pop	{r4, r5}
1000278a:	b2a2      	uxth	r2, r4
1000278c:	b2ab      	uxth	r3, r5
1000278e:	4372      	muls	r2, r6
10002790:	4373      	muls	r3, r6
10002792:	1a80      	subs	r0, r0, r2
10002794:	4199      	sbcs	r1, r3
10002796:	0c22      	lsrs	r2, r4, #16
10002798:	4372      	muls	r2, r6
1000279a:	0c13      	lsrs	r3, r2, #16
1000279c:	0412      	lsls	r2, r2, #16
1000279e:	1a80      	subs	r0, r0, r2
100027a0:	4199      	sbcs	r1, r3
100027a2:	0002      	movs	r2, r0
100027a4:	000b      	movs	r3, r1
100027a6:	3701      	adds	r7, #1
100027a8:	1b00      	subs	r0, r0, r4
100027aa:	41a9      	sbcs	r1, r5
100027ac:	d2f9      	bcs.n	100027a2 <y64_x48+0xe8>
100027ae:	1e78      	subs	r0, r7, #1
100027b0:	2100      	movs	r1, #0
100027b2:	bdf0      	pop	{r4, r5, r6, r7, pc}

100027b4 <last1>:
100027b4:	270c      	movs	r7, #12
100027b6:	1b7f      	subs	r7, r7, r5
100027b8:	40fe      	lsrs	r6, r7
100027ba:	4677      	mov	r7, lr
100027bc:	0b7f      	lsrs	r7, r7, #13
100027be:	40af      	lsls	r7, r5
100027c0:	19ff      	adds	r7, r7, r7
100027c2:	e7e0      	b.n	10002786 <y64_x48+0xcc>

100027c4 <y64_x64>:
100027c4:	2400      	movs	r4, #0
100027c6:	1c5d      	adds	r5, r3, #1
100027c8:	d007      	beq.n	100027da <y64_x64+0x16>
100027ca:	4f14      	ldr	r7, [pc, #80]	@ (1000281c <y64_x64+0x58>)
100027cc:	667d      	str	r5, [r7, #100]	@ 0x64
100027ce:	6639      	str	r1, [r7, #96]	@ 0x60
100027d0:	e7ff      	b.n	100027d2 <y64_x64+0xe>
100027d2:	e7ff      	b.n	100027d4 <y64_x64+0x10>
100027d4:	e7ff      	b.n	100027d6 <y64_x64+0x12>
100027d6:	e7ff      	b.n	100027d8 <y64_x64+0x14>
100027d8:	6f3c      	ldr	r4, [r7, #112]	@ 0x70
100027da:	b295      	uxth	r5, r2
100027dc:	b29e      	uxth	r6, r3
100027de:	4365      	muls	r5, r4
100027e0:	4366      	muls	r6, r4
100027e2:	1b40      	subs	r0, r0, r5
100027e4:	41b1      	sbcs	r1, r6
100027e6:	0c15      	lsrs	r5, r2, #16
100027e8:	0c1e      	lsrs	r6, r3, #16
100027ea:	4365      	muls	r5, r4
100027ec:	4366      	muls	r6, r4
100027ee:	0436      	lsls	r6, r6, #16
100027f0:	0c2f      	lsrs	r7, r5, #16
100027f2:	433e      	orrs	r6, r7
100027f4:	042d      	lsls	r5, r5, #16
100027f6:	1b40      	subs	r0, r0, r5
100027f8:	41b1      	sbcs	r1, r6
100027fa:	4299      	cmp	r1, r3
100027fc:	d204      	bcs.n	10002808 <y64_x64+0x44>
100027fe:	0002      	movs	r2, r0
10002800:	000b      	movs	r3, r1
10002802:	0020      	movs	r0, r4
10002804:	2100      	movs	r1, #0
10002806:	bdf0      	pop	{r4, r5, r6, r7, pc}
10002808:	d101      	bne.n	1000280e <y64_x64+0x4a>
1000280a:	4290      	cmp	r0, r2
1000280c:	d3f7      	bcc.n	100027fe <y64_x64+0x3a>
1000280e:	1a80      	subs	r0, r0, r2
10002810:	4199      	sbcs	r1, r3
10002812:	3401      	adds	r4, #1
10002814:	4299      	cmp	r1, r3
10002816:	d3f2      	bcc.n	100027fe <y64_x64+0x3a>
10002818:	e7f6      	b.n	10002808 <y64_x64+0x44>
1000281a:	0000      	.short	0x0000
1000281c:	d0000000 	.word	0xd0000000
10002820:	ffffffff 	.word	0xffffffff

10002824 <__wrap___aeabi_drsub>:
10002824:	4048      	eors	r0, r1
10002826:	4041      	eors	r1, r0
10002828:	4048      	eors	r0, r1

1000282a <__wrap___aeabi_dsub>:
1000282a:	b418      	push	{r3, r4}
1000282c:	4b1b      	ldr	r3, [pc, #108]	@ (1000289c <__wrap___aeabi_dmul+0x12>)
1000282e:	685b      	ldr	r3, [r3, #4]
10002830:	46fc      	mov	ip, pc
10002832:	9301      	str	r3, [sp, #4]
10002834:	bd08      	pop	{r3, pc}
10002836:	df04      	.short	0xdf04
10002838:	10002aff 	.word	0x10002aff

1000283c <__wrap___aeabi_dadd>:
1000283c:	b418      	push	{r3, r4}
1000283e:	4b17      	ldr	r3, [pc, #92]	@ (1000289c <__wrap___aeabi_dmul+0x12>)
10002840:	681b      	ldr	r3, [r3, #0]
10002842:	46fc      	mov	ip, pc
10002844:	9301      	str	r3, [sp, #4]
10002846:	bd08      	pop	{r3, pc}
10002848:	2b09df00 	.word	0x2b09df00
1000284c:	1000      	.short	0x1000

1000284e <__wrap___aeabi_ddiv>:
1000284e:	4694      	mov	ip, r2
10002850:	4a13      	ldr	r2, [pc, #76]	@ (100028a0 <__wrap___aeabi_dmul+0x16>)
10002852:	6f92      	ldr	r2, [r2, #120]	@ 0x78
10002854:	0892      	lsrs	r2, r2, #2
10002856:	d209      	bcs.n	1000286c <ddiv_save_state>
10002858:	4662      	mov	r2, ip

1000285a <ddiv_shim_call>:
1000285a:	b418      	push	{r3, r4}
1000285c:	4b0f      	ldr	r3, [pc, #60]	@ (1000289c <__wrap___aeabi_dmul+0x12>)
1000285e:	68db      	ldr	r3, [r3, #12]
10002860:	46fc      	mov	ip, pc
10002862:	9301      	str	r3, [sp, #4]
10002864:	bd08      	pop	{r3, pc}
10002866:	df0c      	.short	0xdf0c
10002868:	10002dc1 	.word	0x10002dc1

1000286c <ddiv_save_state>:
1000286c:	4a0c      	ldr	r2, [pc, #48]	@ (100028a0 <__wrap___aeabi_dmul+0x16>)
1000286e:	b5f0      	push	{r4, r5, r6, r7, lr}
10002870:	6e14      	ldr	r4, [r2, #96]	@ 0x60
10002872:	6e55      	ldr	r5, [r2, #100]	@ 0x64
10002874:	6f57      	ldr	r7, [r2, #116]	@ 0x74
10002876:	6f16      	ldr	r6, [r2, #112]	@ 0x70
10002878:	4662      	mov	r2, ip
1000287a:	f7ff ffee 	bl	1000285a <ddiv_shim_call>
1000287e:	4a08      	ldr	r2, [pc, #32]	@ (100028a0 <__wrap___aeabi_dmul+0x16>)
10002880:	6614      	str	r4, [r2, #96]	@ 0x60
10002882:	6655      	str	r5, [r2, #100]	@ 0x64
10002884:	6757      	str	r7, [r2, #116]	@ 0x74
10002886:	6716      	str	r6, [r2, #112]	@ 0x70
10002888:	bdf0      	pop	{r4, r5, r6, r7, pc}

1000288a <__wrap___aeabi_dmul>:
1000288a:	b418      	push	{r3, r4}
1000288c:	4b03      	ldr	r3, [pc, #12]	@ (1000289c <__wrap___aeabi_dmul+0x12>)
1000288e:	689b      	ldr	r3, [r3, #8]
10002890:	46fc      	mov	ip, pc
10002892:	9301      	str	r3, [sp, #4]
10002894:	bd08      	pop	{r3, pc}
10002896:	df08      	.short	0xdf08
10002898:	10002c65 	.word	0x10002c65
1000289c:	20002f14 	.word	0x20002f14
100028a0:	d0000000 	.word	0xd0000000

100028a4 <__wrap___aeabi_cdrcmple>:
100028a4:	b5ff      	push	{r0, r1, r2, r3, r4, r5, r6, r7, lr}
100028a6:	4050      	eors	r0, r2
100028a8:	4042      	eors	r2, r0
100028aa:	4050      	eors	r0, r2
100028ac:	4059      	eors	r1, r3
100028ae:	404b      	eors	r3, r1
100028b0:	4059      	eors	r1, r3
100028b2:	e000      	b.n	100028b6 <__aeabi_dfcmple_guts>

100028b4 <__wrap___aeabi_cdcmpeq>:
100028b4:	b5ff      	push	{r0, r1, r2, r3, r4, r5, r6, r7, lr}

100028b6 <__aeabi_dfcmple_guts>:
100028b6:	4f15      	ldr	r7, [pc, #84]	@ (1000290c <__aeabi_dfcmple_guts+0x56>)
100028b8:	004c      	lsls	r4, r1, #1
100028ba:	0d64      	lsrs	r4, r4, #21
100028bc:	d003      	beq.n	100028c6 <__aeabi_dfcmple_guts+0x10>
100028be:	42bc      	cmp	r4, r7
100028c0:	d104      	bne.n	100028cc <__aeabi_dfcmple_guts+0x16>
100028c2:	030c      	lsls	r4, r1, #12
100028c4:	d814      	bhi.n	100028f0 <__aeabi_dfcmple_guts+0x3a>
100028c6:	2000      	movs	r0, #0
100028c8:	0d09      	lsrs	r1, r1, #20
100028ca:	0509      	lsls	r1, r1, #20
100028cc:	005c      	lsls	r4, r3, #1
100028ce:	0d64      	lsrs	r4, r4, #21
100028d0:	d003      	beq.n	100028da <__aeabi_dfcmple_guts+0x24>
100028d2:	42bc      	cmp	r4, r7
100028d4:	d104      	bne.n	100028e0 <__aeabi_dfcmple_guts+0x2a>
100028d6:	031c      	lsls	r4, r3, #12
100028d8:	d80a      	bhi.n	100028f0 <__aeabi_dfcmple_guts+0x3a>
100028da:	2200      	movs	r2, #0
100028dc:	0d1b      	lsrs	r3, r3, #20
100028de:	051b      	lsls	r3, r3, #20
100028e0:	2601      	movs	r6, #1
100028e2:	404b      	eors	r3, r1
100028e4:	d409      	bmi.n	100028fa <__aeabi_dfcmple_guts+0x44>
100028e6:	404b      	eors	r3, r1
100028e8:	d503      	bpl.n	100028f2 <__aeabi_dfcmple_guts+0x3c>
100028ea:	428b      	cmp	r3, r1
100028ec:	d100      	bne.n	100028f0 <__aeabi_dfcmple_guts+0x3a>
100028ee:	4282      	cmp	r2, r0
100028f0:	bdff      	pop	{r0, r1, r2, r3, r4, r5, r6, r7, pc}
100028f2:	4299      	cmp	r1, r3
100028f4:	d1fc      	bne.n	100028f0 <__aeabi_dfcmple_guts+0x3a>
100028f6:	4290      	cmp	r0, r2
100028f8:	bdff      	pop	{r0, r1, r2, r3, r4, r5, r6, r7, pc}
100028fa:	430b      	orrs	r3, r1
100028fc:	18db      	adds	r3, r3, r3
100028fe:	4303      	orrs	r3, r0
10002900:	4313      	orrs	r3, r2
10002902:	d0f5      	beq.n	100028f0 <__aeabi_dfcmple_guts+0x3a>
10002904:	43c9      	mvns	r1, r1
10002906:	1849      	adds	r1, r1, r1
10002908:	bdff      	pop	{r0, r1, r2, r3, r4, r5, r6, r7, pc}
1000290a:	0000      	.short	0x0000
1000290c:	000007ff 	.word	0x000007ff

10002910 <__wrap___aeabi_dcmplt>:
10002910:	b500      	push	{lr}
10002912:	f7ff ffcf 	bl	100028b4 <__wrap___aeabi_cdcmpeq>
10002916:	4180      	sbcs	r0, r0
10002918:	bd00      	pop	{pc}
1000291a:	46c0      	nop			@ (mov r8, r8)

1000291c <__wrap___aeabi_dcmple>:
1000291c:	b500      	push	{lr}
1000291e:	f7ff ffc9 	bl	100028b4 <__wrap___aeabi_cdcmpeq>
10002922:	d901      	bls.n	10002928 <__wrap___aeabi_dcmple+0xc>
10002924:	2000      	movs	r0, #0
10002926:	bd00      	pop	{pc}
10002928:	2001      	movs	r0, #1
1000292a:	bd00      	pop	{pc}

1000292c <__wrap___aeabi_dcmpge>:
1000292c:	b500      	push	{lr}
1000292e:	f7ff ffb9 	bl	100028a4 <__wrap___aeabi_cdrcmple>
10002932:	d901      	bls.n	10002938 <__wrap___aeabi_dcmpge+0xc>
10002934:	2000      	movs	r0, #0
10002936:	bd00      	pop	{pc}
10002938:	2001      	movs	r0, #1
1000293a:	bd00      	pop	{pc}

1000293c <__wrap___aeabi_dcmpgt>:
1000293c:	b500      	push	{lr}
1000293e:	f7ff ffb1 	bl	100028a4 <__wrap___aeabi_cdrcmple>
10002942:	4180      	sbcs	r0, r0
10002944:	bd00      	pop	{pc}

10002946 <__wrap___aeabi_dcmpun>:
10002946:	2001      	movs	r0, #1
10002948:	0540      	lsls	r0, r0, #21
1000294a:	004a      	lsls	r2, r1, #1
1000294c:	1812      	adds	r2, r2, r0
1000294e:	d804      	bhi.n	1000295a <__wrap___aeabi_dcmpun+0x14>
10002950:	005a      	lsls	r2, r3, #1
10002952:	1812      	adds	r2, r2, r0
10002954:	d801      	bhi.n	1000295a <__wrap___aeabi_dcmpun+0x14>
10002956:	2000      	movs	r0, #0
10002958:	4770      	bx	lr
1000295a:	2001      	movs	r0, #1
1000295c:	4770      	bx	lr
	...

10002960 <__wrap___aeabi_ui2d>:
10002960:	2100      	movs	r1, #0
10002962:	2800      	cmp	r0, #0
10002964:	d105      	bne.n	10002972 <__wrap___aeabi_i2d+0xa>
10002966:	4770      	bx	lr

10002968 <__wrap___aeabi_i2d>:
10002968:	17c1      	asrs	r1, r0, #31
1000296a:	4048      	eors	r0, r1
1000296c:	1a40      	subs	r0, r0, r1
1000296e:	d0fa      	beq.n	10002966 <__wrap___aeabi_ui2d+0x6>
10002970:	07c9      	lsls	r1, r1, #31
10002972:	b513      	push	{r0, r1, r4, lr}
10002974:	4b06      	ldr	r3, [pc, #24]	@ (10002990 <__wrap___aeabi_i2d+0x28>)
10002976:	681b      	ldr	r3, [r3, #0]
10002978:	4798      	blx	r3
1000297a:	bc0c      	pop	{r2, r3}
1000297c:	1c44      	adds	r4, r0, #1
1000297e:	40a2      	lsls	r2, r4
10002980:	0510      	lsls	r0, r2, #20
10002982:	0b12      	lsrs	r2, r2, #12
10002984:	4903      	ldr	r1, [pc, #12]	@ (10002994 <__wrap___aeabi_i2d+0x2c>)
10002986:	1b09      	subs	r1, r1, r4
10002988:	0509      	lsls	r1, r1, #20
1000298a:	4319      	orrs	r1, r3
1000298c:	4311      	orrs	r1, r2
1000298e:	bd10      	pop	{r4, pc}
10002990:	20003014 	.word	0x20003014
10002994:	0000041f 	.word	0x0000041f

10002998 <__wrap___aeabi_d2iz>:
10002998:	b510      	push	{r4, lr}
1000299a:	004c      	lsls	r4, r1, #1
1000299c:	0d62      	lsrs	r2, r4, #21
1000299e:	2380      	movs	r3, #128	@ 0x80
100029a0:	18d2      	adds	r2, r2, r3
100029a2:	00db      	lsls	r3, r3, #3
100029a4:	1ad2      	subs	r2, r2, r3
100029a6:	055b      	lsls	r3, r3, #21
100029a8:	2a7e      	cmp	r2, #126	@ 0x7e
100029aa:	dd10      	ble.n	100029ce <__wrap___aeabi_d2iz+0x36>
100029ac:	3a9e      	subs	r2, #158	@ 0x9e
100029ae:	da13      	bge.n	100029d8 <__wrap___aeabi_d2iz+0x40>
100029b0:	17cc      	asrs	r4, r1, #31
100029b2:	0309      	lsls	r1, r1, #12
100029b4:	0849      	lsrs	r1, r1, #1
100029b6:	4319      	orrs	r1, r3
100029b8:	4252      	negs	r2, r2
100029ba:	40d1      	lsrs	r1, r2
100029bc:	0064      	lsls	r4, r4, #1
100029be:	3401      	adds	r4, #1
100029c0:	3215      	adds	r2, #21
100029c2:	2a20      	cmp	r2, #32
100029c4:	da05      	bge.n	100029d2 <__wrap___aeabi_d2iz+0x3a>
100029c6:	40d0      	lsrs	r0, r2
100029c8:	4308      	orrs	r0, r1
100029ca:	4360      	muls	r0, r4
100029cc:	bd10      	pop	{r4, pc}
100029ce:	2000      	movs	r0, #0
100029d0:	bd10      	pop	{r4, pc}
100029d2:	4608      	mov	r0, r1
100029d4:	4360      	muls	r0, r4
100029d6:	bd10      	pop	{r4, pc}
100029d8:	0fc8      	lsrs	r0, r1, #31
100029da:	18c0      	adds	r0, r0, r3
100029dc:	3801      	subs	r0, #1
100029de:	bd10      	pop	{r4, pc}

100029e0 <__wrap___aeabi_d2uiz>:
100029e0:	b418      	push	{r3, r4}
100029e2:	4b04      	ldr	r3, [pc, #16]	@ (100029f4 <__wrap___aeabi_d2uiz+0x14>)
100029e4:	6a5b      	ldr	r3, [r3, #36]	@ 0x24
100029e6:	46fc      	mov	ip, pc
100029e8:	9301      	str	r3, [sp, #4]
100029ea:	bd08      	pop	{r3, pc}
100029ec:	2f71df24 	.word	0x2f71df24
100029f0:	00001000 	.word	0x00001000
100029f4:	20002f14 	.word	0x20002f14

100029f8 <__aeabi_double_init>:
100029f8:	b570      	push	{r4, r5, r6, lr}
100029fa:	2313      	movs	r3, #19
100029fc:	781c      	ldrb	r4, [r3, #0]
100029fe:	2c01      	cmp	r4, #1
10002a00:	d012      	beq.n	10002a28 <__aeabi_double_init+0x30>
10002a02:	2c01      	cmp	r4, #1
10002a04:	dc12      	bgt.n	10002a2c <__aeabi_double_init+0x34>
10002a06:	4b21      	ldr	r3, [pc, #132]	@ (10002a8c <__aeabi_double_init+0x94>)
10002a08:	4a21      	ldr	r2, [pc, #132]	@ (10002a90 <__aeabi_double_init+0x98>)
10002a0a:	6493      	str	r3, [r2, #72]	@ 0x48
10002a0c:	4821      	ldr	r0, [pc, #132]	@ (10002a94 <__aeabi_double_init+0x9c>)
10002a0e:	f7ff fb6d 	bl	100020ec <rom_func_lookup>
10002a12:	4b21      	ldr	r3, [pc, #132]	@ (10002a98 <__aeabi_double_init+0xa0>)
10002a14:	6018      	str	r0, [r3, #0]
10002a16:	bd70      	pop	{r4, r5, r6, pc}
10002a18:	491c      	ldr	r1, [pc, #112]	@ (10002a8c <__aeabi_double_init+0x94>)
10002a1a:	4a1d      	ldr	r2, [pc, #116]	@ (10002a90 <__aeabi_double_init+0x98>)
10002a1c:	0098      	lsls	r0, r3, #2
10002a1e:	5081      	str	r1, [r0, r2]
10002a20:	3301      	adds	r3, #1
10002a22:	2b1f      	cmp	r3, #31
10002a24:	d9f8      	bls.n	10002a18 <__aeabi_double_init+0x20>
10002a26:	e7ec      	b.n	10002a02 <__aeabi_double_init+0xa>
10002a28:	2300      	movs	r3, #0
10002a2a:	e7fa      	b.n	10002a22 <__aeabi_double_init+0x2a>
10002a2c:	481b      	ldr	r0, [pc, #108]	@ (10002a9c <__aeabi_double_init+0xa4>)
10002a2e:	f7ff fb65 	bl	100020fc <rom_data_lookup>
10002a32:	0005      	movs	r5, r0
10002a34:	481a      	ldr	r0, [pc, #104]	@ (10002aa0 <__aeabi_double_init+0xa8>)
10002a36:	f7ff fb61 	bl	100020fc <rom_data_lookup>
10002a3a:	3802      	subs	r0, #2
10002a3c:	7803      	ldrb	r3, [r0, #0]
10002a3e:	009b      	lsls	r3, r3, #2
10002a40:	2b7f      	cmp	r3, #127	@ 0x7f
10002a42:	dd09      	ble.n	10002a58 <__aeabi_double_init+0x60>
10002a44:	4812      	ldr	r0, [pc, #72]	@ (10002a90 <__aeabi_double_init+0x98>)
10002a46:	2280      	movs	r2, #128	@ 0x80
10002a48:	0029      	movs	r1, r5
10002a4a:	f000 fc55 	bl	100032f8 <__wrap___aeabi_memcpy>
10002a4e:	2c02      	cmp	r4, #2
10002a50:	d008      	beq.n	10002a64 <__aeabi_double_init+0x6c>
10002a52:	2c02      	cmp	r4, #2
10002a54:	dcda      	bgt.n	10002a0c <__aeabi_double_init+0x14>
10002a56:	e7d6      	b.n	10002a06 <__aeabi_double_init+0xe>
10002a58:	4b12      	ldr	r3, [pc, #72]	@ (10002aa4 <__aeabi_double_init+0xac>)
10002a5a:	4a13      	ldr	r2, [pc, #76]	@ (10002aa8 <__aeabi_double_init+0xb0>)
10002a5c:	4813      	ldr	r0, [pc, #76]	@ (10002aac <__aeabi_double_init+0xb4>)
10002a5e:	2133      	movs	r1, #51	@ 0x33
10002a60:	f001 fd80 	bl	10004564 <__assert_func>
10002a64:	4b12      	ldr	r3, [pc, #72]	@ (10002ab0 <__aeabi_double_init+0xb8>)
10002a66:	881a      	ldrh	r2, [r3, #0]
10002a68:	23b5      	movs	r3, #181	@ 0xb5
10002a6a:	021b      	lsls	r3, r3, #8
10002a6c:	429a      	cmp	r2, r3
10002a6e:	d109      	bne.n	10002a84 <__aeabi_double_init+0x8c>
10002a70:	4b10      	ldr	r3, [pc, #64]	@ (10002ab4 <__aeabi_double_init+0xbc>)
10002a72:	881a      	ldrh	r2, [r3, #0]
10002a74:	4b10      	ldr	r3, [pc, #64]	@ (10002ab8 <__aeabi_double_init+0xc0>)
10002a76:	429a      	cmp	r2, r3
10002a78:	d104      	bne.n	10002a84 <__aeabi_double_init+0x8c>
10002a7a:	4b10      	ldr	r3, [pc, #64]	@ (10002abc <__aeabi_double_init+0xc4>)
10002a7c:	881a      	ldrh	r2, [r3, #0]
10002a7e:	4b10      	ldr	r3, [pc, #64]	@ (10002ac0 <__aeabi_double_init+0xc8>)
10002a80:	429a      	cmp	r2, r3
10002a82:	d0e6      	beq.n	10002a52 <__aeabi_double_init+0x5a>
10002a84:	2000      	movs	r0, #0
10002a86:	f7fe f9e9 	bl	10000e5c <panic>
10002a8a:	46c0      	nop			@ (mov r8, r8)
10002a8c:	10002ac5 	.word	0x10002ac5
10002a90:	20002f14 	.word	0x20002f14
10002a94:	0000334c 	.word	0x0000334c
10002a98:	20003014 	.word	0x20003014
10002a9c:	00004453 	.word	0x00004453
10002aa0:	00004653 	.word	0x00004653
10002aa4:	10009024 	.word	0x10009024
10002aa8:	1000997c 	.word	0x1000997c
10002aac:	10009068 	.word	0x10009068
10002ab0:	00003854 	.word	0x00003854
10002ab4:	000038d8 	.word	0x000038d8
10002ab8:	00004649 	.word	0x00004649
10002abc:	0000389c 	.word	0x0000389c
10002ac0:	00004659 	.word	0x00004659

10002ac4 <double_table_shim_on_use_helper>:
10002ac4:	b507      	push	{r0, r1, r2, lr}
10002ac6:	4660      	mov	r0, ip
10002ac8:	2800      	cmp	r0, #0
10002aca:	d100      	bne.n	10002ace <double_table_shim_on_use_helper+0xa>
10002acc:	be00      	bkpt	0x0000
10002ace:	8801      	ldrh	r1, [r0, #0]
10002ad0:	0a0a      	lsrs	r2, r1, #8
10002ad2:	3002      	adds	r0, #2
10002ad4:	2adf      	cmp	r2, #223	@ 0xdf
10002ad6:	d1fa      	bne.n	10002ace <double_table_shim_on_use_helper+0xa>
10002ad8:	b2c9      	uxtb	r1, r1
10002ada:	0882      	lsrs	r2, r0, #2
10002adc:	d304      	bcc.n	10002ae8 <double_table_shim_on_use_helper+0x24>
10002ade:	8802      	ldrh	r2, [r0, #0]
10002ae0:	8840      	ldrh	r0, [r0, #2]
10002ae2:	0400      	lsls	r0, r0, #16
10002ae4:	4310      	orrs	r0, r2
10002ae6:	e000      	b.n	10002aea <double_table_shim_on_use_helper+0x26>
10002ae8:	6800      	ldr	r0, [r0, #0]
10002aea:	4a02      	ldr	r2, [pc, #8]	@ (10002af4 <double_table_shim_on_use_helper+0x30>)
10002aec:	5050      	str	r0, [r2, r1]
10002aee:	9003      	str	r0, [sp, #12]
10002af0:	bd07      	pop	{r0, r1, r2, pc}
10002af2:	0000      	.short	0x0000
10002af4:	20002f14 	.word	0x20002f14

10002af8 <drsub_shim>:
10002af8:	b40f      	push	{r0, r1, r2, r3}
10002afa:	bc03      	pop	{r0, r1}
10002afc:	bc0c      	pop	{r2, r3}

10002afe <dsub_shim>:
10002afe:	b5f0      	push	{r4, r5, r6, r7, lr}
10002b00:	2401      	movs	r4, #1
10002b02:	07e4      	lsls	r4, r4, #31
10002b04:	4063      	eors	r3, r4
10002b06:	e000      	b.n	10002b0a <da_entry>

10002b08 <dadd_shim>:
10002b08:	b5f0      	push	{r4, r5, r6, r7, lr}

10002b0a <da_entry>:
10002b0a:	0d0c      	lsrs	r4, r1, #20
10002b0c:	0fcf      	lsrs	r7, r1, #31
10002b0e:	1e66      	subs	r6, r4, #1
10002b10:	0536      	lsls	r6, r6, #20
10002b12:	1b89      	subs	r1, r1, r6
10002b14:	0564      	lsls	r4, r4, #21
10002b16:	d303      	bcc.n	10002b20 <l8_1>
10002b18:	43c9      	mvns	r1, r1
10002b1a:	4240      	negs	r0, r0
10002b1c:	d300      	bcc.n	10002b20 <l8_1>
10002b1e:	3101      	adds	r1, #1

10002b20 <l8_1>:
10002b20:	0d64      	lsrs	r4, r4, #21
10002b22:	d003      	beq.n	10002b2c <l8_2>
10002b24:	1c66      	adds	r6, r4, #1
10002b26:	0af6      	lsrs	r6, r6, #11
10002b28:	d007      	beq.n	10002b3a <l8_3>
10002b2a:	1be4      	subs	r4, r4, r7

10002b2c <l8_2>:
10002b2c:	2000      	movs	r0, #0
10002b2e:	007f      	lsls	r7, r7, #1
10002b30:	1c79      	adds	r1, r7, #1
10002b32:	0789      	lsls	r1, r1, #30
10002b34:	1289      	asrs	r1, r1, #10
10002b36:	3c80      	subs	r4, #128	@ 0x80
10002b38:	0324      	lsls	r4, r4, #12

10002b3a <l8_3>:
10002b3a:	0d1d      	lsrs	r5, r3, #20
10002b3c:	0fdf      	lsrs	r7, r3, #31
10002b3e:	1e6e      	subs	r6, r5, #1
10002b40:	0536      	lsls	r6, r6, #20
10002b42:	1b9b      	subs	r3, r3, r6
10002b44:	056d      	lsls	r5, r5, #21
10002b46:	d303      	bcc.n	10002b50 <l9_1>
10002b48:	43db      	mvns	r3, r3
10002b4a:	4252      	negs	r2, r2
10002b4c:	d300      	bcc.n	10002b50 <l9_1>
10002b4e:	3301      	adds	r3, #1

10002b50 <l9_1>:
10002b50:	0d6d      	lsrs	r5, r5, #21
10002b52:	d003      	beq.n	10002b5c <l9_2>
10002b54:	1c6e      	adds	r6, r5, #1
10002b56:	0af6      	lsrs	r6, r6, #11
10002b58:	d007      	beq.n	10002b6a <l9_3>
10002b5a:	1bed      	subs	r5, r5, r7

10002b5c <l9_2>:
10002b5c:	2200      	movs	r2, #0
10002b5e:	007f      	lsls	r7, r7, #1
10002b60:	1c7b      	adds	r3, r7, #1
10002b62:	079b      	lsls	r3, r3, #30
10002b64:	129b      	asrs	r3, r3, #10
10002b66:	3d80      	subs	r5, #128	@ 0x80
10002b68:	032d      	lsls	r5, r5, #12

10002b6a <l9_3>:
10002b6a:	1b2f      	subs	r7, r5, r4
10002b6c:	1b66      	subs	r6, r4, r5
10002b6e:	d458      	bmi.n	10002c22 <da_ygtx>
10002b70:	46a4      	mov	ip, r4
10002b72:	2e20      	cmp	r6, #32
10002b74:	da46      	bge.n	10002c04 <da_xrgty>
10002b76:	3720      	adds	r7, #32
10002b78:	0014      	movs	r4, r2
10002b7a:	40bc      	lsls	r4, r7

10002b7c <da_xgty0>:
10002b7c:	001d      	movs	r5, r3
10002b7e:	40bd      	lsls	r5, r7
10002b80:	40f2      	lsrs	r2, r6
10002b82:	4133      	asrs	r3, r6
10002b84:	432a      	orrs	r2, r5

10002b86 <da_add>:
10002b86:	1880      	adds	r0, r0, r2
10002b88:	4159      	adcs	r1, r3

10002b8a <da_pack>:
10002b8a:	0fcb      	lsrs	r3, r1, #31
10002b8c:	d005      	beq.n	10002b9a <da_pack+0x10>
10002b8e:	43c9      	mvns	r1, r1
10002b90:	43c0      	mvns	r0, r0
10002b92:	2200      	movs	r2, #0
10002b94:	4264      	negs	r4, r4
10002b96:	4150      	adcs	r0, r2
10002b98:	4151      	adcs	r1, r2
10002b9a:	4662      	mov	r2, ip
10002b9c:	0d4d      	lsrs	r5, r1, #21
10002b9e:	d128      	bne.n	10002bf2 <da_0>
10002ba0:	0d0d      	lsrs	r5, r1, #20
10002ba2:	d107      	bne.n	10002bb4 <da_1>
10002ba4:	2800      	cmp	r0, #0
10002ba6:	d01f      	beq.n	10002be8 <da_5>

10002ba8 <da_2>:
10002ba8:	1924      	adds	r4, r4, r4
10002baa:	4140      	adcs	r0, r0
10002bac:	4149      	adcs	r1, r1
10002bae:	3a01      	subs	r2, #1
10002bb0:	0d0d      	lsrs	r5, r1, #20
10002bb2:	d0f9      	beq.n	10002ba8 <da_2>

10002bb4 <da_1>:
10002bb4:	0064      	lsls	r4, r4, #1
10002bb6:	d306      	bcc.n	10002bc6 <da_3>

10002bb8 <da_4>:
10002bb8:	3001      	adds	r0, #1
10002bba:	d300      	bcc.n	10002bbe <da_4+0x6>
10002bbc:	3101      	adds	r1, #1
10002bbe:	2c00      	cmp	r4, #0
10002bc0:	d101      	bne.n	10002bc6 <da_3>
10002bc2:	0840      	lsrs	r0, r0, #1
10002bc4:	0040      	lsls	r0, r0, #1

10002bc6 <da_3>:
10002bc6:	3a01      	subs	r2, #1
10002bc8:	d40b      	bmi.n	10002be2 <da_6>
10002bca:	1c94      	adds	r4, r2, #2
10002bcc:	0ae4      	lsrs	r4, r4, #11
10002bce:	d104      	bne.n	10002bda <da_7>
10002bd0:	0512      	lsls	r2, r2, #20
10002bd2:	4411      	add	r1, r2
10002bd4:	07db      	lsls	r3, r3, #31
10002bd6:	4419      	add	r1, r3
10002bd8:	bdf0      	pop	{r4, r5, r6, r7, pc}

10002bda <da_7>:
10002bda:	07d9      	lsls	r1, r3, #31
10002bdc:	4b20      	ldr	r3, [pc, #128]	@ (10002c60 <da_xmgty+0x4>)
10002bde:	4319      	orrs	r1, r3
10002be0:	e000      	b.n	10002be4 <da_6+0x2>

10002be2 <da_6>:
10002be2:	07d9      	lsls	r1, r3, #31
10002be4:	2000      	movs	r0, #0
10002be6:	bdf0      	pop	{r4, r5, r6, r7, pc}

10002be8 <da_5>:
10002be8:	2900      	cmp	r1, #0
10002bea:	d1dd      	bne.n	10002ba8 <da_2>
10002bec:	2c00      	cmp	r4, #0
10002bee:	d1db      	bne.n	10002ba8 <da_2>
10002bf0:	bdf0      	pop	{r4, r5, r6, r7, pc}

10002bf2 <da_0>:
10002bf2:	3201      	adds	r2, #1
10002bf4:	07c6      	lsls	r6, r0, #31
10002bf6:	0840      	lsrs	r0, r0, #1
10002bf8:	07cd      	lsls	r5, r1, #31
10002bfa:	4328      	orrs	r0, r5
10002bfc:	0849      	lsrs	r1, r1, #1
10002bfe:	2e00      	cmp	r6, #0
10002c00:	d0e1      	beq.n	10002bc6 <da_3>
10002c02:	e7d9      	b.n	10002bb8 <da_4>

10002c04 <da_xrgty>:
10002c04:	2e3c      	cmp	r6, #60	@ 0x3c
10002c06:	da29      	bge.n	10002c5c <da_xmgty>
10002c08:	3e20      	subs	r6, #32
10002c0a:	3740      	adds	r7, #64	@ 0x40
10002c0c:	0014      	movs	r4, r2
10002c0e:	40bc      	lsls	r4, r7
10002c10:	d000      	beq.n	10002c14 <da_xrgty+0x10>
10002c12:	2401      	movs	r4, #1
10002c14:	40f2      	lsrs	r2, r6
10002c16:	4314      	orrs	r4, r2
10002c18:	001a      	movs	r2, r3
10002c1a:	40bb      	lsls	r3, r7
10002c1c:	431c      	orrs	r4, r3
10002c1e:	17d3      	asrs	r3, r2, #31
10002c20:	e7ac      	b.n	10002b7c <da_xgty0>

10002c22 <da_ygtx>:
10002c22:	46ac      	mov	ip, r5
10002c24:	2f20      	cmp	r7, #32
10002c26:	da08      	bge.n	10002c3a <da_yrgtx>
10002c28:	3620      	adds	r6, #32
10002c2a:	0004      	movs	r4, r0
10002c2c:	40b4      	lsls	r4, r6

10002c2e <da_ygtx0>:
10002c2e:	000d      	movs	r5, r1
10002c30:	40b5      	lsls	r5, r6
10002c32:	40f8      	lsrs	r0, r7
10002c34:	4139      	asrs	r1, r7
10002c36:	4328      	orrs	r0, r5
10002c38:	e7a5      	b.n	10002b86 <da_add>

10002c3a <da_yrgtx>:
10002c3a:	2f3c      	cmp	r7, #60	@ 0x3c
10002c3c:	da0c      	bge.n	10002c58 <da_ymgtx>
10002c3e:	3f20      	subs	r7, #32
10002c40:	3640      	adds	r6, #64	@ 0x40
10002c42:	0004      	movs	r4, r0
10002c44:	40b4      	lsls	r4, r6
10002c46:	d000      	beq.n	10002c4a <da_yrgtx+0x10>
10002c48:	2401      	movs	r4, #1
10002c4a:	40f8      	lsrs	r0, r7
10002c4c:	4304      	orrs	r4, r0
10002c4e:	0008      	movs	r0, r1
10002c50:	40b1      	lsls	r1, r6
10002c52:	430c      	orrs	r4, r1
10002c54:	17c1      	asrs	r1, r0, #31
10002c56:	e7ea      	b.n	10002c2e <da_ygtx0>

10002c58 <da_ymgtx>:
10002c58:	0010      	movs	r0, r2
10002c5a:	0019      	movs	r1, r3

10002c5c <da_xmgty>:
10002c5c:	2400      	movs	r4, #0
10002c5e:	e794      	b.n	10002b8a <da_pack>
10002c60:	7ff00000 	.word	0x7ff00000

10002c64 <dmul_shim>:
10002c64:	b5f0      	push	{r4, r5, r6, r7, lr}
10002c66:	0d0c      	lsrs	r4, r1, #20
10002c68:	1e66      	subs	r6, r4, #1
10002c6a:	0536      	lsls	r6, r6, #20
10002c6c:	1b89      	subs	r1, r1, r6
10002c6e:	0ae6      	lsrs	r6, r4, #11
10002c70:	0564      	lsls	r4, r4, #21
10002c72:	0d64      	lsrs	r4, r4, #21
10002c74:	d002      	beq.n	10002c7c <l12_1>
10002c76:	1c65      	adds	r5, r4, #1
10002c78:	0aed      	lsrs	r5, r5, #11
10002c7a:	d004      	beq.n	10002c86 <l12_2>

10002c7c <l12_1>:
10002c7c:	2000      	movs	r0, #0
10002c7e:	2101      	movs	r1, #1
10002c80:	0509      	lsls	r1, r1, #20
10002c82:	3c80      	subs	r4, #128	@ 0x80
10002c84:	0324      	lsls	r4, r4, #12

10002c86 <l12_2>:
10002c86:	46a4      	mov	ip, r4
10002c88:	0d1c      	lsrs	r4, r3, #20
10002c8a:	1e67      	subs	r7, r4, #1
10002c8c:	053f      	lsls	r7, r7, #20
10002c8e:	1bdb      	subs	r3, r3, r7
10002c90:	0ae7      	lsrs	r7, r4, #11
10002c92:	0564      	lsls	r4, r4, #21
10002c94:	0d64      	lsrs	r4, r4, #21
10002c96:	d002      	beq.n	10002c9e <l13_1>
10002c98:	1c65      	adds	r5, r4, #1
10002c9a:	0aed      	lsrs	r5, r5, #11
10002c9c:	d004      	beq.n	10002ca8 <l13_2>

10002c9e <l13_1>:
10002c9e:	2200      	movs	r2, #0
10002ca0:	2301      	movs	r3, #1
10002ca2:	051b      	lsls	r3, r3, #20
10002ca4:	3c80      	subs	r4, #128	@ 0x80
10002ca6:	0324      	lsls	r4, r4, #12

10002ca8 <l13_2>:
10002ca8:	4077      	eors	r7, r6
10002caa:	4464      	add	r4, ip
10002cac:	b497      	push	{r0, r1, r2, r4, r7}
10002cae:	b284      	uxth	r4, r0
10002cb0:	b296      	uxth	r6, r2
10002cb2:	4374      	muls	r4, r6
10002cb4:	0c07      	lsrs	r7, r0, #16
10002cb6:	437e      	muls	r6, r7
10002cb8:	0c15      	lsrs	r5, r2, #16
10002cba:	436f      	muls	r7, r5
10002cbc:	b280      	uxth	r0, r0
10002cbe:	4368      	muls	r0, r5
10002cc0:	1836      	adds	r6, r6, r0
10002cc2:	d302      	bcc.n	10002cca <l14_1>
10002cc4:	2001      	movs	r0, #1
10002cc6:	0400      	lsls	r0, r0, #16
10002cc8:	183f      	adds	r7, r7, r0

10002cca <l14_1>:
10002cca:	0430      	lsls	r0, r6, #16
10002ccc:	0c35      	lsrs	r5, r6, #16
10002cce:	1900      	adds	r0, r0, r4
10002cd0:	417d      	adcs	r5, r7
10002cd2:	4684      	mov	ip, r0
10002cd4:	b288      	uxth	r0, r1
10002cd6:	b29a      	uxth	r2, r3
10002cd8:	4350      	muls	r0, r2
10002cda:	0c0c      	lsrs	r4, r1, #16
10002cdc:	4362      	muls	r2, r4
10002cde:	0c1f      	lsrs	r7, r3, #16
10002ce0:	437c      	muls	r4, r7
10002ce2:	b28e      	uxth	r6, r1
10002ce4:	437e      	muls	r6, r7
10002ce6:	1992      	adds	r2, r2, r6
10002ce8:	d302      	bcc.n	10002cf0 <l15_1>
10002cea:	2601      	movs	r6, #1
10002cec:	0436      	lsls	r6, r6, #16
10002cee:	19a4      	adds	r4, r4, r6

10002cf0 <l15_1>:
10002cf0:	0416      	lsls	r6, r2, #16
10002cf2:	0c17      	lsrs	r7, r2, #16
10002cf4:	1836      	adds	r6, r6, r0
10002cf6:	4167      	adcs	r7, r4
10002cf8:	bc01      	pop	{r0}
10002cfa:	b281      	uxth	r1, r0
10002cfc:	b29a      	uxth	r2, r3
10002cfe:	4351      	muls	r1, r2
10002d00:	0c04      	lsrs	r4, r0, #16
10002d02:	4362      	muls	r2, r4
10002d04:	0c1b      	lsrs	r3, r3, #16
10002d06:	435c      	muls	r4, r3
10002d08:	b280      	uxth	r0, r0
10002d0a:	4358      	muls	r0, r3
10002d0c:	1812      	adds	r2, r2, r0
10002d0e:	d302      	bcc.n	10002d16 <l16_1>
10002d10:	2001      	movs	r0, #1
10002d12:	0400      	lsls	r0, r0, #16
10002d14:	1824      	adds	r4, r4, r0

10002d16 <l16_1>:
10002d16:	0410      	lsls	r0, r2, #16
10002d18:	0c13      	lsrs	r3, r2, #16
10002d1a:	1840      	adds	r0, r0, r1
10002d1c:	4163      	adcs	r3, r4
10002d1e:	182d      	adds	r5, r5, r0
10002d20:	415e      	adcs	r6, r3
10002d22:	2000      	movs	r0, #0
10002d24:	4147      	adcs	r7, r0
10002d26:	bc06      	pop	{r1, r2}
10002d28:	b288      	uxth	r0, r1
10002d2a:	b293      	uxth	r3, r2
10002d2c:	4358      	muls	r0, r3
10002d2e:	0c0c      	lsrs	r4, r1, #16
10002d30:	4363      	muls	r3, r4
10002d32:	0c12      	lsrs	r2, r2, #16
10002d34:	4354      	muls	r4, r2
10002d36:	b289      	uxth	r1, r1
10002d38:	4351      	muls	r1, r2
10002d3a:	185b      	adds	r3, r3, r1
10002d3c:	d302      	bcc.n	10002d44 <l17_1>
10002d3e:	2101      	movs	r1, #1
10002d40:	0409      	lsls	r1, r1, #16
10002d42:	1864      	adds	r4, r4, r1

10002d44 <l17_1>:
10002d44:	0419      	lsls	r1, r3, #16
10002d46:	0c1a      	lsrs	r2, r3, #16
10002d48:	1809      	adds	r1, r1, r0
10002d4a:	4162      	adcs	r2, r4
10002d4c:	186d      	adds	r5, r5, r1
10002d4e:	4156      	adcs	r6, r2
10002d50:	2000      	movs	r0, #0
10002d52:	4147      	adcs	r7, r0
10002d54:	bc18      	pop	{r3, r4}
10002d56:	02f9      	lsls	r1, r7, #11
10002d58:	0d72      	lsrs	r2, r6, #21
10002d5a:	4311      	orrs	r1, r2
10002d5c:	02f0      	lsls	r0, r6, #11
10002d5e:	0d6a      	lsrs	r2, r5, #21
10002d60:	4310      	orrs	r0, r2
10002d62:	02ed      	lsls	r5, r5, #11
10002d64:	0d0a      	lsrs	r2, r1, #20
10002d66:	d103      	bne.n	10002d70 <l17_1+0x2c>
10002d68:	196d      	adds	r5, r5, r5
10002d6a:	4140      	adcs	r0, r0
10002d6c:	4149      	adcs	r1, r1
10002d6e:	3b01      	subs	r3, #1
10002d70:	4e12      	ldr	r6, [pc, #72]	@ (10002dbc <dm_1+0xa>)
10002d72:	1b9b      	subs	r3, r3, r6
10002d74:	0076      	lsls	r6, r6, #1
10002d76:	42b3      	cmp	r3, r6
10002d78:	d20e      	bcs.n	10002d98 <dm_0>
10002d7a:	006d      	lsls	r5, r5, #1
10002d7c:	d307      	bcc.n	10002d8e <l17_1+0x4a>
10002d7e:	3001      	adds	r0, #1
10002d80:	2600      	movs	r6, #0
10002d82:	4171      	adcs	r1, r6
10002d84:	4666      	mov	r6, ip
10002d86:	4335      	orrs	r5, r6
10002d88:	d101      	bne.n	10002d8e <l17_1+0x4a>
10002d8a:	0840      	lsrs	r0, r0, #1
10002d8c:	0040      	lsls	r0, r0, #1
10002d8e:	051b      	lsls	r3, r3, #20
10002d90:	18c9      	adds	r1, r1, r3

10002d92 <dm_2>:
10002d92:	07e4      	lsls	r4, r4, #31
10002d94:	4421      	add	r1, r4
10002d96:	bdf0      	pop	{r4, r5, r6, r7, pc}

10002d98 <dm_0>:
10002d98:	da0b      	bge.n	10002db2 <dm_1>
10002d9a:	3301      	adds	r3, #1
10002d9c:	d106      	bne.n	10002dac <dm_0+0x14>
10002d9e:	3001      	adds	r0, #1
10002da0:	d104      	bne.n	10002dac <dm_0+0x14>
10002da2:	3101      	adds	r1, #1
10002da4:	0d4f      	lsrs	r7, r1, #21
10002da6:	d001      	beq.n	10002dac <dm_0+0x14>
10002da8:	0849      	lsrs	r1, r1, #1
10002daa:	e7f2      	b.n	10002d92 <dm_2>
10002dac:	07e1      	lsls	r1, r4, #31
10002dae:	2000      	movs	r0, #0
10002db0:	bdf0      	pop	{r4, r5, r6, r7, pc}

10002db2 <dm_1>:
10002db2:	3601      	adds	r6, #1
10002db4:	0531      	lsls	r1, r6, #20
10002db6:	2000      	movs	r0, #0
10002db8:	e7eb      	b.n	10002d92 <dm_2>
10002dba:	0000      	.short	0x0000
10002dbc:	000003ff 	.word	0x000003ff

10002dc0 <ddiv_shim>:
10002dc0:	b5f0      	push	{r4, r5, r6, r7, lr}

10002dc2 <ddiv0>:
10002dc2:	0d1c      	lsrs	r4, r3, #20
10002dc4:	1e67      	subs	r7, r4, #1
10002dc6:	053f      	lsls	r7, r7, #20
10002dc8:	1bdb      	subs	r3, r3, r7
10002dca:	0ae7      	lsrs	r7, r4, #11
10002dcc:	0564      	lsls	r4, r4, #21
10002dce:	0d64      	lsrs	r4, r4, #21
10002dd0:	d002      	beq.n	10002dd8 <l20_1>
10002dd2:	1c66      	adds	r6, r4, #1
10002dd4:	0af6      	lsrs	r6, r6, #11
10002dd6:	d004      	beq.n	10002de2 <l20_2>

10002dd8 <l20_1>:
10002dd8:	2200      	movs	r2, #0
10002dda:	2301      	movs	r3, #1
10002ddc:	051b      	lsls	r3, r3, #20
10002dde:	3c80      	subs	r4, #128	@ 0x80
10002de0:	0324      	lsls	r4, r4, #12

10002de2 <l20_2>:
10002de2:	25d0      	movs	r5, #208	@ 0xd0
10002de4:	062d      	lsls	r5, r5, #24
10002de6:	2600      	movs	r6, #0
10002de8:	43f6      	mvns	r6, r6
10002dea:	662e      	str	r6, [r5, #96]	@ 0x60
10002dec:	091e      	lsrs	r6, r3, #4
10002dee:	666e      	str	r6, [r5, #100]	@ 0x64
10002df0:	0fce      	lsrs	r6, r1, #31
10002df2:	19f6      	adds	r6, r6, r7
10002df4:	46b4      	mov	ip, r6
10002df6:	0049      	lsls	r1, r1, #1
10002df8:	0d4f      	lsrs	r7, r1, #21
10002dfa:	d002      	beq.n	10002e02 <l20_2+0x20>
10002dfc:	1c7e      	adds	r6, r7, #1
10002dfe:	0af6      	lsrs	r6, r6, #11
10002e00:	d003      	beq.n	10002e0a <l20_2+0x28>
10002e02:	2000      	movs	r0, #0
10002e04:	2100      	movs	r1, #0
10002e06:	3f40      	subs	r7, #64	@ 0x40
10002e08:	033f      	lsls	r7, r7, #12
10002e0a:	1b3e      	subs	r6, r7, r4
10002e0c:	00b6      	lsls	r6, r6, #2
10002e0e:	44b4      	add	ip, r6
10002e10:	3f01      	subs	r7, #1
10002e12:	057f      	lsls	r7, r7, #21
10002e14:	1bc9      	subs	r1, r1, r7
10002e16:	0849      	lsrs	r1, r1, #1
10002e18:	6f2e      	ldr	r6, [r5, #112]	@ 0x70
10002e1a:	3601      	adds	r6, #1
10002e1c:	0876      	lsrs	r6, r6, #1
10002e1e:	029c      	lsls	r4, r3, #10
10002e20:	0d95      	lsrs	r5, r2, #22
10002e22:	4325      	orrs	r5, r4
10002e24:	4375      	muls	r5, r6
10002e26:	13ed      	asrs	r5, r5, #15
10002e28:	4375      	muls	r5, r6
10002e2a:	13ad      	asrs	r5, r5, #14
10002e2c:	3501      	adds	r5, #1
10002e2e:	106d      	asrs	r5, r5, #1
10002e30:	03f6      	lsls	r6, r6, #15
10002e32:	1b76      	subs	r6, r6, r5
10002e34:	b40c      	push	{r2, r3}
10002e36:	02cc      	lsls	r4, r1, #11
10002e38:	0d45      	lsrs	r5, r0, #21
10002e3a:	432c      	orrs	r4, r5
10002e3c:	b2a2      	uxth	r2, r4
10002e3e:	b2b3      	uxth	r3, r6
10002e40:	435a      	muls	r2, r3
10002e42:	0c27      	lsrs	r7, r4, #16
10002e44:	437b      	muls	r3, r7
10002e46:	0c35      	lsrs	r5, r6, #16
10002e48:	436f      	muls	r7, r5
10002e4a:	b2a4      	uxth	r4, r4
10002e4c:	436c      	muls	r4, r5
10002e4e:	191b      	adds	r3, r3, r4
10002e50:	d302      	bcc.n	10002e58 <l21_1>
10002e52:	2401      	movs	r4, #1
10002e54:	0424      	lsls	r4, r4, #16
10002e56:	193f      	adds	r7, r7, r4

10002e58 <l21_1>:
10002e58:	041c      	lsls	r4, r3, #16
10002e5a:	0c1d      	lsrs	r5, r3, #16
10002e5c:	18a4      	adds	r4, r4, r2
10002e5e:	417d      	adcs	r5, r7
10002e60:	1924      	adds	r4, r4, r4
10002e62:	416d      	adcs	r5, r5
10002e64:	9a00      	ldr	r2, [sp, #0]
10002e66:	b291      	uxth	r1, r2
10002e68:	b2ac      	uxth	r4, r5
10002e6a:	4361      	muls	r1, r4
10002e6c:	0c17      	lsrs	r7, r2, #16
10002e6e:	437c      	muls	r4, r7
10002e70:	0c2b      	lsrs	r3, r5, #16
10002e72:	435f      	muls	r7, r3
10002e74:	b292      	uxth	r2, r2
10002e76:	435a      	muls	r2, r3
10002e78:	18a4      	adds	r4, r4, r2
10002e7a:	d302      	bcc.n	10002e82 <l22_1>
10002e7c:	2201      	movs	r2, #1
10002e7e:	0412      	lsls	r2, r2, #16
10002e80:	18bf      	adds	r7, r7, r2

10002e82 <l22_1>:
10002e82:	0422      	lsls	r2, r4, #16
10002e84:	0c23      	lsrs	r3, r4, #16
10002e86:	1852      	adds	r2, r2, r1
10002e88:	417b      	adcs	r3, r7
10002e8a:	9c01      	ldr	r4, [sp, #4]
10002e8c:	436c      	muls	r4, r5
10002e8e:	191b      	adds	r3, r3, r4
10002e90:	0e52      	lsrs	r2, r2, #25
10002e92:	01d9      	lsls	r1, r3, #7
10002e94:	430a      	orrs	r2, r1
10002e96:	0144      	lsls	r4, r0, #5
10002e98:	1aa0      	subs	r0, r4, r2
10002e9a:	b281      	uxth	r1, r0
10002e9c:	b2b2      	uxth	r2, r6
10002e9e:	4351      	muls	r1, r2
10002ea0:	1403      	asrs	r3, r0, #16
10002ea2:	435a      	muls	r2, r3
10002ea4:	0c36      	lsrs	r6, r6, #16
10002ea6:	4373      	muls	r3, r6
10002ea8:	b287      	uxth	r7, r0
10002eaa:	4377      	muls	r7, r6
10002eac:	17d6      	asrs	r6, r2, #31
10002eae:	19d2      	adds	r2, r2, r7
10002eb0:	2700      	movs	r7, #0
10002eb2:	417e      	adcs	r6, r7
10002eb4:	0436      	lsls	r6, r6, #16
10002eb6:	199b      	adds	r3, r3, r6
10002eb8:	0417      	lsls	r7, r2, #16
10002eba:	0c16      	lsrs	r6, r2, #16
10002ebc:	187f      	adds	r7, r7, r1
10002ebe:	415e      	adcs	r6, r3
10002ec0:	1673      	asrs	r3, r6, #25
10002ec2:	18ed      	adds	r5, r5, r3
10002ec4:	01f3      	lsls	r3, r6, #7
10002ec6:	2600      	movs	r6, #0
10002ec8:	3380      	adds	r3, #128	@ 0x80
10002eca:	4175      	adcs	r5, r6
10002ecc:	0fa9      	lsrs	r1, r5, #30
10002ece:	d106      	bne.n	10002ede <dd_0>
10002ed0:	0064      	lsls	r4, r4, #1
10002ed2:	0a69      	lsrs	r1, r5, #9
10002ed4:	05e8      	lsls	r0, r5, #23
10002ed6:	0a5b      	lsrs	r3, r3, #9
10002ed8:	4318      	orrs	r0, r3
10002eda:	d209      	bcs.n	10002ef0 <dd_1>
10002edc:	e02f      	b.n	10002f3e <dd_2>

10002ede <dd_0>:
10002ede:	2204      	movs	r2, #4
10002ee0:	4494      	add	ip, r2
10002ee2:	3380      	adds	r3, #128	@ 0x80
10002ee4:	4175      	adcs	r5, r6
10002ee6:	0aa9      	lsrs	r1, r5, #10
10002ee8:	05a8      	lsls	r0, r5, #22
10002eea:	0a9b      	lsrs	r3, r3, #10
10002eec:	4318      	orrs	r0, r3
10002eee:	d326      	bcc.n	10002f3e <dd_2>

10002ef0 <dd_1>:
10002ef0:	4140      	adcs	r0, r0
10002ef2:	4149      	adcs	r1, r1
10002ef4:	0424      	lsls	r4, r4, #16
10002ef6:	9a00      	ldr	r2, [sp, #0]
10002ef8:	9b01      	ldr	r3, [sp, #4]
10002efa:	000d      	movs	r5, r1
10002efc:	4355      	muls	r5, r2
10002efe:	1b64      	subs	r4, r4, r5
10002f00:	4343      	muls	r3, r0
10002f02:	1ae4      	subs	r4, r4, r3
10002f04:	b295      	uxth	r5, r2
10002f06:	b286      	uxth	r6, r0
10002f08:	4375      	muls	r5, r6
10002f0a:	0c17      	lsrs	r7, r2, #16
10002f0c:	437e      	muls	r6, r7
10002f0e:	0c03      	lsrs	r3, r0, #16
10002f10:	435f      	muls	r7, r3
10002f12:	b292      	uxth	r2, r2
10002f14:	435a      	muls	r2, r3
10002f16:	18b6      	adds	r6, r6, r2
10002f18:	d302      	bcc.n	10002f20 <l24_1>
10002f1a:	2201      	movs	r2, #1
10002f1c:	0412      	lsls	r2, r2, #16
10002f1e:	18bf      	adds	r7, r7, r2

10002f20 <l24_1>:
10002f20:	0432      	lsls	r2, r6, #16
10002f22:	0c33      	lsrs	r3, r6, #16
10002f24:	1952      	adds	r2, r2, r5
10002f26:	417b      	adcs	r3, r7
10002f28:	4252      	negs	r2, r2
10002f2a:	419c      	sbcs	r4, r3
10002f2c:	2c00      	cmp	r4, #0
10002f2e:	d402      	bmi.n	10002f36 <l24_1+0x16>
10002f30:	2200      	movs	r2, #0
10002f32:	3001      	adds	r0, #1
10002f34:	4151      	adcs	r1, r2
10002f36:	0840      	lsrs	r0, r0, #1
10002f38:	07ca      	lsls	r2, r1, #31
10002f3a:	4310      	orrs	r0, r2
10002f3c:	0849      	lsrs	r1, r1, #1

10002f3e <dd_2>:
10002f3e:	b002      	add	sp, #8
10002f40:	4662      	mov	r2, ip
10002f42:	07d7      	lsls	r7, r2, #31
10002f44:	1092      	asrs	r2, r2, #2
10002f46:	4b08      	ldr	r3, [pc, #32]	@ (10002f68 <dd_4+0x6>)
10002f48:	18d2      	adds	r2, r2, r3
10002f4a:	4b08      	ldr	r3, [pc, #32]	@ (10002f6c <dd_4+0xa>)
10002f4c:	429a      	cmp	r2, r3
10002f4e:	d203      	bcs.n	10002f58 <dd_3>
10002f50:	0512      	lsls	r2, r2, #20
10002f52:	1889      	adds	r1, r1, r2

10002f54 <dd_5>:
10002f54:	19c9      	adds	r1, r1, r7
10002f56:	bdf0      	pop	{r4, r5, r6, r7, pc}

10002f58 <dd_3>:
10002f58:	2000      	movs	r0, #0
10002f5a:	2a00      	cmp	r2, #0
10002f5c:	dc01      	bgt.n	10002f62 <dd_4>
10002f5e:	0039      	movs	r1, r7
10002f60:	bdf0      	pop	{r4, r5, r6, r7, pc}

10002f62 <dd_4>:
10002f62:	3301      	adds	r3, #1
10002f64:	0519      	lsls	r1, r3, #20
10002f66:	e7f5      	b.n	10002f54 <dd_5>
10002f68:	000003fd 	.word	0x000003fd
10002f6c:	000007fe 	.word	0x000007fe

10002f70 <double2uint_shim>:
10002f70:	2200      	movs	r2, #0

10002f72 <double2ufix_shim>:
10002f72:	b500      	push	{lr}
10002f74:	3220      	adds	r2, #32
10002f76:	f000 f804 	bl	10002f82 <double2ufix64_shim>
10002f7a:	0008      	movs	r0, r1
10002f7c:	bd00      	pop	{pc}
	...

10002f80 <double2uint64_shim>:
10002f80:	2200      	movs	r2, #0

10002f82 <double2ufix64_shim>:
10002f82:	150b      	asrs	r3, r1, #20
10002f84:	d40a      	bmi.n	10002f9c <ret_dzero>

10002f86 <d2fix>:
10002f86:	b510      	push	{r4, lr}
10002f88:	4694      	mov	ip, r2
10002f8a:	f000 f831 	bl	10002ff0 <dunpacks>
10002f8e:	1414      	asrs	r4, r2, #16
10002f90:	3401      	adds	r4, #1
10002f92:	da00      	bge.n	10002f96 <d2fix+0x10>
10002f94:	2100      	movs	r1, #0
10002f96:	17cb      	asrs	r3, r1, #31
10002f98:	4c14      	ldr	r4, [pc, #80]	@ (10002fec <d2fix_a+0x4a>)
10002f9a:	4720      	bx	r4

10002f9c <ret_dzero>:
10002f9c:	2000      	movs	r0, #0
10002f9e:	2100      	movs	r1, #0
10002fa0:	4770      	bx	lr

10002fa2 <d2fix_a>:
10002fa2:	4462      	add	r2, ip
10002fa4:	3a34      	subs	r2, #52	@ 0x34
10002fa6:	d40c      	bmi.n	10002fc2 <d2fix_a+0x20>
10002fa8:	2a0c      	cmp	r2, #12
10002faa:	da07      	bge.n	10002fbc <d2fix_a+0x1a>
10002fac:	0004      	movs	r4, r0
10002fae:	4091      	lsls	r1, r2
10002fb0:	4090      	lsls	r0, r2
10002fb2:	4252      	negs	r2, r2
10002fb4:	3220      	adds	r2, #32
10002fb6:	40d4      	lsrs	r4, r2
10002fb8:	4321      	orrs	r1, r4
10002fba:	bd10      	pop	{r4, pc}
10002fbc:	43d8      	mvns	r0, r3
10002fbe:	43d9      	mvns	r1, r3
10002fc0:	bd10      	pop	{r4, pc}
10002fc2:	3220      	adds	r2, #32
10002fc4:	d407      	bmi.n	10002fd6 <d2fix_a+0x34>
10002fc6:	460c      	mov	r4, r1
10002fc8:	4094      	lsls	r4, r2
10002fca:	4252      	negs	r2, r2
10002fcc:	3220      	adds	r2, #32
10002fce:	4111      	asrs	r1, r2
10002fd0:	40d0      	lsrs	r0, r2
10002fd2:	4320      	orrs	r0, r4
10002fd4:	bd10      	pop	{r4, pc}
10002fd6:	0008      	movs	r0, r1
10002fd8:	17c9      	asrs	r1, r1, #31
10002fda:	3220      	adds	r2, #32
10002fdc:	d403      	bmi.n	10002fe6 <d2fix_a+0x44>
10002fde:	4252      	negs	r2, r2
10002fe0:	3220      	adds	r2, #32
10002fe2:	4110      	asrs	r0, r2
10002fe4:	bd10      	pop	{r4, pc}
10002fe6:	0018      	movs	r0, r3
10002fe8:	0019      	movs	r1, r3
10002fea:	bd10      	pop	{r4, pc}
10002fec:	10002fa3 	.word	0x10002fa3

10002ff0 <dunpacks>:
10002ff0:	0d0a      	lsrs	r2, r1, #20
10002ff2:	0fcc      	lsrs	r4, r1, #31
10002ff4:	1e53      	subs	r3, r2, #1
10002ff6:	051b      	lsls	r3, r3, #20
10002ff8:	1ac9      	subs	r1, r1, r3
10002ffa:	0552      	lsls	r2, r2, #21
10002ffc:	d303      	bcc.n	10003006 <l60_1>
10002ffe:	43c9      	mvns	r1, r1
10003000:	4240      	negs	r0, r0
10003002:	d300      	bcc.n	10003006 <l60_1>
10003004:	3101      	adds	r1, #1

10003006 <l60_1>:
10003006:	0d52      	lsrs	r2, r2, #21
10003008:	d003      	beq.n	10003012 <l60_2>
1000300a:	1c53      	adds	r3, r2, #1
1000300c:	0adb      	lsrs	r3, r3, #11
1000300e:	d007      	beq.n	10003020 <l60_3>
10003010:	1b12      	subs	r2, r2, r4

10003012 <l60_2>:
10003012:	2000      	movs	r0, #0
10003014:	0064      	lsls	r4, r4, #1
10003016:	1c61      	adds	r1, r4, #1
10003018:	0789      	lsls	r1, r1, #30
1000301a:	1289      	asrs	r1, r1, #10
1000301c:	3a80      	subs	r2, #128	@ 0x80
1000301e:	0312      	lsls	r2, r2, #12

10003020 <l60_3>:
10003020:	4b01      	ldr	r3, [pc, #4]	@ (10003028 <l60_3+0x8>)
10003022:	1ad2      	subs	r2, r2, r3
10003024:	4770      	bx	lr
10003026:	0000      	.short	0x0000
10003028:	000003ff 	.word	0x000003ff

1000302c <__wrap___aeabi_lmul>:
1000302c:	4351      	muls	r1, r2
1000302e:	4343      	muls	r3, r0
10003030:	18c9      	adds	r1, r1, r3
10003032:	468c      	mov	ip, r1
10003034:	0c11      	lsrs	r1, r2, #16
10003036:	b283      	uxth	r3, r0
10003038:	434b      	muls	r3, r1
1000303a:	b410      	push	{r4}
1000303c:	0c04      	lsrs	r4, r0, #16
1000303e:	4361      	muls	r1, r4
10003040:	b292      	uxth	r2, r2
10003042:	b280      	uxth	r0, r0
10003044:	4350      	muls	r0, r2
10003046:	4362      	muls	r2, r4
10003048:	041c      	lsls	r4, r3, #16
1000304a:	0c1b      	lsrs	r3, r3, #16
1000304c:	1900      	adds	r0, r0, r4
1000304e:	bc10      	pop	{r4}
10003050:	4159      	adcs	r1, r3
10003052:	0413      	lsls	r3, r2, #16
10003054:	0c12      	lsrs	r2, r2, #16
10003056:	18c0      	adds	r0, r0, r3
10003058:	4151      	adcs	r1, r2
1000305a:	4461      	add	r1, ip
1000305c:	4770      	bx	lr
	...

10003060 <__wrap___aeabi_frsub>:
10003060:	4048      	eors	r0, r1
10003062:	4041      	eors	r1, r0
10003064:	4048      	eors	r0, r1

10003066 <__wrap___aeabi_fsub>:
10003066:	2300      	movs	r3, #0
10003068:	469c      	mov	ip, r3
1000306a:	4b11      	ldr	r3, [pc, #68]	@ (100030b0 <__wrap___aeabi_fmul+0xa>)
1000306c:	685b      	ldr	r3, [r3, #4]
1000306e:	4718      	bx	r3

10003070 <__wrap___aeabi_fadd>:
10003070:	2300      	movs	r3, #0
10003072:	469c      	mov	ip, r3
10003074:	4b0e      	ldr	r3, [pc, #56]	@ (100030b0 <__wrap___aeabi_fmul+0xa>)
10003076:	681b      	ldr	r3, [r3, #0]
10003078:	4718      	bx	r3

1000307a <__wrap___aeabi_fdiv>:
1000307a:	4a0e      	ldr	r2, [pc, #56]	@ (100030b4 <__wrap___aeabi_fmul+0xe>)
1000307c:	6f93      	ldr	r3, [r2, #120]	@ 0x78
1000307e:	089b      	lsrs	r3, r3, #2
10003080:	d204      	bcs.n	1000308c <fdiv_save_state>

10003082 <fdiv_shim_call>:
10003082:	2300      	movs	r3, #0
10003084:	469c      	mov	ip, r3
10003086:	4b0a      	ldr	r3, [pc, #40]	@ (100030b0 <__wrap___aeabi_fmul+0xa>)
10003088:	68db      	ldr	r3, [r3, #12]
1000308a:	4718      	bx	r3

1000308c <fdiv_save_state>:
1000308c:	b5f0      	push	{r4, r5, r6, r7, lr}
1000308e:	6e14      	ldr	r4, [r2, #96]	@ 0x60
10003090:	6e55      	ldr	r5, [r2, #100]	@ 0x64
10003092:	6f57      	ldr	r7, [r2, #116]	@ 0x74
10003094:	6f16      	ldr	r6, [r2, #112]	@ 0x70
10003096:	f7ff fff4 	bl	10003082 <fdiv_shim_call>
1000309a:	4a06      	ldr	r2, [pc, #24]	@ (100030b4 <__wrap___aeabi_fmul+0xe>)
1000309c:	6614      	str	r4, [r2, #96]	@ 0x60
1000309e:	6655      	str	r5, [r2, #100]	@ 0x64
100030a0:	6757      	str	r7, [r2, #116]	@ 0x74
100030a2:	6716      	str	r6, [r2, #112]	@ 0x70
100030a4:	bdf0      	pop	{r4, r5, r6, r7, pc}

100030a6 <__wrap___aeabi_fmul>:
100030a6:	2300      	movs	r3, #0
100030a8:	469c      	mov	ip, r3
100030aa:	4b01      	ldr	r3, [pc, #4]	@ (100030b0 <__wrap___aeabi_fmul+0xa>)
100030ac:	689b      	ldr	r3, [r3, #8]
100030ae:	4718      	bx	r3
100030b0:	20003018 	.word	0x20003018
100030b4:	d0000000 	.word	0xd0000000

100030b8 <__wrap___aeabi_cfrcmple>:
100030b8:	b507      	push	{r0, r1, r2, lr}
100030ba:	4048      	eors	r0, r1
100030bc:	4041      	eors	r1, r0
100030be:	4048      	eors	r0, r1
100030c0:	e001      	b.n	100030c6 <__aeabi_cfcmple_guts>
100030c2:	46c0      	nop			@ (mov r8, r8)

100030c4 <__wrap___aeabi_cfcmpeq>:
100030c4:	b507      	push	{r0, r1, r2, lr}

100030c6 <__aeabi_cfcmple_guts>:
100030c6:	0042      	lsls	r2, r0, #1
100030c8:	0e12      	lsrs	r2, r2, #24
100030ca:	d003      	beq.n	100030d4 <__aeabi_cfcmple_guts+0xe>
100030cc:	2aff      	cmp	r2, #255	@ 0xff
100030ce:	d103      	bne.n	100030d8 <__aeabi_cfcmple_guts+0x12>
100030d0:	0242      	lsls	r2, r0, #9
100030d2:	d818      	bhi.n	10003106 <__aeabi_cfcmple_guts+0x40>
100030d4:	0dc0      	lsrs	r0, r0, #23
100030d6:	05c0      	lsls	r0, r0, #23
100030d8:	004a      	lsls	r2, r1, #1
100030da:	0e12      	lsrs	r2, r2, #24
100030dc:	d003      	beq.n	100030e6 <__aeabi_cfcmple_guts+0x20>
100030de:	2aff      	cmp	r2, #255	@ 0xff
100030e0:	d103      	bne.n	100030ea <__aeabi_cfcmple_guts+0x24>
100030e2:	024a      	lsls	r2, r1, #9
100030e4:	d80f      	bhi.n	10003106 <__aeabi_cfcmple_guts+0x40>
100030e6:	0dc9      	lsrs	r1, r1, #23
100030e8:	05c9      	lsls	r1, r1, #23
100030ea:	2201      	movs	r2, #1
100030ec:	4041      	eors	r1, r0
100030ee:	d405      	bmi.n	100030fc <__aeabi_cfcmple_guts+0x36>
100030f0:	4041      	eors	r1, r0
100030f2:	d501      	bpl.n	100030f8 <__aeabi_cfcmple_guts+0x32>
100030f4:	4281      	cmp	r1, r0
100030f6:	bd07      	pop	{r0, r1, r2, pc}
100030f8:	4288      	cmp	r0, r1
100030fa:	bd07      	pop	{r0, r1, r2, pc}
100030fc:	4301      	orrs	r1, r0
100030fe:	1849      	adds	r1, r1, r1
10003100:	d001      	beq.n	10003106 <__aeabi_cfcmple_guts+0x40>
10003102:	43c0      	mvns	r0, r0
10003104:	1800      	adds	r0, r0, r0
10003106:	bd07      	pop	{r0, r1, r2, pc}

10003108 <__wrap___aeabi_fcmpgt>:
10003108:	b500      	push	{lr}
1000310a:	f7ff ffd5 	bl	100030b8 <__wrap___aeabi_cfrcmple>
1000310e:	4180      	sbcs	r0, r0
10003110:	bd00      	pop	{pc}

10003112 <__wrap___aeabi_ui2f>:
10003112:	1a49      	subs	r1, r1, r1
10003114:	2800      	cmp	r0, #0
10003116:	d107      	bne.n	10003128 <__aeabi_i2f_main>
10003118:	4608      	mov	r0, r1
1000311a:	4770      	bx	lr

1000311c <__wrap___aeabi_i2f>:
1000311c:	0fc1      	lsrs	r1, r0, #31
1000311e:	07c9      	lsls	r1, r1, #31
10003120:	d500      	bpl.n	10003124 <__wrap___aeabi_i2f+0x8>
10003122:	4240      	negs	r0, r0
10003124:	2800      	cmp	r0, #0
10003126:	d017      	beq.n	10003158 <__aeabi_i2f_main+0x30>

10003128 <__aeabi_i2f_main>:
10003128:	46f4      	mov	ip, lr
1000312a:	b403      	push	{r0, r1}
1000312c:	4b0b      	ldr	r3, [pc, #44]	@ (1000315c <__aeabi_i2f_main+0x34>)
1000312e:	681b      	ldr	r3, [r3, #0]
10003130:	4798      	blx	r3
10003132:	bc06      	pop	{r1, r2}
10003134:	4081      	lsls	r1, r0
10003136:	389e      	subs	r0, #158	@ 0x9e
10003138:	4240      	negs	r0, r0
1000313a:	3180      	adds	r1, #128	@ 0x80
1000313c:	d207      	bcs.n	1000314e <__aeabi_i2f_main+0x26>
1000313e:	060b      	lsls	r3, r1, #24
10003140:	d007      	beq.n	10003152 <__aeabi_i2f_main+0x2a>
10003142:	0049      	lsls	r1, r1, #1
10003144:	0a49      	lsrs	r1, r1, #9
10003146:	05c0      	lsls	r0, r0, #23
10003148:	4310      	orrs	r0, r2
1000314a:	4308      	orrs	r0, r1
1000314c:	4760      	bx	ip
1000314e:	3001      	adds	r0, #1
10003150:	e7f8      	b.n	10003144 <__aeabi_i2f_main+0x1c>
10003152:	0a49      	lsrs	r1, r1, #9
10003154:	0289      	lsls	r1, r1, #10
10003156:	e7f5      	b.n	10003144 <__aeabi_i2f_main+0x1c>
10003158:	4770      	bx	lr
1000315a:	0000      	.short	0x0000
1000315c:	20003014 	.word	0x20003014

10003160 <__wrap___aeabi_f2d>:
10003160:	4b03      	ldr	r3, [pc, #12]	@ (10003170 <__wrap___aeabi_f2d+0x10>)
10003162:	6fdb      	ldr	r3, [r3, #124]	@ 0x7c
10003164:	46fc      	mov	ip, pc
10003166:	4718      	bx	r3
10003168:	32a5df7c 	.word	0x32a5df7c
1000316c:	00001000 	.word	0x00001000
10003170:	20003018 	.word	0x20003018

10003174 <__aeabi_float_init>:
10003174:	b570      	push	{r4, r5, r6, lr}
10003176:	2313      	movs	r3, #19
10003178:	781e      	ldrb	r6, [r3, #0]
1000317a:	482a      	ldr	r0, [pc, #168]	@ (10003224 <__aeabi_float_init+0xb0>)
1000317c:	f7fe ffbe 	bl	100020fc <rom_data_lookup>
10003180:	0005      	movs	r5, r0
10003182:	2e01      	cmp	r6, #1
10003184:	d011      	beq.n	100031aa <__aeabi_float_init+0x36>
10003186:	2e01      	cmp	r6, #1
10003188:	dd09      	ble.n	1000319e <__aeabi_float_init+0x2a>
1000318a:	1eab      	subs	r3, r5, #2
1000318c:	781b      	ldrb	r3, [r3, #0]
1000318e:	009b      	lsls	r3, r3, #2
10003190:	2b7f      	cmp	r3, #127	@ 0x7f
10003192:	dd40      	ble.n	10003216 <__aeabi_float_init+0xa2>
10003194:	4824      	ldr	r0, [pc, #144]	@ (10003228 <__aeabi_float_init+0xb4>)
10003196:	2280      	movs	r2, #128	@ 0x80
10003198:	0029      	movs	r1, r5
1000319a:	f000 f8ad 	bl	100032f8 <__wrap___aeabi_memcpy>
1000319e:	4823      	ldr	r0, [pc, #140]	@ (1000322c <__aeabi_float_init+0xb8>)
100031a0:	f7fe ffa4 	bl	100020ec <rom_func_lookup>
100031a4:	4b22      	ldr	r3, [pc, #136]	@ (10003230 <__aeabi_float_init+0xbc>)
100031a6:	6018      	str	r0, [r3, #0]
100031a8:	bd70      	pop	{r4, r5, r6, pc}
100031aa:	481f      	ldr	r0, [pc, #124]	@ (10003228 <__aeabi_float_init+0xb4>)
100031ac:	2254      	movs	r2, #84	@ 0x54
100031ae:	0029      	movs	r1, r5
100031b0:	f000 f8a2 	bl	100032f8 <__wrap___aeabi_memcpy>
100031b4:	4b1f      	ldr	r3, [pc, #124]	@ (10003234 <__aeabi_float_init+0xc0>)
100031b6:	881a      	ldrh	r2, [r3, #0]
100031b8:	4b1f      	ldr	r3, [pc, #124]	@ (10003238 <__aeabi_float_init+0xc4>)
100031ba:	429a      	cmp	r2, r3
100031bc:	d11c      	bne.n	100031f8 <__aeabi_float_init+0x84>
100031be:	23a7      	movs	r3, #167	@ 0xa7
100031c0:	019b      	lsls	r3, r3, #6
100031c2:	881a      	ldrh	r2, [r3, #0]
100031c4:	4b1d      	ldr	r3, [pc, #116]	@ (1000323c <__aeabi_float_init+0xc8>)
100031c6:	429a      	cmp	r2, r3
100031c8:	d116      	bne.n	100031f8 <__aeabi_float_init+0x84>
100031ca:	4b1d      	ldr	r3, [pc, #116]	@ (10003240 <__aeabi_float_init+0xcc>)
100031cc:	881a      	ldrh	r2, [r3, #0]
100031ce:	4b1d      	ldr	r3, [pc, #116]	@ (10003244 <__aeabi_float_init+0xd0>)
100031d0:	429a      	cmp	r2, r3
100031d2:	d111      	bne.n	100031f8 <__aeabi_float_init+0x84>
100031d4:	4b1c      	ldr	r3, [pc, #112]	@ (10003248 <__aeabi_float_init+0xd4>)
100031d6:	881a      	ldrh	r2, [r3, #0]
100031d8:	2394      	movs	r3, #148	@ 0x94
100031da:	019b      	lsls	r3, r3, #6
100031dc:	429a      	cmp	r2, r3
100031de:	d10b      	bne.n	100031f8 <__aeabi_float_init+0x84>
100031e0:	4b1a      	ldr	r3, [pc, #104]	@ (1000324c <__aeabi_float_init+0xd8>)
100031e2:	881a      	ldrh	r2, [r3, #0]
100031e4:	4b1a      	ldr	r3, [pc, #104]	@ (10003250 <__aeabi_float_init+0xdc>)
100031e6:	429a      	cmp	r2, r3
100031e8:	d106      	bne.n	100031f8 <__aeabi_float_init+0x84>
100031ea:	4b1a      	ldr	r3, [pc, #104]	@ (10003254 <__aeabi_float_init+0xe0>)
100031ec:	681a      	ldr	r2, [r3, #0]
100031ee:	4b1a      	ldr	r3, [pc, #104]	@ (10003258 <__aeabi_float_init+0xe4>)
100031f0:	429a      	cmp	r2, r3
100031f2:	d101      	bne.n	100031f8 <__aeabi_float_init+0x84>
100031f4:	2315      	movs	r3, #21
100031f6:	e007      	b.n	10003208 <__aeabi_float_init+0x94>
100031f8:	4818      	ldr	r0, [pc, #96]	@ (1000325c <__aeabi_float_init+0xe8>)
100031fa:	f7fd fe2f 	bl	10000e5c <panic>
100031fe:	4c18      	ldr	r4, [pc, #96]	@ (10003260 <__aeabi_float_init+0xec>)
10003200:	4a09      	ldr	r2, [pc, #36]	@ (10003228 <__aeabi_float_init+0xb4>)
10003202:	0099      	lsls	r1, r3, #2
10003204:	508c      	str	r4, [r1, r2]
10003206:	3301      	adds	r3, #1
10003208:	2b1f      	cmp	r3, #31
1000320a:	d9f8      	bls.n	100031fe <__aeabi_float_init+0x8a>
1000320c:	4b14      	ldr	r3, [pc, #80]	@ (10003260 <__aeabi_float_init+0xec>)
1000320e:	4a06      	ldr	r2, [pc, #24]	@ (10003228 <__aeabi_float_init+0xb4>)
10003210:	6213      	str	r3, [r2, #32]
10003212:	61d3      	str	r3, [r2, #28]
10003214:	e7b7      	b.n	10003186 <__aeabi_float_init+0x12>
10003216:	4b13      	ldr	r3, [pc, #76]	@ (10003264 <__aeabi_float_init+0xf0>)
10003218:	4a13      	ldr	r2, [pc, #76]	@ (10003268 <__aeabi_float_init+0xf4>)
1000321a:	4814      	ldr	r0, [pc, #80]	@ (1000326c <__aeabi_float_init+0xf8>)
1000321c:	2142      	movs	r1, #66	@ 0x42
1000321e:	f001 f9a1 	bl	10004564 <__assert_func>
10003222:	46c0      	nop			@ (mov r8, r8)
10003224:	00004653 	.word	0x00004653
10003228:	20003018 	.word	0x20003018
1000322c:	0000334c 	.word	0x0000334c
10003230:	20003014 	.word	0x20003014
10003234:	000029ee 	.word	0x000029ee
10003238:	00000fc4 	.word	0x00000fc4
1000323c:	00000dc2 	.word	0x00000dc2
10003240:	00002b96 	.word	0x00002b96
10003244:	0000b5c0 	.word	0x0000b5c0
10003248:	00002b18 	.word	0x00002b18
1000324c:	00002acc 	.word	0x00002acc
10003250:	0000b510 	.word	0x0000b510
10003254:	00002cfc 	.word	0x00002cfc
10003258:	6487ed51 	.word	0x6487ed51
1000325c:	10008a60 	.word	0x10008a60
10003260:	10003271 	.word	0x10003271
10003264:	100090c0 	.word	0x100090c0
10003268:	10009990 	.word	0x10009990
1000326c:	100090f4 	.word	0x100090f4

10003270 <float_table_shim_on_use_helper>:
10003270:	b507      	push	{r0, r1, r2, lr}
10003272:	4660      	mov	r0, ip
10003274:	2800      	cmp	r0, #0
10003276:	d100      	bne.n	1000327a <float_table_shim_on_use_helper+0xa>
10003278:	be00      	bkpt	0x0000
1000327a:	8801      	ldrh	r1, [r0, #0]
1000327c:	0a0a      	lsrs	r2, r1, #8
1000327e:	3002      	adds	r0, #2
10003280:	2adf      	cmp	r2, #223	@ 0xdf
10003282:	d1fa      	bne.n	1000327a <float_table_shim_on_use_helper+0xa>
10003284:	b2c9      	uxtb	r1, r1
10003286:	0882      	lsrs	r2, r0, #2
10003288:	d304      	bcc.n	10003294 <float_table_shim_on_use_helper+0x24>
1000328a:	8802      	ldrh	r2, [r0, #0]
1000328c:	8840      	ldrh	r0, [r0, #2]
1000328e:	0400      	lsls	r0, r0, #16
10003290:	4310      	orrs	r0, r2
10003292:	e000      	b.n	10003296 <float_table_shim_on_use_helper+0x26>
10003294:	6800      	ldr	r0, [r0, #0]
10003296:	4a02      	ldr	r2, [pc, #8]	@ (100032a0 <float_table_shim_on_use_helper+0x30>)
10003298:	5050      	str	r0, [r2, r1]
1000329a:	9003      	str	r0, [sp, #12]
1000329c:	bd07      	pop	{r0, r1, r2, pc}
1000329e:	0000      	.short	0x0000
100032a0:	20003018 	.word	0x20003018

100032a4 <float2double_shim>:
100032a4:	0fc3      	lsrs	r3, r0, #31
100032a6:	07db      	lsls	r3, r3, #31
100032a8:	0041      	lsls	r1, r0, #1
100032aa:	0e0a      	lsrs	r2, r1, #24
100032ac:	d007      	beq.n	100032be <float2double_shim+0x1a>
100032ae:	2aff      	cmp	r2, #255	@ 0xff
100032b0:	d008      	beq.n	100032c4 <float2double_shim+0x20>
100032b2:	0909      	lsrs	r1, r1, #4
100032b4:	4a05      	ldr	r2, [pc, #20]	@ (100032cc <float2double_shim+0x28>)
100032b6:	1889      	adds	r1, r1, r2
100032b8:	4319      	orrs	r1, r3
100032ba:	0740      	lsls	r0, r0, #29
100032bc:	4770      	bx	lr
100032be:	0019      	movs	r1, r3
100032c0:	2000      	movs	r0, #0
100032c2:	4770      	bx	lr
100032c4:	4902      	ldr	r1, [pc, #8]	@ (100032d0 <float2double_shim+0x2c>)
100032c6:	18c9      	adds	r1, r1, r3
100032c8:	e7fa      	b.n	100032c0 <float2double_shim+0x1c>
100032ca:	0000      	.short	0x0000
100032cc:	38000000 	.word	0x38000000
100032d0:	7ff00000 	.word	0x7ff00000

100032d4 <__wrap_free>:
100032d4:	b510      	push	{r4, lr}
100032d6:	f004 fe85 	bl	10007fe4 <free>
100032da:	bd10      	pop	{r4, pc}

100032dc <__aeabi_mem_init>:
100032dc:	4801      	ldr	r0, [pc, #4]	@ (100032e4 <__aeabi_mem_init+0x8>)
100032de:	2104      	movs	r1, #4
100032e0:	4b01      	ldr	r3, [pc, #4]	@ (100032e8 <__aeabi_mem_init+0xc>)
100032e2:	4718      	bx	r3
100032e4:	20001b20 	.word	0x20001b20
100032e8:	1000210d 	.word	0x1000210d

100032ec <__wrap_memset>:
100032ec:	4b01      	ldr	r3, [pc, #4]	@ (100032f4 <__wrap_memset+0x8>)
100032ee:	681b      	ldr	r3, [r3, #0]
100032f0:	4718      	bx	r3
100032f2:	0000      	.short	0x0000
100032f4:	20001b20 	.word	0x20001b20

100032f8 <__wrap___aeabi_memcpy>:
100032f8:	4b01      	ldr	r3, [pc, #4]	@ (10003300 <__wrap___aeabi_memcpy+0x8>)
100032fa:	685b      	ldr	r3, [r3, #4]
100032fc:	4718      	bx	r3
100032fe:	0000      	.short	0x0000
10003300:	20001b20 	.word	0x20001b20

10003304 <_out_buffer>:
10003304:	429a      	cmp	r2, r3
10003306:	d200      	bcs.n	1000330a <_out_buffer+0x6>
10003308:	5488      	strb	r0, [r1, r2]
1000330a:	4770      	bx	lr

1000330c <_out_null>:
1000330c:	4770      	bx	lr

1000330e <_out_fct>:
1000330e:	b510      	push	{r4, lr}
10003310:	2800      	cmp	r0, #0
10003312:	d002      	beq.n	1000331a <_out_fct+0xc>
10003314:	680b      	ldr	r3, [r1, #0]
10003316:	6849      	ldr	r1, [r1, #4]
10003318:	4798      	blx	r3
1000331a:	bd10      	pop	{r4, pc}

1000331c <_atoi>:
1000331c:	0001      	movs	r1, r0
1000331e:	2000      	movs	r0, #0
10003320:	e007      	b.n	10003332 <_atoi+0x16>
10003322:	0083      	lsls	r3, r0, #2
10003324:	181b      	adds	r3, r3, r0
10003326:	005b      	lsls	r3, r3, #1
10003328:	1c50      	adds	r0, r2, #1
1000332a:	6008      	str	r0, [r1, #0]
1000332c:	7810      	ldrb	r0, [r2, #0]
1000332e:	18c0      	adds	r0, r0, r3
10003330:	3830      	subs	r0, #48	@ 0x30
10003332:	680a      	ldr	r2, [r1, #0]
10003334:	7813      	ldrb	r3, [r2, #0]
10003336:	3b30      	subs	r3, #48	@ 0x30
10003338:	b2db      	uxtb	r3, r3
1000333a:	2b09      	cmp	r3, #9
1000333c:	d9f1      	bls.n	10003322 <_atoi+0x6>
1000333e:	4770      	bx	lr

10003340 <_out_rev>:
10003340:	b5f0      	push	{r4, r5, r6, r7, lr}
10003342:	46de      	mov	lr, fp
10003344:	4657      	mov	r7, sl
10003346:	464e      	mov	r6, r9
10003348:	4645      	mov	r5, r8
1000334a:	b5e0      	push	{r5, r6, r7, lr}
1000334c:	b083      	sub	sp, #12
1000334e:	4693      	mov	fp, r2
10003350:	001f      	movs	r7, r3
10003352:	9b0c      	ldr	r3, [sp, #48]	@ 0x30
10003354:	469a      	mov	sl, r3
10003356:	9c0d      	ldr	r4, [sp, #52]	@ 0x34
10003358:	9b0e      	ldr	r3, [sp, #56]	@ 0x38
1000335a:	4699      	mov	r9, r3
1000335c:	9b0f      	ldr	r3, [sp, #60]	@ 0x3c
1000335e:	079b      	lsls	r3, r3, #30
10003360:	d017      	beq.n	10003392 <_out_rev+0x52>
10003362:	46b8      	mov	r8, r7
10003364:	000f      	movs	r7, r1
10003366:	0006      	movs	r6, r0
10003368:	e022      	b.n	100033b0 <_out_rev+0x70>
1000336a:	1c55      	adds	r5, r2, #1
1000336c:	464b      	mov	r3, r9
1000336e:	4641      	mov	r1, r8
10003370:	2020      	movs	r0, #32
10003372:	47b8      	blx	r7
10003374:	3401      	adds	r4, #1
10003376:	002a      	movs	r2, r5
10003378:	42b4      	cmp	r4, r6
1000337a:	d3f6      	bcc.n	1000336a <_out_rev+0x2a>
1000337c:	003d      	movs	r5, r7
1000337e:	464f      	mov	r7, r9
10003380:	465c      	mov	r4, fp
10003382:	9b01      	ldr	r3, [sp, #4]
10003384:	469b      	mov	fp, r3
10003386:	46b1      	mov	r9, r6
10003388:	4646      	mov	r6, r8
1000338a:	46b8      	mov	r8, r7
1000338c:	0037      	movs	r7, r6
1000338e:	002e      	movs	r6, r5
10003390:	e00e      	b.n	100033b0 <_out_rev+0x70>
10003392:	9201      	str	r2, [sp, #4]
10003394:	46a3      	mov	fp, r4
10003396:	4688      	mov	r8, r1
10003398:	464e      	mov	r6, r9
1000339a:	46b9      	mov	r9, r7
1000339c:	0007      	movs	r7, r0
1000339e:	e7eb      	b.n	10003378 <_out_rev+0x38>
100033a0:	3c01      	subs	r4, #1
100033a2:	1c55      	adds	r5, r2, #1
100033a4:	4653      	mov	r3, sl
100033a6:	5d18      	ldrb	r0, [r3, r4]
100033a8:	4643      	mov	r3, r8
100033aa:	0039      	movs	r1, r7
100033ac:	47b0      	blx	r6
100033ae:	002a      	movs	r2, r5
100033b0:	2c00      	cmp	r4, #0
100033b2:	d1f5      	bne.n	100033a0 <_out_rev+0x60>
100033b4:	0035      	movs	r5, r6
100033b6:	003e      	movs	r6, r7
100033b8:	4647      	mov	r7, r8
100033ba:	9b0f      	ldr	r3, [sp, #60]	@ 0x3c
100033bc:	079b      	lsls	r3, r3, #30
100033be:	d411      	bmi.n	100033e4 <_out_rev+0xa4>
100033c0:	0010      	movs	r0, r2
100033c2:	b003      	add	sp, #12
100033c4:	bcf0      	pop	{r4, r5, r6, r7}
100033c6:	46bb      	mov	fp, r7
100033c8:	46b2      	mov	sl, r6
100033ca:	46a9      	mov	r9, r5
100033cc:	46a0      	mov	r8, r4
100033ce:	bdf0      	pop	{r4, r5, r6, r7, pc}
100033d0:	1c54      	adds	r4, r2, #1
100033d2:	464b      	mov	r3, r9
100033d4:	4641      	mov	r1, r8
100033d6:	2020      	movs	r0, #32
100033d8:	47b8      	blx	r7
100033da:	0022      	movs	r2, r4
100033dc:	1b53      	subs	r3, r2, r5
100033de:	42b3      	cmp	r3, r6
100033e0:	d3f6      	bcc.n	100033d0 <_out_rev+0x90>
100033e2:	e7ed      	b.n	100033c0 <_out_rev+0x80>
100033e4:	46b0      	mov	r8, r6
100033e6:	464e      	mov	r6, r9
100033e8:	46b9      	mov	r9, r7
100033ea:	002f      	movs	r7, r5
100033ec:	465d      	mov	r5, fp
100033ee:	e7f5      	b.n	100033dc <_out_rev+0x9c>

100033f0 <_ntoa_format>:
100033f0:	b5f0      	push	{r4, r5, r6, r7, lr}
100033f2:	46ce      	mov	lr, r9
100033f4:	4647      	mov	r7, r8
100033f6:	b580      	push	{r7, lr}
100033f8:	b085      	sub	sp, #20
100033fa:	4694      	mov	ip, r2
100033fc:	4698      	mov	r8, r3
100033fe:	9d0c      	ldr	r5, [sp, #48]	@ 0x30
10003400:	9c0d      	ldr	r4, [sp, #52]	@ 0x34
10003402:	ab0e      	add	r3, sp, #56	@ 0x38
10003404:	781b      	ldrb	r3, [r3, #0]
10003406:	4699      	mov	r9, r3
10003408:	9a10      	ldr	r2, [sp, #64]	@ 0x40
1000340a:	9b11      	ldr	r3, [sp, #68]	@ 0x44
1000340c:	9e12      	ldr	r6, [sp, #72]	@ 0x48
1000340e:	07b7      	lsls	r7, r6, #30
10003410:	d41c      	bmi.n	1000344c <_ntoa_format+0x5c>
10003412:	2b00      	cmp	r3, #0
10003414:	d00c      	beq.n	10003430 <_ntoa_format+0x40>
10003416:	07f7      	lsls	r7, r6, #31
10003418:	d50a      	bpl.n	10003430 <_ntoa_format+0x40>
1000341a:	464f      	mov	r7, r9
1000341c:	2f00      	cmp	r7, #0
1000341e:	d102      	bne.n	10003426 <_ntoa_format+0x36>
10003420:	370c      	adds	r7, #12
10003422:	4237      	tst	r7, r6
10003424:	d004      	beq.n	10003430 <_ntoa_format+0x40>
10003426:	3b01      	subs	r3, #1
10003428:	e002      	b.n	10003430 <_ntoa_format+0x40>
1000342a:	2730      	movs	r7, #48	@ 0x30
1000342c:	552f      	strb	r7, [r5, r4]
1000342e:	3401      	adds	r4, #1
10003430:	4294      	cmp	r4, r2
10003432:	d201      	bcs.n	10003438 <_ntoa_format+0x48>
10003434:	2c1f      	cmp	r4, #31
10003436:	d9f8      	bls.n	1000342a <_ntoa_format+0x3a>
10003438:	07f7      	lsls	r7, r6, #31
1000343a:	d507      	bpl.n	1000344c <_ntoa_format+0x5c>
1000343c:	429c      	cmp	r4, r3
1000343e:	d205      	bcs.n	1000344c <_ntoa_format+0x5c>
10003440:	2c1f      	cmp	r4, #31
10003442:	d803      	bhi.n	1000344c <_ntoa_format+0x5c>
10003444:	2730      	movs	r7, #48	@ 0x30
10003446:	552f      	strb	r7, [r5, r4]
10003448:	3401      	adds	r4, #1
1000344a:	e7f5      	b.n	10003438 <_ntoa_format+0x48>
1000344c:	06f7      	lsls	r7, r6, #27
1000344e:	d512      	bpl.n	10003476 <_ntoa_format+0x86>
10003450:	0577      	lsls	r7, r6, #21
10003452:	d405      	bmi.n	10003460 <_ntoa_format+0x70>
10003454:	2c00      	cmp	r4, #0
10003456:	d003      	beq.n	10003460 <_ntoa_format+0x70>
10003458:	4294      	cmp	r4, r2
1000345a:	d021      	beq.n	100034a0 <_ntoa_format+0xb0>
1000345c:	429c      	cmp	r4, r3
1000345e:	d01f      	beq.n	100034a0 <_ntoa_format+0xb0>
10003460:	9a0f      	ldr	r2, [sp, #60]	@ 0x3c
10003462:	2a10      	cmp	r2, #16
10003464:	d02f      	beq.n	100034c6 <_ntoa_format+0xd6>
10003466:	9a0f      	ldr	r2, [sp, #60]	@ 0x3c
10003468:	2a02      	cmp	r2, #2
1000346a:	d036      	beq.n	100034da <_ntoa_format+0xea>
1000346c:	2c1f      	cmp	r4, #31
1000346e:	d80a      	bhi.n	10003486 <_ntoa_format+0x96>
10003470:	2230      	movs	r2, #48	@ 0x30
10003472:	552a      	strb	r2, [r5, r4]
10003474:	3401      	adds	r4, #1
10003476:	2c1f      	cmp	r4, #31
10003478:	d805      	bhi.n	10003486 <_ntoa_format+0x96>
1000347a:	464a      	mov	r2, r9
1000347c:	2a00      	cmp	r2, #0
1000347e:	d032      	beq.n	100034e6 <_ntoa_format+0xf6>
10003480:	222d      	movs	r2, #45	@ 0x2d
10003482:	552a      	strb	r2, [r5, r4]
10003484:	3401      	adds	r4, #1
10003486:	9603      	str	r6, [sp, #12]
10003488:	9302      	str	r3, [sp, #8]
1000348a:	9401      	str	r4, [sp, #4]
1000348c:	9500      	str	r5, [sp, #0]
1000348e:	4643      	mov	r3, r8
10003490:	4662      	mov	r2, ip
10003492:	f7ff ff55 	bl	10003340 <_out_rev>
10003496:	b005      	add	sp, #20
10003498:	bcc0      	pop	{r6, r7}
1000349a:	46b9      	mov	r9, r7
1000349c:	46b0      	mov	r8, r6
1000349e:	bdf0      	pop	{r4, r5, r6, r7, pc}
100034a0:	1e62      	subs	r2, r4, #1
100034a2:	2c01      	cmp	r4, #1
100034a4:	d017      	beq.n	100034d6 <_ntoa_format+0xe6>
100034a6:	9f0f      	ldr	r7, [sp, #60]	@ 0x3c
100034a8:	2f10      	cmp	r7, #16
100034aa:	d00b      	beq.n	100034c4 <_ntoa_format+0xd4>
100034ac:	0014      	movs	r4, r2
100034ae:	9a0f      	ldr	r2, [sp, #60]	@ 0x3c
100034b0:	2a10      	cmp	r2, #16
100034b2:	d1d8      	bne.n	10003466 <_ntoa_format+0x76>
100034b4:	06b2      	lsls	r2, r6, #26
100034b6:	d5d6      	bpl.n	10003466 <_ntoa_format+0x76>
100034b8:	2c1f      	cmp	r4, #31
100034ba:	d8d4      	bhi.n	10003466 <_ntoa_format+0x76>
100034bc:	2258      	movs	r2, #88	@ 0x58
100034be:	552a      	strb	r2, [r5, r4]
100034c0:	3401      	adds	r4, #1
100034c2:	e7d3      	b.n	1000346c <_ntoa_format+0x7c>
100034c4:	3c02      	subs	r4, #2
100034c6:	06b2      	lsls	r2, r6, #26
100034c8:	d4f1      	bmi.n	100034ae <_ntoa_format+0xbe>
100034ca:	2c1f      	cmp	r4, #31
100034cc:	d8ef      	bhi.n	100034ae <_ntoa_format+0xbe>
100034ce:	2278      	movs	r2, #120	@ 0x78
100034d0:	552a      	strb	r2, [r5, r4]
100034d2:	3401      	adds	r4, #1
100034d4:	e7ca      	b.n	1000346c <_ntoa_format+0x7c>
100034d6:	0014      	movs	r4, r2
100034d8:	e7c2      	b.n	10003460 <_ntoa_format+0x70>
100034da:	2c1f      	cmp	r4, #31
100034dc:	d8d3      	bhi.n	10003486 <_ntoa_format+0x96>
100034de:	3260      	adds	r2, #96	@ 0x60
100034e0:	552a      	strb	r2, [r5, r4]
100034e2:	3401      	adds	r4, #1
100034e4:	e7c2      	b.n	1000346c <_ntoa_format+0x7c>
100034e6:	0772      	lsls	r2, r6, #29
100034e8:	d503      	bpl.n	100034f2 <_ntoa_format+0x102>
100034ea:	222b      	movs	r2, #43	@ 0x2b
100034ec:	552a      	strb	r2, [r5, r4]
100034ee:	3401      	adds	r4, #1
100034f0:	e7c9      	b.n	10003486 <_ntoa_format+0x96>
100034f2:	0732      	lsls	r2, r6, #28
100034f4:	d5c7      	bpl.n	10003486 <_ntoa_format+0x96>
100034f6:	2220      	movs	r2, #32
100034f8:	552a      	strb	r2, [r5, r4]
100034fa:	3401      	adds	r4, #1
100034fc:	e7c3      	b.n	10003486 <_ntoa_format+0x96>

100034fe <_ntoa_long>:
100034fe:	b5f0      	push	{r4, r5, r6, r7, lr}
10003500:	46de      	mov	lr, fp
10003502:	4657      	mov	r7, sl
10003504:	464e      	mov	r6, r9
10003506:	4645      	mov	r5, r8
10003508:	b5e0      	push	{r5, r6, r7, lr}
1000350a:	b093      	sub	sp, #76	@ 0x4c
1000350c:	4681      	mov	r9, r0
1000350e:	468a      	mov	sl, r1
10003510:	9208      	str	r2, [sp, #32]
10003512:	9309      	str	r3, [sp, #36]	@ 0x24
10003514:	ab1c      	add	r3, sp, #112	@ 0x70
10003516:	cb10      	ldmia	r3!, {r4}
10003518:	781b      	ldrb	r3, [r3, #0]
1000351a:	469b      	mov	fp, r3
1000351c:	9d1e      	ldr	r5, [sp, #120]	@ 0x78
1000351e:	9b21      	ldr	r3, [sp, #132]	@ 0x84
10003520:	4698      	mov	r8, r3
10003522:	2c00      	cmp	r4, #0
10003524:	d103      	bne.n	1000352e <_ntoa_long+0x30>
10003526:	2310      	movs	r3, #16
10003528:	4642      	mov	r2, r8
1000352a:	439a      	bics	r2, r3
1000352c:	4690      	mov	r8, r2
1000352e:	2380      	movs	r3, #128	@ 0x80
10003530:	00db      	lsls	r3, r3, #3
10003532:	4646      	mov	r6, r8
10003534:	401e      	ands	r6, r3
10003536:	4642      	mov	r2, r8
10003538:	421a      	tst	r2, r3
1000353a:	d018      	beq.n	1000356e <_ntoa_long+0x70>
1000353c:	2c00      	cmp	r4, #0
1000353e:	d022      	beq.n	10003586 <_ntoa_long+0x88>
10003540:	2600      	movs	r6, #0
10003542:	e014      	b.n	1000356e <_ntoa_long+0x70>
10003544:	4642      	mov	r2, r8
10003546:	0692      	lsls	r2, r2, #26
10003548:	d51b      	bpl.n	10003582 <_ntoa_long+0x84>
1000354a:	2141      	movs	r1, #65	@ 0x41
1000354c:	18c9      	adds	r1, r1, r3
1000354e:	b2c9      	uxtb	r1, r1
10003550:	390a      	subs	r1, #10
10003552:	b2c9      	uxtb	r1, r1
10003554:	1c77      	adds	r7, r6, #1
10003556:	ab0a      	add	r3, sp, #40	@ 0x28
10003558:	5599      	strb	r1, [r3, r6]
1000355a:	0029      	movs	r1, r5
1000355c:	0020      	movs	r0, r4
1000355e:	f7fe ff29 	bl	100023b4 <__wrap___aeabi_uidiv>
10003562:	42ac      	cmp	r4, r5
10003564:	d310      	bcc.n	10003588 <_ntoa_long+0x8a>
10003566:	2f1f      	cmp	r7, #31
10003568:	d80e      	bhi.n	10003588 <_ntoa_long+0x8a>
1000356a:	003e      	movs	r6, r7
1000356c:	0004      	movs	r4, r0
1000356e:	0029      	movs	r1, r5
10003570:	0020      	movs	r0, r4
10003572:	f7fe ff1f 	bl	100023b4 <__wrap___aeabi_uidiv>
10003576:	b2cb      	uxtb	r3, r1
10003578:	2b09      	cmp	r3, #9
1000357a:	d8e3      	bhi.n	10003544 <_ntoa_long+0x46>
1000357c:	3330      	adds	r3, #48	@ 0x30
1000357e:	b2d9      	uxtb	r1, r3
10003580:	e7e8      	b.n	10003554 <_ntoa_long+0x56>
10003582:	2161      	movs	r1, #97	@ 0x61
10003584:	e7e2      	b.n	1000354c <_ntoa_long+0x4e>
10003586:	0027      	movs	r7, r4
10003588:	4643      	mov	r3, r8
1000358a:	9306      	str	r3, [sp, #24]
1000358c:	9b20      	ldr	r3, [sp, #128]	@ 0x80
1000358e:	9305      	str	r3, [sp, #20]
10003590:	9b1f      	ldr	r3, [sp, #124]	@ 0x7c
10003592:	9304      	str	r3, [sp, #16]
10003594:	9503      	str	r5, [sp, #12]
10003596:	465b      	mov	r3, fp
10003598:	9302      	str	r3, [sp, #8]
1000359a:	9701      	str	r7, [sp, #4]
1000359c:	ab0a      	add	r3, sp, #40	@ 0x28
1000359e:	9300      	str	r3, [sp, #0]
100035a0:	9b09      	ldr	r3, [sp, #36]	@ 0x24
100035a2:	9a08      	ldr	r2, [sp, #32]
100035a4:	4651      	mov	r1, sl
100035a6:	4648      	mov	r0, r9
100035a8:	f7ff ff22 	bl	100033f0 <_ntoa_format>
100035ac:	b013      	add	sp, #76	@ 0x4c
100035ae:	bcf0      	pop	{r4, r5, r6, r7}
100035b0:	46bb      	mov	fp, r7
100035b2:	46b2      	mov	sl, r6
100035b4:	46a9      	mov	r9, r5
100035b6:	46a0      	mov	r8, r4
100035b8:	bdf0      	pop	{r4, r5, r6, r7, pc}

100035ba <_ntoa_long_long>:
100035ba:	b5f0      	push	{r4, r5, r6, r7, lr}
100035bc:	46de      	mov	lr, fp
100035be:	4657      	mov	r7, sl
100035c0:	464e      	mov	r6, r9
100035c2:	4645      	mov	r5, r8
100035c4:	b5e0      	push	{r5, r6, r7, lr}
100035c6:	b097      	sub	sp, #92	@ 0x5c
100035c8:	900a      	str	r0, [sp, #40]	@ 0x28
100035ca:	910b      	str	r1, [sp, #44]	@ 0x2c
100035cc:	920c      	str	r2, [sp, #48]	@ 0x30
100035ce:	469a      	mov	sl, r3
100035d0:	9b20      	ldr	r3, [sp, #128]	@ 0x80
100035d2:	4699      	mov	r9, r3
100035d4:	9f21      	ldr	r7, [sp, #132]	@ 0x84
100035d6:	aa22      	add	r2, sp, #136	@ 0x88
100035d8:	7813      	ldrb	r3, [r2, #0]
100035da:	469b      	mov	fp, r3
100035dc:	9b24      	ldr	r3, [sp, #144]	@ 0x90
100035de:	9309      	str	r3, [sp, #36]	@ 0x24
100035e0:	9c25      	ldr	r4, [sp, #148]	@ 0x94
100035e2:	9b28      	ldr	r3, [sp, #160]	@ 0xa0
100035e4:	4698      	mov	r8, r3
100035e6:	464a      	mov	r2, r9
100035e8:	433a      	orrs	r2, r7
100035ea:	d102      	bne.n	100035f2 <_ntoa_long_long+0x38>
100035ec:	3210      	adds	r2, #16
100035ee:	4393      	bics	r3, r2
100035f0:	4698      	mov	r8, r3
100035f2:	2280      	movs	r2, #128	@ 0x80
100035f4:	00d2      	lsls	r2, r2, #3
100035f6:	4645      	mov	r5, r8
100035f8:	4015      	ands	r5, r2
100035fa:	4643      	mov	r3, r8
100035fc:	4213      	tst	r3, r2
100035fe:	d00a      	beq.n	10003616 <_ntoa_long_long+0x5c>
10003600:	464a      	mov	r2, r9
10003602:	433a      	orrs	r2, r7
10003604:	d041      	beq.n	1000368a <_ntoa_long_long+0xd0>
10003606:	2500      	movs	r5, #0
10003608:	002e      	movs	r6, r5
1000360a:	4653      	mov	r3, sl
1000360c:	930d      	str	r3, [sp, #52]	@ 0x34
1000360e:	464d      	mov	r5, r9
10003610:	9b09      	ldr	r3, [sp, #36]	@ 0x24
10003612:	469a      	mov	sl, r3
10003614:	e021      	b.n	1000365a <_ntoa_long_long+0xa0>
10003616:	002e      	movs	r6, r5
10003618:	4653      	mov	r3, sl
1000361a:	930d      	str	r3, [sp, #52]	@ 0x34
1000361c:	464d      	mov	r5, r9
1000361e:	9b09      	ldr	r3, [sp, #36]	@ 0x24
10003620:	469a      	mov	sl, r3
10003622:	e01a      	b.n	1000365a <_ntoa_long_long+0xa0>
10003624:	4642      	mov	r2, r8
10003626:	0692      	lsls	r2, r2, #26
10003628:	d523      	bpl.n	10003672 <_ntoa_long_long+0xb8>
1000362a:	2241      	movs	r2, #65	@ 0x41
1000362c:	18d2      	adds	r2, r2, r3
1000362e:	b2d2      	uxtb	r2, r2
10003630:	3a0a      	subs	r2, #10
10003632:	b2d2      	uxtb	r2, r2
10003634:	1c73      	adds	r3, r6, #1
10003636:	4699      	mov	r9, r3
10003638:	ab0e      	add	r3, sp, #56	@ 0x38
1000363a:	559a      	strb	r2, [r3, r6]
1000363c:	4652      	mov	r2, sl
1000363e:	0023      	movs	r3, r4
10003640:	0028      	movs	r0, r5
10003642:	0039      	movs	r1, r7
10003644:	f7fe fef4 	bl	10002430 <__wrap___aeabi_uldivmod>
10003648:	42bc      	cmp	r4, r7
1000364a:	d820      	bhi.n	1000368e <_ntoa_long_long+0xd4>
1000364c:	d013      	beq.n	10003676 <_ntoa_long_long+0xbc>
1000364e:	464b      	mov	r3, r9
10003650:	2b1f      	cmp	r3, #31
10003652:	d816      	bhi.n	10003682 <_ntoa_long_long+0xc8>
10003654:	464e      	mov	r6, r9
10003656:	0005      	movs	r5, r0
10003658:	000f      	movs	r7, r1
1000365a:	4652      	mov	r2, sl
1000365c:	0023      	movs	r3, r4
1000365e:	0028      	movs	r0, r5
10003660:	0039      	movs	r1, r7
10003662:	f7fe fee5 	bl	10002430 <__wrap___aeabi_uldivmod>
10003666:	b2d3      	uxtb	r3, r2
10003668:	2b09      	cmp	r3, #9
1000366a:	d8db      	bhi.n	10003624 <_ntoa_long_long+0x6a>
1000366c:	3330      	adds	r3, #48	@ 0x30
1000366e:	b2da      	uxtb	r2, r3
10003670:	e7e0      	b.n	10003634 <_ntoa_long_long+0x7a>
10003672:	2261      	movs	r2, #97	@ 0x61
10003674:	e7da      	b.n	1000362c <_ntoa_long_long+0x72>
10003676:	45aa      	cmp	sl, r5
10003678:	d9e9      	bls.n	1000364e <_ntoa_long_long+0x94>
1000367a:	464e      	mov	r6, r9
1000367c:	9b0d      	ldr	r3, [sp, #52]	@ 0x34
1000367e:	469a      	mov	sl, r3
10003680:	e008      	b.n	10003694 <_ntoa_long_long+0xda>
10003682:	464e      	mov	r6, r9
10003684:	9b0d      	ldr	r3, [sp, #52]	@ 0x34
10003686:	469a      	mov	sl, r3
10003688:	e004      	b.n	10003694 <_ntoa_long_long+0xda>
1000368a:	2600      	movs	r6, #0
1000368c:	e002      	b.n	10003694 <_ntoa_long_long+0xda>
1000368e:	464e      	mov	r6, r9
10003690:	9b0d      	ldr	r3, [sp, #52]	@ 0x34
10003692:	469a      	mov	sl, r3
10003694:	4643      	mov	r3, r8
10003696:	9306      	str	r3, [sp, #24]
10003698:	9b27      	ldr	r3, [sp, #156]	@ 0x9c
1000369a:	9305      	str	r3, [sp, #20]
1000369c:	9b26      	ldr	r3, [sp, #152]	@ 0x98
1000369e:	9304      	str	r3, [sp, #16]
100036a0:	9b09      	ldr	r3, [sp, #36]	@ 0x24
100036a2:	9303      	str	r3, [sp, #12]
100036a4:	465b      	mov	r3, fp
100036a6:	9302      	str	r3, [sp, #8]
100036a8:	9601      	str	r6, [sp, #4]
100036aa:	ab0e      	add	r3, sp, #56	@ 0x38
100036ac:	9300      	str	r3, [sp, #0]
100036ae:	4653      	mov	r3, sl
100036b0:	9a0c      	ldr	r2, [sp, #48]	@ 0x30
100036b2:	990b      	ldr	r1, [sp, #44]	@ 0x2c
100036b4:	980a      	ldr	r0, [sp, #40]	@ 0x28
100036b6:	f7ff fe9b 	bl	100033f0 <_ntoa_format>
100036ba:	b017      	add	sp, #92	@ 0x5c
100036bc:	bcf0      	pop	{r4, r5, r6, r7}
100036be:	46bb      	mov	fp, r7
100036c0:	46b2      	mov	sl, r6
100036c2:	46a9      	mov	r9, r5
100036c4:	46a0      	mov	r8, r4
100036c6:	bdf0      	pop	{r4, r5, r6, r7, pc}

100036c8 <_etoa>:
100036c8:	b5f0      	push	{r4, r5, r6, r7, lr}
100036ca:	46de      	mov	lr, fp
100036cc:	4657      	mov	r7, sl
100036ce:	464e      	mov	r6, r9
100036d0:	4645      	mov	r5, r8
100036d2:	b5e0      	push	{r5, r6, r7, lr}
100036d4:	b091      	sub	sp, #68	@ 0x44
100036d6:	4680      	mov	r8, r0
100036d8:	4689      	mov	r9, r1
100036da:	920c      	str	r2, [sp, #48]	@ 0x30
100036dc:	469a      	mov	sl, r3
100036de:	9c1a      	ldr	r4, [sp, #104]	@ 0x68
100036e0:	9d1b      	ldr	r5, [sp, #108]	@ 0x6c
100036e2:	0022      	movs	r2, r4
100036e4:	002b      	movs	r3, r5
100036e6:	0020      	movs	r0, r4
100036e8:	0029      	movs	r1, r5
100036ea:	f7ff f92c 	bl	10002946 <__wrap___aeabi_dcmpun>
100036ee:	2800      	cmp	r0, #0
100036f0:	d000      	beq.n	100036f4 <_etoa+0x2c>
100036f2:	e0f2      	b.n	100038da <_etoa+0x212>
100036f4:	2201      	movs	r2, #1
100036f6:	4252      	negs	r2, r2
100036f8:	4bd5      	ldr	r3, [pc, #852]	@ (10003a50 <_etoa+0x388>)
100036fa:	0020      	movs	r0, r4
100036fc:	0029      	movs	r1, r5
100036fe:	f7ff f91d 	bl	1000293c <__wrap___aeabi_dcmpgt>
10003702:	2800      	cmp	r0, #0
10003704:	d000      	beq.n	10003708 <_etoa+0x40>
10003706:	e0e8      	b.n	100038da <_etoa+0x212>
10003708:	2201      	movs	r2, #1
1000370a:	4252      	negs	r2, r2
1000370c:	4bd1      	ldr	r3, [pc, #836]	@ (10003a54 <_etoa+0x38c>)
1000370e:	0020      	movs	r0, r4
10003710:	0029      	movs	r1, r5
10003712:	f7ff f8fd 	bl	10002910 <__wrap___aeabi_dcmplt>
10003716:	2800      	cmp	r0, #0
10003718:	d000      	beq.n	1000371c <_etoa+0x54>
1000371a:	e0de      	b.n	100038da <_etoa+0x212>
1000371c:	2200      	movs	r2, #0
1000371e:	2300      	movs	r3, #0
10003720:	0020      	movs	r0, r4
10003722:	0029      	movs	r1, r5
10003724:	f7ff f8f4 	bl	10002910 <__wrap___aeabi_dcmplt>
10003728:	2800      	cmp	r0, #0
1000372a:	d000      	beq.n	1000372e <_etoa+0x66>
1000372c:	e0ea      	b.n	10003904 <_etoa+0x23c>
1000372e:	9406      	str	r4, [sp, #24]
10003730:	9507      	str	r5, [sp, #28]
10003732:	2380      	movs	r3, #128	@ 0x80
10003734:	00db      	lsls	r3, r3, #3
10003736:	9a1e      	ldr	r2, [sp, #120]	@ 0x78
10003738:	401a      	ands	r2, r3
1000373a:	920d      	str	r2, [sp, #52]	@ 0x34
1000373c:	9a1e      	ldr	r2, [sp, #120]	@ 0x78
1000373e:	421a      	tst	r2, r3
10003740:	d101      	bne.n	10003746 <_etoa+0x7e>
10003742:	2306      	movs	r3, #6
10003744:	931c      	str	r3, [sp, #112]	@ 0x70
10003746:	9806      	ldr	r0, [sp, #24]
10003748:	9907      	ldr	r1, [sp, #28]
1000374a:	0002      	movs	r2, r0
1000374c:	000b      	movs	r3, r1
1000374e:	9208      	str	r2, [sp, #32]
10003750:	9309      	str	r3, [sp, #36]	@ 0x24
10003752:	0003      	movs	r3, r0
10003754:	000a      	movs	r2, r1
10003756:	4302      	orrs	r2, r0
10003758:	d100      	bne.n	1000375c <_etoa+0x94>
1000375a:	e0df      	b.n	1000391c <_etoa+0x254>
1000375c:	0d08      	lsrs	r0, r1, #20
1000375e:	0540      	lsls	r0, r0, #21
10003760:	0d40      	lsrs	r0, r0, #21
10003762:	4ebd      	ldr	r6, [pc, #756]	@ (10003a58 <_etoa+0x390>)
10003764:	46b4      	mov	ip, r6
10003766:	4460      	add	r0, ip
10003768:	9e07      	ldr	r6, [sp, #28]
1000376a:	0332      	lsls	r2, r6, #12
1000376c:	0b12      	lsrs	r2, r2, #12
1000376e:	001e      	movs	r6, r3
10003770:	4bba      	ldr	r3, [pc, #744]	@ (10003a5c <_etoa+0x394>)
10003772:	4313      	orrs	r3, r2
10003774:	001f      	movs	r7, r3
10003776:	f7ff f8f7 	bl	10002968 <__wrap___aeabi_i2d>
1000377a:	4ab9      	ldr	r2, [pc, #740]	@ (10003a60 <_etoa+0x398>)
1000377c:	4bb9      	ldr	r3, [pc, #740]	@ (10003a64 <_etoa+0x39c>)
1000377e:	f7ff f884 	bl	1000288a <__wrap___aeabi_dmul>
10003782:	4ab9      	ldr	r2, [pc, #740]	@ (10003a68 <_etoa+0x3a0>)
10003784:	4bb9      	ldr	r3, [pc, #740]	@ (10003a6c <_etoa+0x3a4>)
10003786:	f7ff f859 	bl	1000283c <__wrap___aeabi_dadd>
1000378a:	9008      	str	r0, [sp, #32]
1000378c:	9109      	str	r1, [sp, #36]	@ 0x24
1000378e:	2200      	movs	r2, #0
10003790:	4bb7      	ldr	r3, [pc, #732]	@ (10003a70 <_etoa+0x3a8>)
10003792:	0030      	movs	r0, r6
10003794:	0039      	movs	r1, r7
10003796:	f7ff f848 	bl	1000282a <__wrap___aeabi_dsub>
1000379a:	4ab6      	ldr	r2, [pc, #728]	@ (10003a74 <_etoa+0x3ac>)
1000379c:	4bb6      	ldr	r3, [pc, #728]	@ (10003a78 <_etoa+0x3b0>)
1000379e:	f7ff f874 	bl	1000288a <__wrap___aeabi_dmul>
100037a2:	0002      	movs	r2, r0
100037a4:	000b      	movs	r3, r1
100037a6:	9808      	ldr	r0, [sp, #32]
100037a8:	9909      	ldr	r1, [sp, #36]	@ 0x24
100037aa:	f7ff f847 	bl	1000283c <__wrap___aeabi_dadd>
100037ae:	f7ff f8f3 	bl	10002998 <__wrap___aeabi_d2iz>
100037b2:	4683      	mov	fp, r0
100037b4:	f7ff f8d8 	bl	10002968 <__wrap___aeabi_i2d>
100037b8:	0006      	movs	r6, r0
100037ba:	000f      	movs	r7, r1
100037bc:	4aaf      	ldr	r2, [pc, #700]	@ (10003a7c <_etoa+0x3b4>)
100037be:	4bb0      	ldr	r3, [pc, #704]	@ (10003a80 <_etoa+0x3b8>)
100037c0:	f7ff f863 	bl	1000288a <__wrap___aeabi_dmul>
100037c4:	2200      	movs	r2, #0
100037c6:	4baf      	ldr	r3, [pc, #700]	@ (10003a84 <_etoa+0x3bc>)
100037c8:	f7ff f838 	bl	1000283c <__wrap___aeabi_dadd>
100037cc:	f7ff f8e4 	bl	10002998 <__wrap___aeabi_d2iz>
100037d0:	9008      	str	r0, [sp, #32]
100037d2:	4aad      	ldr	r2, [pc, #692]	@ (10003a88 <_etoa+0x3c0>)
100037d4:	4bad      	ldr	r3, [pc, #692]	@ (10003a8c <_etoa+0x3c4>)
100037d6:	0030      	movs	r0, r6
100037d8:	0039      	movs	r1, r7
100037da:	f7ff f856 	bl	1000288a <__wrap___aeabi_dmul>
100037de:	0006      	movs	r6, r0
100037e0:	000f      	movs	r7, r1
100037e2:	9808      	ldr	r0, [sp, #32]
100037e4:	f7ff f8c0 	bl	10002968 <__wrap___aeabi_i2d>
100037e8:	4aa9      	ldr	r2, [pc, #676]	@ (10003a90 <_etoa+0x3c8>)
100037ea:	4baa      	ldr	r3, [pc, #680]	@ (10003a94 <_etoa+0x3cc>)
100037ec:	f7ff f84d 	bl	1000288a <__wrap___aeabi_dmul>
100037f0:	0002      	movs	r2, r0
100037f2:	000b      	movs	r3, r1
100037f4:	0030      	movs	r0, r6
100037f6:	0039      	movs	r1, r7
100037f8:	f7ff f817 	bl	1000282a <__wrap___aeabi_dsub>
100037fc:	0006      	movs	r6, r0
100037fe:	000f      	movs	r7, r1
10003800:	0002      	movs	r2, r0
10003802:	000b      	movs	r3, r1
10003804:	f7ff f841 	bl	1000288a <__wrap___aeabi_dmul>
10003808:	900a      	str	r0, [sp, #40]	@ 0x28
1000380a:	910b      	str	r1, [sp, #44]	@ 0x2c
1000380c:	9b08      	ldr	r3, [sp, #32]
1000380e:	4aa2      	ldr	r2, [pc, #648]	@ (10003a98 <_etoa+0x3d0>)
10003810:	4694      	mov	ip, r2
10003812:	4463      	add	r3, ip
10003814:	2100      	movs	r1, #0
10003816:	2200      	movs	r2, #0
10003818:	9108      	str	r1, [sp, #32]
1000381a:	9209      	str	r2, [sp, #36]	@ 0x24
1000381c:	051b      	lsls	r3, r3, #20
1000381e:	9309      	str	r3, [sp, #36]	@ 0x24
10003820:	2300      	movs	r3, #0
10003822:	9308      	str	r3, [sp, #32]
10003824:	0032      	movs	r2, r6
10003826:	003b      	movs	r3, r7
10003828:	0030      	movs	r0, r6
1000382a:	0039      	movs	r1, r7
1000382c:	f7ff f806 	bl	1000283c <__wrap___aeabi_dadd>
10003830:	900e      	str	r0, [sp, #56]	@ 0x38
10003832:	910f      	str	r1, [sp, #60]	@ 0x3c
10003834:	0032      	movs	r2, r6
10003836:	003b      	movs	r3, r7
10003838:	2000      	movs	r0, #0
1000383a:	2180      	movs	r1, #128	@ 0x80
1000383c:	05c9      	lsls	r1, r1, #23
1000383e:	f7fe fff4 	bl	1000282a <__wrap___aeabi_dsub>
10003842:	0006      	movs	r6, r0
10003844:	000f      	movs	r7, r1
10003846:	2200      	movs	r2, #0
10003848:	4b94      	ldr	r3, [pc, #592]	@ (10003a9c <_etoa+0x3d4>)
1000384a:	980a      	ldr	r0, [sp, #40]	@ 0x28
1000384c:	990b      	ldr	r1, [sp, #44]	@ 0x2c
1000384e:	f7fe fffe 	bl	1000284e <__wrap___aeabi_ddiv>
10003852:	2200      	movs	r2, #0
10003854:	4b92      	ldr	r3, [pc, #584]	@ (10003aa0 <_etoa+0x3d8>)
10003856:	f7fe fff1 	bl	1000283c <__wrap___aeabi_dadd>
1000385a:	0002      	movs	r2, r0
1000385c:	000b      	movs	r3, r1
1000385e:	980a      	ldr	r0, [sp, #40]	@ 0x28
10003860:	990b      	ldr	r1, [sp, #44]	@ 0x2c
10003862:	f7fe fff4 	bl	1000284e <__wrap___aeabi_ddiv>
10003866:	2200      	movs	r2, #0
10003868:	4b8e      	ldr	r3, [pc, #568]	@ (10003aa4 <_etoa+0x3dc>)
1000386a:	f7fe ffe7 	bl	1000283c <__wrap___aeabi_dadd>
1000386e:	0002      	movs	r2, r0
10003870:	000b      	movs	r3, r1
10003872:	980a      	ldr	r0, [sp, #40]	@ 0x28
10003874:	990b      	ldr	r1, [sp, #44]	@ 0x2c
10003876:	f7fe ffea 	bl	1000284e <__wrap___aeabi_ddiv>
1000387a:	0002      	movs	r2, r0
1000387c:	000b      	movs	r3, r1
1000387e:	0030      	movs	r0, r6
10003880:	0039      	movs	r1, r7
10003882:	f7fe ffdb 	bl	1000283c <__wrap___aeabi_dadd>
10003886:	0002      	movs	r2, r0
10003888:	000b      	movs	r3, r1
1000388a:	980e      	ldr	r0, [sp, #56]	@ 0x38
1000388c:	990f      	ldr	r1, [sp, #60]	@ 0x3c
1000388e:	f7fe ffde 	bl	1000284e <__wrap___aeabi_ddiv>
10003892:	2200      	movs	r2, #0
10003894:	4b71      	ldr	r3, [pc, #452]	@ (10003a5c <_etoa+0x394>)
10003896:	f7fe ffd1 	bl	1000283c <__wrap___aeabi_dadd>
1000389a:	9a08      	ldr	r2, [sp, #32]
1000389c:	9b09      	ldr	r3, [sp, #36]	@ 0x24
1000389e:	f7fe fff4 	bl	1000288a <__wrap___aeabi_dmul>
100038a2:	0006      	movs	r6, r0
100038a4:	000f      	movs	r7, r1
100038a6:	9608      	str	r6, [sp, #32]
100038a8:	9709      	str	r7, [sp, #36]	@ 0x24
100038aa:	9a06      	ldr	r2, [sp, #24]
100038ac:	9b07      	ldr	r3, [sp, #28]
100038ae:	f7ff f845 	bl	1000293c <__wrap___aeabi_dcmpgt>
100038b2:	2800      	cmp	r0, #0
100038b4:	d00b      	beq.n	100038ce <_etoa+0x206>
100038b6:	2301      	movs	r3, #1
100038b8:	425b      	negs	r3, r3
100038ba:	469c      	mov	ip, r3
100038bc:	44e3      	add	fp, ip
100038be:	2200      	movs	r2, #0
100038c0:	4b77      	ldr	r3, [pc, #476]	@ (10003aa0 <_etoa+0x3d8>)
100038c2:	0030      	movs	r0, r6
100038c4:	0039      	movs	r1, r7
100038c6:	f7fe ffc2 	bl	1000284e <__wrap___aeabi_ddiv>
100038ca:	9008      	str	r0, [sp, #32]
100038cc:	9109      	str	r1, [sp, #36]	@ 0x24
100038ce:	465b      	mov	r3, fp
100038d0:	3363      	adds	r3, #99	@ 0x63
100038d2:	2bc6      	cmp	r3, #198	@ 0xc6
100038d4:	d845      	bhi.n	10003962 <_etoa+0x29a>
100038d6:	2604      	movs	r6, #4
100038d8:	e023      	b.n	10003922 <_etoa+0x25a>
100038da:	9b1e      	ldr	r3, [sp, #120]	@ 0x78
100038dc:	9304      	str	r3, [sp, #16]
100038de:	9b1d      	ldr	r3, [sp, #116]	@ 0x74
100038e0:	9303      	str	r3, [sp, #12]
100038e2:	9b1c      	ldr	r3, [sp, #112]	@ 0x70
100038e4:	9302      	str	r3, [sp, #8]
100038e6:	9400      	str	r4, [sp, #0]
100038e8:	9501      	str	r5, [sp, #4]
100038ea:	4653      	mov	r3, sl
100038ec:	9a0c      	ldr	r2, [sp, #48]	@ 0x30
100038ee:	4649      	mov	r1, r9
100038f0:	4640      	mov	r0, r8
100038f2:	f000 f8fb 	bl	10003aec <_ftoa>
100038f6:	b011      	add	sp, #68	@ 0x44
100038f8:	bcf0      	pop	{r4, r5, r6, r7}
100038fa:	46bb      	mov	fp, r7
100038fc:	46b2      	mov	sl, r6
100038fe:	46a9      	mov	r9, r5
10003900:	46a0      	mov	r8, r4
10003902:	bdf0      	pop	{r4, r5, r6, r7, pc}
10003904:	2100      	movs	r1, #0
10003906:	2200      	movs	r2, #0
10003908:	9106      	str	r1, [sp, #24]
1000390a:	9207      	str	r2, [sp, #28]
1000390c:	9406      	str	r4, [sp, #24]
1000390e:	2380      	movs	r3, #128	@ 0x80
10003910:	061b      	lsls	r3, r3, #24
10003912:	469c      	mov	ip, r3
10003914:	44ac      	add	ip, r5
10003916:	4663      	mov	r3, ip
10003918:	9307      	str	r3, [sp, #28]
1000391a:	e70a      	b.n	10003732 <_etoa+0x6a>
1000391c:	2300      	movs	r3, #0
1000391e:	469b      	mov	fp, r3
10003920:	2604      	movs	r6, #4
10003922:	9b1e      	ldr	r3, [sp, #120]	@ 0x78
10003924:	051b      	lsls	r3, r3, #20
10003926:	d528      	bpl.n	1000397a <_etoa+0x2b2>
10003928:	9a08      	ldr	r2, [sp, #32]
1000392a:	9b09      	ldr	r3, [sp, #36]	@ 0x24
1000392c:	0019      	movs	r1, r3
1000392e:	4311      	orrs	r1, r2
10003930:	d00f      	beq.n	10003952 <_etoa+0x28a>
10003932:	4a5d      	ldr	r2, [pc, #372]	@ (10003aa8 <_etoa+0x3e0>)
10003934:	4b5d      	ldr	r3, [pc, #372]	@ (10003aac <_etoa+0x3e4>)
10003936:	9806      	ldr	r0, [sp, #24]
10003938:	9907      	ldr	r1, [sp, #28]
1000393a:	f7fe fff7 	bl	1000292c <__wrap___aeabi_dcmpge>
1000393e:	2800      	cmp	r0, #0
10003940:	d07a      	beq.n	10003a38 <_etoa+0x370>
10003942:	2200      	movs	r2, #0
10003944:	4b5a      	ldr	r3, [pc, #360]	@ (10003ab0 <_etoa+0x3e8>)
10003946:	9806      	ldr	r0, [sp, #24]
10003948:	9907      	ldr	r1, [sp, #28]
1000394a:	f7fe ffe1 	bl	10002910 <__wrap___aeabi_dcmplt>
1000394e:	2800      	cmp	r0, #0
10003950:	d072      	beq.n	10003a38 <_etoa+0x370>
10003952:	9b1c      	ldr	r3, [sp, #112]	@ 0x70
10003954:	455b      	cmp	r3, fp
10003956:	dd06      	ble.n	10003966 <_etoa+0x29e>
10003958:	465a      	mov	r2, fp
1000395a:	1a9b      	subs	r3, r3, r2
1000395c:	3b01      	subs	r3, #1
1000395e:	931c      	str	r3, [sp, #112]	@ 0x70
10003960:	e003      	b.n	1000396a <_etoa+0x2a2>
10003962:	2605      	movs	r6, #5
10003964:	e7dd      	b.n	10003922 <_etoa+0x25a>
10003966:	2300      	movs	r3, #0
10003968:	931c      	str	r3, [sp, #112]	@ 0x70
1000396a:	2380      	movs	r3, #128	@ 0x80
1000396c:	00db      	lsls	r3, r3, #3
1000396e:	9a1e      	ldr	r2, [sp, #120]	@ 0x78
10003970:	431a      	orrs	r2, r3
10003972:	921e      	str	r2, [sp, #120]	@ 0x78
10003974:	2600      	movs	r6, #0
10003976:	2300      	movs	r3, #0
10003978:	469b      	mov	fp, r3
1000397a:	9b1d      	ldr	r3, [sp, #116]	@ 0x74
1000397c:	429e      	cmp	r6, r3
1000397e:	d265      	bcs.n	10003a4c <_etoa+0x384>
10003980:	1b9f      	subs	r7, r3, r6
10003982:	2302      	movs	r3, #2
10003984:	9a1e      	ldr	r2, [sp, #120]	@ 0x78
10003986:	401a      	ands	r2, r3
10003988:	920a      	str	r2, [sp, #40]	@ 0x28
1000398a:	9a1e      	ldr	r2, [sp, #120]	@ 0x78
1000398c:	4213      	tst	r3, r2
1000398e:	d002      	beq.n	10003996 <_etoa+0x2ce>
10003990:	2e00      	cmp	r6, #0
10003992:	d000      	beq.n	10003996 <_etoa+0x2ce>
10003994:	2700      	movs	r7, #0
10003996:	465b      	mov	r3, fp
10003998:	2b00      	cmp	r3, #0
1000399a:	d007      	beq.n	100039ac <_etoa+0x2e4>
1000399c:	9a08      	ldr	r2, [sp, #32]
1000399e:	9b09      	ldr	r3, [sp, #36]	@ 0x24
100039a0:	9806      	ldr	r0, [sp, #24]
100039a2:	9907      	ldr	r1, [sp, #28]
100039a4:	f7fe ff53 	bl	1000284e <__wrap___aeabi_ddiv>
100039a8:	9006      	str	r0, [sp, #24]
100039aa:	9107      	str	r1, [sp, #28]
100039ac:	2200      	movs	r2, #0
100039ae:	2300      	movs	r3, #0
100039b0:	0020      	movs	r0, r4
100039b2:	0029      	movs	r1, r5
100039b4:	f7fe ffac 	bl	10002910 <__wrap___aeabi_dcmplt>
100039b8:	2800      	cmp	r0, #0
100039ba:	d000      	beq.n	100039be <_etoa+0x2f6>
100039bc:	e07c      	b.n	10003ab8 <_etoa+0x3f0>
100039be:	4b3d      	ldr	r3, [pc, #244]	@ (10003ab4 <_etoa+0x3ec>)
100039c0:	9a1e      	ldr	r2, [sp, #120]	@ 0x78
100039c2:	4013      	ands	r3, r2
100039c4:	9304      	str	r3, [sp, #16]
100039c6:	9703      	str	r7, [sp, #12]
100039c8:	9b1c      	ldr	r3, [sp, #112]	@ 0x70
100039ca:	9302      	str	r3, [sp, #8]
100039cc:	9b06      	ldr	r3, [sp, #24]
100039ce:	9c07      	ldr	r4, [sp, #28]
100039d0:	9300      	str	r3, [sp, #0]
100039d2:	9401      	str	r4, [sp, #4]
100039d4:	4653      	mov	r3, sl
100039d6:	9a0c      	ldr	r2, [sp, #48]	@ 0x30
100039d8:	4649      	mov	r1, r9
100039da:	4640      	mov	r0, r8
100039dc:	f000 f886 	bl	10003aec <_ftoa>
100039e0:	2e00      	cmp	r6, #0
100039e2:	d100      	bne.n	100039e6 <_etoa+0x31e>
100039e4:	e787      	b.n	100038f6 <_etoa+0x22e>
100039e6:	9b1e      	ldr	r3, [sp, #120]	@ 0x78
100039e8:	069b      	lsls	r3, r3, #26
100039ea:	d571      	bpl.n	10003ad0 <_etoa+0x408>
100039ec:	2545      	movs	r5, #69	@ 0x45
100039ee:	1c44      	adds	r4, r0, #1
100039f0:	4653      	mov	r3, sl
100039f2:	0002      	movs	r2, r0
100039f4:	4649      	mov	r1, r9
100039f6:	0028      	movs	r0, r5
100039f8:	47c0      	blx	r8
100039fa:	465a      	mov	r2, fp
100039fc:	17d3      	asrs	r3, r2, #31
100039fe:	18d2      	adds	r2, r2, r3
10003a00:	405a      	eors	r2, r3
10003a02:	2305      	movs	r3, #5
10003a04:	9305      	str	r3, [sp, #20]
10003a06:	3e01      	subs	r6, #1
10003a08:	9604      	str	r6, [sp, #16]
10003a0a:	2300      	movs	r3, #0
10003a0c:	9303      	str	r3, [sp, #12]
10003a0e:	330a      	adds	r3, #10
10003a10:	9302      	str	r3, [sp, #8]
10003a12:	465b      	mov	r3, fp
10003a14:	0fdb      	lsrs	r3, r3, #31
10003a16:	9301      	str	r3, [sp, #4]
10003a18:	9200      	str	r2, [sp, #0]
10003a1a:	4653      	mov	r3, sl
10003a1c:	0022      	movs	r2, r4
10003a1e:	4649      	mov	r1, r9
10003a20:	4640      	mov	r0, r8
10003a22:	f7ff fd6c 	bl	100034fe <_ntoa_long>
10003a26:	9b0a      	ldr	r3, [sp, #40]	@ 0x28
10003a28:	2b00      	cmp	r3, #0
10003a2a:	d100      	bne.n	10003a2e <_etoa+0x366>
10003a2c:	e763      	b.n	100038f6 <_etoa+0x22e>
10003a2e:	0002      	movs	r2, r0
10003a30:	4647      	mov	r7, r8
10003a32:	9e0c      	ldr	r6, [sp, #48]	@ 0x30
10003a34:	9d1d      	ldr	r5, [sp, #116]	@ 0x74
10003a36:	e053      	b.n	10003ae0 <_etoa+0x418>
10003a38:	9b1c      	ldr	r3, [sp, #112]	@ 0x70
10003a3a:	2b00      	cmp	r3, #0
10003a3c:	d09d      	beq.n	1000397a <_etoa+0x2b2>
10003a3e:	9b0d      	ldr	r3, [sp, #52]	@ 0x34
10003a40:	2b00      	cmp	r3, #0
10003a42:	d09a      	beq.n	1000397a <_etoa+0x2b2>
10003a44:	9b1c      	ldr	r3, [sp, #112]	@ 0x70
10003a46:	3b01      	subs	r3, #1
10003a48:	931c      	str	r3, [sp, #112]	@ 0x70
10003a4a:	e796      	b.n	1000397a <_etoa+0x2b2>
10003a4c:	2700      	movs	r7, #0
10003a4e:	e798      	b.n	10003982 <_etoa+0x2ba>
10003a50:	7fefffff 	.word	0x7fefffff
10003a54:	ffefffff 	.word	0xffefffff
10003a58:	fffffc01 	.word	0xfffffc01
10003a5c:	3ff00000 	.word	0x3ff00000
10003a60:	509f79fb 	.word	0x509f79fb
10003a64:	3fd34413 	.word	0x3fd34413
10003a68:	8b60c8b3 	.word	0x8b60c8b3
10003a6c:	3fc68a28 	.word	0x3fc68a28
10003a70:	3ff80000 	.word	0x3ff80000
10003a74:	636f4361 	.word	0x636f4361
10003a78:	3fd287a7 	.word	0x3fd287a7
10003a7c:	0979a371 	.word	0x0979a371
10003a80:	400a934f 	.word	0x400a934f
10003a84:	3fe00000 	.word	0x3fe00000
10003a88:	bbb55516 	.word	0xbbb55516
10003a8c:	40026bb1 	.word	0x40026bb1
10003a90:	fefa39ef 	.word	0xfefa39ef
10003a94:	3fe62e42 	.word	0x3fe62e42
10003a98:	000003ff 	.word	0x000003ff
10003a9c:	402c0000 	.word	0x402c0000
10003aa0:	40240000 	.word	0x40240000
10003aa4:	40180000 	.word	0x40180000
10003aa8:	eb1c432d 	.word	0xeb1c432d
10003aac:	3f1a36e2 	.word	0x3f1a36e2
10003ab0:	412e8480 	.word	0x412e8480
10003ab4:	fffff7ff 	.word	0xfffff7ff
10003ab8:	9c06      	ldr	r4, [sp, #24]
10003aba:	9d07      	ldr	r5, [sp, #28]
10003abc:	0022      	movs	r2, r4
10003abe:	0029      	movs	r1, r5
10003ac0:	2080      	movs	r0, #128	@ 0x80
10003ac2:	0600      	lsls	r0, r0, #24
10003ac4:	4684      	mov	ip, r0
10003ac6:	4461      	add	r1, ip
10003ac8:	000b      	movs	r3, r1
10003aca:	9206      	str	r2, [sp, #24]
10003acc:	9307      	str	r3, [sp, #28]
10003ace:	e776      	b.n	100039be <_etoa+0x2f6>
10003ad0:	2565      	movs	r5, #101	@ 0x65
10003ad2:	e78c      	b.n	100039ee <_etoa+0x326>
10003ad4:	1c54      	adds	r4, r2, #1
10003ad6:	4653      	mov	r3, sl
10003ad8:	4649      	mov	r1, r9
10003ada:	2020      	movs	r0, #32
10003adc:	47b8      	blx	r7
10003ade:	0022      	movs	r2, r4
10003ae0:	1b93      	subs	r3, r2, r6
10003ae2:	42ab      	cmp	r3, r5
10003ae4:	d3f6      	bcc.n	10003ad4 <_etoa+0x40c>
10003ae6:	0010      	movs	r0, r2
10003ae8:	e705      	b.n	100038f6 <_etoa+0x22e>
10003aea:	46c0      	nop			@ (mov r8, r8)

10003aec <_ftoa>:
10003aec:	b5f0      	push	{r4, r5, r6, r7, lr}
10003aee:	46de      	mov	lr, fp
10003af0:	4657      	mov	r7, sl
10003af2:	464e      	mov	r6, r9
10003af4:	4645      	mov	r5, r8
10003af6:	b5e0      	push	{r5, r6, r7, lr}
10003af8:	b095      	sub	sp, #84	@ 0x54
10003afa:	9006      	str	r0, [sp, #24]
10003afc:	9107      	str	r1, [sp, #28]
10003afe:	4693      	mov	fp, r2
10003b00:	4699      	mov	r9, r3
10003b02:	9f20      	ldr	r7, [sp, #128]	@ 0x80
10003b04:	9a1e      	ldr	r2, [sp, #120]	@ 0x78
10003b06:	9b1f      	ldr	r3, [sp, #124]	@ 0x7c
10003b08:	0010      	movs	r0, r2
10003b0a:	0019      	movs	r1, r3
10003b0c:	f7fe ff1b 	bl	10002946 <__wrap___aeabi_dcmpun>
10003b10:	2800      	cmp	r0, #0
10003b12:	d131      	bne.n	10003b78 <_ftoa+0x8c>
10003b14:	2201      	movs	r2, #1
10003b16:	4252      	negs	r2, r2
10003b18:	4bbc      	ldr	r3, [pc, #752]	@ (10003e0c <_ftoa+0x320>)
10003b1a:	981e      	ldr	r0, [sp, #120]	@ 0x78
10003b1c:	991f      	ldr	r1, [sp, #124]	@ 0x7c
10003b1e:	f7fe fef7 	bl	10002910 <__wrap___aeabi_dcmplt>
10003b22:	2800      	cmp	r0, #0
10003b24:	d137      	bne.n	10003b96 <_ftoa+0xaa>
10003b26:	2201      	movs	r2, #1
10003b28:	4252      	negs	r2, r2
10003b2a:	4bb9      	ldr	r3, [pc, #740]	@ (10003e10 <_ftoa+0x324>)
10003b2c:	981e      	ldr	r0, [sp, #120]	@ 0x78
10003b2e:	991f      	ldr	r1, [sp, #124]	@ 0x7c
10003b30:	f7fe ff04 	bl	1000293c <__wrap___aeabi_dcmpgt>
10003b34:	2800      	cmp	r0, #0
10003b36:	d13d      	bne.n	10003bb4 <_ftoa+0xc8>
10003b38:	2200      	movs	r2, #0
10003b3a:	4bb6      	ldr	r3, [pc, #728]	@ (10003e14 <_ftoa+0x328>)
10003b3c:	981e      	ldr	r0, [sp, #120]	@ 0x78
10003b3e:	991f      	ldr	r1, [sp, #124]	@ 0x7c
10003b40:	f7fe fefc 	bl	1000293c <__wrap___aeabi_dcmpgt>
10003b44:	2800      	cmp	r0, #0
10003b46:	d14a      	bne.n	10003bde <_ftoa+0xf2>
10003b48:	2200      	movs	r2, #0
10003b4a:	4bb3      	ldr	r3, [pc, #716]	@ (10003e18 <_ftoa+0x32c>)
10003b4c:	981e      	ldr	r0, [sp, #120]	@ 0x78
10003b4e:	991f      	ldr	r1, [sp, #124]	@ 0x7c
10003b50:	f7fe fede 	bl	10002910 <__wrap___aeabi_dcmplt>
10003b54:	2800      	cmp	r0, #0
10003b56:	d142      	bne.n	10003bde <_ftoa+0xf2>
10003b58:	2200      	movs	r2, #0
10003b5a:	2300      	movs	r3, #0
10003b5c:	981e      	ldr	r0, [sp, #120]	@ 0x78
10003b5e:	991f      	ldr	r1, [sp, #124]	@ 0x7c
10003b60:	f7fe fed6 	bl	10002910 <__wrap___aeabi_dcmplt>
10003b64:	2800      	cmp	r0, #0
10003b66:	d14a      	bne.n	10003bfe <_ftoa+0x112>
10003b68:	2300      	movs	r3, #0
10003b6a:	4698      	mov	r8, r3
10003b6c:	9b22      	ldr	r3, [sp, #136]	@ 0x88
10003b6e:	055b      	lsls	r3, r3, #21
10003b70:	d400      	bmi.n	10003b74 <_ftoa+0x88>
10003b72:	e0b0      	b.n	10003cd6 <_ftoa+0x1ea>
10003b74:	2400      	movs	r4, #0
10003b76:	e052      	b.n	10003c1e <_ftoa+0x132>
10003b78:	9b22      	ldr	r3, [sp, #136]	@ 0x88
10003b7a:	9303      	str	r3, [sp, #12]
10003b7c:	9b21      	ldr	r3, [sp, #132]	@ 0x84
10003b7e:	9302      	str	r3, [sp, #8]
10003b80:	2303      	movs	r3, #3
10003b82:	9301      	str	r3, [sp, #4]
10003b84:	4ba5      	ldr	r3, [pc, #660]	@ (10003e1c <_ftoa+0x330>)
10003b86:	9300      	str	r3, [sp, #0]
10003b88:	464b      	mov	r3, r9
10003b8a:	465a      	mov	r2, fp
10003b8c:	9907      	ldr	r1, [sp, #28]
10003b8e:	9806      	ldr	r0, [sp, #24]
10003b90:	f7ff fbd6 	bl	10003340 <_out_rev>
10003b94:	e108      	b.n	10003da8 <_ftoa+0x2bc>
10003b96:	9b22      	ldr	r3, [sp, #136]	@ 0x88
10003b98:	9303      	str	r3, [sp, #12]
10003b9a:	9b21      	ldr	r3, [sp, #132]	@ 0x84
10003b9c:	9302      	str	r3, [sp, #8]
10003b9e:	2304      	movs	r3, #4
10003ba0:	9301      	str	r3, [sp, #4]
10003ba2:	4b9f      	ldr	r3, [pc, #636]	@ (10003e20 <_ftoa+0x334>)
10003ba4:	9300      	str	r3, [sp, #0]
10003ba6:	464b      	mov	r3, r9
10003ba8:	465a      	mov	r2, fp
10003baa:	9907      	ldr	r1, [sp, #28]
10003bac:	9806      	ldr	r0, [sp, #24]
10003bae:	f7ff fbc7 	bl	10003340 <_out_rev>
10003bb2:	e0f9      	b.n	10003da8 <_ftoa+0x2bc>
10003bb4:	9b22      	ldr	r3, [sp, #136]	@ 0x88
10003bb6:	075b      	lsls	r3, r3, #29
10003bb8:	d50e      	bpl.n	10003bd8 <_ftoa+0xec>
10003bba:	4b9a      	ldr	r3, [pc, #616]	@ (10003e24 <_ftoa+0x338>)
10003bbc:	2204      	movs	r2, #4
10003bbe:	9922      	ldr	r1, [sp, #136]	@ 0x88
10003bc0:	9103      	str	r1, [sp, #12]
10003bc2:	9921      	ldr	r1, [sp, #132]	@ 0x84
10003bc4:	9102      	str	r1, [sp, #8]
10003bc6:	9201      	str	r2, [sp, #4]
10003bc8:	9300      	str	r3, [sp, #0]
10003bca:	464b      	mov	r3, r9
10003bcc:	465a      	mov	r2, fp
10003bce:	9907      	ldr	r1, [sp, #28]
10003bd0:	9806      	ldr	r0, [sp, #24]
10003bd2:	f7ff fbb5 	bl	10003340 <_out_rev>
10003bd6:	e0e7      	b.n	10003da8 <_ftoa+0x2bc>
10003bd8:	4b93      	ldr	r3, [pc, #588]	@ (10003e28 <_ftoa+0x33c>)
10003bda:	2203      	movs	r2, #3
10003bdc:	e7ef      	b.n	10003bbe <_ftoa+0xd2>
10003bde:	9b22      	ldr	r3, [sp, #136]	@ 0x88
10003be0:	9304      	str	r3, [sp, #16]
10003be2:	9b21      	ldr	r3, [sp, #132]	@ 0x84
10003be4:	9303      	str	r3, [sp, #12]
10003be6:	9702      	str	r7, [sp, #8]
10003be8:	9b1e      	ldr	r3, [sp, #120]	@ 0x78
10003bea:	9c1f      	ldr	r4, [sp, #124]	@ 0x7c
10003bec:	9300      	str	r3, [sp, #0]
10003bee:	9401      	str	r4, [sp, #4]
10003bf0:	464b      	mov	r3, r9
10003bf2:	465a      	mov	r2, fp
10003bf4:	9907      	ldr	r1, [sp, #28]
10003bf6:	9806      	ldr	r0, [sp, #24]
10003bf8:	f7ff fd66 	bl	100036c8 <_etoa>
10003bfc:	e0d4      	b.n	10003da8 <_ftoa+0x2bc>
10003bfe:	9a1e      	ldr	r2, [sp, #120]	@ 0x78
10003c00:	9b1f      	ldr	r3, [sp, #124]	@ 0x7c
10003c02:	2000      	movs	r0, #0
10003c04:	2100      	movs	r1, #0
10003c06:	f7fe fe10 	bl	1000282a <__wrap___aeabi_dsub>
10003c0a:	901e      	str	r0, [sp, #120]	@ 0x78
10003c0c:	911f      	str	r1, [sp, #124]	@ 0x7c
10003c0e:	2301      	movs	r3, #1
10003c10:	4698      	mov	r8, r3
10003c12:	e7ab      	b.n	10003b6c <_ftoa+0x80>
10003c14:	ab0c      	add	r3, sp, #48	@ 0x30
10003c16:	2230      	movs	r2, #48	@ 0x30
10003c18:	551a      	strb	r2, [r3, r4]
10003c1a:	3f01      	subs	r7, #1
10003c1c:	3401      	adds	r4, #1
10003c1e:	2c1f      	cmp	r4, #31
10003c20:	d801      	bhi.n	10003c26 <_ftoa+0x13a>
10003c22:	2f09      	cmp	r7, #9
10003c24:	d8f6      	bhi.n	10003c14 <_ftoa+0x128>
10003c26:	981e      	ldr	r0, [sp, #120]	@ 0x78
10003c28:	991f      	ldr	r1, [sp, #124]	@ 0x7c
10003c2a:	f7fe feb5 	bl	10002998 <__wrap___aeabi_d2iz>
10003c2e:	0005      	movs	r5, r0
10003c30:	f7fe fe9a 	bl	10002968 <__wrap___aeabi_i2d>
10003c34:	0002      	movs	r2, r0
10003c36:	000b      	movs	r3, r1
10003c38:	981e      	ldr	r0, [sp, #120]	@ 0x78
10003c3a:	991f      	ldr	r1, [sp, #124]	@ 0x7c
10003c3c:	f7fe fdf5 	bl	1000282a <__wrap___aeabi_dsub>
10003c40:	4b7a      	ldr	r3, [pc, #488]	@ (10003e2c <_ftoa+0x340>)
10003c42:	00fa      	lsls	r2, r7, #3
10003c44:	189b      	adds	r3, r3, r2
10003c46:	681a      	ldr	r2, [r3, #0]
10003c48:	685b      	ldr	r3, [r3, #4]
10003c4a:	920a      	str	r2, [sp, #40]	@ 0x28
10003c4c:	930b      	str	r3, [sp, #44]	@ 0x2c
10003c4e:	f7fe fe1c 	bl	1000288a <__wrap___aeabi_dmul>
10003c52:	9008      	str	r0, [sp, #32]
10003c54:	9109      	str	r1, [sp, #36]	@ 0x24
10003c56:	f7fe fec3 	bl	100029e0 <__wrap___aeabi_d2uiz>
10003c5a:	0006      	movs	r6, r0
10003c5c:	f7fe fe80 	bl	10002960 <__wrap___aeabi_ui2d>
10003c60:	0002      	movs	r2, r0
10003c62:	000b      	movs	r3, r1
10003c64:	9808      	ldr	r0, [sp, #32]
10003c66:	9909      	ldr	r1, [sp, #36]	@ 0x24
10003c68:	f7fe fddf 	bl	1000282a <__wrap___aeabi_dsub>
10003c6c:	9008      	str	r0, [sp, #32]
10003c6e:	9109      	str	r1, [sp, #36]	@ 0x24
10003c70:	2200      	movs	r2, #0
10003c72:	4b6f      	ldr	r3, [pc, #444]	@ (10003e30 <_ftoa+0x344>)
10003c74:	f7fe fe62 	bl	1000293c <__wrap___aeabi_dcmpgt>
10003c78:	2800      	cmp	r0, #0
10003c7a:	d02e      	beq.n	10003cda <_ftoa+0x1ee>
10003c7c:	3601      	adds	r6, #1
10003c7e:	0030      	movs	r0, r6
10003c80:	f7fe fe6e 	bl	10002960 <__wrap___aeabi_ui2d>
10003c84:	0002      	movs	r2, r0
10003c86:	000b      	movs	r3, r1
10003c88:	980a      	ldr	r0, [sp, #40]	@ 0x28
10003c8a:	990b      	ldr	r1, [sp, #44]	@ 0x2c
10003c8c:	f7fe fe46 	bl	1000291c <__wrap___aeabi_dcmple>
10003c90:	2800      	cmp	r0, #0
10003c92:	d001      	beq.n	10003c98 <_ftoa+0x1ac>
10003c94:	3501      	adds	r5, #1
10003c96:	2600      	movs	r6, #0
10003c98:	2f00      	cmp	r7, #0
10003c9a:	d12c      	bne.n	10003cf6 <_ftoa+0x20a>
10003c9c:	0028      	movs	r0, r5
10003c9e:	f7fe fe63 	bl	10002968 <__wrap___aeabi_i2d>
10003ca2:	0002      	movs	r2, r0
10003ca4:	000b      	movs	r3, r1
10003ca6:	981e      	ldr	r0, [sp, #120]	@ 0x78
10003ca8:	991f      	ldr	r1, [sp, #124]	@ 0x7c
10003caa:	f7fe fdbe 	bl	1000282a <__wrap___aeabi_dsub>
10003cae:	0006      	movs	r6, r0
10003cb0:	000f      	movs	r7, r1
10003cb2:	2200      	movs	r2, #0
10003cb4:	4b5e      	ldr	r3, [pc, #376]	@ (10003e30 <_ftoa+0x344>)
10003cb6:	f7fe fe2b 	bl	10002910 <__wrap___aeabi_dcmplt>
10003cba:	2800      	cmp	r0, #0
10003cbc:	d146      	bne.n	10003d4c <_ftoa+0x260>
10003cbe:	2200      	movs	r2, #0
10003cc0:	4b5b      	ldr	r3, [pc, #364]	@ (10003e30 <_ftoa+0x344>)
10003cc2:	0030      	movs	r0, r6
10003cc4:	0039      	movs	r1, r7
10003cc6:	f7fe fe39 	bl	1000293c <__wrap___aeabi_dcmpgt>
10003cca:	2800      	cmp	r0, #0
10003ccc:	d13e      	bne.n	10003d4c <_ftoa+0x260>
10003cce:	07eb      	lsls	r3, r5, #31
10003cd0:	d53c      	bpl.n	10003d4c <_ftoa+0x260>
10003cd2:	3501      	adds	r5, #1
10003cd4:	e03a      	b.n	10003d4c <_ftoa+0x260>
10003cd6:	2706      	movs	r7, #6
10003cd8:	e74c      	b.n	10003b74 <_ftoa+0x88>
10003cda:	2200      	movs	r2, #0
10003cdc:	4b54      	ldr	r3, [pc, #336]	@ (10003e30 <_ftoa+0x344>)
10003cde:	9808      	ldr	r0, [sp, #32]
10003ce0:	9909      	ldr	r1, [sp, #36]	@ 0x24
10003ce2:	f7fe fe15 	bl	10002910 <__wrap___aeabi_dcmplt>
10003ce6:	2800      	cmp	r0, #0
10003ce8:	d1d6      	bne.n	10003c98 <_ftoa+0x1ac>
10003cea:	2e00      	cmp	r6, #0
10003cec:	d001      	beq.n	10003cf2 <_ftoa+0x206>
10003cee:	07f3      	lsls	r3, r6, #31
10003cf0:	d5d2      	bpl.n	10003c98 <_ftoa+0x1ac>
10003cf2:	3601      	adds	r6, #1
10003cf4:	e7d0      	b.n	10003c98 <_ftoa+0x1ac>
10003cf6:	46aa      	mov	sl, r5
10003cf8:	2c1f      	cmp	r4, #31
10003cfa:	d811      	bhi.n	10003d20 <_ftoa+0x234>
10003cfc:	3f01      	subs	r7, #1
10003cfe:	210a      	movs	r1, #10
10003d00:	0030      	movs	r0, r6
10003d02:	f7fe fb57 	bl	100023b4 <__wrap___aeabi_uidiv>
10003d06:	1c65      	adds	r5, r4, #1
10003d08:	3130      	adds	r1, #48	@ 0x30
10003d0a:	ab0c      	add	r3, sp, #48	@ 0x30
10003d0c:	5519      	strb	r1, [r3, r4]
10003d0e:	210a      	movs	r1, #10
10003d10:	0030      	movs	r0, r6
10003d12:	f7fe fb4f 	bl	100023b4 <__wrap___aeabi_uidiv>
10003d16:	2e09      	cmp	r6, #9
10003d18:	d90e      	bls.n	10003d38 <_ftoa+0x24c>
10003d1a:	0006      	movs	r6, r0
10003d1c:	002c      	movs	r4, r5
10003d1e:	e7eb      	b.n	10003cf8 <_ftoa+0x20c>
10003d20:	4655      	mov	r5, sl
10003d22:	2c1f      	cmp	r4, #31
10003d24:	d80c      	bhi.n	10003d40 <_ftoa+0x254>
10003d26:	1e7b      	subs	r3, r7, #1
10003d28:	2f00      	cmp	r7, #0
10003d2a:	d009      	beq.n	10003d40 <_ftoa+0x254>
10003d2c:	aa0c      	add	r2, sp, #48	@ 0x30
10003d2e:	2130      	movs	r1, #48	@ 0x30
10003d30:	5511      	strb	r1, [r2, r4]
10003d32:	001f      	movs	r7, r3
10003d34:	3401      	adds	r4, #1
10003d36:	e7f4      	b.n	10003d22 <_ftoa+0x236>
10003d38:	002b      	movs	r3, r5
10003d3a:	4655      	mov	r5, sl
10003d3c:	001c      	movs	r4, r3
10003d3e:	e7f0      	b.n	10003d22 <_ftoa+0x236>
10003d40:	2c1f      	cmp	r4, #31
10003d42:	d803      	bhi.n	10003d4c <_ftoa+0x260>
10003d44:	ab0c      	add	r3, sp, #48	@ 0x30
10003d46:	222e      	movs	r2, #46	@ 0x2e
10003d48:	551a      	strb	r2, [r3, r4]
10003d4a:	3401      	adds	r4, #1
10003d4c:	2c1f      	cmp	r4, #31
10003d4e:	d810      	bhi.n	10003d72 <_ftoa+0x286>
10003d50:	210a      	movs	r1, #10
10003d52:	0028      	movs	r0, r5
10003d54:	f7fe fb06 	bl	10002364 <__wrap___aeabi_idiv>
10003d58:	1c66      	adds	r6, r4, #1
10003d5a:	3130      	adds	r1, #48	@ 0x30
10003d5c:	ab0c      	add	r3, sp, #48	@ 0x30
10003d5e:	5519      	strb	r1, [r3, r4]
10003d60:	210a      	movs	r1, #10
10003d62:	0028      	movs	r0, r5
10003d64:	f7fe fafe 	bl	10002364 <__wrap___aeabi_idiv>
10003d68:	1e05      	subs	r5, r0, #0
10003d6a:	d001      	beq.n	10003d70 <_ftoa+0x284>
10003d6c:	0034      	movs	r4, r6
10003d6e:	e7ed      	b.n	10003d4c <_ftoa+0x260>
10003d70:	0034      	movs	r4, r6
10003d72:	2303      	movs	r3, #3
10003d74:	9a22      	ldr	r2, [sp, #136]	@ 0x88
10003d76:	4013      	ands	r3, r2
10003d78:	2b01      	cmp	r3, #1
10003d7a:	d01c      	beq.n	10003db6 <_ftoa+0x2ca>
10003d7c:	2c1f      	cmp	r4, #31
10003d7e:	d806      	bhi.n	10003d8e <_ftoa+0x2a2>
10003d80:	4643      	mov	r3, r8
10003d82:	2b00      	cmp	r3, #0
10003d84:	d032      	beq.n	10003dec <_ftoa+0x300>
10003d86:	ab0c      	add	r3, sp, #48	@ 0x30
10003d88:	222d      	movs	r2, #45	@ 0x2d
10003d8a:	551a      	strb	r2, [r3, r4]
10003d8c:	3401      	adds	r4, #1
10003d8e:	9b22      	ldr	r3, [sp, #136]	@ 0x88
10003d90:	9303      	str	r3, [sp, #12]
10003d92:	9b21      	ldr	r3, [sp, #132]	@ 0x84
10003d94:	9302      	str	r3, [sp, #8]
10003d96:	9401      	str	r4, [sp, #4]
10003d98:	ab0c      	add	r3, sp, #48	@ 0x30
10003d9a:	9300      	str	r3, [sp, #0]
10003d9c:	464b      	mov	r3, r9
10003d9e:	465a      	mov	r2, fp
10003da0:	9907      	ldr	r1, [sp, #28]
10003da2:	9806      	ldr	r0, [sp, #24]
10003da4:	f7ff facc 	bl	10003340 <_out_rev>
10003da8:	b015      	add	sp, #84	@ 0x54
10003daa:	bcf0      	pop	{r4, r5, r6, r7}
10003dac:	46bb      	mov	fp, r7
10003dae:	46b2      	mov	sl, r6
10003db0:	46a9      	mov	r9, r5
10003db2:	46a0      	mov	r8, r4
10003db4:	bdf0      	pop	{r4, r5, r6, r7, pc}
10003db6:	9b21      	ldr	r3, [sp, #132]	@ 0x84
10003db8:	2b00      	cmp	r3, #0
10003dba:	d013      	beq.n	10003de4 <_ftoa+0x2f8>
10003dbc:	4643      	mov	r3, r8
10003dbe:	2b00      	cmp	r3, #0
10003dc0:	d102      	bne.n	10003dc8 <_ftoa+0x2dc>
10003dc2:	330c      	adds	r3, #12
10003dc4:	4213      	tst	r3, r2
10003dc6:	d00f      	beq.n	10003de8 <_ftoa+0x2fc>
10003dc8:	9b21      	ldr	r3, [sp, #132]	@ 0x84
10003dca:	3b01      	subs	r3, #1
10003dcc:	9321      	str	r3, [sp, #132]	@ 0x84
10003dce:	0019      	movs	r1, r3
10003dd0:	e003      	b.n	10003dda <_ftoa+0x2ee>
10003dd2:	ab0c      	add	r3, sp, #48	@ 0x30
10003dd4:	2230      	movs	r2, #48	@ 0x30
10003dd6:	551a      	strb	r2, [r3, r4]
10003dd8:	3401      	adds	r4, #1
10003dda:	428c      	cmp	r4, r1
10003ddc:	d2ce      	bcs.n	10003d7c <_ftoa+0x290>
10003dde:	2c1f      	cmp	r4, #31
10003de0:	d9f7      	bls.n	10003dd2 <_ftoa+0x2e6>
10003de2:	e7cb      	b.n	10003d7c <_ftoa+0x290>
10003de4:	9921      	ldr	r1, [sp, #132]	@ 0x84
10003de6:	e7f8      	b.n	10003dda <_ftoa+0x2ee>
10003de8:	9921      	ldr	r1, [sp, #132]	@ 0x84
10003dea:	e7f6      	b.n	10003dda <_ftoa+0x2ee>
10003dec:	9b22      	ldr	r3, [sp, #136]	@ 0x88
10003dee:	075b      	lsls	r3, r3, #29
10003df0:	d504      	bpl.n	10003dfc <_ftoa+0x310>
10003df2:	ab0c      	add	r3, sp, #48	@ 0x30
10003df4:	222b      	movs	r2, #43	@ 0x2b
10003df6:	551a      	strb	r2, [r3, r4]
10003df8:	3401      	adds	r4, #1
10003dfa:	e7c8      	b.n	10003d8e <_ftoa+0x2a2>
10003dfc:	9b22      	ldr	r3, [sp, #136]	@ 0x88
10003dfe:	071b      	lsls	r3, r3, #28
10003e00:	d5c5      	bpl.n	10003d8e <_ftoa+0x2a2>
10003e02:	ab0c      	add	r3, sp, #48	@ 0x30
10003e04:	2220      	movs	r2, #32
10003e06:	551a      	strb	r2, [r3, r4]
10003e08:	3401      	adds	r4, #1
10003e0a:	e7c0      	b.n	10003d8e <_ftoa+0x2a2>
10003e0c:	ffefffff 	.word	0xffefffff
10003e10:	7fefffff 	.word	0x7fefffff
10003e14:	41cdcd65 	.word	0x41cdcd65
10003e18:	c1cdcd65 	.word	0xc1cdcd65
10003e1c:	10009198 	.word	0x10009198
10003e20:	1000919c 	.word	0x1000919c
10003e24:	1000918c 	.word	0x1000918c
10003e28:	10009194 	.word	0x10009194
10003e2c:	10009ba0 	.word	0x10009ba0
10003e30:	3fe00000 	.word	0x3fe00000

10003e34 <_vsnprintf>:
10003e34:	b5f0      	push	{r4, r5, r6, r7, lr}
10003e36:	46de      	mov	lr, fp
10003e38:	4657      	mov	r7, sl
10003e3a:	464e      	mov	r6, r9
10003e3c:	4645      	mov	r5, r8
10003e3e:	b5e0      	push	{r5, r6, r7, lr}
10003e40:	b093      	sub	sp, #76	@ 0x4c
10003e42:	0007      	movs	r7, r0
10003e44:	468a      	mov	sl, r1
10003e46:	4693      	mov	fp, r2
10003e48:	9311      	str	r3, [sp, #68]	@ 0x44
10003e4a:	2900      	cmp	r1, #0
10003e4c:	d100      	bne.n	10003e50 <_vsnprintf+0x1c>
10003e4e:	e32c      	b.n	100044aa <_vsnprintf+0x676>
10003e50:	2500      	movs	r5, #0
10003e52:	e008      	b.n	10003e66 <_vsnprintf+0x32>
10003e54:	1c6c      	adds	r4, r5, #1
10003e56:	465b      	mov	r3, fp
10003e58:	002a      	movs	r2, r5
10003e5a:	4651      	mov	r1, sl
10003e5c:	47b8      	blx	r7
10003e5e:	9b11      	ldr	r3, [sp, #68]	@ 0x44
10003e60:	3301      	adds	r3, #1
10003e62:	9311      	str	r3, [sp, #68]	@ 0x44
10003e64:	0025      	movs	r5, r4
10003e66:	9b11      	ldr	r3, [sp, #68]	@ 0x44
10003e68:	7818      	ldrb	r0, [r3, #0]
10003e6a:	2800      	cmp	r0, #0
10003e6c:	d100      	bne.n	10003e70 <_vsnprintf+0x3c>
10003e6e:	e31e      	b.n	100044ae <_vsnprintf+0x67a>
10003e70:	2825      	cmp	r0, #37	@ 0x25
10003e72:	d1ef      	bne.n	10003e54 <_vsnprintf+0x20>
10003e74:	3301      	adds	r3, #1
10003e76:	9311      	str	r3, [sp, #68]	@ 0x44
10003e78:	2300      	movs	r3, #0
10003e7a:	0018      	movs	r0, r3
10003e7c:	e020      	b.n	10003ec0 <_vsnprintf+0x8c>
10003e7e:	2301      	movs	r3, #1
10003e80:	4318      	orrs	r0, r3
10003e82:	3201      	adds	r2, #1
10003e84:	9211      	str	r2, [sp, #68]	@ 0x44
10003e86:	2401      	movs	r4, #1
10003e88:	e018      	b.n	10003ebc <_vsnprintf+0x88>
10003e8a:	2302      	movs	r3, #2
10003e8c:	4318      	orrs	r0, r3
10003e8e:	3201      	adds	r2, #1
10003e90:	9211      	str	r2, [sp, #68]	@ 0x44
10003e92:	2401      	movs	r4, #1
10003e94:	e012      	b.n	10003ebc <_vsnprintf+0x88>
10003e96:	2304      	movs	r3, #4
10003e98:	4318      	orrs	r0, r3
10003e9a:	3201      	adds	r2, #1
10003e9c:	9211      	str	r2, [sp, #68]	@ 0x44
10003e9e:	2401      	movs	r4, #1
10003ea0:	e00c      	b.n	10003ebc <_vsnprintf+0x88>
10003ea2:	2308      	movs	r3, #8
10003ea4:	4318      	orrs	r0, r3
10003ea6:	3201      	adds	r2, #1
10003ea8:	9211      	str	r2, [sp, #68]	@ 0x44
10003eaa:	2401      	movs	r4, #1
10003eac:	e006      	b.n	10003ebc <_vsnprintf+0x88>
10003eae:	2310      	movs	r3, #16
10003eb0:	4318      	orrs	r0, r3
10003eb2:	3201      	adds	r2, #1
10003eb4:	9211      	str	r2, [sp, #68]	@ 0x44
10003eb6:	2401      	movs	r4, #1
10003eb8:	e000      	b.n	10003ebc <_vsnprintf+0x88>
10003eba:	2400      	movs	r4, #0
10003ebc:	2c00      	cmp	r4, #0
10003ebe:	d009      	beq.n	10003ed4 <_vsnprintf+0xa0>
10003ec0:	9a11      	ldr	r2, [sp, #68]	@ 0x44
10003ec2:	7813      	ldrb	r3, [r2, #0]
10003ec4:	3b20      	subs	r3, #32
10003ec6:	b2d9      	uxtb	r1, r3
10003ec8:	2910      	cmp	r1, #16
10003eca:	d8f6      	bhi.n	10003eba <_vsnprintf+0x86>
10003ecc:	008b      	lsls	r3, r1, #2
10003ece:	49c4      	ldr	r1, [pc, #784]	@ (100041e0 <_vsnprintf+0x3ac>)
10003ed0:	58cb      	ldr	r3, [r1, r3]
10003ed2:	469f      	mov	pc, r3
10003ed4:	4681      	mov	r9, r0
10003ed6:	9b11      	ldr	r3, [sp, #68]	@ 0x44
10003ed8:	781a      	ldrb	r2, [r3, #0]
10003eda:	0013      	movs	r3, r2
10003edc:	3b30      	subs	r3, #48	@ 0x30
10003ede:	b2db      	uxtb	r3, r3
10003ee0:	2b09      	cmp	r3, #9
10003ee2:	d910      	bls.n	10003f06 <_vsnprintf+0xd2>
10003ee4:	2a2a      	cmp	r2, #42	@ 0x2a
10003ee6:	d013      	beq.n	10003f10 <_vsnprintf+0xdc>
10003ee8:	940b      	str	r4, [sp, #44]	@ 0x2c
10003eea:	9b11      	ldr	r3, [sp, #68]	@ 0x44
10003eec:	781a      	ldrb	r2, [r3, #0]
10003eee:	2a2e      	cmp	r2, #46	@ 0x2e
10003ef0:	d020      	beq.n	10003f34 <_vsnprintf+0x100>
10003ef2:	9a11      	ldr	r2, [sp, #68]	@ 0x44
10003ef4:	7813      	ldrb	r3, [r2, #0]
10003ef6:	3b68      	subs	r3, #104	@ 0x68
10003ef8:	b2d9      	uxtb	r1, r3
10003efa:	2912      	cmp	r1, #18
10003efc:	d865      	bhi.n	10003fca <_vsnprintf+0x196>
10003efe:	008b      	lsls	r3, r1, #2
10003f00:	49b8      	ldr	r1, [pc, #736]	@ (100041e4 <_vsnprintf+0x3b0>)
10003f02:	58cb      	ldr	r3, [r1, r3]
10003f04:	469f      	mov	pc, r3
10003f06:	a811      	add	r0, sp, #68	@ 0x44
10003f08:	f7ff fa08 	bl	1000331c <_atoi>
10003f0c:	900b      	str	r0, [sp, #44]	@ 0x2c
10003f0e:	e7ec      	b.n	10003eea <_vsnprintf+0xb6>
10003f10:	9b1c      	ldr	r3, [sp, #112]	@ 0x70
10003f12:	1d1a      	adds	r2, r3, #4
10003f14:	921c      	str	r2, [sp, #112]	@ 0x70
10003f16:	681b      	ldr	r3, [r3, #0]
10003f18:	2b00      	cmp	r3, #0
10003f1a:	db04      	blt.n	10003f26 <_vsnprintf+0xf2>
10003f1c:	930b      	str	r3, [sp, #44]	@ 0x2c
10003f1e:	9b11      	ldr	r3, [sp, #68]	@ 0x44
10003f20:	3301      	adds	r3, #1
10003f22:	9311      	str	r3, [sp, #68]	@ 0x44
10003f24:	e7e1      	b.n	10003eea <_vsnprintf+0xb6>
10003f26:	2202      	movs	r2, #2
10003f28:	0001      	movs	r1, r0
10003f2a:	4311      	orrs	r1, r2
10003f2c:	4689      	mov	r9, r1
10003f2e:	425b      	negs	r3, r3
10003f30:	930b      	str	r3, [sp, #44]	@ 0x2c
10003f32:	e7f4      	b.n	10003f1e <_vsnprintf+0xea>
10003f34:	2280      	movs	r2, #128	@ 0x80
10003f36:	00d2      	lsls	r2, r2, #3
10003f38:	4649      	mov	r1, r9
10003f3a:	4311      	orrs	r1, r2
10003f3c:	4689      	mov	r9, r1
10003f3e:	1c5a      	adds	r2, r3, #1
10003f40:	9211      	str	r2, [sp, #68]	@ 0x44
10003f42:	785a      	ldrb	r2, [r3, #1]
10003f44:	0013      	movs	r3, r2
10003f46:	3b30      	subs	r3, #48	@ 0x30
10003f48:	b2db      	uxtb	r3, r3
10003f4a:	2b09      	cmp	r3, #9
10003f4c:	d90b      	bls.n	10003f66 <_vsnprintf+0x132>
10003f4e:	2a2a      	cmp	r2, #42	@ 0x2a
10003f50:	d1cf      	bne.n	10003ef2 <_vsnprintf+0xbe>
10003f52:	9b1c      	ldr	r3, [sp, #112]	@ 0x70
10003f54:	1d1a      	adds	r2, r3, #4
10003f56:	921c      	str	r2, [sp, #112]	@ 0x70
10003f58:	681c      	ldr	r4, [r3, #0]
10003f5a:	2c00      	cmp	r4, #0
10003f5c:	db08      	blt.n	10003f70 <_vsnprintf+0x13c>
10003f5e:	9b11      	ldr	r3, [sp, #68]	@ 0x44
10003f60:	3301      	adds	r3, #1
10003f62:	9311      	str	r3, [sp, #68]	@ 0x44
10003f64:	e7c5      	b.n	10003ef2 <_vsnprintf+0xbe>
10003f66:	a811      	add	r0, sp, #68	@ 0x44
10003f68:	f7ff f9d8 	bl	1000331c <_atoi>
10003f6c:	0004      	movs	r4, r0
10003f6e:	e7c0      	b.n	10003ef2 <_vsnprintf+0xbe>
10003f70:	2400      	movs	r4, #0
10003f72:	e7f4      	b.n	10003f5e <_vsnprintf+0x12a>
10003f74:	2380      	movs	r3, #128	@ 0x80
10003f76:	005b      	lsls	r3, r3, #1
10003f78:	4649      	mov	r1, r9
10003f7a:	430b      	orrs	r3, r1
10003f7c:	1c51      	adds	r1, r2, #1
10003f7e:	9111      	str	r1, [sp, #68]	@ 0x44
10003f80:	7851      	ldrb	r1, [r2, #1]
10003f82:	296c      	cmp	r1, #108	@ 0x6c
10003f84:	d001      	beq.n	10003f8a <_vsnprintf+0x156>
10003f86:	4699      	mov	r9, r3
10003f88:	e01f      	b.n	10003fca <_vsnprintf+0x196>
10003f8a:	23c0      	movs	r3, #192	@ 0xc0
10003f8c:	009b      	lsls	r3, r3, #2
10003f8e:	4649      	mov	r1, r9
10003f90:	4319      	orrs	r1, r3
10003f92:	4689      	mov	r9, r1
10003f94:	3202      	adds	r2, #2
10003f96:	9211      	str	r2, [sp, #68]	@ 0x44
10003f98:	e017      	b.n	10003fca <_vsnprintf+0x196>
10003f9a:	2380      	movs	r3, #128	@ 0x80
10003f9c:	4649      	mov	r1, r9
10003f9e:	430b      	orrs	r3, r1
10003fa0:	1c51      	adds	r1, r2, #1
10003fa2:	9111      	str	r1, [sp, #68]	@ 0x44
10003fa4:	7851      	ldrb	r1, [r2, #1]
10003fa6:	2968      	cmp	r1, #104	@ 0x68
10003fa8:	d001      	beq.n	10003fae <_vsnprintf+0x17a>
10003faa:	4699      	mov	r9, r3
10003fac:	e00d      	b.n	10003fca <_vsnprintf+0x196>
10003fae:	23c0      	movs	r3, #192	@ 0xc0
10003fb0:	4649      	mov	r1, r9
10003fb2:	4319      	orrs	r1, r3
10003fb4:	4689      	mov	r9, r1
10003fb6:	3202      	adds	r2, #2
10003fb8:	9211      	str	r2, [sp, #68]	@ 0x44
10003fba:	e006      	b.n	10003fca <_vsnprintf+0x196>
10003fbc:	2380      	movs	r3, #128	@ 0x80
10003fbe:	005b      	lsls	r3, r3, #1
10003fc0:	4649      	mov	r1, r9
10003fc2:	4319      	orrs	r1, r3
10003fc4:	4689      	mov	r9, r1
10003fc6:	3201      	adds	r2, #1
10003fc8:	9211      	str	r2, [sp, #68]	@ 0x44
10003fca:	9b11      	ldr	r3, [sp, #68]	@ 0x44
10003fcc:	7818      	ldrb	r0, [r3, #0]
10003fce:	2867      	cmp	r0, #103	@ 0x67
10003fd0:	d81c      	bhi.n	1000400c <_vsnprintf+0x1d8>
10003fd2:	2825      	cmp	r0, #37	@ 0x25
10003fd4:	d200      	bcs.n	10003fd8 <_vsnprintf+0x1a4>
10003fd6:	e25e      	b.n	10004496 <_vsnprintf+0x662>
10003fd8:	0003      	movs	r3, r0
10003fda:	3b25      	subs	r3, #37	@ 0x25
10003fdc:	b2da      	uxtb	r2, r3
10003fde:	2a42      	cmp	r2, #66	@ 0x42
10003fe0:	d900      	bls.n	10003fe4 <_vsnprintf+0x1b0>
10003fe2:	e258      	b.n	10004496 <_vsnprintf+0x662>
10003fe4:	0093      	lsls	r3, r2, #2
10003fe6:	4a80      	ldr	r2, [pc, #512]	@ (100041e8 <_vsnprintf+0x3b4>)
10003fe8:	58d3      	ldr	r3, [r2, r3]
10003fea:	469f      	mov	pc, r3
10003fec:	2380      	movs	r3, #128	@ 0x80
10003fee:	009b      	lsls	r3, r3, #2
10003ff0:	4649      	mov	r1, r9
10003ff2:	4319      	orrs	r1, r3
10003ff4:	4689      	mov	r9, r1
10003ff6:	3201      	adds	r2, #1
10003ff8:	9211      	str	r2, [sp, #68]	@ 0x44
10003ffa:	e7e6      	b.n	10003fca <_vsnprintf+0x196>
10003ffc:	2380      	movs	r3, #128	@ 0x80
10003ffe:	005b      	lsls	r3, r3, #1
10004000:	4649      	mov	r1, r9
10004002:	4319      	orrs	r1, r3
10004004:	4689      	mov	r9, r1
10004006:	3201      	adds	r2, #1
10004008:	9211      	str	r2, [sp, #68]	@ 0x44
1000400a:	e7de      	b.n	10003fca <_vsnprintf+0x196>
1000400c:	2878      	cmp	r0, #120	@ 0x78
1000400e:	d900      	bls.n	10004012 <_vsnprintf+0x1de>
10004010:	e241      	b.n	10004496 <_vsnprintf+0x662>
10004012:	2869      	cmp	r0, #105	@ 0x69
10004014:	d200      	bcs.n	10004018 <_vsnprintf+0x1e4>
10004016:	e23e      	b.n	10004496 <_vsnprintf+0x662>
10004018:	0002      	movs	r2, r0
1000401a:	3a69      	subs	r2, #105	@ 0x69
1000401c:	b2d2      	uxtb	r2, r2
1000401e:	2301      	movs	r3, #1
10004020:	4093      	lsls	r3, r2
10004022:	4a72      	ldr	r2, [pc, #456]	@ (100041ec <_vsnprintf+0x3b8>)
10004024:	4213      	tst	r3, r2
10004026:	d110      	bne.n	1000404a <_vsnprintf+0x216>
10004028:	061a      	lsls	r2, r3, #24
1000402a:	d500      	bpl.n	1000402e <_vsnprintf+0x1fa>
1000402c:	e20c      	b.n	10004448 <_vsnprintf+0x614>
1000402e:	055b      	lsls	r3, r3, #21
10004030:	d400      	bmi.n	10004034 <_vsnprintf+0x200>
10004032:	e230      	b.n	10004496 <_vsnprintf+0x662>
10004034:	9b1c      	ldr	r3, [sp, #112]	@ 0x70
10004036:	1d1a      	adds	r2, r3, #4
10004038:	921c      	str	r2, [sp, #112]	@ 0x70
1000403a:	681e      	ldr	r6, [r3, #0]
1000403c:	2c00      	cmp	r4, #0
1000403e:	d000      	beq.n	10004042 <_vsnprintf+0x20e>
10004040:	e1ba      	b.n	100043b8 <_vsnprintf+0x584>
10004042:	2201      	movs	r2, #1
10004044:	4252      	negs	r2, r2
10004046:	0033      	movs	r3, r6
10004048:	e196      	b.n	10004378 <_vsnprintf+0x544>
1000404a:	286f      	cmp	r0, #111	@ 0x6f
1000404c:	d042      	beq.n	100040d4 <_vsnprintf+0x2a0>
1000404e:	d805      	bhi.n	1000405c <_vsnprintf+0x228>
10004050:	2858      	cmp	r0, #88	@ 0x58
10004052:	d041      	beq.n	100040d8 <_vsnprintf+0x2a4>
10004054:	2862      	cmp	r0, #98	@ 0x62
10004056:	d103      	bne.n	10004060 <_vsnprintf+0x22c>
10004058:	2602      	movs	r6, #2
1000405a:	e006      	b.n	1000406a <_vsnprintf+0x236>
1000405c:	2878      	cmp	r0, #120	@ 0x78
1000405e:	d03d      	beq.n	100040dc <_vsnprintf+0x2a8>
10004060:	2310      	movs	r3, #16
10004062:	464a      	mov	r2, r9
10004064:	439a      	bics	r2, r3
10004066:	4691      	mov	r9, r2
10004068:	260a      	movs	r6, #10
1000406a:	2858      	cmp	r0, #88	@ 0x58
1000406c:	d038      	beq.n	100040e0 <_vsnprintf+0x2ac>
1000406e:	2869      	cmp	r0, #105	@ 0x69
10004070:	d005      	beq.n	1000407e <_vsnprintf+0x24a>
10004072:	2864      	cmp	r0, #100	@ 0x64
10004074:	d003      	beq.n	1000407e <_vsnprintf+0x24a>
10004076:	220c      	movs	r2, #12
10004078:	464b      	mov	r3, r9
1000407a:	4393      	bics	r3, r2
1000407c:	4699      	mov	r9, r3
1000407e:	464b      	mov	r3, r9
10004080:	055a      	lsls	r2, r3, #21
10004082:	d502      	bpl.n	1000408a <_vsnprintf+0x256>
10004084:	2201      	movs	r2, #1
10004086:	4393      	bics	r3, r2
10004088:	4699      	mov	r9, r3
1000408a:	2869      	cmp	r0, #105	@ 0x69
1000408c:	d02d      	beq.n	100040ea <_vsnprintf+0x2b6>
1000408e:	2864      	cmp	r0, #100	@ 0x64
10004090:	d02b      	beq.n	100040ea <_vsnprintf+0x2b6>
10004092:	464b      	mov	r3, r9
10004094:	059a      	lsls	r2, r3, #22
10004096:	d500      	bpl.n	1000409a <_vsnprintf+0x266>
10004098:	e0aa      	b.n	100041f0 <_vsnprintf+0x3bc>
1000409a:	05da      	lsls	r2, r3, #23
1000409c:	d500      	bpl.n	100040a0 <_vsnprintf+0x26c>
1000409e:	e0c2      	b.n	10004226 <_vsnprintf+0x3f2>
100040a0:	065a      	lsls	r2, r3, #25
100040a2:	d400      	bmi.n	100040a6 <_vsnprintf+0x272>
100040a4:	e0d3      	b.n	1000424e <_vsnprintf+0x41a>
100040a6:	9a1c      	ldr	r2, [sp, #112]	@ 0x70
100040a8:	1d11      	adds	r1, r2, #4
100040aa:	911c      	str	r1, [sp, #112]	@ 0x70
100040ac:	6811      	ldr	r1, [r2, #0]
100040ae:	22ff      	movs	r2, #255	@ 0xff
100040b0:	400a      	ands	r2, r1
100040b2:	464b      	mov	r3, r9
100040b4:	9305      	str	r3, [sp, #20]
100040b6:	9b0b      	ldr	r3, [sp, #44]	@ 0x2c
100040b8:	9304      	str	r3, [sp, #16]
100040ba:	9403      	str	r4, [sp, #12]
100040bc:	9602      	str	r6, [sp, #8]
100040be:	2300      	movs	r3, #0
100040c0:	9301      	str	r3, [sp, #4]
100040c2:	9200      	str	r2, [sp, #0]
100040c4:	465b      	mov	r3, fp
100040c6:	002a      	movs	r2, r5
100040c8:	4651      	mov	r1, sl
100040ca:	0038      	movs	r0, r7
100040cc:	f7ff fa17 	bl	100034fe <_ntoa_long>
100040d0:	0005      	movs	r5, r0
100040d2:	e02a      	b.n	1000412a <_vsnprintf+0x2f6>
100040d4:	2608      	movs	r6, #8
100040d6:	e7c8      	b.n	1000406a <_vsnprintf+0x236>
100040d8:	2610      	movs	r6, #16
100040da:	e7c6      	b.n	1000406a <_vsnprintf+0x236>
100040dc:	2610      	movs	r6, #16
100040de:	e7c4      	b.n	1000406a <_vsnprintf+0x236>
100040e0:	2220      	movs	r2, #32
100040e2:	464b      	mov	r3, r9
100040e4:	4313      	orrs	r3, r2
100040e6:	4699      	mov	r9, r3
100040e8:	e7c1      	b.n	1000406e <_vsnprintf+0x23a>
100040ea:	464b      	mov	r3, r9
100040ec:	059a      	lsls	r2, r3, #22
100040ee:	d420      	bmi.n	10004132 <_vsnprintf+0x2fe>
100040f0:	05da      	lsls	r2, r3, #23
100040f2:	d451      	bmi.n	10004198 <_vsnprintf+0x364>
100040f4:	065a      	lsls	r2, r3, #25
100040f6:	d566      	bpl.n	100041c6 <_vsnprintf+0x392>
100040f8:	9a1c      	ldr	r2, [sp, #112]	@ 0x70
100040fa:	1d11      	adds	r1, r2, #4
100040fc:	911c      	str	r1, [sp, #112]	@ 0x70
100040fe:	6811      	ldr	r1, [r2, #0]
10004100:	22ff      	movs	r2, #255	@ 0xff
10004102:	400a      	ands	r2, r1
10004104:	17d0      	asrs	r0, r2, #31
10004106:	1811      	adds	r1, r2, r0
10004108:	4041      	eors	r1, r0
1000410a:	464b      	mov	r3, r9
1000410c:	9305      	str	r3, [sp, #20]
1000410e:	9b0b      	ldr	r3, [sp, #44]	@ 0x2c
10004110:	9304      	str	r3, [sp, #16]
10004112:	9403      	str	r4, [sp, #12]
10004114:	9602      	str	r6, [sp, #8]
10004116:	0fd2      	lsrs	r2, r2, #31
10004118:	9201      	str	r2, [sp, #4]
1000411a:	9100      	str	r1, [sp, #0]
1000411c:	465b      	mov	r3, fp
1000411e:	002a      	movs	r2, r5
10004120:	4651      	mov	r1, sl
10004122:	0038      	movs	r0, r7
10004124:	f7ff f9eb 	bl	100034fe <_ntoa_long>
10004128:	0005      	movs	r5, r0
1000412a:	9b11      	ldr	r3, [sp, #68]	@ 0x44
1000412c:	3301      	adds	r3, #1
1000412e:	9311      	str	r3, [sp, #68]	@ 0x44
10004130:	e699      	b.n	10003e66 <_vsnprintf+0x32>
10004132:	9a1c      	ldr	r2, [sp, #112]	@ 0x70
10004134:	3207      	adds	r2, #7
10004136:	2107      	movs	r1, #7
10004138:	438a      	bics	r2, r1
1000413a:	0011      	movs	r1, r2
1000413c:	3108      	adds	r1, #8
1000413e:	911c      	str	r1, [sp, #112]	@ 0x70
10004140:	6811      	ldr	r1, [r2, #0]
10004142:	6853      	ldr	r3, [r2, #4]
10004144:	469c      	mov	ip, r3
10004146:	17db      	asrs	r3, r3, #31
10004148:	930c      	str	r3, [sp, #48]	@ 0x30
1000414a:	930d      	str	r3, [sp, #52]	@ 0x34
1000414c:	9a0c      	ldr	r2, [sp, #48]	@ 0x30
1000414e:	9b0d      	ldr	r3, [sp, #52]	@ 0x34
10004150:	0010      	movs	r0, r2
10004152:	4048      	eors	r0, r1
10004154:	900e      	str	r0, [sp, #56]	@ 0x38
10004156:	9b0d      	ldr	r3, [sp, #52]	@ 0x34
10004158:	4661      	mov	r1, ip
1000415a:	404b      	eors	r3, r1
1000415c:	930f      	str	r3, [sp, #60]	@ 0x3c
1000415e:	980e      	ldr	r0, [sp, #56]	@ 0x38
10004160:	990f      	ldr	r1, [sp, #60]	@ 0x3c
10004162:	9a0c      	ldr	r2, [sp, #48]	@ 0x30
10004164:	9b0d      	ldr	r3, [sp, #52]	@ 0x34
10004166:	1a80      	subs	r0, r0, r2
10004168:	4199      	sbcs	r1, r3
1000416a:	900e      	str	r0, [sp, #56]	@ 0x38
1000416c:	910f      	str	r1, [sp, #60]	@ 0x3c
1000416e:	464b      	mov	r3, r9
10004170:	9308      	str	r3, [sp, #32]
10004172:	9b0b      	ldr	r3, [sp, #44]	@ 0x2c
10004174:	9307      	str	r3, [sp, #28]
10004176:	9406      	str	r4, [sp, #24]
10004178:	9604      	str	r6, [sp, #16]
1000417a:	2300      	movs	r3, #0
1000417c:	9305      	str	r3, [sp, #20]
1000417e:	4663      	mov	r3, ip
10004180:	0fda      	lsrs	r2, r3, #31
10004182:	9202      	str	r2, [sp, #8]
10004184:	9000      	str	r0, [sp, #0]
10004186:	9101      	str	r1, [sp, #4]
10004188:	465b      	mov	r3, fp
1000418a:	002a      	movs	r2, r5
1000418c:	4651      	mov	r1, sl
1000418e:	0038      	movs	r0, r7
10004190:	f7ff fa13 	bl	100035ba <_ntoa_long_long>
10004194:	0005      	movs	r5, r0
10004196:	e7c8      	b.n	1000412a <_vsnprintf+0x2f6>
10004198:	9a1c      	ldr	r2, [sp, #112]	@ 0x70
1000419a:	1d11      	adds	r1, r2, #4
1000419c:	911c      	str	r1, [sp, #112]	@ 0x70
1000419e:	6812      	ldr	r2, [r2, #0]
100041a0:	17d0      	asrs	r0, r2, #31
100041a2:	1811      	adds	r1, r2, r0
100041a4:	4041      	eors	r1, r0
100041a6:	9305      	str	r3, [sp, #20]
100041a8:	9b0b      	ldr	r3, [sp, #44]	@ 0x2c
100041aa:	9304      	str	r3, [sp, #16]
100041ac:	9403      	str	r4, [sp, #12]
100041ae:	9602      	str	r6, [sp, #8]
100041b0:	0fd2      	lsrs	r2, r2, #31
100041b2:	9201      	str	r2, [sp, #4]
100041b4:	9100      	str	r1, [sp, #0]
100041b6:	465b      	mov	r3, fp
100041b8:	002a      	movs	r2, r5
100041ba:	4651      	mov	r1, sl
100041bc:	0038      	movs	r0, r7
100041be:	f7ff f99e 	bl	100034fe <_ntoa_long>
100041c2:	0005      	movs	r5, r0
100041c4:	e7b1      	b.n	1000412a <_vsnprintf+0x2f6>
100041c6:	061a      	lsls	r2, r3, #24
100041c8:	d505      	bpl.n	100041d6 <_vsnprintf+0x3a2>
100041ca:	9a1c      	ldr	r2, [sp, #112]	@ 0x70
100041cc:	1d11      	adds	r1, r2, #4
100041ce:	911c      	str	r1, [sp, #112]	@ 0x70
100041d0:	2300      	movs	r3, #0
100041d2:	5ed2      	ldrsh	r2, [r2, r3]
100041d4:	e796      	b.n	10004104 <_vsnprintf+0x2d0>
100041d6:	9a1c      	ldr	r2, [sp, #112]	@ 0x70
100041d8:	1d11      	adds	r1, r2, #4
100041da:	911c      	str	r1, [sp, #112]	@ 0x70
100041dc:	6812      	ldr	r2, [r2, #0]
100041de:	e791      	b.n	10004104 <_vsnprintf+0x2d0>
100041e0:	10009a04 	.word	0x10009a04
100041e4:	10009a48 	.word	0x10009a48
100041e8:	10009a94 	.word	0x10009a94
100041ec:	00009041 	.word	0x00009041
100041f0:	9a1c      	ldr	r2, [sp, #112]	@ 0x70
100041f2:	3207      	adds	r2, #7
100041f4:	2107      	movs	r1, #7
100041f6:	438a      	bics	r2, r1
100041f8:	0011      	movs	r1, r2
100041fa:	3108      	adds	r1, #8
100041fc:	911c      	str	r1, [sp, #112]	@ 0x70
100041fe:	9308      	str	r3, [sp, #32]
10004200:	9b0b      	ldr	r3, [sp, #44]	@ 0x2c
10004202:	9307      	str	r3, [sp, #28]
10004204:	9406      	str	r4, [sp, #24]
10004206:	9604      	str	r6, [sp, #16]
10004208:	2300      	movs	r3, #0
1000420a:	9305      	str	r3, [sp, #20]
1000420c:	9302      	str	r3, [sp, #8]
1000420e:	6853      	ldr	r3, [r2, #4]
10004210:	6812      	ldr	r2, [r2, #0]
10004212:	9200      	str	r2, [sp, #0]
10004214:	9301      	str	r3, [sp, #4]
10004216:	465b      	mov	r3, fp
10004218:	002a      	movs	r2, r5
1000421a:	4651      	mov	r1, sl
1000421c:	0038      	movs	r0, r7
1000421e:	f7ff f9cc 	bl	100035ba <_ntoa_long_long>
10004222:	0005      	movs	r5, r0
10004224:	e781      	b.n	1000412a <_vsnprintf+0x2f6>
10004226:	9a1c      	ldr	r2, [sp, #112]	@ 0x70
10004228:	1d11      	adds	r1, r2, #4
1000422a:	911c      	str	r1, [sp, #112]	@ 0x70
1000422c:	9305      	str	r3, [sp, #20]
1000422e:	9b0b      	ldr	r3, [sp, #44]	@ 0x2c
10004230:	9304      	str	r3, [sp, #16]
10004232:	9403      	str	r4, [sp, #12]
10004234:	9602      	str	r6, [sp, #8]
10004236:	2300      	movs	r3, #0
10004238:	9301      	str	r3, [sp, #4]
1000423a:	6813      	ldr	r3, [r2, #0]
1000423c:	9300      	str	r3, [sp, #0]
1000423e:	465b      	mov	r3, fp
10004240:	002a      	movs	r2, r5
10004242:	4651      	mov	r1, sl
10004244:	0038      	movs	r0, r7
10004246:	f7ff f95a 	bl	100034fe <_ntoa_long>
1000424a:	0005      	movs	r5, r0
1000424c:	e76d      	b.n	1000412a <_vsnprintf+0x2f6>
1000424e:	061a      	lsls	r2, r3, #24
10004250:	d506      	bpl.n	10004260 <_vsnprintf+0x42c>
10004252:	9a1c      	ldr	r2, [sp, #112]	@ 0x70
10004254:	1d11      	adds	r1, r2, #4
10004256:	911c      	str	r1, [sp, #112]	@ 0x70
10004258:	6812      	ldr	r2, [r2, #0]
1000425a:	0412      	lsls	r2, r2, #16
1000425c:	0c12      	lsrs	r2, r2, #16
1000425e:	e728      	b.n	100040b2 <_vsnprintf+0x27e>
10004260:	9a1c      	ldr	r2, [sp, #112]	@ 0x70
10004262:	1d11      	adds	r1, r2, #4
10004264:	911c      	str	r1, [sp, #112]	@ 0x70
10004266:	6812      	ldr	r2, [r2, #0]
10004268:	e723      	b.n	100040b2 <_vsnprintf+0x27e>
1000426a:	2846      	cmp	r0, #70	@ 0x46
1000426c:	d01a      	beq.n	100042a4 <_vsnprintf+0x470>
1000426e:	9b1c      	ldr	r3, [sp, #112]	@ 0x70
10004270:	3307      	adds	r3, #7
10004272:	2207      	movs	r2, #7
10004274:	4393      	bics	r3, r2
10004276:	001a      	movs	r2, r3
10004278:	3208      	adds	r2, #8
1000427a:	921c      	str	r2, [sp, #112]	@ 0x70
1000427c:	464a      	mov	r2, r9
1000427e:	9204      	str	r2, [sp, #16]
10004280:	9a0b      	ldr	r2, [sp, #44]	@ 0x2c
10004282:	9203      	str	r2, [sp, #12]
10004284:	9402      	str	r4, [sp, #8]
10004286:	681a      	ldr	r2, [r3, #0]
10004288:	685b      	ldr	r3, [r3, #4]
1000428a:	9200      	str	r2, [sp, #0]
1000428c:	9301      	str	r3, [sp, #4]
1000428e:	465b      	mov	r3, fp
10004290:	002a      	movs	r2, r5
10004292:	4651      	mov	r1, sl
10004294:	0038      	movs	r0, r7
10004296:	f7ff fc29 	bl	10003aec <_ftoa>
1000429a:	0005      	movs	r5, r0
1000429c:	9b11      	ldr	r3, [sp, #68]	@ 0x44
1000429e:	3301      	adds	r3, #1
100042a0:	9311      	str	r3, [sp, #68]	@ 0x44
100042a2:	e5e0      	b.n	10003e66 <_vsnprintf+0x32>
100042a4:	2320      	movs	r3, #32
100042a6:	464a      	mov	r2, r9
100042a8:	431a      	orrs	r2, r3
100042aa:	4691      	mov	r9, r2
100042ac:	e7df      	b.n	1000426e <_vsnprintf+0x43a>
100042ae:	2867      	cmp	r0, #103	@ 0x67
100042b0:	d001      	beq.n	100042b6 <_vsnprintf+0x482>
100042b2:	2847      	cmp	r0, #71	@ 0x47
100042b4:	d104      	bne.n	100042c0 <_vsnprintf+0x48c>
100042b6:	2380      	movs	r3, #128	@ 0x80
100042b8:	011b      	lsls	r3, r3, #4
100042ba:	464a      	mov	r2, r9
100042bc:	431a      	orrs	r2, r3
100042be:	4691      	mov	r9, r2
100042c0:	2845      	cmp	r0, #69	@ 0x45
100042c2:	d001      	beq.n	100042c8 <_vsnprintf+0x494>
100042c4:	2847      	cmp	r0, #71	@ 0x47
100042c6:	d103      	bne.n	100042d0 <_vsnprintf+0x49c>
100042c8:	2320      	movs	r3, #32
100042ca:	464a      	mov	r2, r9
100042cc:	431a      	orrs	r2, r3
100042ce:	4691      	mov	r9, r2
100042d0:	9b1c      	ldr	r3, [sp, #112]	@ 0x70
100042d2:	3307      	adds	r3, #7
100042d4:	2207      	movs	r2, #7
100042d6:	4393      	bics	r3, r2
100042d8:	001a      	movs	r2, r3
100042da:	3208      	adds	r2, #8
100042dc:	921c      	str	r2, [sp, #112]	@ 0x70
100042de:	464a      	mov	r2, r9
100042e0:	9204      	str	r2, [sp, #16]
100042e2:	9a0b      	ldr	r2, [sp, #44]	@ 0x2c
100042e4:	9203      	str	r2, [sp, #12]
100042e6:	9402      	str	r4, [sp, #8]
100042e8:	681a      	ldr	r2, [r3, #0]
100042ea:	685b      	ldr	r3, [r3, #4]
100042ec:	9200      	str	r2, [sp, #0]
100042ee:	9301      	str	r3, [sp, #4]
100042f0:	465b      	mov	r3, fp
100042f2:	002a      	movs	r2, r5
100042f4:	4651      	mov	r1, sl
100042f6:	0038      	movs	r0, r7
100042f8:	f7ff f9e6 	bl	100036c8 <_etoa>
100042fc:	0005      	movs	r5, r0
100042fe:	9b11      	ldr	r3, [sp, #68]	@ 0x44
10004300:	3301      	adds	r3, #1
10004302:	9311      	str	r3, [sp, #68]	@ 0x44
10004304:	e5af      	b.n	10003e66 <_vsnprintf+0x32>
10004306:	2302      	movs	r3, #2
10004308:	464e      	mov	r6, r9
1000430a:	401e      	ands	r6, r3
1000430c:	464a      	mov	r2, r9
1000430e:	4213      	tst	r3, r2
10004310:	d01e      	beq.n	10004350 <_vsnprintf+0x51c>
10004312:	2401      	movs	r4, #1
10004314:	9b1c      	ldr	r3, [sp, #112]	@ 0x70
10004316:	1d1a      	adds	r2, r3, #4
10004318:	921c      	str	r2, [sp, #112]	@ 0x70
1000431a:	1c6a      	adds	r2, r5, #1
1000431c:	4690      	mov	r8, r2
1000431e:	7818      	ldrb	r0, [r3, #0]
10004320:	465b      	mov	r3, fp
10004322:	002a      	movs	r2, r5
10004324:	4651      	mov	r1, sl
10004326:	47b8      	blx	r7
10004328:	2e00      	cmp	r6, #0
1000432a:	d114      	bne.n	10004356 <_vsnprintf+0x522>
1000432c:	9b11      	ldr	r3, [sp, #68]	@ 0x44
1000432e:	3301      	adds	r3, #1
10004330:	9311      	str	r3, [sp, #68]	@ 0x44
10004332:	4645      	mov	r5, r8
10004334:	e597      	b.n	10003e66 <_vsnprintf+0x32>
10004336:	1c55      	adds	r5, r2, #1
10004338:	465b      	mov	r3, fp
1000433a:	4651      	mov	r1, sl
1000433c:	2020      	movs	r0, #32
1000433e:	47b8      	blx	r7
10004340:	0023      	movs	r3, r4
10004342:	002a      	movs	r2, r5
10004344:	1c5c      	adds	r4, r3, #1
10004346:	990b      	ldr	r1, [sp, #44]	@ 0x2c
10004348:	4299      	cmp	r1, r3
1000434a:	d8f4      	bhi.n	10004336 <_vsnprintf+0x502>
1000434c:	0015      	movs	r5, r2
1000434e:	e7e1      	b.n	10004314 <_vsnprintf+0x4e0>
10004350:	2301      	movs	r3, #1
10004352:	002a      	movs	r2, r5
10004354:	e7f6      	b.n	10004344 <_vsnprintf+0x510>
10004356:	4642      	mov	r2, r8
10004358:	e006      	b.n	10004368 <_vsnprintf+0x534>
1000435a:	1c56      	adds	r6, r2, #1
1000435c:	465b      	mov	r3, fp
1000435e:	4651      	mov	r1, sl
10004360:	2020      	movs	r0, #32
10004362:	47b8      	blx	r7
10004364:	002c      	movs	r4, r5
10004366:	0032      	movs	r2, r6
10004368:	1c65      	adds	r5, r4, #1
1000436a:	9b0b      	ldr	r3, [sp, #44]	@ 0x2c
1000436c:	42a3      	cmp	r3, r4
1000436e:	d8f4      	bhi.n	1000435a <_vsnprintf+0x526>
10004370:	4690      	mov	r8, r2
10004372:	e7db      	b.n	1000432c <_vsnprintf+0x4f8>
10004374:	3301      	adds	r3, #1
10004376:	000a      	movs	r2, r1
10004378:	7819      	ldrb	r1, [r3, #0]
1000437a:	2900      	cmp	r1, #0
1000437c:	d002      	beq.n	10004384 <_vsnprintf+0x550>
1000437e:	1e51      	subs	r1, r2, #1
10004380:	2a00      	cmp	r2, #0
10004382:	d1f7      	bne.n	10004374 <_vsnprintf+0x540>
10004384:	1b9b      	subs	r3, r3, r6
10004386:	2280      	movs	r2, #128	@ 0x80
10004388:	00d2      	lsls	r2, r2, #3
1000438a:	4649      	mov	r1, r9
1000438c:	4011      	ands	r1, r2
1000438e:	4688      	mov	r8, r1
10004390:	4649      	mov	r1, r9
10004392:	4211      	tst	r1, r2
10004394:	d002      	beq.n	1000439c <_vsnprintf+0x568>
10004396:	42a3      	cmp	r3, r4
10004398:	d900      	bls.n	1000439c <_vsnprintf+0x568>
1000439a:	0023      	movs	r3, r4
1000439c:	2202      	movs	r2, #2
1000439e:	4649      	mov	r1, r9
100043a0:	4011      	ands	r1, r2
100043a2:	9110      	str	r1, [sp, #64]	@ 0x40
100043a4:	4649      	mov	r1, r9
100043a6:	420a      	tst	r2, r1
100043a8:	d008      	beq.n	100043bc <_vsnprintf+0x588>
100043aa:	002a      	movs	r2, r5
100043ac:	0025      	movs	r5, r4
100043ae:	4699      	mov	r9, r3
100043b0:	003b      	movs	r3, r7
100043b2:	4647      	mov	r7, r8
100043b4:	4698      	mov	r8, r3
100043b6:	e026      	b.n	10004406 <_vsnprintf+0x5d2>
100043b8:	0022      	movs	r2, r4
100043ba:	e644      	b.n	10004046 <_vsnprintf+0x212>
100043bc:	46a1      	mov	r9, r4
100043be:	002a      	movs	r2, r5
100043c0:	4651      	mov	r1, sl
100043c2:	46b2      	mov	sl, r6
100043c4:	000e      	movs	r6, r1
100043c6:	e006      	b.n	100043d6 <_vsnprintf+0x5a2>
100043c8:	1c55      	adds	r5, r2, #1
100043ca:	465b      	mov	r3, fp
100043cc:	0031      	movs	r1, r6
100043ce:	2020      	movs	r0, #32
100043d0:	47b8      	blx	r7
100043d2:	0023      	movs	r3, r4
100043d4:	002a      	movs	r2, r5
100043d6:	1c5c      	adds	r4, r3, #1
100043d8:	990b      	ldr	r1, [sp, #44]	@ 0x2c
100043da:	4299      	cmp	r1, r3
100043dc:	d8f4      	bhi.n	100043c8 <_vsnprintf+0x594>
100043de:	0015      	movs	r5, r2
100043e0:	0022      	movs	r2, r4
100043e2:	464c      	mov	r4, r9
100043e4:	0033      	movs	r3, r6
100043e6:	4656      	mov	r6, sl
100043e8:	469a      	mov	sl, r3
100043ea:	4691      	mov	r9, r2
100043ec:	002a      	movs	r2, r5
100043ee:	0025      	movs	r5, r4
100043f0:	003b      	movs	r3, r7
100043f2:	4647      	mov	r7, r8
100043f4:	4698      	mov	r8, r3
100043f6:	e006      	b.n	10004406 <_vsnprintf+0x5d2>
100043f8:	001d      	movs	r5, r3
100043fa:	3601      	adds	r6, #1
100043fc:	1c54      	adds	r4, r2, #1
100043fe:	465b      	mov	r3, fp
10004400:	4651      	mov	r1, sl
10004402:	47c0      	blx	r8
10004404:	0022      	movs	r2, r4
10004406:	7830      	ldrb	r0, [r6, #0]
10004408:	2800      	cmp	r0, #0
1000440a:	d004      	beq.n	10004416 <_vsnprintf+0x5e2>
1000440c:	2f00      	cmp	r7, #0
1000440e:	d0f4      	beq.n	100043fa <_vsnprintf+0x5c6>
10004410:	1e6b      	subs	r3, r5, #1
10004412:	2d00      	cmp	r5, #0
10004414:	d1f0      	bne.n	100043f8 <_vsnprintf+0x5c4>
10004416:	0015      	movs	r5, r2
10004418:	464b      	mov	r3, r9
1000441a:	4647      	mov	r7, r8
1000441c:	9a10      	ldr	r2, [sp, #64]	@ 0x40
1000441e:	2a00      	cmp	r2, #0
10004420:	d103      	bne.n	1000442a <_vsnprintf+0x5f6>
10004422:	9b11      	ldr	r3, [sp, #68]	@ 0x44
10004424:	3301      	adds	r3, #1
10004426:	9311      	str	r3, [sp, #68]	@ 0x44
10004428:	e51d      	b.n	10003e66 <_vsnprintf+0x32>
1000442a:	9e0b      	ldr	r6, [sp, #44]	@ 0x2c
1000442c:	002a      	movs	r2, r5
1000442e:	e006      	b.n	1000443e <_vsnprintf+0x60a>
10004430:	1c55      	adds	r5, r2, #1
10004432:	465b      	mov	r3, fp
10004434:	4651      	mov	r1, sl
10004436:	2020      	movs	r0, #32
10004438:	47b8      	blx	r7
1000443a:	0023      	movs	r3, r4
1000443c:	002a      	movs	r2, r5
1000443e:	1c5c      	adds	r4, r3, #1
10004440:	429e      	cmp	r6, r3
10004442:	d8f5      	bhi.n	10004430 <_vsnprintf+0x5fc>
10004444:	0015      	movs	r5, r2
10004446:	e7ec      	b.n	10004422 <_vsnprintf+0x5ee>
10004448:	2321      	movs	r3, #33	@ 0x21
1000444a:	464a      	mov	r2, r9
1000444c:	431a      	orrs	r2, r3
1000444e:	0013      	movs	r3, r2
10004450:	9a1c      	ldr	r2, [sp, #112]	@ 0x70
10004452:	1d11      	adds	r1, r2, #4
10004454:	911c      	str	r1, [sp, #112]	@ 0x70
10004456:	6812      	ldr	r2, [r2, #0]
10004458:	9305      	str	r3, [sp, #20]
1000445a:	2308      	movs	r3, #8
1000445c:	9304      	str	r3, [sp, #16]
1000445e:	9403      	str	r4, [sp, #12]
10004460:	3308      	adds	r3, #8
10004462:	9302      	str	r3, [sp, #8]
10004464:	2300      	movs	r3, #0
10004466:	9301      	str	r3, [sp, #4]
10004468:	9200      	str	r2, [sp, #0]
1000446a:	465b      	mov	r3, fp
1000446c:	002a      	movs	r2, r5
1000446e:	4651      	mov	r1, sl
10004470:	0038      	movs	r0, r7
10004472:	f7ff f844 	bl	100034fe <_ntoa_long>
10004476:	0005      	movs	r5, r0
10004478:	9b11      	ldr	r3, [sp, #68]	@ 0x44
1000447a:	3301      	adds	r3, #1
1000447c:	9311      	str	r3, [sp, #68]	@ 0x44
1000447e:	e4f2      	b.n	10003e66 <_vsnprintf+0x32>
10004480:	1c6c      	adds	r4, r5, #1
10004482:	465b      	mov	r3, fp
10004484:	002a      	movs	r2, r5
10004486:	4651      	mov	r1, sl
10004488:	2025      	movs	r0, #37	@ 0x25
1000448a:	47b8      	blx	r7
1000448c:	9b11      	ldr	r3, [sp, #68]	@ 0x44
1000448e:	3301      	adds	r3, #1
10004490:	9311      	str	r3, [sp, #68]	@ 0x44
10004492:	0025      	movs	r5, r4
10004494:	e4e7      	b.n	10003e66 <_vsnprintf+0x32>
10004496:	1c6c      	adds	r4, r5, #1
10004498:	465b      	mov	r3, fp
1000449a:	002a      	movs	r2, r5
1000449c:	4651      	mov	r1, sl
1000449e:	47b8      	blx	r7
100044a0:	9b11      	ldr	r3, [sp, #68]	@ 0x44
100044a2:	3301      	adds	r3, #1
100044a4:	9311      	str	r3, [sp, #68]	@ 0x44
100044a6:	0025      	movs	r5, r4
100044a8:	e4dd      	b.n	10003e66 <_vsnprintf+0x32>
100044aa:	4f0a      	ldr	r7, [pc, #40]	@ (100044d4 <_vsnprintf+0x6a0>)
100044ac:	e4d0      	b.n	10003e50 <_vsnprintf+0x1c>
100044ae:	455d      	cmp	r5, fp
100044b0:	d30d      	bcc.n	100044ce <_vsnprintf+0x69a>
100044b2:	465b      	mov	r3, fp
100044b4:	1e5a      	subs	r2, r3, #1
100044b6:	465b      	mov	r3, fp
100044b8:	4651      	mov	r1, sl
100044ba:	2000      	movs	r0, #0
100044bc:	47b8      	blx	r7
100044be:	0028      	movs	r0, r5
100044c0:	b013      	add	sp, #76	@ 0x4c
100044c2:	bcf0      	pop	{r4, r5, r6, r7}
100044c4:	46bb      	mov	fp, r7
100044c6:	46b2      	mov	sl, r6
100044c8:	46a9      	mov	r9, r5
100044ca:	46a0      	mov	r8, r4
100044cc:	bdf0      	pop	{r4, r5, r6, r7, pc}
100044ce:	002a      	movs	r2, r5
100044d0:	e7f1      	b.n	100044b6 <_vsnprintf+0x682>
100044d2:	46c0      	nop			@ (mov r8, r8)
100044d4:	1000330d 	.word	0x1000330d

100044d8 <__wrap_vsnprintf>:
100044d8:	b510      	push	{r4, lr}
100044da:	b082      	sub	sp, #8
100044dc:	4c04      	ldr	r4, [pc, #16]	@ (100044f0 <__wrap_vsnprintf+0x18>)
100044de:	9300      	str	r3, [sp, #0]
100044e0:	0013      	movs	r3, r2
100044e2:	000a      	movs	r2, r1
100044e4:	0001      	movs	r1, r0
100044e6:	0020      	movs	r0, r4
100044e8:	f7ff fca4 	bl	10003e34 <_vsnprintf>
100044ec:	b002      	add	sp, #8
100044ee:	bd10      	pop	{r4, pc}
100044f0:	10003305 	.word	0x10003305

100044f4 <vfctprintf>:
100044f4:	b510      	push	{r4, lr}
100044f6:	b084      	sub	sp, #16
100044f8:	000c      	movs	r4, r1
100044fa:	a902      	add	r1, sp, #8
100044fc:	9002      	str	r0, [sp, #8]
100044fe:	604c      	str	r4, [r1, #4]
10004500:	2401      	movs	r4, #1
10004502:	4804      	ldr	r0, [pc, #16]	@ (10004514 <vfctprintf+0x20>)
10004504:	9300      	str	r3, [sp, #0]
10004506:	0013      	movs	r3, r2
10004508:	4262      	negs	r2, r4
1000450a:	f7ff fc93 	bl	10003e34 <_vsnprintf>
1000450e:	b004      	add	sp, #16
10004510:	bd10      	pop	{r4, pc}
10004512:	46c0      	nop			@ (mov r8, r8)
10004514:	1000330f 	.word	0x1000330f

10004518 <_exit>:
10004518:	be00      	bkpt	0x0000
1000451a:	e7fd      	b.n	10004518 <_exit>

1000451c <_sbrk>:
1000451c:	0003      	movs	r3, r0
1000451e:	4a0a      	ldr	r2, [pc, #40]	@ (10004548 <_sbrk+0x2c>)
10004520:	6812      	ldr	r2, [r2, #0]
10004522:	2a00      	cmp	r2, #0
10004524:	d008      	beq.n	10004538 <_sbrk+0x1c>
10004526:	4a08      	ldr	r2, [pc, #32]	@ (10004548 <_sbrk+0x2c>)
10004528:	6810      	ldr	r0, [r2, #0]
1000452a:	18c3      	adds	r3, r0, r3
1000452c:	4a07      	ldr	r2, [pc, #28]	@ (1000454c <_sbrk+0x30>)
1000452e:	429a      	cmp	r2, r3
10004530:	d306      	bcc.n	10004540 <_sbrk+0x24>
10004532:	4a05      	ldr	r2, [pc, #20]	@ (10004548 <_sbrk+0x2c>)
10004534:	6013      	str	r3, [r2, #0]
10004536:	4770      	bx	lr
10004538:	4a03      	ldr	r2, [pc, #12]	@ (10004548 <_sbrk+0x2c>)
1000453a:	4905      	ldr	r1, [pc, #20]	@ (10004550 <_sbrk+0x34>)
1000453c:	6011      	str	r1, [r2, #0]
1000453e:	e7f2      	b.n	10004526 <_sbrk+0xa>
10004540:	2001      	movs	r0, #1
10004542:	4240      	negs	r0, r0
10004544:	e7f7      	b.n	10004536 <_sbrk+0x1a>
10004546:	46c0      	nop			@ (mov r8, r8)
10004548:	20002ad0 	.word	0x20002ad0
1000454c:	20040000 	.word	0x20040000
10004550:	20003140 	.word	0x20003140

10004554 <_getpid>:
10004554:	2000      	movs	r0, #0
10004556:	4770      	bx	lr

10004558 <_kill>:
10004558:	2001      	movs	r0, #1
1000455a:	4240      	negs	r0, r0
1000455c:	4770      	bx	lr

1000455e <exit>:
1000455e:	b510      	push	{r4, lr}
10004560:	f7ff ffda 	bl	10004518 <_exit>

10004564 <__assert_func>:
10004564:	b530      	push	{r4, r5, lr}
10004566:	b083      	sub	sp, #12
10004568:	000d      	movs	r5, r1
1000456a:	0019      	movs	r1, r3
1000456c:	2a00      	cmp	r2, #0
1000456e:	d00b      	beq.n	10004588 <__assert_func+0x24>
10004570:	4b07      	ldr	r3, [pc, #28]	@ (10004590 <__assert_func+0x2c>)
10004572:	4c08      	ldr	r4, [pc, #32]	@ (10004594 <__assert_func+0x30>)
10004574:	9201      	str	r2, [sp, #4]
10004576:	9300      	str	r3, [sp, #0]
10004578:	002b      	movs	r3, r5
1000457a:	0002      	movs	r2, r0
1000457c:	0020      	movs	r0, r4
1000457e:	f000 f9d3 	bl	10004928 <__wrap_printf>
10004582:	2001      	movs	r0, #1
10004584:	f7ff ffc8 	bl	10004518 <_exit>
10004588:	4b03      	ldr	r3, [pc, #12]	@ (10004598 <__assert_func+0x34>)
1000458a:	001a      	movs	r2, r3
1000458c:	e7f1      	b.n	10004572 <__assert_func+0xe>
1000458e:	46c0      	nop			@ (mov r8, r8)
10004590:	100091a4 	.word	0x100091a4
10004594:	100091b4 	.word	0x100091b4
10004598:	10008a60 	.word	0x10008a60

1000459c <runtime_init>:
1000459c:	b510      	push	{r4, lr}
1000459e:	f3ef 8305 	mrs	r3, IPSR
100045a2:	2b00      	cmp	r3, #0
100045a4:	d000      	beq.n	100045a8 <runtime_init+0xc>
100045a6:	be00      	bkpt	0x0000
100045a8:	f7fd fe02 	bl	100021b0 <runtime_run_initializers>
100045ac:	4c03      	ldr	r4, [pc, #12]	@ (100045bc <runtime_init+0x20>)
100045ae:	e001      	b.n	100045b4 <runtime_init+0x18>
100045b0:	cc08      	ldmia	r4!, {r3}
100045b2:	4798      	blx	r3
100045b4:	4b02      	ldr	r3, [pc, #8]	@ (100045c0 <runtime_init+0x24>)
100045b6:	429c      	cmp	r4, r3
100045b8:	d3fa      	bcc.n	100045b0 <runtime_init+0x14>
100045ba:	bd10      	pop	{r4, pc}
100045bc:	10008594 	.word	0x10008594
100045c0:	1000859c 	.word	0x1000859c

100045c4 <stdio_out_chars_no_crlf>:
100045c4:	b510      	push	{r4, lr}
100045c6:	0003      	movs	r3, r0
100045c8:	0008      	movs	r0, r1
100045ca:	0011      	movs	r1, r2
100045cc:	681b      	ldr	r3, [r3, #0]
100045ce:	4798      	blx	r3
100045d0:	bd10      	pop	{r4, pc}
	...

100045d4 <stdio_out_chars_crlf>:
100045d4:	b5f8      	push	{r3, r4, r5, r6, r7, lr}
100045d6:	0007      	movs	r7, r0
100045d8:	000d      	movs	r5, r1
100045da:	0016      	movs	r6, r2
100045dc:	7d43      	ldrb	r3, [r0, #21]
100045de:	2b00      	cmp	r3, #0
100045e0:	d002      	beq.n	100045e8 <stdio_out_chars_crlf+0x14>
100045e2:	2400      	movs	r4, #0
100045e4:	2000      	movs	r0, #0
100045e6:	e00c      	b.n	10004602 <stdio_out_chars_crlf+0x2e>
100045e8:	6803      	ldr	r3, [r0, #0]
100045ea:	0011      	movs	r1, r2
100045ec:	0028      	movs	r0, r5
100045ee:	4798      	blx	r3
100045f0:	e02d      	b.n	1000464e <stdio_out_chars_crlf+0x7a>
100045f2:	7d3b      	ldrb	r3, [r7, #20]
100045f4:	e010      	b.n	10004618 <stdio_out_chars_crlf+0x44>
100045f6:	683b      	ldr	r3, [r7, #0]
100045f8:	4815      	ldr	r0, [pc, #84]	@ (10004650 <stdio_out_chars_crlf+0x7c>)
100045fa:	2102      	movs	r1, #2
100045fc:	4798      	blx	r3
100045fe:	1c60      	adds	r0, r4, #1
10004600:	3401      	adds	r4, #1
10004602:	42b4      	cmp	r4, r6
10004604:	da14      	bge.n	10004630 <stdio_out_chars_crlf+0x5c>
10004606:	2c00      	cmp	r4, #0
10004608:	ddf3      	ble.n	100045f2 <stdio_out_chars_crlf+0x1e>
1000460a:	192b      	adds	r3, r5, r4
1000460c:	3b01      	subs	r3, #1
1000460e:	781b      	ldrb	r3, [r3, #0]
10004610:	3b0d      	subs	r3, #13
10004612:	425a      	negs	r2, r3
10004614:	4153      	adcs	r3, r2
10004616:	b2db      	uxtb	r3, r3
10004618:	5d2a      	ldrb	r2, [r5, r4]
1000461a:	2a0a      	cmp	r2, #10
1000461c:	d1f0      	bne.n	10004600 <stdio_out_chars_crlf+0x2c>
1000461e:	2b00      	cmp	r3, #0
10004620:	d1ee      	bne.n	10004600 <stdio_out_chars_crlf+0x2c>
10004622:	42a0      	cmp	r0, r4
10004624:	dae7      	bge.n	100045f6 <stdio_out_chars_crlf+0x22>
10004626:	683b      	ldr	r3, [r7, #0]
10004628:	1a21      	subs	r1, r4, r0
1000462a:	1828      	adds	r0, r5, r0
1000462c:	4798      	blx	r3
1000462e:	e7e2      	b.n	100045f6 <stdio_out_chars_crlf+0x22>
10004630:	42b0      	cmp	r0, r6
10004632:	da03      	bge.n	1000463c <stdio_out_chars_crlf+0x68>
10004634:	683b      	ldr	r3, [r7, #0]
10004636:	1a31      	subs	r1, r6, r0
10004638:	1828      	adds	r0, r5, r0
1000463a:	4798      	blx	r3
1000463c:	2e00      	cmp	r6, #0
1000463e:	dd06      	ble.n	1000464e <stdio_out_chars_crlf+0x7a>
10004640:	19ad      	adds	r5, r5, r6
10004642:	3d01      	subs	r5, #1
10004644:	782b      	ldrb	r3, [r5, #0]
10004646:	3b0d      	subs	r3, #13
10004648:	425a      	negs	r2, r3
1000464a:	4153      	adcs	r3, r2
1000464c:	753b      	strb	r3, [r7, #20]
1000464e:	bdf8      	pop	{r3, r4, r5, r6, r7, pc}
10004650:	10009c0c 	.word	0x10009c0c

10004654 <stdio_stack_buffer_flush>:
10004654:	b570      	push	{r4, r5, r6, lr}
10004656:	0005      	movs	r5, r0
10004658:	6803      	ldr	r3, [r0, #0]
1000465a:	2b00      	cmp	r3, #0
1000465c:	d016      	beq.n	1000468c <stdio_stack_buffer_flush+0x38>
1000465e:	4b0c      	ldr	r3, [pc, #48]	@ (10004690 <stdio_stack_buffer_flush+0x3c>)
10004660:	681c      	ldr	r4, [r3, #0]
10004662:	e005      	b.n	10004670 <stdio_stack_buffer_flush+0x1c>
10004664:	0029      	movs	r1, r5
10004666:	c904      	ldmia	r1!, {r2}
10004668:	0020      	movs	r0, r4
1000466a:	f7ff ffb3 	bl	100045d4 <stdio_out_chars_crlf>
1000466e:	6924      	ldr	r4, [r4, #16]
10004670:	2c00      	cmp	r4, #0
10004672:	d009      	beq.n	10004688 <stdio_stack_buffer_flush+0x34>
10004674:	6823      	ldr	r3, [r4, #0]
10004676:	2b00      	cmp	r3, #0
10004678:	d0f9      	beq.n	1000466e <stdio_stack_buffer_flush+0x1a>
1000467a:	4b06      	ldr	r3, [pc, #24]	@ (10004694 <stdio_stack_buffer_flush+0x40>)
1000467c:	681b      	ldr	r3, [r3, #0]
1000467e:	2b00      	cmp	r3, #0
10004680:	d0f0      	beq.n	10004664 <stdio_stack_buffer_flush+0x10>
10004682:	42a3      	cmp	r3, r4
10004684:	d1f3      	bne.n	1000466e <stdio_stack_buffer_flush+0x1a>
10004686:	e7ed      	b.n	10004664 <stdio_stack_buffer_flush+0x10>
10004688:	2300      	movs	r3, #0
1000468a:	602b      	str	r3, [r5, #0]
1000468c:	bd70      	pop	{r4, r5, r6, pc}
1000468e:	46c0      	nop			@ (mov r8, r8)
10004690:	20002ac0 	.word	0x20002ac0
10004694:	20002acc 	.word	0x20002acc

10004698 <stdio_buffered_printer>:
10004698:	b570      	push	{r4, r5, r6, lr}
1000469a:	0005      	movs	r5, r0
1000469c:	000c      	movs	r4, r1
1000469e:	680b      	ldr	r3, [r1, #0]
100046a0:	2b80      	cmp	r3, #128	@ 0x80
100046a2:	d005      	beq.n	100046b0 <stdio_buffered_printer+0x18>
100046a4:	6823      	ldr	r3, [r4, #0]
100046a6:	1c5a      	adds	r2, r3, #1
100046a8:	6022      	str	r2, [r4, #0]
100046aa:	18e4      	adds	r4, r4, r3
100046ac:	7125      	strb	r5, [r4, #4]
100046ae:	bd70      	pop	{r4, r5, r6, pc}
100046b0:	0008      	movs	r0, r1
100046b2:	f7ff ffcf 	bl	10004654 <stdio_stack_buffer_flush>
100046b6:	e7f5      	b.n	100046a4 <stdio_buffered_printer+0xc>

100046b8 <stdout_serialize_begin>:
100046b8:	b510      	push	{r4, lr}
100046ba:	f7fd fb6f 	bl	10001d9c <time_us_64>
100046be:	4a07      	ldr	r2, [pc, #28]	@ (100046dc <stdout_serialize_begin+0x24>)
100046c0:	2300      	movs	r3, #0
100046c2:	1812      	adds	r2, r2, r0
100046c4:	414b      	adcs	r3, r1
100046c6:	2b00      	cmp	r3, #0
100046c8:	db03      	blt.n	100046d2 <stdout_serialize_begin+0x1a>
100046ca:	4805      	ldr	r0, [pc, #20]	@ (100046e0 <stdout_serialize_begin+0x28>)
100046cc:	f003 ff14 	bl	100084f8 <__mutex_try_enter_block_until_veneer>
100046d0:	bd10      	pop	{r4, pc}
100046d2:	2201      	movs	r2, #1
100046d4:	4252      	negs	r2, r2
100046d6:	4b03      	ldr	r3, [pc, #12]	@ (100046e4 <stdout_serialize_begin+0x2c>)
100046d8:	e7f7      	b.n	100046ca <stdout_serialize_begin+0x12>
100046da:	46c0      	nop			@ (mov r8, r8)
100046dc:	000f4240 	.word	0x000f4240
100046e0:	200020c8 	.word	0x200020c8
100046e4:	7fffffff 	.word	0x7fffffff

100046e8 <stdout_serialize_end>:
100046e8:	b510      	push	{r4, lr}
100046ea:	4802      	ldr	r0, [pc, #8]	@ (100046f4 <stdout_serialize_end+0xc>)
100046ec:	f003 fed4 	bl	10008498 <__mutex_exit_veneer>
100046f0:	bd10      	pop	{r4, pc}
100046f2:	46c0      	nop			@ (mov r8, r8)
100046f4:	200020c8 	.word	0x200020c8

100046f8 <stdio_put_string>:
100046f8:	b5f0      	push	{r4, r5, r6, r7, lr}
100046fa:	46ce      	mov	lr, r9
100046fc:	4647      	mov	r7, r8
100046fe:	b580      	push	{r7, lr}
10004700:	b083      	sub	sp, #12
10004702:	0006      	movs	r6, r0
10004704:	000d      	movs	r5, r1
10004706:	4690      	mov	r8, r2
10004708:	001c      	movs	r4, r3
1000470a:	f7ff ffd5 	bl	100046b8 <stdout_serialize_begin>
1000470e:	4681      	mov	r9, r0
10004710:	1c6b      	adds	r3, r5, #1
10004712:	d005      	beq.n	10004720 <stdio_put_string+0x28>
10004714:	2c00      	cmp	r4, #0
10004716:	d008      	beq.n	1000472a <stdio_put_string+0x32>
10004718:	4f18      	ldr	r7, [pc, #96]	@ (1000477c <stdio_put_string+0x84>)
1000471a:	4b19      	ldr	r3, [pc, #100]	@ (10004780 <stdio_put_string+0x88>)
1000471c:	681c      	ldr	r4, [r3, #0]
1000471e:	e007      	b.n	10004730 <stdio_put_string+0x38>
10004720:	0030      	movs	r0, r6
10004722:	f003 fd2d 	bl	10008180 <strlen>
10004726:	0005      	movs	r5, r0
10004728:	e7f4      	b.n	10004714 <stdio_put_string+0x1c>
1000472a:	4f16      	ldr	r7, [pc, #88]	@ (10004784 <stdio_put_string+0x8c>)
1000472c:	e7f5      	b.n	1000471a <stdio_put_string+0x22>
1000472e:	6924      	ldr	r4, [r4, #16]
10004730:	2c00      	cmp	r4, #0
10004732:	d017      	beq.n	10004764 <stdio_put_string+0x6c>
10004734:	6823      	ldr	r3, [r4, #0]
10004736:	2b00      	cmp	r3, #0
10004738:	d0f9      	beq.n	1000472e <stdio_put_string+0x36>
1000473a:	4b13      	ldr	r3, [pc, #76]	@ (10004788 <stdio_put_string+0x90>)
1000473c:	681b      	ldr	r3, [r3, #0]
1000473e:	2b00      	cmp	r3, #0
10004740:	d001      	beq.n	10004746 <stdio_put_string+0x4e>
10004742:	42a3      	cmp	r3, r4
10004744:	d1f3      	bne.n	1000472e <stdio_put_string+0x36>
10004746:	002a      	movs	r2, r5
10004748:	0031      	movs	r1, r6
1000474a:	0020      	movs	r0, r4
1000474c:	47b8      	blx	r7
1000474e:	4643      	mov	r3, r8
10004750:	2b00      	cmp	r3, #0
10004752:	d0ec      	beq.n	1000472e <stdio_put_string+0x36>
10004754:	466b      	mov	r3, sp
10004756:	1dd9      	adds	r1, r3, #7
10004758:	230a      	movs	r3, #10
1000475a:	700b      	strb	r3, [r1, #0]
1000475c:	2201      	movs	r2, #1
1000475e:	0020      	movs	r0, r4
10004760:	47b8      	blx	r7
10004762:	e7e4      	b.n	1000472e <stdio_put_string+0x36>
10004764:	464b      	mov	r3, r9
10004766:	2b00      	cmp	r3, #0
10004768:	d105      	bne.n	10004776 <stdio_put_string+0x7e>
1000476a:	0028      	movs	r0, r5
1000476c:	b003      	add	sp, #12
1000476e:	bcc0      	pop	{r6, r7}
10004770:	46b9      	mov	r9, r7
10004772:	46b0      	mov	r8, r6
10004774:	bdf0      	pop	{r4, r5, r6, r7, pc}
10004776:	f7ff ffb7 	bl	100046e8 <stdout_serialize_end>
1000477a:	e7f6      	b.n	1000476a <stdio_put_string+0x72>
1000477c:	100045d5 	.word	0x100045d5
10004780:	20002ac0 	.word	0x20002ac0
10004784:	100045c5 	.word	0x100045c5
10004788:	20002acc 	.word	0x20002acc

1000478c <stdio_get_until>:
1000478c:	b5f0      	push	{r4, r5, r6, r7, lr}
1000478e:	b083      	sub	sp, #12
10004790:	0006      	movs	r6, r0
10004792:	000f      	movs	r7, r1
10004794:	9201      	str	r2, [sp, #4]
10004796:	9300      	str	r3, [sp, #0]
10004798:	4b16      	ldr	r3, [pc, #88]	@ (100047f4 <stdio_get_until+0x68>)
1000479a:	681c      	ldr	r4, [r3, #0]
1000479c:	e008      	b.n	100047b0 <stdio_get_until+0x24>
1000479e:	68a3      	ldr	r3, [r4, #8]
100047a0:	2b00      	cmp	r3, #0
100047a2:	d004      	beq.n	100047ae <stdio_get_until+0x22>
100047a4:	0039      	movs	r1, r7
100047a6:	0030      	movs	r0, r6
100047a8:	4798      	blx	r3
100047aa:	2800      	cmp	r0, #0
100047ac:	dc20      	bgt.n	100047f0 <stdio_get_until+0x64>
100047ae:	6924      	ldr	r4, [r4, #16]
100047b0:	2c00      	cmp	r4, #0
100047b2:	d006      	beq.n	100047c2 <stdio_get_until+0x36>
100047b4:	4b10      	ldr	r3, [pc, #64]	@ (100047f8 <stdio_get_until+0x6c>)
100047b6:	681d      	ldr	r5, [r3, #0]
100047b8:	2d00      	cmp	r5, #0
100047ba:	d0f0      	beq.n	1000479e <stdio_get_until+0x12>
100047bc:	42a5      	cmp	r5, r4
100047be:	d1f6      	bne.n	100047ae <stdio_get_until+0x22>
100047c0:	e7ed      	b.n	1000479e <stdio_get_until+0x12>
100047c2:	9900      	ldr	r1, [sp, #0]
100047c4:	000a      	movs	r2, r1
100047c6:	4b0d      	ldr	r3, [pc, #52]	@ (100047fc <stdio_get_until+0x70>)
100047c8:	6a5b      	ldr	r3, [r3, #36]	@ 0x24
100047ca:	4299      	cmp	r1, r3
100047cc:	d809      	bhi.n	100047e2 <stdio_get_until+0x56>
100047ce:	490b      	ldr	r1, [pc, #44]	@ (100047fc <stdio_get_until+0x70>)
100047d0:	6a89      	ldr	r1, [r1, #40]	@ 0x28
100047d2:	9801      	ldr	r0, [sp, #4]
100047d4:	4281      	cmp	r1, r0
100047d6:	d209      	bcs.n	100047ec <stdio_get_until+0x60>
100047d8:	429a      	cmp	r2, r3
100047da:	d002      	beq.n	100047e2 <stdio_get_until+0x56>
100047dc:	2002      	movs	r0, #2
100047de:	4240      	negs	r0, r0
100047e0:	e006      	b.n	100047f0 <stdio_get_until+0x64>
100047e2:	2001      	movs	r0, #1
100047e4:	2100      	movs	r1, #0
100047e6:	f7fd fae1 	bl	10001dac <busy_wait_us>
100047ea:	e7d5      	b.n	10004798 <stdio_get_until+0xc>
100047ec:	2002      	movs	r0, #2
100047ee:	4240      	negs	r0, r0
100047f0:	b003      	add	sp, #12
100047f2:	bdf0      	pop	{r4, r5, r6, r7, pc}
100047f4:	20002ac0 	.word	0x20002ac0
100047f8:	20002acc 	.word	0x20002acc
100047fc:	40054000 	.word	0x40054000

10004800 <stdio_set_driver_enabled>:
10004800:	4a0a      	ldr	r2, [pc, #40]	@ (1000482c <stdio_set_driver_enabled+0x2c>)
10004802:	6813      	ldr	r3, [r2, #0]
10004804:	e002      	b.n	1000480c <stdio_set_driver_enabled+0xc>
10004806:	001a      	movs	r2, r3
10004808:	3210      	adds	r2, #16
1000480a:	691b      	ldr	r3, [r3, #16]
1000480c:	2b00      	cmp	r3, #0
1000480e:	d009      	beq.n	10004824 <stdio_set_driver_enabled+0x24>
10004810:	6813      	ldr	r3, [r2, #0]
10004812:	4283      	cmp	r3, r0
10004814:	d1f7      	bne.n	10004806 <stdio_set_driver_enabled+0x6>
10004816:	2900      	cmp	r1, #0
10004818:	d107      	bne.n	1000482a <stdio_set_driver_enabled+0x2a>
1000481a:	6903      	ldr	r3, [r0, #16]
1000481c:	6013      	str	r3, [r2, #0]
1000481e:	2300      	movs	r3, #0
10004820:	6103      	str	r3, [r0, #16]
10004822:	e002      	b.n	1000482a <stdio_set_driver_enabled+0x2a>
10004824:	2900      	cmp	r1, #0
10004826:	d000      	beq.n	1000482a <stdio_set_driver_enabled+0x2a>
10004828:	6010      	str	r0, [r2, #0]
1000482a:	4770      	bx	lr
1000482c:	20002ac0 	.word	0x20002ac0

10004830 <stdio_flush>:
10004830:	b510      	push	{r4, lr}
10004832:	4b06      	ldr	r3, [pc, #24]	@ (1000484c <stdio_flush+0x1c>)
10004834:	681c      	ldr	r4, [r3, #0]
10004836:	e000      	b.n	1000483a <stdio_flush+0xa>
10004838:	6924      	ldr	r4, [r4, #16]
1000483a:	2c00      	cmp	r4, #0
1000483c:	d004      	beq.n	10004848 <stdio_flush+0x18>
1000483e:	6863      	ldr	r3, [r4, #4]
10004840:	2b00      	cmp	r3, #0
10004842:	d0f9      	beq.n	10004838 <stdio_flush+0x8>
10004844:	4798      	blx	r3
10004846:	e7f7      	b.n	10004838 <stdio_flush+0x8>
10004848:	bd10      	pop	{r4, pc}
1000484a:	46c0      	nop			@ (mov r8, r8)
1000484c:	20002ac0 	.word	0x20002ac0

10004850 <stdio_init_all>:
10004850:	b510      	push	{r4, lr}
10004852:	f000 f9ff 	bl	10004c54 <stdio_usb_init>
10004856:	bd10      	pop	{r4, pc}

10004858 <stdio_getchar_timeout_us>:
10004858:	b530      	push	{r4, r5, lr}
1000485a:	b083      	sub	sp, #12
1000485c:	0004      	movs	r4, r0
1000485e:	2500      	movs	r5, #0
10004860:	f7fd fa9c 	bl	10001d9c <time_us_64>
10004864:	0022      	movs	r2, r4
10004866:	002b      	movs	r3, r5
10004868:	1812      	adds	r2, r2, r0
1000486a:	414b      	adcs	r3, r1
1000486c:	2b00      	cmp	r3, #0
1000486e:	db0a      	blt.n	10004886 <stdio_getchar_timeout_us+0x2e>
10004870:	2101      	movs	r1, #1
10004872:	a801      	add	r0, sp, #4
10004874:	f7ff ff8a 	bl	1000478c <stdio_get_until>
10004878:	2800      	cmp	r0, #0
1000487a:	db02      	blt.n	10004882 <stdio_getchar_timeout_us+0x2a>
1000487c:	d007      	beq.n	1000488e <stdio_getchar_timeout_us+0x36>
1000487e:	ab01      	add	r3, sp, #4
10004880:	7818      	ldrb	r0, [r3, #0]
10004882:	b003      	add	sp, #12
10004884:	bd30      	pop	{r4, r5, pc}
10004886:	2201      	movs	r2, #1
10004888:	4252      	negs	r2, r2
1000488a:	4b04      	ldr	r3, [pc, #16]	@ (1000489c <stdio_getchar_timeout_us+0x44>)
1000488c:	e7f0      	b.n	10004870 <stdio_getchar_timeout_us+0x18>
1000488e:	4b04      	ldr	r3, [pc, #16]	@ (100048a0 <stdio_getchar_timeout_us+0x48>)
10004890:	4a04      	ldr	r2, [pc, #16]	@ (100048a4 <stdio_getchar_timeout_us+0x4c>)
10004892:	2104      	movs	r1, #4
10004894:	4804      	ldr	r0, [pc, #16]	@ (100048a8 <stdio_getchar_timeout_us+0x50>)
10004896:	31ff      	adds	r1, #255	@ 0xff
10004898:	f7ff fe64 	bl	10004564 <__assert_func>
1000489c:	7fffffff 	.word	0x7fffffff
100048a0:	100091e4 	.word	0x100091e4
100048a4:	10009bf0 	.word	0x10009bf0
100048a8:	100091e8 	.word	0x100091e8

100048ac <__wrap_putchar>:
100048ac:	b510      	push	{r4, lr}
100048ae:	b082      	sub	sp, #8
100048b0:	0004      	movs	r4, r0
100048b2:	466b      	mov	r3, sp
100048b4:	1dd8      	adds	r0, r3, #7
100048b6:	7004      	strb	r4, [r0, #0]
100048b8:	2301      	movs	r3, #1
100048ba:	2200      	movs	r2, #0
100048bc:	2101      	movs	r1, #1
100048be:	f7ff ff1b 	bl	100046f8 <stdio_put_string>
100048c2:	0020      	movs	r0, r4
100048c4:	b002      	add	sp, #8
100048c6:	bd10      	pop	{r4, pc}

100048c8 <__wrap_puts>:
100048c8:	b570      	push	{r4, r5, r6, lr}
100048ca:	0005      	movs	r5, r0
100048cc:	f003 fc58 	bl	10008180 <strlen>
100048d0:	0004      	movs	r4, r0
100048d2:	2301      	movs	r3, #1
100048d4:	2201      	movs	r2, #1
100048d6:	0001      	movs	r1, r0
100048d8:	0028      	movs	r0, r5
100048da:	f7ff ff0d 	bl	100046f8 <stdio_put_string>
100048de:	f7ff ffa7 	bl	10004830 <stdio_flush>
100048e2:	0020      	movs	r0, r4
100048e4:	bd70      	pop	{r4, r5, r6, pc}
	...

100048e8 <__wrap_vprintf>:
100048e8:	b5f0      	push	{r4, r5, r6, r7, lr}
100048ea:	b0a3      	sub	sp, #140	@ 0x8c
100048ec:	0004      	movs	r4, r0
100048ee:	000e      	movs	r6, r1
100048f0:	f7ff fee2 	bl	100046b8 <stdout_serialize_begin>
100048f4:	0005      	movs	r5, r0
100048f6:	af01      	add	r7, sp, #4
100048f8:	2300      	movs	r3, #0
100048fa:	9301      	str	r3, [sp, #4]
100048fc:	4809      	ldr	r0, [pc, #36]	@ (10004924 <__wrap_vprintf+0x3c>)
100048fe:	0033      	movs	r3, r6
10004900:	0022      	movs	r2, r4
10004902:	0039      	movs	r1, r7
10004904:	f7ff fdf6 	bl	100044f4 <vfctprintf>
10004908:	0004      	movs	r4, r0
1000490a:	0038      	movs	r0, r7
1000490c:	f7ff fea2 	bl	10004654 <stdio_stack_buffer_flush>
10004910:	f7ff ff8e 	bl	10004830 <stdio_flush>
10004914:	2d00      	cmp	r5, #0
10004916:	d102      	bne.n	1000491e <__wrap_vprintf+0x36>
10004918:	0020      	movs	r0, r4
1000491a:	b023      	add	sp, #140	@ 0x8c
1000491c:	bdf0      	pop	{r4, r5, r6, r7, pc}
1000491e:	f7ff fee3 	bl	100046e8 <stdout_serialize_end>
10004922:	e7f9      	b.n	10004918 <__wrap_vprintf+0x30>
10004924:	10004699 	.word	0x10004699

10004928 <__wrap_printf>:
10004928:	b40f      	push	{r0, r1, r2, r3}
1000492a:	b500      	push	{lr}
1000492c:	b083      	sub	sp, #12
1000492e:	a904      	add	r1, sp, #16
10004930:	c901      	ldmia	r1!, {r0}
10004932:	9101      	str	r1, [sp, #4]
10004934:	f7ff ffd8 	bl	100048e8 <__wrap_vprintf>
10004938:	b003      	add	sp, #12
1000493a:	bc08      	pop	{r3}
1000493c:	b004      	add	sp, #16
1000493e:	4718      	bx	r3

10004940 <resetd_init>:
10004940:	4770      	bx	lr
	...

10004944 <resetd_reset>:
10004944:	4b01      	ldr	r3, [pc, #4]	@ (1000494c <resetd_reset+0x8>)
10004946:	2200      	movs	r2, #0
10004948:	701a      	strb	r2, [r3, #0]
1000494a:	4770      	bx	lr
1000494c:	2000313b 	.word	0x2000313b

10004950 <resetd_open>:
10004950:	794b      	ldrb	r3, [r1, #5]
10004952:	2bff      	cmp	r3, #255	@ 0xff
10004954:	d10c      	bne.n	10004970 <resetd_open+0x20>
10004956:	798b      	ldrb	r3, [r1, #6]
10004958:	2b00      	cmp	r3, #0
1000495a:	d10b      	bne.n	10004974 <resetd_open+0x24>
1000495c:	79cb      	ldrb	r3, [r1, #7]
1000495e:	2b01      	cmp	r3, #1
10004960:	d10a      	bne.n	10004978 <resetd_open+0x28>
10004962:	2a08      	cmp	r2, #8
10004964:	d90a      	bls.n	1000497c <resetd_open+0x2c>
10004966:	788a      	ldrb	r2, [r1, #2]
10004968:	4b05      	ldr	r3, [pc, #20]	@ (10004980 <resetd_open+0x30>)
1000496a:	701a      	strb	r2, [r3, #0]
1000496c:	2009      	movs	r0, #9
1000496e:	e000      	b.n	10004972 <resetd_open+0x22>
10004970:	2000      	movs	r0, #0
10004972:	4770      	bx	lr
10004974:	2000      	movs	r0, #0
10004976:	e7fc      	b.n	10004972 <resetd_open+0x22>
10004978:	2000      	movs	r0, #0
1000497a:	e7fa      	b.n	10004972 <resetd_open+0x22>
1000497c:	2000      	movs	r0, #0
1000497e:	e7f8      	b.n	10004972 <resetd_open+0x22>
10004980:	2000313b 	.word	0x2000313b

10004984 <resetd_xfer_cb>:
10004984:	2001      	movs	r0, #1
10004986:	4770      	bx	lr

10004988 <resetd_control_xfer_cb>:
10004988:	b510      	push	{r4, lr}
1000498a:	2901      	cmp	r1, #1
1000498c:	d127      	bne.n	100049de <resetd_control_xfer_cb+0x56>
1000498e:	7911      	ldrb	r1, [r2, #4]
10004990:	7953      	ldrb	r3, [r2, #5]
10004992:	021b      	lsls	r3, r3, #8
10004994:	430b      	orrs	r3, r1
10004996:	4913      	ldr	r1, [pc, #76]	@ (100049e4 <resetd_control_xfer_cb+0x5c>)
10004998:	7809      	ldrb	r1, [r1, #0]
1000499a:	428b      	cmp	r3, r1
1000499c:	d001      	beq.n	100049a2 <resetd_control_xfer_cb+0x1a>
1000499e:	2000      	movs	r0, #0
100049a0:	e01e      	b.n	100049e0 <resetd_control_xfer_cb+0x58>
100049a2:	7853      	ldrb	r3, [r2, #1]
100049a4:	2b01      	cmp	r3, #1
100049a6:	d003      	beq.n	100049b0 <resetd_control_xfer_cb+0x28>
100049a8:	2b02      	cmp	r3, #2
100049aa:	d011      	beq.n	100049d0 <resetd_control_xfer_cb+0x48>
100049ac:	2000      	movs	r0, #0
100049ae:	e017      	b.n	100049e0 <resetd_control_xfer_cb+0x58>
100049b0:	7891      	ldrb	r1, [r2, #2]
100049b2:	78d3      	ldrb	r3, [r2, #3]
100049b4:	021b      	lsls	r3, r3, #8
100049b6:	4319      	orrs	r1, r3
100049b8:	05db      	lsls	r3, r3, #23
100049ba:	d506      	bpl.n	100049ca <resetd_control_xfer_cb+0x42>
100049bc:	0a48      	lsrs	r0, r1, #9
100049be:	058a      	lsls	r2, r1, #22
100049c0:	0fd2      	lsrs	r2, r2, #31
100049c2:	237f      	movs	r3, #127	@ 0x7f
100049c4:	4019      	ands	r1, r3
100049c6:	f7fd fbbd 	bl	10002144 <rom_reset_usb_boot_extra>
100049ca:	2001      	movs	r0, #1
100049cc:	4240      	negs	r0, r0
100049ce:	e7f6      	b.n	100049be <resetd_control_xfer_cb+0x36>
100049d0:	2264      	movs	r2, #100	@ 0x64
100049d2:	2100      	movs	r1, #0
100049d4:	2000      	movs	r0, #0
100049d6:	f7fd fb5d 	bl	10002094 <watchdog_reboot>
100049da:	2001      	movs	r0, #1
100049dc:	e000      	b.n	100049e0 <resetd_control_xfer_cb+0x58>
100049de:	2001      	movs	r0, #1
100049e0:	bd10      	pop	{r4, pc}
100049e2:	46c0      	nop			@ (mov r8, r8)
100049e4:	2000313b 	.word	0x2000313b

100049e8 <tud_descriptor_bos_cb>:
100049e8:	4800      	ldr	r0, [pc, #0]	@ (100049ec <tud_descriptor_bos_cb+0x4>)
100049ea:	4770      	bx	lr
100049ec:	10009cd8 	.word	0x10009cd8

100049f0 <tud_vendor_control_xfer_cb>:
100049f0:	b510      	push	{r4, lr}
100049f2:	0014      	movs	r4, r2
100049f4:	2901      	cmp	r1, #1
100049f6:	d110      	bne.n	10004a1a <tud_vendor_control_xfer_cb+0x2a>
100049f8:	7853      	ldrb	r3, [r2, #1]
100049fa:	2b01      	cmp	r3, #1
100049fc:	d10f      	bne.n	10004a1e <tud_vendor_control_xfer_cb+0x2e>
100049fe:	7912      	ldrb	r2, [r2, #4]
10004a00:	7963      	ldrb	r3, [r4, #5]
10004a02:	021b      	lsls	r3, r3, #8
10004a04:	4313      	orrs	r3, r2
10004a06:	2b07      	cmp	r3, #7
10004a08:	d001      	beq.n	10004a0e <tud_vendor_control_xfer_cb+0x1e>
10004a0a:	2000      	movs	r0, #0
10004a0c:	e006      	b.n	10004a1c <tud_vendor_control_xfer_cb+0x2c>
10004a0e:	4a05      	ldr	r2, [pc, #20]	@ (10004a24 <tud_vendor_control_xfer_cb+0x34>)
10004a10:	339f      	adds	r3, #159	@ 0x9f
10004a12:	0021      	movs	r1, r4
10004a14:	f001 fb58 	bl	100060c8 <tud_control_xfer>
10004a18:	e000      	b.n	10004a1c <tud_vendor_control_xfer_cb+0x2c>
10004a1a:	2001      	movs	r0, #1
10004a1c:	bd10      	pop	{r4, pc}
10004a1e:	2000      	movs	r0, #0
10004a20:	e7fc      	b.n	10004a1c <tud_vendor_control_xfer_cb+0x2c>
10004a22:	46c0      	nop			@ (mov r8, r8)
10004a24:	10009c30 	.word	0x10009c30

10004a28 <usbd_app_driver_get_cb>:
10004a28:	2301      	movs	r3, #1
10004a2a:	7003      	strb	r3, [r0, #0]
10004a2c:	4800      	ldr	r0, [pc, #0]	@ (10004a30 <usbd_app_driver_get_cb+0x8>)
10004a2e:	4770      	bx	lr
10004a30:	10009c10 	.word	0x10009c10

10004a34 <tud_cdc_line_coding_cb>:
10004a34:	b510      	push	{r4, lr}
10004a36:	780a      	ldrb	r2, [r1, #0]
10004a38:	784b      	ldrb	r3, [r1, #1]
10004a3a:	021b      	lsls	r3, r3, #8
10004a3c:	4313      	orrs	r3, r2
10004a3e:	788a      	ldrb	r2, [r1, #2]
10004a40:	0412      	lsls	r2, r2, #16
10004a42:	431a      	orrs	r2, r3
10004a44:	78cb      	ldrb	r3, [r1, #3]
10004a46:	061b      	lsls	r3, r3, #24
10004a48:	4313      	orrs	r3, r2
10004a4a:	2296      	movs	r2, #150	@ 0x96
10004a4c:	00d2      	lsls	r2, r2, #3
10004a4e:	4293      	cmp	r3, r2
10004a50:	d000      	beq.n	10004a54 <tud_cdc_line_coding_cb+0x20>
10004a52:	bd10      	pop	{r4, pc}
10004a54:	2001      	movs	r0, #1
10004a56:	2200      	movs	r2, #0
10004a58:	0011      	movs	r1, r2
10004a5a:	4240      	negs	r0, r0
10004a5c:	f7fd fb72 	bl	10002144 <rom_reset_usb_boot_extra>

10004a60 <stdio_usb_set_chars_available_callback>:
10004a60:	4b02      	ldr	r3, [pc, #8]	@ (10004a6c <stdio_usb_set_chars_available_callback+0xc>)
10004a62:	6018      	str	r0, [r3, #0]
10004a64:	4b02      	ldr	r3, [pc, #8]	@ (10004a70 <stdio_usb_set_chars_available_callback+0x10>)
10004a66:	6019      	str	r1, [r3, #0]
10004a68:	4770      	bx	lr
10004a6a:	46c0      	nop			@ (mov r8, r8)
10004a6c:	20002a60 	.word	0x20002a60
10004a70:	20002a64 	.word	0x20002a64

10004a74 <stdio_usb_out_flush>:
10004a74:	b510      	push	{r4, lr}
10004a76:	f7fd f991 	bl	10001d9c <time_us_64>
10004a7a:	4a0e      	ldr	r2, [pc, #56]	@ (10004ab4 <stdio_usb_out_flush+0x40>)
10004a7c:	2300      	movs	r3, #0
10004a7e:	1812      	adds	r2, r2, r0
10004a80:	414b      	adcs	r3, r1
10004a82:	2b00      	cmp	r3, #0
10004a84:	db12      	blt.n	10004aac <stdio_usb_out_flush+0x38>
10004a86:	480c      	ldr	r0, [pc, #48]	@ (10004ab8 <stdio_usb_out_flush+0x44>)
10004a88:	f003 fd36 	bl	100084f8 <__mutex_try_enter_block_until_veneer>
10004a8c:	2800      	cmp	r0, #0
10004a8e:	d00c      	beq.n	10004aaa <stdio_usb_out_flush+0x36>
10004a90:	2001      	movs	r0, #1
10004a92:	2100      	movs	r1, #0
10004a94:	4240      	negs	r0, r0
10004a96:	f001 f9e3 	bl	10005e60 <tud_task_ext>
10004a9a:	2000      	movs	r0, #0
10004a9c:	f001 fc7c 	bl	10006398 <tud_cdc_n_write_flush>
10004aa0:	2800      	cmp	r0, #0
10004aa2:	d1f5      	bne.n	10004a90 <stdio_usb_out_flush+0x1c>
10004aa4:	4804      	ldr	r0, [pc, #16]	@ (10004ab8 <stdio_usb_out_flush+0x44>)
10004aa6:	f003 fcf7 	bl	10008498 <__mutex_exit_veneer>
10004aaa:	bd10      	pop	{r4, pc}
10004aac:	2201      	movs	r2, #1
10004aae:	4252      	negs	r2, r2
10004ab0:	4b02      	ldr	r3, [pc, #8]	@ (10004abc <stdio_usb_out_flush+0x48>)
10004ab2:	e7e8      	b.n	10004a86 <stdio_usb_out_flush+0x12>
10004ab4:	000f4240 	.word	0x000f4240
10004ab8:	2000311c 	.word	0x2000311c
10004abc:	7fffffff 	.word	0x7fffffff

10004ac0 <usb_irq>:
10004ac0:	b510      	push	{r4, lr}
10004ac2:	4b02      	ldr	r3, [pc, #8]	@ (10004acc <usb_irq+0xc>)
10004ac4:	7818      	ldrb	r0, [r3, #0]
10004ac6:	f7fc faef 	bl	100010a8 <irq_set_pending>
10004aca:	bd10      	pop	{r4, pc}
10004acc:	2000313c 	.word	0x2000313c

10004ad0 <critical_section_enter_blocking>:
10004ad0:	6802      	ldr	r2, [r0, #0]
10004ad2:	f3ef 8110 	mrs	r1, PRIMASK
10004ad6:	b672      	cpsid	i
10004ad8:	6813      	ldr	r3, [r2, #0]
10004ada:	2b00      	cmp	r3, #0
10004adc:	d0fc      	beq.n	10004ad8 <critical_section_enter_blocking+0x8>
10004ade:	f3bf 8f5f 	dmb	sy
10004ae2:	6041      	str	r1, [r0, #4]
10004ae4:	4770      	bx	lr
	...

10004ae8 <timer_task>:
10004ae8:	b570      	push	{r4, r5, r6, lr}
10004aea:	4b14      	ldr	r3, [pc, #80]	@ (10004b3c <timer_task+0x54>)
10004aec:	681b      	ldr	r3, [r3, #0]
10004aee:	2b00      	cmp	r3, #0
10004af0:	d01a      	beq.n	10004b28 <timer_task+0x40>
10004af2:	4c12      	ldr	r4, [pc, #72]	@ (10004b3c <timer_task+0x54>)
10004af4:	0020      	movs	r0, r4
10004af6:	f7ff ffeb 	bl	10004ad0 <critical_section_enter_blocking>
10004afa:	4b11      	ldr	r3, [pc, #68]	@ (10004b40 <timer_task+0x58>)
10004afc:	2200      	movs	r2, #0
10004afe:	701a      	strb	r2, [r3, #0]
10004b00:	6821      	ldr	r1, [r4, #0]
10004b02:	6863      	ldr	r3, [r4, #4]
10004b04:	f3bf 8f5f 	dmb	sy
10004b08:	600a      	str	r2, [r1, #0]
10004b0a:	f383 8810 	msr	PRIMASK, r3
10004b0e:	2400      	movs	r4, #0
10004b10:	2500      	movs	r5, #0
10004b12:	4b0c      	ldr	r3, [pc, #48]	@ (10004b44 <timer_task+0x5c>)
10004b14:	7818      	ldrb	r0, [r3, #0]
10004b16:	f7fc faa3 	bl	10001060 <irq_is_enabled>
10004b1a:	2800      	cmp	r0, #0
10004b1c:	d108      	bne.n	10004b30 <timer_task+0x48>
10004b1e:	2400      	movs	r4, #0
10004b20:	2500      	movs	r5, #0
10004b22:	0020      	movs	r0, r4
10004b24:	0029      	movs	r1, r5
10004b26:	bd70      	pop	{r4, r5, r6, pc}
10004b28:	24fa      	movs	r4, #250	@ 0xfa
10004b2a:	00a4      	lsls	r4, r4, #2
10004b2c:	2500      	movs	r5, #0
10004b2e:	e7f0      	b.n	10004b12 <timer_task+0x2a>
10004b30:	4b04      	ldr	r3, [pc, #16]	@ (10004b44 <timer_task+0x5c>)
10004b32:	7818      	ldrb	r0, [r3, #0]
10004b34:	f7fc fab8 	bl	100010a8 <irq_set_pending>
10004b38:	e7f3      	b.n	10004b22 <timer_task+0x3a>
10004b3a:	46c0      	nop			@ (mov r8, r8)
10004b3c:	20002ef4 	.word	0x20002ef4
10004b40:	2000313d 	.word	0x2000313d
10004b44:	2000313c 	.word	0x2000313c

10004b48 <alarm_pool_add_alarm_in_us>:
10004b48:	b5f0      	push	{r4, r5, r6, r7, lr}
10004b4a:	b085      	sub	sp, #20
10004b4c:	0006      	movs	r6, r0
10004b4e:	0014      	movs	r4, r2
10004b50:	001d      	movs	r5, r3
10004b52:	ab0c      	add	r3, sp, #48	@ 0x30
10004b54:	781f      	ldrb	r7, [r3, #0]
10004b56:	f7fd f921 	bl	10001d9c <time_us_64>
10004b5a:	0022      	movs	r2, r4
10004b5c:	002b      	movs	r3, r5
10004b5e:	1812      	adds	r2, r2, r0
10004b60:	414b      	adcs	r3, r1
10004b62:	2b00      	cmp	r3, #0
10004b64:	db09      	blt.n	10004b7a <alarm_pool_add_alarm_in_us+0x32>
10004b66:	9702      	str	r7, [sp, #8]
10004b68:	990b      	ldr	r1, [sp, #44]	@ 0x2c
10004b6a:	9101      	str	r1, [sp, #4]
10004b6c:	990a      	ldr	r1, [sp, #40]	@ 0x28
10004b6e:	9100      	str	r1, [sp, #0]
10004b70:	0030      	movs	r0, r6
10004b72:	f7fc ff39 	bl	100019e8 <alarm_pool_add_alarm_at>
10004b76:	b005      	add	sp, #20
10004b78:	bdf0      	pop	{r4, r5, r6, r7, pc}
10004b7a:	2201      	movs	r2, #1
10004b7c:	4252      	negs	r2, r2
10004b7e:	4b01      	ldr	r3, [pc, #4]	@ (10004b84 <alarm_pool_add_alarm_in_us+0x3c>)
10004b80:	e7f1      	b.n	10004b66 <alarm_pool_add_alarm_in_us+0x1e>
10004b82:	46c0      	nop			@ (mov r8, r8)
10004b84:	7fffffff 	.word	0x7fffffff

10004b88 <add_alarm_in_us>:
10004b88:	b5f0      	push	{r4, r5, r6, r7, lr}
10004b8a:	46c6      	mov	lr, r8
10004b8c:	b500      	push	{lr}
10004b8e:	b084      	sub	sp, #16
10004b90:	0005      	movs	r5, r0
10004b92:	4688      	mov	r8, r1
10004b94:	0016      	movs	r6, r2
10004b96:	001f      	movs	r7, r3
10004b98:	ab0a      	add	r3, sp, #40	@ 0x28
10004b9a:	781c      	ldrb	r4, [r3, #0]
10004b9c:	f7fc febc 	bl	10001918 <alarm_pool_get_default>
10004ba0:	9402      	str	r4, [sp, #8]
10004ba2:	9701      	str	r7, [sp, #4]
10004ba4:	9600      	str	r6, [sp, #0]
10004ba6:	002a      	movs	r2, r5
10004ba8:	4643      	mov	r3, r8
10004baa:	f7ff ffcd 	bl	10004b48 <alarm_pool_add_alarm_in_us>
10004bae:	b004      	add	sp, #16
10004bb0:	bc80      	pop	{r7}
10004bb2:	46b8      	mov	r8, r7
10004bb4:	bdf0      	pop	{r4, r5, r6, r7, pc}
	...

10004bb8 <low_priority_worker_irq>:
10004bb8:	b510      	push	{r4, lr}
10004bba:	b082      	sub	sp, #8
10004bbc:	481f      	ldr	r0, [pc, #124]	@ (10004c3c <low_priority_worker_irq+0x84>)
10004bbe:	2100      	movs	r1, #0
10004bc0:	f003 fc8a 	bl	100084d8 <__mutex_try_enter_veneer>
10004bc4:	2800      	cmp	r0, #0
10004bc6:	d118      	bne.n	10004bfa <low_priority_worker_irq+0x42>
10004bc8:	4b1d      	ldr	r3, [pc, #116]	@ (10004c40 <low_priority_worker_irq+0x88>)
10004bca:	681b      	ldr	r3, [r3, #0]
10004bcc:	2b00      	cmp	r3, #0
10004bce:	d012      	beq.n	10004bf6 <low_priority_worker_irq+0x3e>
10004bd0:	4c1b      	ldr	r4, [pc, #108]	@ (10004c40 <low_priority_worker_irq+0x88>)
10004bd2:	0020      	movs	r0, r4
10004bd4:	f7ff ff7c 	bl	10004ad0 <critical_section_enter_blocking>
10004bd8:	4a1a      	ldr	r2, [pc, #104]	@ (10004c44 <low_priority_worker_irq+0x8c>)
10004bda:	7813      	ldrb	r3, [r2, #0]
10004bdc:	b2db      	uxtb	r3, r3
10004bde:	2101      	movs	r1, #1
10004be0:	7011      	strb	r1, [r2, #0]
10004be2:	6821      	ldr	r1, [r4, #0]
10004be4:	6862      	ldr	r2, [r4, #4]
10004be6:	f3bf 8f5f 	dmb	sy
10004bea:	2000      	movs	r0, #0
10004bec:	6008      	str	r0, [r1, #0]
10004bee:	f382 8810 	msr	PRIMASK, r2
10004bf2:	2b00      	cmp	r3, #0
10004bf4:	d017      	beq.n	10004c26 <low_priority_worker_irq+0x6e>
10004bf6:	b002      	add	sp, #8
10004bf8:	bd10      	pop	{r4, pc}
10004bfa:	2001      	movs	r0, #1
10004bfc:	2100      	movs	r1, #0
10004bfe:	4240      	negs	r0, r0
10004c00:	f001 f92e 	bl	10005e60 <tud_task_ext>
10004c04:	2000      	movs	r0, #0
10004c06:	f001 fb9f 	bl	10006348 <tud_cdc_n_available>
10004c0a:	0004      	movs	r4, r0
10004c0c:	480b      	ldr	r0, [pc, #44]	@ (10004c3c <low_priority_worker_irq+0x84>)
10004c0e:	f003 fc43 	bl	10008498 <__mutex_exit_veneer>
10004c12:	2c00      	cmp	r4, #0
10004c14:	d0ef      	beq.n	10004bf6 <low_priority_worker_irq+0x3e>
10004c16:	4b0c      	ldr	r3, [pc, #48]	@ (10004c48 <low_priority_worker_irq+0x90>)
10004c18:	681b      	ldr	r3, [r3, #0]
10004c1a:	2b00      	cmp	r3, #0
10004c1c:	d0eb      	beq.n	10004bf6 <low_priority_worker_irq+0x3e>
10004c1e:	4a0b      	ldr	r2, [pc, #44]	@ (10004c4c <low_priority_worker_irq+0x94>)
10004c20:	6810      	ldr	r0, [r2, #0]
10004c22:	4798      	blx	r3
10004c24:	e7e7      	b.n	10004bf6 <low_priority_worker_irq+0x3e>
10004c26:	4a0a      	ldr	r2, [pc, #40]	@ (10004c50 <low_priority_worker_irq+0x98>)
10004c28:	3301      	adds	r3, #1
10004c2a:	9300      	str	r3, [sp, #0]
10004c2c:	2300      	movs	r3, #0
10004c2e:	20fa      	movs	r0, #250	@ 0xfa
10004c30:	0080      	lsls	r0, r0, #2
10004c32:	2100      	movs	r1, #0
10004c34:	f7ff ffa8 	bl	10004b88 <add_alarm_in_us>
10004c38:	e7dd      	b.n	10004bf6 <low_priority_worker_irq+0x3e>
10004c3a:	46c0      	nop			@ (mov r8, r8)
10004c3c:	2000311c 	.word	0x2000311c
10004c40:	20002ef4 	.word	0x20002ef4
10004c44:	2000313d 	.word	0x2000313d
10004c48:	20002a60 	.word	0x20002a60
10004c4c:	20002a64 	.word	0x20002a64
10004c50:	10004ae9 	.word	0x10004ae9

10004c54 <stdio_usb_init>:
10004c54:	b510      	push	{r4, lr}
10004c56:	b082      	sub	sp, #8
10004c58:	23d0      	movs	r3, #208	@ 0xd0
10004c5a:	061b      	lsls	r3, r3, #24
10004c5c:	681c      	ldr	r4, [r3, #0]
10004c5e:	f7fc fe5b 	bl	10001918 <alarm_pool_get_default>
10004c62:	f7fc ff3b 	bl	10001adc <alarm_pool_core_num>
10004c66:	42a0      	cmp	r0, r4
10004c68:	d130      	bne.n	10004ccc <stdio_usb_init+0x78>
10004c6a:	4b27      	ldr	r3, [pc, #156]	@ (10004d08 <stdio_usb_init+0xb4>)
10004c6c:	781b      	ldrb	r3, [r3, #0]
10004c6e:	2100      	movs	r1, #0
10004c70:	2000      	movs	r0, #0
10004c72:	f002 f853 	bl	10006d1c <tusb_rhport_init>
10004c76:	4b25      	ldr	r3, [pc, #148]	@ (10004d0c <stdio_usb_init+0xb8>)
10004c78:	681b      	ldr	r3, [r3, #0]
10004c7a:	2b00      	cmp	r3, #0
10004c7c:	d02c      	beq.n	10004cd8 <stdio_usb_init+0x84>
10004c7e:	2001      	movs	r0, #1
10004c80:	f7fc fbde 	bl	10001440 <user_irq_claim_unused>
10004c84:	4c22      	ldr	r4, [pc, #136]	@ (10004d10 <stdio_usb_init+0xbc>)
10004c86:	7020      	strb	r0, [r4, #0]
10004c88:	4922      	ldr	r1, [pc, #136]	@ (10004d14 <stdio_usb_init+0xc0>)
10004c8a:	23ff      	movs	r3, #255	@ 0xff
10004c8c:	4018      	ands	r0, r3
10004c8e:	f7fc fa29 	bl	100010e4 <irq_set_exclusive_handler>
10004c92:	7820      	ldrb	r0, [r4, #0]
10004c94:	2101      	movs	r1, #1
10004c96:	f7fc f9fd 	bl	10001094 <irq_set_enabled>
10004c9a:	2005      	movs	r0, #5
10004c9c:	f7fc fa14 	bl	100010c8 <irq_has_shared_handler>
10004ca0:	1e04      	subs	r4, r0, #0
10004ca2:	d01d      	beq.n	10004ce0 <stdio_usb_init+0x8c>
10004ca4:	2001      	movs	r0, #1
10004ca6:	f7fc f957 	bl	10000f58 <spin_lock_claim_unused>
10004caa:	0001      	movs	r1, r0
10004cac:	4b1a      	ldr	r3, [pc, #104]	@ (10004d18 <stdio_usb_init+0xc4>)
10004cae:	0018      	movs	r0, r3
10004cb0:	f7fc fc26 	bl	10001500 <critical_section_init_with_lock_num>
10004cb4:	4919      	ldr	r1, [pc, #100]	@ (10004d1c <stdio_usb_init+0xc8>)
10004cb6:	2200      	movs	r2, #0
10004cb8:	2005      	movs	r0, #5
10004cba:	f7fc fa3d 	bl	10001138 <irq_add_shared_handler>
10004cbe:	4818      	ldr	r0, [pc, #96]	@ (10004d20 <stdio_usb_init+0xcc>)
10004cc0:	2101      	movs	r1, #1
10004cc2:	f7ff fd9d 	bl	10004800 <stdio_set_driver_enabled>
10004cc6:	0020      	movs	r0, r4
10004cc8:	b002      	add	sp, #8
10004cca:	bd10      	pop	{r4, pc}
10004ccc:	4b15      	ldr	r3, [pc, #84]	@ (10004d24 <stdio_usb_init+0xd0>)
10004cce:	4a16      	ldr	r2, [pc, #88]	@ (10004d28 <stdio_usb_init+0xd4>)
10004cd0:	4816      	ldr	r0, [pc, #88]	@ (10004d2c <stdio_usb_init+0xd8>)
10004cd2:	21c1      	movs	r1, #193	@ 0xc1
10004cd4:	f7ff fc46 	bl	10004564 <__assert_func>
10004cd8:	480c      	ldr	r0, [pc, #48]	@ (10004d0c <stdio_usb_init+0xb8>)
10004cda:	f7fc fbcf 	bl	1000147c <mutex_init>
10004cde:	e7ce      	b.n	10004c7e <stdio_usb_init+0x2a>
10004ce0:	480d      	ldr	r0, [pc, #52]	@ (10004d18 <stdio_usb_init+0xc4>)
10004ce2:	2208      	movs	r2, #8
10004ce4:	2100      	movs	r1, #0
10004ce6:	f7fe fb01 	bl	100032ec <__wrap_memset>
10004cea:	4a11      	ldr	r2, [pc, #68]	@ (10004d30 <stdio_usb_init+0xdc>)
10004cec:	2301      	movs	r3, #1
10004cee:	9300      	str	r3, [sp, #0]
10004cf0:	2300      	movs	r3, #0
10004cf2:	20fa      	movs	r0, #250	@ 0xfa
10004cf4:	0080      	lsls	r0, r0, #2
10004cf6:	2100      	movs	r1, #0
10004cf8:	f7ff ff46 	bl	10004b88 <add_alarm_in_us>
10004cfc:	43c0      	mvns	r0, r0
10004cfe:	0fc4      	lsrs	r4, r0, #31
10004d00:	2800      	cmp	r0, #0
10004d02:	dae0      	bge.n	10004cc6 <stdio_usb_init+0x72>
10004d04:	e7db      	b.n	10004cbe <stdio_usb_init+0x6a>
10004d06:	46c0      	nop			@ (mov r8, r8)
10004d08:	1000a390 	.word	0x1000a390
10004d0c:	2000311c 	.word	0x2000311c
10004d10:	2000313c 	.word	0x2000313c
10004d14:	10004bb9 	.word	0x10004bb9
10004d18:	20002ef4 	.word	0x20002ef4
10004d1c:	10004ac1 	.word	0x10004ac1
10004d20:	20001b30 	.word	0x20001b30
10004d24:	1000922c 	.word	0x1000922c
10004d28:	10009d08 	.word	0x10009d08
10004d2c:	10009234 	.word	0x10009234
10004d30:	10004ae9 	.word	0x10004ae9

10004d34 <stdio_usb_connected>:
10004d34:	b510      	push	{r4, lr}
10004d36:	2000      	movs	r0, #0
10004d38:	f001 faea 	bl	10006310 <tud_cdc_n_connected>
10004d3c:	bd10      	pop	{r4, pc}
	...

10004d40 <stdio_usb_in_chars>:
10004d40:	b570      	push	{r4, r5, r6, lr}
10004d42:	0005      	movs	r5, r0
10004d44:	000c      	movs	r4, r1
10004d46:	f7ff fff5 	bl	10004d34 <stdio_usb_connected>
10004d4a:	2800      	cmp	r0, #0
10004d4c:	d034      	beq.n	10004db8 <stdio_usb_in_chars+0x78>
10004d4e:	2000      	movs	r0, #0
10004d50:	f001 fafa 	bl	10006348 <tud_cdc_n_available>
10004d54:	2800      	cmp	r0, #0
10004d56:	d032      	beq.n	10004dbe <stdio_usb_in_chars+0x7e>
10004d58:	f7fd f820 	bl	10001d9c <time_us_64>
10004d5c:	4a1b      	ldr	r2, [pc, #108]	@ (10004dcc <stdio_usb_in_chars+0x8c>)
10004d5e:	2300      	movs	r3, #0
10004d60:	1812      	adds	r2, r2, r0
10004d62:	414b      	adcs	r3, r1
10004d64:	2b00      	cmp	r3, #0
10004d66:	db19      	blt.n	10004d9c <stdio_usb_in_chars+0x5c>
10004d68:	4819      	ldr	r0, [pc, #100]	@ (10004dd0 <stdio_usb_in_chars+0x90>)
10004d6a:	f003 fbc5 	bl	100084f8 <__mutex_try_enter_block_until_veneer>
10004d6e:	2800      	cmp	r0, #0
10004d70:	d028      	beq.n	10004dc4 <stdio_usb_in_chars+0x84>
10004d72:	f7ff ffdf 	bl	10004d34 <stdio_usb_connected>
10004d76:	2800      	cmp	r0, #0
10004d78:	d004      	beq.n	10004d84 <stdio_usb_in_chars+0x44>
10004d7a:	2000      	movs	r0, #0
10004d7c:	f001 fae4 	bl	10006348 <tud_cdc_n_available>
10004d80:	2800      	cmp	r0, #0
10004d82:	d10f      	bne.n	10004da4 <stdio_usb_in_chars+0x64>
10004d84:	2001      	movs	r0, #1
10004d86:	2100      	movs	r1, #0
10004d88:	4240      	negs	r0, r0
10004d8a:	f001 f869 	bl	10005e60 <tud_task_ext>
10004d8e:	2403      	movs	r4, #3
10004d90:	4264      	negs	r4, r4
10004d92:	480f      	ldr	r0, [pc, #60]	@ (10004dd0 <stdio_usb_in_chars+0x90>)
10004d94:	f003 fb80 	bl	10008498 <__mutex_exit_veneer>
10004d98:	0020      	movs	r0, r4
10004d9a:	bd70      	pop	{r4, r5, r6, pc}
10004d9c:	2201      	movs	r2, #1
10004d9e:	4252      	negs	r2, r2
10004da0:	4b0c      	ldr	r3, [pc, #48]	@ (10004dd4 <stdio_usb_in_chars+0x94>)
10004da2:	e7e1      	b.n	10004d68 <stdio_usb_in_chars+0x28>
10004da4:	0022      	movs	r2, r4
10004da6:	0029      	movs	r1, r5
10004da8:	2000      	movs	r0, #0
10004daa:	f001 fad9 	bl	10006360 <tud_cdc_n_read>
10004dae:	1e04      	subs	r4, r0, #0
10004db0:	d1ef      	bne.n	10004d92 <stdio_usb_in_chars+0x52>
10004db2:	2403      	movs	r4, #3
10004db4:	4264      	negs	r4, r4
10004db6:	e7ec      	b.n	10004d92 <stdio_usb_in_chars+0x52>
10004db8:	2403      	movs	r4, #3
10004dba:	4264      	negs	r4, r4
10004dbc:	e7ec      	b.n	10004d98 <stdio_usb_in_chars+0x58>
10004dbe:	2403      	movs	r4, #3
10004dc0:	4264      	negs	r4, r4
10004dc2:	e7e9      	b.n	10004d98 <stdio_usb_in_chars+0x58>
10004dc4:	2403      	movs	r4, #3
10004dc6:	4264      	negs	r4, r4
10004dc8:	e7e6      	b.n	10004d98 <stdio_usb_in_chars+0x58>
10004dca:	46c0      	nop			@ (mov r8, r8)
10004dcc:	000f4240 	.word	0x000f4240
10004dd0:	2000311c 	.word	0x2000311c
10004dd4:	7fffffff 	.word	0x7fffffff

10004dd8 <stdio_usb_out_chars>:
10004dd8:	b5f0      	push	{r4, r5, r6, r7, lr}
10004dda:	46c6      	mov	lr, r8
10004ddc:	b500      	push	{lr}
10004dde:	4680      	mov	r8, r0
10004de0:	000c      	movs	r4, r1
10004de2:	f7fc ffdb 	bl	10001d9c <time_us_64>
10004de6:	4a31      	ldr	r2, [pc, #196]	@ (10004eac <stdio_usb_out_chars+0xd4>)
10004de8:	2300      	movs	r3, #0
10004dea:	1812      	adds	r2, r2, r0
10004dec:	414b      	adcs	r3, r1
10004dee:	2b00      	cmp	r3, #0
10004df0:	db07      	blt.n	10004e02 <stdio_usb_out_chars+0x2a>
10004df2:	482f      	ldr	r0, [pc, #188]	@ (10004eb0 <stdio_usb_out_chars+0xd8>)
10004df4:	f003 fb80 	bl	100084f8 <__mutex_try_enter_block_until_veneer>
10004df8:	2800      	cmp	r0, #0
10004dfa:	d106      	bne.n	10004e0a <stdio_usb_out_chars+0x32>
10004dfc:	bc80      	pop	{r7}
10004dfe:	46b8      	mov	r8, r7
10004e00:	bdf0      	pop	{r4, r5, r6, r7, pc}
10004e02:	2201      	movs	r2, #1
10004e04:	4252      	negs	r2, r2
10004e06:	4b2b      	ldr	r3, [pc, #172]	@ (10004eb4 <stdio_usb_out_chars+0xdc>)
10004e08:	e7f3      	b.n	10004df2 <stdio_usb_out_chars+0x1a>
10004e0a:	f7ff ff93 	bl	10004d34 <stdio_usb_connected>
10004e0e:	2800      	cmp	r0, #0
10004e10:	d149      	bne.n	10004ea6 <stdio_usb_out_chars+0xce>
10004e12:	4b29      	ldr	r3, [pc, #164]	@ (10004eb8 <stdio_usb_out_chars+0xe0>)
10004e14:	2000      	movs	r0, #0
10004e16:	2100      	movs	r1, #0
10004e18:	6018      	str	r0, [r3, #0]
10004e1a:	6059      	str	r1, [r3, #4]
10004e1c:	4824      	ldr	r0, [pc, #144]	@ (10004eb0 <stdio_usb_out_chars+0xd8>)
10004e1e:	f003 fb3b 	bl	10008498 <__mutex_exit_veneer>
10004e22:	e7eb      	b.n	10004dfc <stdio_usb_out_chars+0x24>
10004e24:	2001      	movs	r0, #1
10004e26:	2100      	movs	r1, #0
10004e28:	4240      	negs	r0, r0
10004e2a:	f001 f819 	bl	10005e60 <tud_task_ext>
10004e2e:	2000      	movs	r0, #0
10004e30:	f001 fab2 	bl	10006398 <tud_cdc_n_write_flush>
10004e34:	f7ff ff7e 	bl	10004d34 <stdio_usb_connected>
10004e38:	2800      	cmp	r0, #0
10004e3a:	d0ef      	beq.n	10004e1c <stdio_usb_out_chars+0x44>
10004e3c:	2000      	movs	r0, #0
10004e3e:	f001 fb27 	bl	10006490 <tud_cdc_n_write_available>
10004e42:	2800      	cmp	r0, #0
10004e44:	d020      	beq.n	10004e88 <stdio_usb_out_chars+0xb0>
10004e46:	42a5      	cmp	r5, r4
10004e48:	dae8      	bge.n	10004e1c <stdio_usb_out_chars+0x44>
10004e4a:	1b66      	subs	r6, r4, r5
10004e4c:	2000      	movs	r0, #0
10004e4e:	f001 fb1f 	bl	10006490 <tud_cdc_n_write_available>
10004e52:	0002      	movs	r2, r0
10004e54:	4286      	cmp	r6, r0
10004e56:	dc00      	bgt.n	10004e5a <stdio_usb_out_chars+0x82>
10004e58:	0032      	movs	r2, r6
10004e5a:	2a00      	cmp	r2, #0
10004e5c:	d0e2      	beq.n	10004e24 <stdio_usb_out_chars+0x4c>
10004e5e:	4643      	mov	r3, r8
10004e60:	1959      	adds	r1, r3, r5
10004e62:	2000      	movs	r0, #0
10004e64:	f001 faf0 	bl	10006448 <tud_cdc_n_write>
10004e68:	0006      	movs	r6, r0
10004e6a:	2001      	movs	r0, #1
10004e6c:	2100      	movs	r1, #0
10004e6e:	4240      	negs	r0, r0
10004e70:	f000 fff6 	bl	10005e60 <tud_task_ext>
10004e74:	2000      	movs	r0, #0
10004e76:	f001 fa8f 	bl	10006398 <tud_cdc_n_write_flush>
10004e7a:	19ad      	adds	r5, r5, r6
10004e7c:	f7fc ff8e 	bl	10001d9c <time_us_64>
10004e80:	4b0d      	ldr	r3, [pc, #52]	@ (10004eb8 <stdio_usb_out_chars+0xe0>)
10004e82:	6018      	str	r0, [r3, #0]
10004e84:	6059      	str	r1, [r3, #4]
10004e86:	e7de      	b.n	10004e46 <stdio_usb_out_chars+0x6e>
10004e88:	f7fc ff88 	bl	10001d9c <time_us_64>
10004e8c:	4b0a      	ldr	r3, [pc, #40]	@ (10004eb8 <stdio_usb_out_chars+0xe0>)
10004e8e:	681e      	ldr	r6, [r3, #0]
10004e90:	685f      	ldr	r7, [r3, #4]
10004e92:	4a0a      	ldr	r2, [pc, #40]	@ (10004ebc <stdio_usb_out_chars+0xe4>)
10004e94:	2300      	movs	r3, #0
10004e96:	1992      	adds	r2, r2, r6
10004e98:	417b      	adcs	r3, r7
10004e9a:	4299      	cmp	r1, r3
10004e9c:	d8be      	bhi.n	10004e1c <stdio_usb_out_chars+0x44>
10004e9e:	d1d2      	bne.n	10004e46 <stdio_usb_out_chars+0x6e>
10004ea0:	4290      	cmp	r0, r2
10004ea2:	d9d0      	bls.n	10004e46 <stdio_usb_out_chars+0x6e>
10004ea4:	e7ba      	b.n	10004e1c <stdio_usb_out_chars+0x44>
10004ea6:	2500      	movs	r5, #0
10004ea8:	e7cd      	b.n	10004e46 <stdio_usb_out_chars+0x6e>
10004eaa:	46c0      	nop			@ (mov r8, r8)
10004eac:	000f4240 	.word	0x000f4240
10004eb0:	2000311c 	.word	0x2000311c
10004eb4:	7fffffff 	.word	0x7fffffff
10004eb8:	20002250 	.word	0x20002250
10004ebc:	0007a120 	.word	0x0007a120

10004ec0 <tud_descriptor_device_cb>:
10004ec0:	4800      	ldr	r0, [pc, #0]	@ (10004ec4 <tud_descriptor_device_cb+0x4>)
10004ec2:	4770      	bx	lr
10004ec4:	10009d84 	.word	0x10009d84

10004ec8 <tud_descriptor_configuration_cb>:
10004ec8:	4800      	ldr	r0, [pc, #0]	@ (10004ecc <tud_descriptor_configuration_cb+0x4>)
10004eca:	4770      	bx	lr
10004ecc:	10009d30 	.word	0x10009d30

10004ed0 <tud_descriptor_string_cb>:
10004ed0:	b510      	push	{r4, lr}
10004ed2:	0004      	movs	r4, r0
10004ed4:	4b15      	ldr	r3, [pc, #84]	@ (10004f2c <tud_descriptor_string_cb+0x5c>)
10004ed6:	781b      	ldrb	r3, [r3, #0]
10004ed8:	2b00      	cmp	r3, #0
10004eda:	d00e      	beq.n	10004efa <tud_descriptor_string_cb+0x2a>
10004edc:	2c00      	cmp	r4, #0
10004ede:	d111      	bne.n	10004f04 <tud_descriptor_string_cb+0x34>
10004ee0:	4b13      	ldr	r3, [pc, #76]	@ (10004f30 <tud_descriptor_string_cb+0x60>)
10004ee2:	4a14      	ldr	r2, [pc, #80]	@ (10004f34 <tud_descriptor_string_cb+0x64>)
10004ee4:	805a      	strh	r2, [r3, #2]
10004ee6:	2301      	movs	r3, #1
10004ee8:	3301      	adds	r3, #1
10004eea:	005b      	lsls	r3, r3, #1
10004eec:	b29b      	uxth	r3, r3
10004eee:	4810      	ldr	r0, [pc, #64]	@ (10004f30 <tud_descriptor_string_cb+0x60>)
10004ef0:	22c0      	movs	r2, #192	@ 0xc0
10004ef2:	0092      	lsls	r2, r2, #2
10004ef4:	4313      	orrs	r3, r2
10004ef6:	8003      	strh	r3, [r0, #0]
10004ef8:	bd10      	pop	{r4, pc}
10004efa:	480c      	ldr	r0, [pc, #48]	@ (10004f2c <tud_descriptor_string_cb+0x5c>)
10004efc:	2111      	movs	r1, #17
10004efe:	f000 f825 	bl	10004f4c <pico_get_unique_board_id_string>
10004f02:	e7eb      	b.n	10004edc <tud_descriptor_string_cb+0xc>
10004f04:	2c05      	cmp	r4, #5
10004f06:	d80e      	bhi.n	10004f26 <tud_descriptor_string_cb+0x56>
10004f08:	4b0b      	ldr	r3, [pc, #44]	@ (10004f38 <tud_descriptor_string_cb+0x68>)
10004f0a:	00a4      	lsls	r4, r4, #2
10004f0c:	58e4      	ldr	r4, [r4, r3]
10004f0e:	2300      	movs	r3, #0
10004f10:	2b12      	cmp	r3, #18
10004f12:	d8e9      	bhi.n	10004ee8 <tud_descriptor_string_cb+0x18>
10004f14:	5ce1      	ldrb	r1, [r4, r3]
10004f16:	2900      	cmp	r1, #0
10004f18:	d0e6      	beq.n	10004ee8 <tud_descriptor_string_cb+0x18>
10004f1a:	3301      	adds	r3, #1
10004f1c:	4a04      	ldr	r2, [pc, #16]	@ (10004f30 <tud_descriptor_string_cb+0x60>)
10004f1e:	0058      	lsls	r0, r3, #1
10004f20:	5281      	strh	r1, [r0, r2]
10004f22:	b2db      	uxtb	r3, r3
10004f24:	e7f4      	b.n	10004f10 <tud_descriptor_string_cb+0x40>
10004f26:	2000      	movs	r0, #0
10004f28:	e7e6      	b.n	10004ef8 <tud_descriptor_string_cb+0x28>
10004f2a:	46c0      	nop			@ (mov r8, r8)
10004f2c:	20003124 	.word	0x20003124
10004f30:	20002a98 	.word	0x20002a98
10004f34:	00000409 	.word	0x00000409
10004f38:	10009d18 	.word	0x10009d18

10004f3c <_retrieve_unique_id_on_boot>:
10004f3c:	b510      	push	{r4, lr}
10004f3e:	4802      	ldr	r0, [pc, #8]	@ (10004f48 <_retrieve_unique_id_on_boot+0xc>)
10004f40:	f000 f830 	bl	10004fa4 <flash_get_unique_id>
10004f44:	bd10      	pop	{r4, pc}
10004f46:	46c0      	nop			@ (mov r8, r8)
10004f48:	20002f0c 	.word	0x20002f0c

10004f4c <pico_get_unique_board_id_string>:
10004f4c:	b510      	push	{r4, lr}
10004f4e:	2900      	cmp	r1, #0
10004f50:	d001      	beq.n	10004f56 <pico_get_unique_board_id_string+0xa>
10004f52:	2300      	movs	r3, #0
10004f54:	e008      	b.n	10004f68 <pico_get_unique_board_id_string+0x1c>
10004f56:	4b0f      	ldr	r3, [pc, #60]	@ (10004f94 <pico_get_unique_board_id_string+0x48>)
10004f58:	4a0f      	ldr	r2, [pc, #60]	@ (10004f98 <pico_get_unique_board_id_string+0x4c>)
10004f5a:	4810      	ldr	r0, [pc, #64]	@ (10004f9c <pico_get_unique_board_id_string+0x50>)
10004f5c:	3135      	adds	r1, #53	@ 0x35
10004f5e:	f7ff fb01 	bl	10004564 <__assert_func>
10004f62:	3237      	adds	r2, #55	@ 0x37
10004f64:	54c2      	strb	r2, [r0, r3]
10004f66:	3301      	adds	r3, #1
10004f68:	1e4a      	subs	r2, r1, #1
10004f6a:	429a      	cmp	r2, r3
10004f6c:	d90e      	bls.n	10004f8c <pico_get_unique_board_id_string+0x40>
10004f6e:	2b0f      	cmp	r3, #15
10004f70:	d80c      	bhi.n	10004f8c <pico_get_unique_board_id_string+0x40>
10004f72:	085a      	lsrs	r2, r3, #1
10004f74:	4c0a      	ldr	r4, [pc, #40]	@ (10004fa0 <pico_get_unique_board_id_string+0x54>)
10004f76:	5ca4      	ldrb	r4, [r4, r2]
10004f78:	2201      	movs	r2, #1
10004f7a:	439a      	bics	r2, r3
10004f7c:	0092      	lsls	r2, r2, #2
10004f7e:	4114      	asrs	r4, r2
10004f80:	220f      	movs	r2, #15
10004f82:	4022      	ands	r2, r4
10004f84:	2a09      	cmp	r2, #9
10004f86:	dcec      	bgt.n	10004f62 <pico_get_unique_board_id_string+0x16>
10004f88:	3230      	adds	r2, #48	@ 0x30
10004f8a:	e7eb      	b.n	10004f64 <pico_get_unique_board_id_string+0x18>
10004f8c:	18c0      	adds	r0, r0, r3
10004f8e:	2300      	movs	r3, #0
10004f90:	7003      	strb	r3, [r0, #0]
10004f92:	bd10      	pop	{r4, pc}
10004f94:	100092c0 	.word	0x100092c0
10004f98:	10009d98 	.word	0x10009d98
10004f9c:	100092c8 	.word	0x100092c8
10004fa0:	20002f0c 	.word	0x20002f0c

10004fa4 <flash_get_unique_id>:
10004fa4:	b570      	push	{r4, r5, r6, lr}
10004fa6:	b088      	sub	sp, #32
10004fa8:	0004      	movs	r4, r0
10004faa:	ad04      	add	r5, sp, #16
10004fac:	220d      	movs	r2, #13
10004fae:	2100      	movs	r1, #0
10004fb0:	0028      	movs	r0, r5
10004fb2:	f7fe f99b 	bl	100032ec <__wrap_memset>
10004fb6:	220d      	movs	r2, #13
10004fb8:	2100      	movs	r1, #0
10004fba:	4668      	mov	r0, sp
10004fbc:	f7fe f996 	bl	100032ec <__wrap_memset>
10004fc0:	234b      	movs	r3, #75	@ 0x4b
10004fc2:	702b      	strb	r3, [r5, #0]
10004fc4:	220d      	movs	r2, #13
10004fc6:	4669      	mov	r1, sp
10004fc8:	0028      	movs	r0, r5
10004fca:	f003 fa5d 	bl	10008488 <__flash_do_cmd_veneer>
10004fce:	2300      	movs	r3, #0
10004fd0:	e004      	b.n	10004fdc <flash_get_unique_id+0x38>
10004fd2:	1d5a      	adds	r2, r3, #5
10004fd4:	4669      	mov	r1, sp
10004fd6:	5c8a      	ldrb	r2, [r1, r2]
10004fd8:	54e2      	strb	r2, [r4, r3]
10004fda:	3301      	adds	r3, #1
10004fdc:	2b07      	cmp	r3, #7
10004fde:	ddf8      	ble.n	10004fd2 <flash_get_unique_id+0x2e>
10004fe0:	b008      	add	sp, #32
10004fe2:	bd70      	pop	{r4, r5, r6, pc}

10004fe4 <hw_endpoint_init>:
10004fe4:	b570      	push	{r4, r5, r6, lr}
10004fe6:	b082      	sub	sp, #8
10004fe8:	237f      	movs	r3, #127	@ 0x7f
10004fea:	4003      	ands	r3, r0
10004fec:	09c5      	lsrs	r5, r0, #7
10004fee:	4c27      	ldr	r4, [pc, #156]	@ (1000508c <hw_endpoint_init+0xa8>)
10004ff0:	005e      	lsls	r6, r3, #1
10004ff2:	1976      	adds	r6, r6, r5
10004ff4:	0176      	lsls	r6, r6, #5
10004ff6:	19a4      	adds	r4, r4, r6
10004ff8:	70a0      	strb	r0, [r4, #2]
10004ffa:	4268      	negs	r0, r5
10004ffc:	4168      	adcs	r0, r5
10004ffe:	7060      	strb	r0, [r4, #1]
10005000:	2000      	movs	r0, #0
10005002:	70e0      	strb	r0, [r4, #3]
10005004:	8321      	strh	r1, [r4, #24]
10005006:	76e2      	strb	r2, [r4, #27]
10005008:	2d01      	cmp	r5, #1
1000500a:	d01e      	beq.n	1000504a <hw_endpoint_init+0x66>
1000500c:	00d8      	lsls	r0, r3, #3
1000500e:	4a20      	ldr	r2, [pc, #128]	@ (10005090 <hw_endpoint_init+0xac>)
10005010:	4694      	mov	ip, r2
10005012:	4460      	add	r0, ip
10005014:	4a1d      	ldr	r2, [pc, #116]	@ (1000508c <hw_endpoint_init+0xa8>)
10005016:	0059      	lsls	r1, r3, #1
10005018:	1949      	adds	r1, r1, r5
1000501a:	0149      	lsls	r1, r1, #5
1000501c:	1852      	adds	r2, r2, r1
1000501e:	6090      	str	r0, [r2, #8]
10005020:	4a1a      	ldr	r2, [pc, #104]	@ (1000508c <hw_endpoint_init+0xa8>)
10005022:	0059      	lsls	r1, r3, #1
10005024:	1949      	adds	r1, r1, r5
10005026:	0149      	lsls	r1, r1, #5
10005028:	1852      	adds	r2, r2, r1
1000502a:	6892      	ldr	r2, [r2, #8]
1000502c:	2100      	movs	r1, #0
1000502e:	6011      	str	r1, [r2, #0]
10005030:	2b00      	cmp	r3, #0
10005032:	d110      	bne.n	10005056 <hw_endpoint_init+0x72>
10005034:	4a15      	ldr	r2, [pc, #84]	@ (1000508c <hw_endpoint_init+0xa8>)
10005036:	005b      	lsls	r3, r3, #1
10005038:	195b      	adds	r3, r3, r5
1000503a:	015b      	lsls	r3, r3, #5
1000503c:	18d3      	adds	r3, r2, r3
1000503e:	2200      	movs	r2, #0
10005040:	605a      	str	r2, [r3, #4]
10005042:	4a14      	ldr	r2, [pc, #80]	@ (10005094 <hw_endpoint_init+0xb0>)
10005044:	60da      	str	r2, [r3, #12]
10005046:	b002      	add	sp, #8
10005048:	bd70      	pop	{r4, r5, r6, pc}
1000504a:	00d8      	lsls	r0, r3, #3
1000504c:	4a12      	ldr	r2, [pc, #72]	@ (10005098 <hw_endpoint_init+0xb4>)
1000504e:	4694      	mov	ip, r2
10005050:	4460      	add	r0, ip
10005052:	60a0      	str	r0, [r4, #8]
10005054:	e7e4      	b.n	10005020 <hw_endpoint_init+0x3c>
10005056:	2d01      	cmp	r5, #1
10005058:	d00b      	beq.n	10005072 <hw_endpoint_init+0x8e>
1000505a:	1e59      	subs	r1, r3, #1
1000505c:	00c9      	lsls	r1, r1, #3
1000505e:	4a0f      	ldr	r2, [pc, #60]	@ (1000509c <hw_endpoint_init+0xb8>)
10005060:	4694      	mov	ip, r2
10005062:	4461      	add	r1, ip
10005064:	4a09      	ldr	r2, [pc, #36]	@ (1000508c <hw_endpoint_init+0xa8>)
10005066:	005b      	lsls	r3, r3, #1
10005068:	195b      	adds	r3, r3, r5
1000506a:	015b      	lsls	r3, r3, #5
1000506c:	18d2      	adds	r2, r2, r3
1000506e:	6051      	str	r1, [r2, #4]
10005070:	e7e9      	b.n	10005046 <hw_endpoint_init+0x62>
10005072:	1e59      	subs	r1, r3, #1
10005074:	00c9      	lsls	r1, r1, #3
10005076:	4a0a      	ldr	r2, [pc, #40]	@ (100050a0 <hw_endpoint_init+0xbc>)
10005078:	4694      	mov	ip, r2
1000507a:	4461      	add	r1, ip
1000507c:	4a03      	ldr	r2, [pc, #12]	@ (1000508c <hw_endpoint_init+0xa8>)
1000507e:	005b      	lsls	r3, r3, #1
10005080:	195b      	adds	r3, r3, r5
10005082:	015b      	lsls	r3, r3, #5
10005084:	18d2      	adds	r2, r2, r3
10005086:	6051      	str	r1, [r2, #4]
10005088:	e7dd      	b.n	10005046 <hw_endpoint_init+0x62>
1000508a:	46c0      	nop			@ (mov r8, r8)
1000508c:	20002ad4 	.word	0x20002ad4
10005090:	50100084 	.word	0x50100084
10005094:	50100100 	.word	0x50100100
10005098:	50100080 	.word	0x50100080
1000509c:	5010000c 	.word	0x5010000c
100050a0:	50100008 	.word	0x50100008

100050a4 <hw_endpoint_alloc>:
100050a4:	b510      	push	{r4, lr}
100050a6:	8b03      	ldrh	r3, [r0, #24]
100050a8:	333f      	adds	r3, #63	@ 0x3f
100050aa:	223f      	movs	r2, #63	@ 0x3f
100050ac:	4393      	bics	r3, r2
100050ae:	7ec2      	ldrb	r2, [r0, #27]
100050b0:	2a02      	cmp	r2, #2
100050b2:	d008      	beq.n	100050c6 <hw_endpoint_alloc+0x22>
100050b4:	4908      	ldr	r1, [pc, #32]	@ (100050d8 <hw_endpoint_alloc+0x34>)
100050b6:	680a      	ldr	r2, [r1, #0]
100050b8:	60c2      	str	r2, [r0, #12]
100050ba:	18d3      	adds	r3, r2, r3
100050bc:	600b      	str	r3, [r1, #0]
100050be:	4a07      	ldr	r2, [pc, #28]	@ (100050dc <hw_endpoint_alloc+0x38>)
100050c0:	4293      	cmp	r3, r2
100050c2:	d802      	bhi.n	100050ca <hw_endpoint_alloc+0x26>
100050c4:	bd10      	pop	{r4, pc}
100050c6:	005b      	lsls	r3, r3, #1
100050c8:	e7f4      	b.n	100050b4 <hw_endpoint_alloc+0x10>
100050ca:	4b05      	ldr	r3, [pc, #20]	@ (100050e0 <hw_endpoint_alloc+0x3c>)
100050cc:	4a05      	ldr	r2, [pc, #20]	@ (100050e4 <hw_endpoint_alloc+0x40>)
100050ce:	4806      	ldr	r0, [pc, #24]	@ (100050e8 <hw_endpoint_alloc+0x44>)
100050d0:	2152      	movs	r1, #82	@ 0x52
100050d2:	f7ff fa47 	bl	10004564 <__assert_func>
100050d6:	46c0      	nop			@ (mov r8, r8)
100050d8:	20002ed8 	.word	0x20002ed8
100050dc:	50100fff 	.word	0x50100fff
100050e0:	100094ac 	.word	0x100094ac
100050e4:	10009df8 	.word	0x10009df8
100050e8:	100094f0 	.word	0x100094f0

100050ec <hw_endpoint_open>:
100050ec:	b5f8      	push	{r3, r4, r5, r6, r7, lr}
100050ee:	257f      	movs	r5, #127	@ 0x7f
100050f0:	4005      	ands	r5, r0
100050f2:	09c6      	lsrs	r6, r0, #7
100050f4:	006b      	lsls	r3, r5, #1
100050f6:	199b      	adds	r3, r3, r6
100050f8:	015b      	lsls	r3, r3, #5
100050fa:	4c0e      	ldr	r4, [pc, #56]	@ (10005134 <hw_endpoint_open+0x48>)
100050fc:	191c      	adds	r4, r3, r4
100050fe:	f7ff ff71 	bl	10004fe4 <hw_endpoint_init>
10005102:	2d00      	cmp	r5, #0
10005104:	d100      	bne.n	10005108 <hw_endpoint_open+0x1c>
10005106:	bdf8      	pop	{r3, r4, r5, r6, r7, pc}
10005108:	4b0a      	ldr	r3, [pc, #40]	@ (10005134 <hw_endpoint_open+0x48>)
1000510a:	006d      	lsls	r5, r5, #1
1000510c:	19ad      	adds	r5, r5, r6
1000510e:	016d      	lsls	r5, r5, #5
10005110:	195d      	adds	r5, r3, r5
10005112:	8b29      	ldrh	r1, [r5, #24]
10005114:	0020      	movs	r0, r4
10005116:	f7ff ffc5 	bl	100050a4 <hw_endpoint_alloc>
1000511a:	7eeb      	ldrb	r3, [r5, #27]
1000511c:	069b      	lsls	r3, r3, #26
1000511e:	68e9      	ldr	r1, [r5, #12]
10005120:	4a05      	ldr	r2, [pc, #20]	@ (10005138 <hw_endpoint_open+0x4c>)
10005122:	404a      	eors	r2, r1
10005124:	4313      	orrs	r3, r2
10005126:	2280      	movs	r2, #128	@ 0x80
10005128:	0612      	lsls	r2, r2, #24
1000512a:	4313      	orrs	r3, r2
1000512c:	686a      	ldr	r2, [r5, #4]
1000512e:	6013      	str	r3, [r2, #0]
10005130:	e7e9      	b.n	10005106 <hw_endpoint_open+0x1a>
10005132:	46c0      	nop			@ (mov r8, r8)
10005134:	20002ad4 	.word	0x20002ad4
10005138:	50100000 	.word	0x50100000

1000513c <hw_endpoint_xfer>:
1000513c:	b510      	push	{r4, lr}
1000513e:	0004      	movs	r4, r0
10005140:	207f      	movs	r0, #127	@ 0x7f
10005142:	4020      	ands	r0, r4
10005144:	09e4      	lsrs	r4, r4, #7
10005146:	0040      	lsls	r0, r0, #1
10005148:	1900      	adds	r0, r0, r4
1000514a:	0140      	lsls	r0, r0, #5
1000514c:	4b02      	ldr	r3, [pc, #8]	@ (10005158 <hw_endpoint_xfer+0x1c>)
1000514e:	18c0      	adds	r0, r0, r3
10005150:	f000 f926 	bl	100053a0 <hw_endpoint_xfer_start>
10005154:	bd10      	pop	{r4, pc}
10005156:	46c0      	nop			@ (mov r8, r8)
10005158:	20002ad4 	.word	0x20002ad4

1000515c <dcd_int_enable>:
1000515c:	b510      	push	{r4, lr}
1000515e:	2800      	cmp	r0, #0
10005160:	d104      	bne.n	1000516c <dcd_int_enable+0x10>
10005162:	2101      	movs	r1, #1
10005164:	2005      	movs	r0, #5
10005166:	f7fb ff95 	bl	10001094 <irq_set_enabled>
1000516a:	bd10      	pop	{r4, pc}
1000516c:	4b03      	ldr	r3, [pc, #12]	@ (1000517c <dcd_int_enable+0x20>)
1000516e:	4a04      	ldr	r2, [pc, #16]	@ (10005180 <dcd_int_enable+0x24>)
10005170:	2198      	movs	r1, #152	@ 0x98
10005172:	4804      	ldr	r0, [pc, #16]	@ (10005184 <dcd_int_enable+0x28>)
10005174:	31ff      	adds	r1, #255	@ 0xff
10005176:	f7ff f9f5 	bl	10004564 <__assert_func>
1000517a:	46c0      	nop			@ (mov r8, r8)
1000517c:	10009560 	.word	0x10009560
10005180:	10009de8 	.word	0x10009de8
10005184:	100094f0 	.word	0x100094f0

10005188 <dcd_set_address>:
10005188:	b510      	push	{r4, lr}
1000518a:	2800      	cmp	r0, #0
1000518c:	d105      	bne.n	1000519a <dcd_set_address+0x12>
1000518e:	2200      	movs	r2, #0
10005190:	2100      	movs	r1, #0
10005192:	2080      	movs	r0, #128	@ 0x80
10005194:	f7ff ffd2 	bl	1000513c <hw_endpoint_xfer>
10005198:	bd10      	pop	{r4, pc}
1000519a:	4b03      	ldr	r3, [pc, #12]	@ (100051a8 <dcd_set_address+0x20>)
1000519c:	4a03      	ldr	r2, [pc, #12]	@ (100051ac <dcd_set_address+0x24>)
1000519e:	21a2      	movs	r1, #162	@ 0xa2
100051a0:	4803      	ldr	r0, [pc, #12]	@ (100051b0 <dcd_set_address+0x28>)
100051a2:	31ff      	adds	r1, #255	@ 0xff
100051a4:	f7ff f9de 	bl	10004564 <__assert_func>
100051a8:	10009560 	.word	0x10009560
100051ac:	10009dd8 	.word	0x10009dd8
100051b0:	100094f0 	.word	0x100094f0

100051b4 <dcd_connect>:
100051b4:	4b02      	ldr	r3, [pc, #8]	@ (100051c0 <dcd_connect+0xc>)
100051b6:	2280      	movs	r2, #128	@ 0x80
100051b8:	0252      	lsls	r2, r2, #9
100051ba:	64da      	str	r2, [r3, #76]	@ 0x4c
100051bc:	4770      	bx	lr
100051be:	46c0      	nop			@ (mov r8, r8)
100051c0:	50112000 	.word	0x50112000

100051c4 <dcd_init>:
100051c4:	b570      	push	{r4, r5, r6, lr}
100051c6:	1e04      	subs	r4, r0, #0
100051c8:	d127      	bne.n	1000521a <dcd_init+0x56>
100051ca:	f000 f8c7 	bl	1000535c <rp2040_usb_init>
100051ce:	4d16      	ldr	r5, [pc, #88]	@ (10005228 <dcd_init+0x64>)
100051d0:	230c      	movs	r3, #12
100051d2:	67ab      	str	r3, [r5, #120]	@ 0x78
100051d4:	4915      	ldr	r1, [pc, #84]	@ (1000522c <dcd_init+0x68>)
100051d6:	22ff      	movs	r2, #255	@ 0xff
100051d8:	2005      	movs	r0, #5
100051da:	f7fb ffad 	bl	10001138 <irq_add_shared_handler>
100051de:	4814      	ldr	r0, [pc, #80]	@ (10005230 <dcd_init+0x6c>)
100051e0:	2240      	movs	r2, #64	@ 0x40
100051e2:	2100      	movs	r1, #0
100051e4:	f7fe f882 	bl	100032ec <__wrap_memset>
100051e8:	2200      	movs	r2, #0
100051ea:	2140      	movs	r1, #64	@ 0x40
100051ec:	2000      	movs	r0, #0
100051ee:	f7ff ff7d 	bl	100050ec <hw_endpoint_open>
100051f2:	2200      	movs	r2, #0
100051f4:	2140      	movs	r1, #64	@ 0x40
100051f6:	2080      	movs	r0, #128	@ 0x80
100051f8:	f7ff ff78 	bl	100050ec <hw_endpoint_open>
100051fc:	f003 f9a4 	bl	10008548 <__reset_non_control_endpoints_veneer>
10005200:	2301      	movs	r3, #1
10005202:	642b      	str	r3, [r5, #64]	@ 0x40
10005204:	2380      	movs	r3, #128	@ 0x80
10005206:	059b      	lsls	r3, r3, #22
10005208:	64eb      	str	r3, [r5, #76]	@ 0x4c
1000520a:	2390      	movs	r3, #144	@ 0x90
1000520c:	4a09      	ldr	r2, [pc, #36]	@ (10005234 <dcd_init+0x70>)
1000520e:	50ea      	str	r2, [r5, r3]
10005210:	0020      	movs	r0, r4
10005212:	f7ff ffcf 	bl	100051b4 <dcd_connect>
10005216:	2001      	movs	r0, #1
10005218:	bd70      	pop	{r4, r5, r6, pc}
1000521a:	4b07      	ldr	r3, [pc, #28]	@ (10005238 <dcd_init+0x74>)
1000521c:	4a07      	ldr	r2, [pc, #28]	@ (1000523c <dcd_init+0x78>)
1000521e:	2164      	movs	r1, #100	@ 0x64
10005220:	4807      	ldr	r0, [pc, #28]	@ (10005240 <dcd_init+0x7c>)
10005222:	31ff      	adds	r1, #255	@ 0xff
10005224:	f7ff f99e 	bl	10004564 <__assert_func>
10005228:	50110000 	.word	0x50110000
1000522c:	2000046d 	.word	0x2000046d
10005230:	20002ad4 	.word	0x20002ad4
10005234:	0001d010 	.word	0x0001d010
10005238:	10009560 	.word	0x10009560
1000523c:	10009e0c 	.word	0x10009e0c
10005240:	100094f0 	.word	0x100094f0

10005244 <dcd_sof_enable>:
10005244:	4b04      	ldr	r3, [pc, #16]	@ (10005258 <dcd_sof_enable+0x14>)
10005246:	7019      	strb	r1, [r3, #0]
10005248:	2900      	cmp	r1, #0
1000524a:	d004      	beq.n	10005256 <dcd_sof_enable+0x12>
1000524c:	4a03      	ldr	r2, [pc, #12]	@ (1000525c <dcd_sof_enable+0x18>)
1000524e:	2390      	movs	r3, #144	@ 0x90
10005250:	2180      	movs	r1, #128	@ 0x80
10005252:	0289      	lsls	r1, r1, #10
10005254:	50d1      	str	r1, [r2, r3]
10005256:	4770      	bx	lr
10005258:	20003137 	.word	0x20003137
1000525c:	50112000 	.word	0x50112000

10005260 <dcd_edpt0_status_complete>:
10005260:	780b      	ldrb	r3, [r1, #0]
10005262:	065b      	lsls	r3, r3, #25
10005264:	d102      	bne.n	1000526c <dcd_edpt0_status_complete+0xc>
10005266:	784b      	ldrb	r3, [r1, #1]
10005268:	2b05      	cmp	r3, #5
1000526a:	d000      	beq.n	1000526e <dcd_edpt0_status_complete+0xe>
1000526c:	4770      	bx	lr
1000526e:	788a      	ldrb	r2, [r1, #2]
10005270:	4b01      	ldr	r3, [pc, #4]	@ (10005278 <dcd_edpt0_status_complete+0x18>)
10005272:	601a      	str	r2, [r3, #0]
10005274:	e7fa      	b.n	1000526c <dcd_edpt0_status_complete+0xc>
10005276:	46c0      	nop			@ (mov r8, r8)
10005278:	50110000 	.word	0x50110000

1000527c <dcd_edpt_open>:
1000527c:	b510      	push	{r4, lr}
1000527e:	78ca      	ldrb	r2, [r1, #3]
10005280:	0792      	lsls	r2, r2, #30
10005282:	0f92      	lsrs	r2, r2, #30
10005284:	2a01      	cmp	r2, #1
10005286:	d00a      	beq.n	1000529e <dcd_edpt_open+0x22>
10005288:	7888      	ldrb	r0, [r1, #2]
1000528a:	790b      	ldrb	r3, [r1, #4]
1000528c:	7949      	ldrb	r1, [r1, #5]
1000528e:	0209      	lsls	r1, r1, #8
10005290:	4319      	orrs	r1, r3
10005292:	0549      	lsls	r1, r1, #21
10005294:	0d49      	lsrs	r1, r1, #21
10005296:	f7ff ff29 	bl	100050ec <hw_endpoint_open>
1000529a:	2001      	movs	r0, #1
1000529c:	bd10      	pop	{r4, pc}
1000529e:	2000      	movs	r0, #0
100052a0:	e7fc      	b.n	1000529c <dcd_edpt_open+0x20>

100052a2 <dcd_edpt_close_all>:
100052a2:	b510      	push	{r4, lr}
100052a4:	f003 f950 	bl	10008548 <__reset_non_control_endpoints_veneer>
100052a8:	bd10      	pop	{r4, pc}
	...

100052ac <dcd_edpt_xfer>:
100052ac:	b510      	push	{r4, lr}
100052ae:	0004      	movs	r4, r0
100052b0:	0008      	movs	r0, r1
100052b2:	0011      	movs	r1, r2
100052b4:	001a      	movs	r2, r3
100052b6:	2c00      	cmp	r4, #0
100052b8:	d103      	bne.n	100052c2 <dcd_edpt_xfer+0x16>
100052ba:	f7ff ff3f 	bl	1000513c <hw_endpoint_xfer>
100052be:	2001      	movs	r0, #1
100052c0:	bd10      	pop	{r4, pc}
100052c2:	4b03      	ldr	r3, [pc, #12]	@ (100052d0 <dcd_edpt_xfer+0x24>)
100052c4:	4a03      	ldr	r2, [pc, #12]	@ (100052d4 <dcd_edpt_xfer+0x28>)
100052c6:	2181      	movs	r1, #129	@ 0x81
100052c8:	4803      	ldr	r0, [pc, #12]	@ (100052d8 <dcd_edpt_xfer+0x2c>)
100052ca:	0089      	lsls	r1, r1, #2
100052cc:	f7ff f94a 	bl	10004564 <__assert_func>
100052d0:	10009560 	.word	0x10009560
100052d4:	10009dc8 	.word	0x10009dc8
100052d8:	100094f0 	.word	0x100094f0

100052dc <dcd_edpt_stall>:
100052dc:	b510      	push	{r4, lr}
100052de:	237f      	movs	r3, #127	@ 0x7f
100052e0:	0018      	movs	r0, r3
100052e2:	4008      	ands	r0, r1
100052e4:	420b      	tst	r3, r1
100052e6:	d105      	bne.n	100052f4 <dcd_edpt_stall+0x18>
100052e8:	09cb      	lsrs	r3, r1, #7
100052ea:	2b01      	cmp	r3, #1
100052ec:	d00e      	beq.n	1000530c <dcd_edpt_stall+0x30>
100052ee:	2202      	movs	r2, #2
100052f0:	4b07      	ldr	r3, [pc, #28]	@ (10005310 <dcd_edpt_stall+0x34>)
100052f2:	669a      	str	r2, [r3, #104]	@ 0x68
100052f4:	09c9      	lsrs	r1, r1, #7
100052f6:	0040      	lsls	r0, r0, #1
100052f8:	1840      	adds	r0, r0, r1
100052fa:	0140      	lsls	r0, r0, #5
100052fc:	4b05      	ldr	r3, [pc, #20]	@ (10005314 <dcd_edpt_stall+0x38>)
100052fe:	18c0      	adds	r0, r0, r3
10005300:	2280      	movs	r2, #128	@ 0x80
10005302:	0112      	lsls	r2, r2, #4
10005304:	2100      	movs	r1, #0
10005306:	f003 f917 	bl	10008538 <___hw_endpoint_buffer_control_update32_veneer>
1000530a:	bd10      	pop	{r4, pc}
1000530c:	2201      	movs	r2, #1
1000530e:	e7ef      	b.n	100052f0 <dcd_edpt_stall+0x14>
10005310:	50112000 	.word	0x50112000
10005314:	20002ad4 	.word	0x20002ad4

10005318 <dcd_edpt_clear_stall>:
10005318:	b510      	push	{r4, lr}
1000531a:	227f      	movs	r2, #127	@ 0x7f
1000531c:	0010      	movs	r0, r2
1000531e:	4008      	ands	r0, r1
10005320:	420a      	tst	r2, r1
10005322:	d100      	bne.n	10005326 <dcd_edpt_clear_stall+0xe>
10005324:	bd10      	pop	{r4, pc}
10005326:	09c9      	lsrs	r1, r1, #7
10005328:	0040      	lsls	r0, r0, #1
1000532a:	1840      	adds	r0, r0, r1
1000532c:	0140      	lsls	r0, r0, #5
1000532e:	4b04      	ldr	r3, [pc, #16]	@ (10005340 <dcd_edpt_clear_stall+0x28>)
10005330:	18c0      	adds	r0, r0, r3
10005332:	2300      	movs	r3, #0
10005334:	70c3      	strb	r3, [r0, #3]
10005336:	2200      	movs	r2, #0
10005338:	4902      	ldr	r1, [pc, #8]	@ (10005344 <dcd_edpt_clear_stall+0x2c>)
1000533a:	f003 f8fd 	bl	10008538 <___hw_endpoint_buffer_control_update32_veneer>
1000533e:	e7f1      	b.n	10005324 <dcd_edpt_clear_stall+0xc>
10005340:	20002ad4 	.word	0x20002ad4
10005344:	fffff7ff 	.word	0xfffff7ff

10005348 <unaligned_memcpy>:
10005348:	e004      	b.n	10005354 <unaligned_memcpy+0xc>
1000534a:	780a      	ldrb	r2, [r1, #0]
1000534c:	7002      	strb	r2, [r0, #0]
1000534e:	3101      	adds	r1, #1
10005350:	3001      	adds	r0, #1
10005352:	001a      	movs	r2, r3
10005354:	1e53      	subs	r3, r2, #1
10005356:	2a00      	cmp	r2, #0
10005358:	d1f7      	bne.n	1000534a <unaligned_memcpy+0x2>
1000535a:	4770      	bx	lr

1000535c <rp2040_usb_init>:
1000535c:	b510      	push	{r4, lr}
1000535e:	2380      	movs	r3, #128	@ 0x80
10005360:	045b      	lsls	r3, r3, #17
10005362:	4a0a      	ldr	r2, [pc, #40]	@ (1000538c <rp2040_usb_init+0x30>)
10005364:	6013      	str	r3, [r2, #0]
10005366:	4a0a      	ldr	r2, [pc, #40]	@ (10005390 <rp2040_usb_init+0x34>)
10005368:	6013      	str	r3, [r2, #0]
1000536a:	4b0a      	ldr	r3, [pc, #40]	@ (10005394 <rp2040_usb_init+0x38>)
1000536c:	681a      	ldr	r2, [r3, #0]
1000536e:	2380      	movs	r3, #128	@ 0x80
10005370:	045b      	lsls	r3, r3, #17
10005372:	4393      	bics	r3, r2
10005374:	d1f9      	bne.n	1000536a <rp2040_usb_init+0xe>
10005376:	2280      	movs	r2, #128	@ 0x80
10005378:	0152      	lsls	r2, r2, #5
1000537a:	2100      	movs	r1, #0
1000537c:	4806      	ldr	r0, [pc, #24]	@ (10005398 <rp2040_usb_init+0x3c>)
1000537e:	f7fd ffb5 	bl	100032ec <__wrap_memset>
10005382:	4b06      	ldr	r3, [pc, #24]	@ (1000539c <rp2040_usb_init+0x40>)
10005384:	2209      	movs	r2, #9
10005386:	675a      	str	r2, [r3, #116]	@ 0x74
10005388:	bd10      	pop	{r4, pc}
1000538a:	46c0      	nop			@ (mov r8, r8)
1000538c:	4000e000 	.word	0x4000e000
10005390:	4000f000 	.word	0x4000f000
10005394:	4000c008 	.word	0x4000c008
10005398:	50100000 	.word	0x50100000
1000539c:	50110000 	.word	0x50110000

100053a0 <hw_endpoint_xfer_start>:
100053a0:	b570      	push	{r4, r5, r6, lr}
100053a2:	0004      	movs	r4, r0
100053a4:	000d      	movs	r5, r1
100053a6:	0016      	movs	r6, r2
100053a8:	7e83      	ldrb	r3, [r0, #26]
100053aa:	2b00      	cmp	r3, #0
100053ac:	d117      	bne.n	100053de <hw_endpoint_xfer_start+0x3e>
100053ae:	82a6      	strh	r6, [r4, #20]
100053b0:	2300      	movs	r3, #0
100053b2:	82e3      	strh	r3, [r4, #22]
100053b4:	3301      	adds	r3, #1
100053b6:	76a3      	strb	r3, [r4, #26]
100053b8:	6125      	str	r5, [r4, #16]
100053ba:	0020      	movs	r0, r4
100053bc:	f003 f8b4 	bl	10008528 <__e15_is_bulkin_ep_veneer>
100053c0:	2800      	cmp	r0, #0
100053c2:	d004      	beq.n	100053ce <hw_endpoint_xfer_start+0x2e>
100053c4:	4a0c      	ldr	r2, [pc, #48]	@ (100053f8 <hw_endpoint_xfer_start+0x58>)
100053c6:	2390      	movs	r3, #144	@ 0x90
100053c8:	2180      	movs	r1, #128	@ 0x80
100053ca:	0289      	lsls	r1, r1, #10
100053cc:	50d1      	str	r1, [r2, r3]
100053ce:	0020      	movs	r0, r4
100053d0:	f003 f872 	bl	100084b8 <__e15_is_critical_frame_period_veneer>
100053d4:	2800      	cmp	r0, #0
100053d6:	d00a      	beq.n	100053ee <hw_endpoint_xfer_start+0x4e>
100053d8:	2301      	movs	r3, #1
100053da:	7723      	strb	r3, [r4, #28]
100053dc:	bd70      	pop	{r4, r5, r6, pc}
100053de:	7881      	ldrb	r1, [r0, #2]
100053e0:	4806      	ldr	r0, [pc, #24]	@ (100053fc <hw_endpoint_xfer_start+0x5c>)
100053e2:	f7ff faa1 	bl	10004928 <__wrap_printf>
100053e6:	0020      	movs	r0, r4
100053e8:	f003 f896 	bl	10008518 <__hw_endpoint_reset_transfer_veneer>
100053ec:	e7df      	b.n	100053ae <hw_endpoint_xfer_start+0xe>
100053ee:	0020      	movs	r0, r4
100053f0:	f003 f88a 	bl	10008508 <__hw_endpoint_start_next_buffer_veneer>
100053f4:	e7f2      	b.n	100053dc <hw_endpoint_xfer_start+0x3c>
100053f6:	46c0      	nop			@ (mov r8, r8)
100053f8:	50112000 	.word	0x50112000
100053fc:	10009650 	.word	0x10009650

10005400 <configuration_reset>:
10005400:	b570      	push	{r4, r5, r6, lr}
10005402:	0005      	movs	r5, r0
10005404:	2400      	movs	r4, #0
10005406:	e008      	b.n	1000541a <configuration_reset+0x1a>
10005408:	1a9b      	subs	r3, r3, r2
1000540a:	015b      	lsls	r3, r3, #5
1000540c:	4a16      	ldr	r2, [pc, #88]	@ (10005468 <configuration_reset+0x68>)
1000540e:	189b      	adds	r3, r3, r2
10005410:	68db      	ldr	r3, [r3, #12]
10005412:	0028      	movs	r0, r5
10005414:	4798      	blx	r3
10005416:	3401      	adds	r4, #1
10005418:	b2e4      	uxtb	r4, r4
1000541a:	4b14      	ldr	r3, [pc, #80]	@ (1000546c <configuration_reset+0x6c>)
1000541c:	781a      	ldrb	r2, [r3, #0]
1000541e:	0023      	movs	r3, r4
10005420:	1c51      	adds	r1, r2, #1
10005422:	42a1      	cmp	r1, r4
10005424:	db0d      	blt.n	10005442 <configuration_reset+0x42>
10005426:	42a2      	cmp	r2, r4
10005428:	d9ee      	bls.n	10005408 <configuration_reset+0x8>
1000542a:	4b11      	ldr	r3, [pc, #68]	@ (10005470 <configuration_reset+0x70>)
1000542c:	681b      	ldr	r3, [r3, #0]
1000542e:	0162      	lsls	r2, r4, #5
10005430:	189b      	adds	r3, r3, r2
10005432:	2b00      	cmp	r3, #0
10005434:	d1ec      	bne.n	10005410 <configuration_reset+0x10>
10005436:	490f      	ldr	r1, [pc, #60]	@ (10005474 <configuration_reset+0x74>)
10005438:	480f      	ldr	r0, [pc, #60]	@ (10005478 <configuration_reset+0x78>)
1000543a:	4a10      	ldr	r2, [pc, #64]	@ (1000547c <configuration_reset+0x7c>)
1000543c:	f7ff fa74 	bl	10004928 <__wrap_printf>
10005440:	e010      	b.n	10005464 <configuration_reset+0x64>
10005442:	4c0f      	ldr	r4, [pc, #60]	@ (10005480 <configuration_reset+0x80>)
10005444:	2254      	movs	r2, #84	@ 0x54
10005446:	2100      	movs	r1, #0
10005448:	0020      	movs	r0, r4
1000544a:	f7fd ff4f 	bl	100032ec <__wrap_memset>
1000544e:	1d20      	adds	r0, r4, #4
10005450:	2210      	movs	r2, #16
10005452:	21ff      	movs	r1, #255	@ 0xff
10005454:	f7fd ff4a 	bl	100032ec <__wrap_memset>
10005458:	0020      	movs	r0, r4
1000545a:	3014      	adds	r0, #20
1000545c:	2220      	movs	r2, #32
1000545e:	21ff      	movs	r1, #255	@ 0xff
10005460:	f7fd ff44 	bl	100032ec <__wrap_memset>
10005464:	bd70      	pop	{r4, r5, r6, pc}
10005466:	46c0      	nop			@ (mov r8, r8)
10005468:	10009f88 	.word	0x10009f88
1000546c:	20003136 	.word	0x20003136
10005470:	200023c0 	.word	0x200023c0
10005474:	10009f54 	.word	0x10009f54
10005478:	10009688 	.word	0x10009688
1000547c:	00000225 	.word	0x00000225
10005480:	20002570 	.word	0x20002570

10005484 <critical_section_enter_blocking>:
10005484:	6802      	ldr	r2, [r0, #0]
10005486:	f3ef 8110 	mrs	r1, PRIMASK
1000548a:	b672      	cpsid	i
1000548c:	6813      	ldr	r3, [r2, #0]
1000548e:	2b00      	cmp	r3, #0
10005490:	d0fc      	beq.n	1000548c <critical_section_enter_blocking+0x8>
10005492:	f3bf 8f5f 	dmb	sy
10005496:	6041      	str	r1, [r0, #4]
10005498:	4770      	bx	lr

1000549a <usbd_reset>:
1000549a:	b510      	push	{r4, lr}
1000549c:	f7ff ffb0 	bl	10005400 <configuration_reset>
100054a0:	f000 fe5e 	bl	10006160 <usbd_control_reset>
100054a4:	bd10      	pop	{r4, pc}

100054a6 <invoke_class_control>:
100054a6:	b570      	push	{r4, r5, r6, lr}
100054a8:	0005      	movs	r5, r0
100054aa:	000c      	movs	r4, r1
100054ac:	0016      	movs	r6, r2
100054ae:	6948      	ldr	r0, [r1, #20]
100054b0:	f000 fe60 	bl	10006174 <usbd_control_set_complete_callback>
100054b4:	6963      	ldr	r3, [r4, #20]
100054b6:	0032      	movs	r2, r6
100054b8:	2101      	movs	r1, #1
100054ba:	0028      	movs	r0, r5
100054bc:	4798      	blx	r3
100054be:	bd70      	pop	{r4, r5, r6, pc}

100054c0 <process_set_config>:
100054c0:	b5f0      	push	{r4, r5, r6, r7, lr}
100054c2:	46de      	mov	lr, fp
100054c4:	4657      	mov	r7, sl
100054c6:	464e      	mov	r6, r9
100054c8:	4645      	mov	r5, r8
100054ca:	b5e0      	push	{r5, r6, r7, lr}
100054cc:	b083      	sub	sp, #12
100054ce:	4682      	mov	sl, r0
100054d0:	3901      	subs	r1, #1
100054d2:	b2c8      	uxtb	r0, r1
100054d4:	f7ff fcf8 	bl	10004ec8 <tud_descriptor_configuration_cb>
100054d8:	2800      	cmp	r0, #0
100054da:	d003      	beq.n	100054e4 <process_set_config+0x24>
100054dc:	7843      	ldrb	r3, [r0, #1]
100054de:	4699      	mov	r9, r3
100054e0:	2b02      	cmp	r3, #2
100054e2:	d00c      	beq.n	100054fe <process_set_config+0x3e>
100054e4:	4956      	ldr	r1, [pc, #344]	@ (10005640 <process_set_config+0x180>)
100054e6:	4857      	ldr	r0, [pc, #348]	@ (10005644 <process_set_config+0x184>)
100054e8:	4a57      	ldr	r2, [pc, #348]	@ (10005648 <process_set_config+0x188>)
100054ea:	f7ff fa1d 	bl	10004928 <__wrap_printf>
100054ee:	2000      	movs	r0, #0
100054f0:	b003      	add	sp, #12
100054f2:	bcf0      	pop	{r4, r5, r6, r7}
100054f4:	46bb      	mov	fp, r7
100054f6:	46b2      	mov	sl, r6
100054f8:	46a9      	mov	r9, r5
100054fa:	46a0      	mov	r8, r4
100054fc:	bdf0      	pop	{r4, r5, r6, r7, pc}
100054fe:	79c5      	ldrb	r5, [r0, #7]
10005500:	116c      	asrs	r4, r5, #5
10005502:	2201      	movs	r2, #1
10005504:	4b51      	ldr	r3, [pc, #324]	@ (1000564c <process_set_config+0x18c>)
10005506:	4014      	ands	r4, r2
10005508:	0124      	lsls	r4, r4, #4
1000550a:	7819      	ldrb	r1, [r3, #0]
1000550c:	2610      	movs	r6, #16
1000550e:	43b1      	bics	r1, r6
10005510:	4321      	orrs	r1, r4
10005512:	7019      	strb	r1, [r3, #0]
10005514:	11ad      	asrs	r5, r5, #6
10005516:	402a      	ands	r2, r5
10005518:	0152      	lsls	r2, r2, #5
1000551a:	b2c9      	uxtb	r1, r1
1000551c:	2420      	movs	r4, #32
1000551e:	43a1      	bics	r1, r4
10005520:	430a      	orrs	r2, r1
10005522:	701a      	strb	r2, [r3, #0]
10005524:	0006      	movs	r6, r0
10005526:	3609      	adds	r6, #9
10005528:	7882      	ldrb	r2, [r0, #2]
1000552a:	78c3      	ldrb	r3, [r0, #3]
1000552c:	021b      	lsls	r3, r3, #8
1000552e:	4313      	orrs	r3, r2
10005530:	4683      	mov	fp, r0
10005532:	449b      	add	fp, r3
10005534:	464b      	mov	r3, r9
10005536:	9301      	str	r3, [sp, #4]
10005538:	0037      	movs	r7, r6
1000553a:	e066      	b.n	1000560a <process_set_config+0x14a>
1000553c:	78fb      	ldrb	r3, [r7, #3]
1000553e:	4699      	mov	r9, r3
10005540:	783a      	ldrb	r2, [r7, #0]
10005542:	18bf      	adds	r7, r7, r2
10005544:	e068      	b.n	10005618 <process_set_config+0x158>
10005546:	493e      	ldr	r1, [pc, #248]	@ (10005640 <process_set_config+0x180>)
10005548:	483e      	ldr	r0, [pc, #248]	@ (10005644 <process_set_config+0x184>)
1000554a:	4a41      	ldr	r2, [pc, #260]	@ (10005650 <process_set_config+0x190>)
1000554c:	f7ff f9ec 	bl	10004928 <__wrap_printf>
10005550:	2000      	movs	r0, #0
10005552:	e7cd      	b.n	100054f0 <process_set_config+0x30>
10005554:	9a00      	ldr	r2, [sp, #0]
10005556:	1ad3      	subs	r3, r2, r3
10005558:	015b      	lsls	r3, r3, #5
1000555a:	4e3e      	ldr	r6, [pc, #248]	@ (10005654 <process_set_config+0x194>)
1000555c:	199e      	adds	r6, r3, r6
1000555e:	6933      	ldr	r3, [r6, #16]
10005560:	0022      	movs	r2, r4
10005562:	0039      	movs	r1, r7
10005564:	4650      	mov	r0, sl
10005566:	4798      	blx	r3
10005568:	2808      	cmp	r0, #8
1000556a:	d901      	bls.n	10005570 <process_set_config+0xb0>
1000556c:	4284      	cmp	r4, r0
1000556e:	d216      	bcs.n	1000559e <process_set_config+0xde>
10005570:	3501      	adds	r5, #1
10005572:	b2ed      	uxtb	r5, r5
10005574:	4b38      	ldr	r3, [pc, #224]	@ (10005658 <process_set_config+0x198>)
10005576:	781b      	ldrb	r3, [r3, #0]
10005578:	9500      	str	r5, [sp, #0]
1000557a:	1c5a      	adds	r2, r3, #1
1000557c:	42aa      	cmp	r2, r5
1000557e:	db3e      	blt.n	100055fe <process_set_config+0x13e>
10005580:	42ab      	cmp	r3, r5
10005582:	d9e7      	bls.n	10005554 <process_set_config+0x94>
10005584:	4b35      	ldr	r3, [pc, #212]	@ (1000565c <process_set_config+0x19c>)
10005586:	681b      	ldr	r3, [r3, #0]
10005588:	016e      	lsls	r6, r5, #5
1000558a:	199e      	adds	r6, r3, r6
1000558c:	2e00      	cmp	r6, #0
1000558e:	d1e6      	bne.n	1000555e <process_set_config+0x9e>
10005590:	492b      	ldr	r1, [pc, #172]	@ (10005640 <process_set_config+0x180>)
10005592:	482c      	ldr	r0, [pc, #176]	@ (10005644 <process_set_config+0x184>)
10005594:	4a32      	ldr	r2, [pc, #200]	@ (10005660 <process_set_config+0x1a0>)
10005596:	f7ff f9c7 	bl	10004928 <__wrap_printf>
1000559a:	2000      	movs	r0, #0
1000559c:	e7a8      	b.n	100054f0 <process_set_config+0x30>
1000559e:	0034      	movs	r4, r6
100055a0:	9e00      	ldr	r6, [sp, #0]
100055a2:	9000      	str	r0, [sp, #0]
100055a4:	464b      	mov	r3, r9
100055a6:	2b01      	cmp	r3, #1
100055a8:	d011      	beq.n	100055ce <process_set_config+0x10e>
100055aa:	2000      	movs	r0, #0
100055ac:	4649      	mov	r1, r9
100055ae:	4281      	cmp	r1, r0
100055b0:	d91b      	bls.n	100055ea <process_set_config+0x12a>
100055b2:	78bb      	ldrb	r3, [r7, #2]
100055b4:	181b      	adds	r3, r3, r0
100055b6:	b2db      	uxtb	r3, r3
100055b8:	4a24      	ldr	r2, [pc, #144]	@ (1000564c <process_set_config+0x18c>)
100055ba:	18d2      	adds	r2, r2, r3
100055bc:	7912      	ldrb	r2, [r2, #4]
100055be:	2aff      	cmp	r2, #255	@ 0xff
100055c0:	d10c      	bne.n	100055dc <process_set_config+0x11c>
100055c2:	4a22      	ldr	r2, [pc, #136]	@ (1000564c <process_set_config+0x18c>)
100055c4:	18d3      	adds	r3, r2, r3
100055c6:	711d      	strb	r5, [r3, #4]
100055c8:	3001      	adds	r0, #1
100055ca:	b2c0      	uxtb	r0, r0
100055cc:	e7ef      	b.n	100055ae <process_set_config+0xee>
100055ce:	6921      	ldr	r1, [r4, #16]
100055d0:	4a24      	ldr	r2, [pc, #144]	@ (10005664 <process_set_config+0x1a4>)
100055d2:	4291      	cmp	r1, r2
100055d4:	d1e9      	bne.n	100055aa <process_set_config+0xea>
100055d6:	9b01      	ldr	r3, [sp, #4]
100055d8:	4699      	mov	r9, r3
100055da:	e7e6      	b.n	100055aa <process_set_config+0xea>
100055dc:	4918      	ldr	r1, [pc, #96]	@ (10005640 <process_set_config+0x180>)
100055de:	4819      	ldr	r0, [pc, #100]	@ (10005644 <process_set_config+0x184>)
100055e0:	4a21      	ldr	r2, [pc, #132]	@ (10005668 <process_set_config+0x1a8>)
100055e2:	f7ff f9a1 	bl	10004928 <__wrap_printf>
100055e6:	2000      	movs	r0, #0
100055e8:	e782      	b.n	100054f0 <process_set_config+0x30>
100055ea:	4820      	ldr	r0, [pc, #128]	@ (1000566c <process_set_config+0x1ac>)
100055ec:	002b      	movs	r3, r5
100055ee:	9c00      	ldr	r4, [sp, #0]
100055f0:	0022      	movs	r2, r4
100055f2:	0039      	movs	r1, r7
100055f4:	f001 fc68 	bl	10006ec8 <tu_edpt_bind_driver>
100055f8:	46a4      	mov	ip, r4
100055fa:	4467      	add	r7, ip
100055fc:	e000      	b.n	10005600 <process_set_config+0x140>
100055fe:	002e      	movs	r6, r5
10005600:	4b15      	ldr	r3, [pc, #84]	@ (10005658 <process_set_config+0x198>)
10005602:	781b      	ldrb	r3, [r3, #0]
10005604:	3301      	adds	r3, #1
10005606:	429e      	cmp	r6, r3
10005608:	dc0f      	bgt.n	1000562a <process_set_config+0x16a>
1000560a:	455f      	cmp	r7, fp
1000560c:	d215      	bcs.n	1000563a <process_set_config+0x17a>
1000560e:	787b      	ldrb	r3, [r7, #1]
10005610:	2b0b      	cmp	r3, #11
10005612:	d093      	beq.n	1000553c <process_set_config+0x7c>
10005614:	2301      	movs	r3, #1
10005616:	4699      	mov	r9, r3
10005618:	787a      	ldrb	r2, [r7, #1]
1000561a:	2a04      	cmp	r2, #4
1000561c:	d193      	bne.n	10005546 <process_set_config+0x86>
1000561e:	465b      	mov	r3, fp
10005620:	1bda      	subs	r2, r3, r7
10005622:	b293      	uxth	r3, r2
10005624:	2500      	movs	r5, #0
10005626:	001c      	movs	r4, r3
10005628:	e7a4      	b.n	10005574 <process_set_config+0xb4>
1000562a:	2285      	movs	r2, #133	@ 0x85
1000562c:	4904      	ldr	r1, [pc, #16]	@ (10005640 <process_set_config+0x180>)
1000562e:	4805      	ldr	r0, [pc, #20]	@ (10005644 <process_set_config+0x184>)
10005630:	00d2      	lsls	r2, r2, #3
10005632:	f7ff f979 	bl	10004928 <__wrap_printf>
10005636:	2000      	movs	r0, #0
10005638:	e75a      	b.n	100054f0 <process_set_config+0x30>
1000563a:	2001      	movs	r0, #1
1000563c:	e758      	b.n	100054f0 <process_set_config+0x30>
1000563e:	46c0      	nop			@ (mov r8, r8)
10005640:	10009f28 	.word	0x10009f28
10005644:	10009688 	.word	0x10009688
10005648:	000003d6 	.word	0x000003d6
1000564c:	20002570 	.word	0x20002570
10005650:	000003f1 	.word	0x000003f1
10005654:	10009f88 	.word	0x10009f88
10005658:	20003136 	.word	0x20003136
1000565c:	200023c0 	.word	0x200023c0
10005660:	000003fa 	.word	0x000003fa
10005664:	1000660d 	.word	0x1000660d
10005668:	00000419 	.word	0x00000419
1000566c:	20002584 	.word	0x20002584

10005670 <tud_event_hook_cb>:
10005670:	4770      	bx	lr

10005672 <tud_sof_cb>:
10005672:	4770      	bx	lr

10005674 <tud_descriptor_device_qualifier_cb>:
10005674:	2000      	movs	r0, #0
10005676:	4770      	bx	lr

10005678 <tud_descriptor_other_speed_configuration_cb>:
10005678:	2000      	movs	r0, #0
1000567a:	4770      	bx	lr

1000567c <process_get_descriptor>:
1000567c:	b570      	push	{r4, r5, r6, lr}
1000567e:	0005      	movs	r5, r0
10005680:	000c      	movs	r4, r1
10005682:	78cb      	ldrb	r3, [r1, #3]
10005684:	7888      	ldrb	r0, [r1, #2]
10005686:	2b0f      	cmp	r3, #15
10005688:	d853      	bhi.n	10005732 <process_get_descriptor+0xb6>
1000568a:	009a      	lsls	r2, r3, #2
1000568c:	492e      	ldr	r1, [pc, #184]	@ (10005748 <process_get_descriptor+0xcc>)
1000568e:	588a      	ldr	r2, [r1, r2]
10005690:	4697      	mov	pc, r2
10005692:	f7ff fc15 	bl	10004ec0 <tud_descriptor_device_cb>
10005696:	1e02      	subs	r2, r0, #0
10005698:	d005      	beq.n	100056a6 <process_get_descriptor+0x2a>
1000569a:	2312      	movs	r3, #18
1000569c:	0021      	movs	r1, r4
1000569e:	0028      	movs	r0, r5
100056a0:	f000 fd12 	bl	100060c8 <tud_control_xfer>
100056a4:	e046      	b.n	10005734 <process_get_descriptor+0xb8>
100056a6:	4929      	ldr	r1, [pc, #164]	@ (1000574c <process_get_descriptor+0xd0>)
100056a8:	4829      	ldr	r0, [pc, #164]	@ (10005750 <process_get_descriptor+0xd4>)
100056aa:	4a2a      	ldr	r2, [pc, #168]	@ (10005754 <process_get_descriptor+0xd8>)
100056ac:	f7ff f93c 	bl	10004928 <__wrap_printf>
100056b0:	2000      	movs	r0, #0
100056b2:	e03f      	b.n	10005734 <process_get_descriptor+0xb8>
100056b4:	f7ff f998 	bl	100049e8 <tud_descriptor_bos_cb>
100056b8:	1e02      	subs	r2, r0, #0
100056ba:	d03c      	beq.n	10005736 <process_get_descriptor+0xba>
100056bc:	7881      	ldrb	r1, [r0, #2]
100056be:	78c3      	ldrb	r3, [r0, #3]
100056c0:	021b      	lsls	r3, r3, #8
100056c2:	430b      	orrs	r3, r1
100056c4:	0021      	movs	r1, r4
100056c6:	0028      	movs	r0, r5
100056c8:	f000 fcfe 	bl	100060c8 <tud_control_xfer>
100056cc:	e032      	b.n	10005734 <process_get_descriptor+0xb8>
100056ce:	2b02      	cmp	r3, #2
100056d0:	d00c      	beq.n	100056ec <process_get_descriptor+0x70>
100056d2:	f7ff ffd1 	bl	10005678 <tud_descriptor_other_speed_configuration_cb>
100056d6:	1e02      	subs	r2, r0, #0
100056d8:	d02f      	beq.n	1000573a <process_get_descriptor+0xbe>
100056da:	7891      	ldrb	r1, [r2, #2]
100056dc:	78d3      	ldrb	r3, [r2, #3]
100056de:	021b      	lsls	r3, r3, #8
100056e0:	430b      	orrs	r3, r1
100056e2:	0021      	movs	r1, r4
100056e4:	0028      	movs	r0, r5
100056e6:	f000 fcef 	bl	100060c8 <tud_control_xfer>
100056ea:	e023      	b.n	10005734 <process_get_descriptor+0xb8>
100056ec:	f7ff fbec 	bl	10004ec8 <tud_descriptor_configuration_cb>
100056f0:	1e02      	subs	r2, r0, #0
100056f2:	d1f2      	bne.n	100056da <process_get_descriptor+0x5e>
100056f4:	4915      	ldr	r1, [pc, #84]	@ (1000574c <process_get_descriptor+0xd0>)
100056f6:	4816      	ldr	r0, [pc, #88]	@ (10005750 <process_get_descriptor+0xd4>)
100056f8:	4a17      	ldr	r2, [pc, #92]	@ (10005758 <process_get_descriptor+0xdc>)
100056fa:	f7ff f915 	bl	10004928 <__wrap_printf>
100056fe:	2000      	movs	r0, #0
10005700:	e018      	b.n	10005734 <process_get_descriptor+0xb8>
10005702:	7923      	ldrb	r3, [r4, #4]
10005704:	7961      	ldrb	r1, [r4, #5]
10005706:	0209      	lsls	r1, r1, #8
10005708:	4319      	orrs	r1, r3
1000570a:	f7ff fbe1 	bl	10004ed0 <tud_descriptor_string_cb>
1000570e:	1e02      	subs	r2, r0, #0
10005710:	d015      	beq.n	1000573e <process_get_descriptor+0xc2>
10005712:	7803      	ldrb	r3, [r0, #0]
10005714:	0021      	movs	r1, r4
10005716:	0028      	movs	r0, r5
10005718:	f000 fcd6 	bl	100060c8 <tud_control_xfer>
1000571c:	e00a      	b.n	10005734 <process_get_descriptor+0xb8>
1000571e:	f7ff ffa9 	bl	10005674 <tud_descriptor_device_qualifier_cb>
10005722:	1e02      	subs	r2, r0, #0
10005724:	d00d      	beq.n	10005742 <process_get_descriptor+0xc6>
10005726:	7803      	ldrb	r3, [r0, #0]
10005728:	0021      	movs	r1, r4
1000572a:	0028      	movs	r0, r5
1000572c:	f000 fccc 	bl	100060c8 <tud_control_xfer>
10005730:	e000      	b.n	10005734 <process_get_descriptor+0xb8>
10005732:	2000      	movs	r0, #0
10005734:	bd70      	pop	{r4, r5, r6, pc}
10005736:	2000      	movs	r0, #0
10005738:	e7fc      	b.n	10005734 <process_get_descriptor+0xb8>
1000573a:	2000      	movs	r0, #0
1000573c:	e7fa      	b.n	10005734 <process_get_descriptor+0xb8>
1000573e:	2000      	movs	r0, #0
10005740:	e7f8      	b.n	10005734 <process_get_descriptor+0xb8>
10005742:	2000      	movs	r0, #0
10005744:	e7f6      	b.n	10005734 <process_get_descriptor+0xb8>
10005746:	46c0      	nop			@ (mov r8, r8)
10005748:	10009e28 	.word	0x10009e28
1000574c:	10009f10 	.word	0x10009f10
10005750:	10009688 	.word	0x10009688
10005754:	0000043a 	.word	0x0000043a
10005758:	00000461 	.word	0x00000461

1000575c <tud_mount_cb>:
1000575c:	4770      	bx	lr

1000575e <tud_umount_cb>:
1000575e:	4770      	bx	lr

10005760 <tud_suspend_cb>:
10005760:	4770      	bx	lr

10005762 <tud_resume_cb>:
10005762:	4770      	bx	lr

10005764 <tud_mounted>:
10005764:	4b02      	ldr	r3, [pc, #8]	@ (10005770 <tud_mounted+0xc>)
10005766:	7858      	ldrb	r0, [r3, #1]
10005768:	1e43      	subs	r3, r0, #1
1000576a:	4198      	sbcs	r0, r3
1000576c:	b2c0      	uxtb	r0, r0
1000576e:	4770      	bx	lr
10005770:	20002570 	.word	0x20002570

10005774 <tud_suspended>:
10005774:	4b02      	ldr	r3, [pc, #8]	@ (10005780 <tud_suspended+0xc>)
10005776:	7818      	ldrb	r0, [r3, #0]
10005778:	0740      	lsls	r0, r0, #29
1000577a:	0fc0      	lsrs	r0, r0, #31
1000577c:	4770      	bx	lr
1000577e:	46c0      	nop			@ (mov r8, r8)
10005780:	20002570 	.word	0x20002570

10005784 <tud_inited>:
10005784:	4b03      	ldr	r3, [pc, #12]	@ (10005794 <tud_inited+0x10>)
10005786:	7818      	ldrb	r0, [r3, #0]
10005788:	38ff      	subs	r0, #255	@ 0xff
1000578a:	1e43      	subs	r3, r0, #1
1000578c:	4198      	sbcs	r0, r3
1000578e:	b2c0      	uxtb	r0, r0
10005790:	4770      	bx	lr
10005792:	46c0      	nop			@ (mov r8, r8)
10005794:	20001b64 	.word	0x20001b64

10005798 <tud_rhport_init>:
10005798:	b5f8      	push	{r3, r4, r5, r6, r7, lr}
1000579a:	0005      	movs	r5, r0
1000579c:	000f      	movs	r7, r1
1000579e:	f7ff fff1 	bl	10005784 <tud_inited>
100057a2:	1e06      	subs	r6, r0, #0
100057a4:	d148      	bne.n	10005838 <tud_rhport_init+0xa0>
100057a6:	2f00      	cmp	r7, #0
100057a8:	d021      	beq.n	100057ee <tud_rhport_init+0x56>
100057aa:	482e      	ldr	r0, [pc, #184]	@ (10005864 <tud_rhport_init+0xcc>)
100057ac:	2254      	movs	r2, #84	@ 0x54
100057ae:	2100      	movs	r1, #0
100057b0:	f7fd fd9c 	bl	100032ec <__wrap_memset>
100057b4:	4b2c      	ldr	r3, [pc, #176]	@ (10005868 <tud_rhport_init+0xd0>)
100057b6:	2200      	movs	r2, #0
100057b8:	701a      	strb	r2, [r3, #0]
100057ba:	4c2c      	ldr	r4, [pc, #176]	@ (1000586c <tud_rhport_init+0xd4>)
100057bc:	0020      	movs	r0, r4
100057be:	f7fb fe5d 	bl	1000147c <mutex_init>
100057c2:	4b2b      	ldr	r3, [pc, #172]	@ (10005870 <tud_rhport_init+0xd8>)
100057c4:	601c      	str	r4, [r3, #0]
100057c6:	4c2b      	ldr	r4, [pc, #172]	@ (10005874 <tud_rhport_init+0xdc>)
100057c8:	0020      	movs	r0, r4
100057ca:	f7fb fea3 	bl	10001514 <critical_section_init>
100057ce:	3c14      	subs	r4, #20
100057d0:	0020      	movs	r0, r4
100057d2:	f001 ff13 	bl	100075fc <tu_fifo_clear>
100057d6:	4b28      	ldr	r3, [pc, #160]	@ (10005878 <tud_rhport_init+0xe0>)
100057d8:	601c      	str	r4, [r3, #0]
100057da:	4b28      	ldr	r3, [pc, #160]	@ (1000587c <tud_rhport_init+0xe4>)
100057dc:	2b00      	cmp	r3, #0
100057de:	d004      	beq.n	100057ea <tud_rhport_init+0x52>
100057e0:	4827      	ldr	r0, [pc, #156]	@ (10005880 <tud_rhport_init+0xe8>)
100057e2:	f7ff f921 	bl	10004a28 <usbd_app_driver_get_cb>
100057e6:	4b27      	ldr	r3, [pc, #156]	@ (10005884 <tud_rhport_init+0xec>)
100057e8:	6018      	str	r0, [r3, #0]
100057ea:	2400      	movs	r4, #0
100057ec:	e010      	b.n	10005810 <tud_rhport_init+0x78>
100057ee:	22e9      	movs	r2, #233	@ 0xe9
100057f0:	4925      	ldr	r1, [pc, #148]	@ (10005888 <tud_rhport_init+0xf0>)
100057f2:	4826      	ldr	r0, [pc, #152]	@ (1000588c <tud_rhport_init+0xf4>)
100057f4:	0052      	lsls	r2, r2, #1
100057f6:	f7ff f897 	bl	10004928 <__wrap_printf>
100057fa:	e01d      	b.n	10005838 <tud_rhport_init+0xa0>
100057fc:	1a9b      	subs	r3, r3, r2
100057fe:	015b      	lsls	r3, r3, #5
10005800:	4a23      	ldr	r2, [pc, #140]	@ (10005890 <tud_rhport_init+0xf8>)
10005802:	189b      	adds	r3, r3, r2
10005804:	685b      	ldr	r3, [r3, #4]
10005806:	2b00      	cmp	r3, #0
10005808:	d010      	beq.n	1000582c <tud_rhport_init+0x94>
1000580a:	4798      	blx	r3
1000580c:	3401      	adds	r4, #1
1000580e:	b2e4      	uxtb	r4, r4
10005810:	4b1b      	ldr	r3, [pc, #108]	@ (10005880 <tud_rhport_init+0xe8>)
10005812:	781a      	ldrb	r2, [r3, #0]
10005814:	0023      	movs	r3, r4
10005816:	1c51      	adds	r1, r2, #1
10005818:	42a1      	cmp	r1, r4
1000581a:	db0f      	blt.n	1000583c <tud_rhport_init+0xa4>
1000581c:	42a2      	cmp	r2, r4
1000581e:	d9ed      	bls.n	100057fc <tud_rhport_init+0x64>
10005820:	4b18      	ldr	r3, [pc, #96]	@ (10005884 <tud_rhport_init+0xec>)
10005822:	681b      	ldr	r3, [r3, #0]
10005824:	0162      	lsls	r2, r4, #5
10005826:	189b      	adds	r3, r3, r2
10005828:	2b00      	cmp	r3, #0
1000582a:	d1eb      	bne.n	10005804 <tud_rhport_init+0x6c>
1000582c:	22f8      	movs	r2, #248	@ 0xf8
1000582e:	4916      	ldr	r1, [pc, #88]	@ (10005888 <tud_rhport_init+0xf0>)
10005830:	4816      	ldr	r0, [pc, #88]	@ (1000588c <tud_rhport_init+0xf4>)
10005832:	0052      	lsls	r2, r2, #1
10005834:	f7ff f878 	bl	10004928 <__wrap_printf>
10005838:	0030      	movs	r0, r6
1000583a:	bdf8      	pop	{r3, r4, r5, r6, r7, pc}
1000583c:	4b15      	ldr	r3, [pc, #84]	@ (10005894 <tud_rhport_init+0xfc>)
1000583e:	701d      	strb	r5, [r3, #0]
10005840:	0039      	movs	r1, r7
10005842:	0028      	movs	r0, r5
10005844:	f7ff fcbe 	bl	100051c4 <dcd_init>
10005848:	1e06      	subs	r6, r0, #0
1000584a:	d003      	beq.n	10005854 <tud_rhport_init+0xbc>
1000584c:	0028      	movs	r0, r5
1000584e:	f7ff fc85 	bl	1000515c <dcd_int_enable>
10005852:	e7f1      	b.n	10005838 <tud_rhport_init+0xa0>
10005854:	22fc      	movs	r2, #252	@ 0xfc
10005856:	490c      	ldr	r1, [pc, #48]	@ (10005888 <tud_rhport_init+0xf0>)
10005858:	480c      	ldr	r0, [pc, #48]	@ (1000588c <tud_rhport_init+0xf4>)
1000585a:	0052      	lsls	r2, r2, #1
1000585c:	f7ff f864 	bl	10004928 <__wrap_printf>
10005860:	e7ea      	b.n	10005838 <tud_rhport_init+0xa0>
10005862:	46c0      	nop			@ (mov r8, r8)
10005864:	20002570 	.word	0x20002570
10005868:	20003138 	.word	0x20003138
1000586c:	20002568 	.word	0x20002568
10005870:	200025c4 	.word	0x200025c4
10005874:	20001b5c 	.word	0x20001b5c
10005878:	200025c8 	.word	0x200025c8
1000587c:	10004a29 	.word	0x10004a29
10005880:	20003136 	.word	0x20003136
10005884:	200023c0 	.word	0x200023c0
10005888:	10009f78 	.word	0x10009f78
1000588c:	10009688 	.word	0x10009688
10005890:	10009f88 	.word	0x10009f88
10005894:	20001b64 	.word	0x20001b64

10005898 <usbd_edpt_open>:
10005898:	b570      	push	{r4, r5, r6, lr}
1000589a:	000d      	movs	r5, r1
1000589c:	4b10      	ldr	r3, [pc, #64]	@ (100058e0 <usbd_edpt_open+0x48>)
1000589e:	781e      	ldrb	r6, [r3, #0]
100058a0:	788b      	ldrb	r3, [r1, #2]
100058a2:	2270      	movs	r2, #112	@ 0x70
100058a4:	421a      	tst	r2, r3
100058a6:	d10d      	bne.n	100058c4 <usbd_edpt_open+0x2c>
100058a8:	4b0e      	ldr	r3, [pc, #56]	@ (100058e4 <usbd_edpt_open+0x4c>)
100058aa:	7899      	ldrb	r1, [r3, #2]
100058ac:	0028      	movs	r0, r5
100058ae:	f001 fab5 	bl	10006e1c <tu_edpt_validate>
100058b2:	1e04      	subs	r4, r0, #0
100058b4:	d00d      	beq.n	100058d2 <usbd_edpt_open+0x3a>
100058b6:	0029      	movs	r1, r5
100058b8:	0030      	movs	r0, r6
100058ba:	f7ff fcdf 	bl	1000527c <dcd_edpt_open>
100058be:	0004      	movs	r4, r0
100058c0:	0020      	movs	r0, r4
100058c2:	bd70      	pop	{r4, r5, r6, pc}
100058c4:	4908      	ldr	r1, [pc, #32]	@ (100058e8 <usbd_edpt_open+0x50>)
100058c6:	4809      	ldr	r0, [pc, #36]	@ (100058ec <usbd_edpt_open+0x54>)
100058c8:	4a09      	ldr	r2, [pc, #36]	@ (100058f0 <usbd_edpt_open+0x58>)
100058ca:	f7ff f82d 	bl	10004928 <__wrap_printf>
100058ce:	2400      	movs	r4, #0
100058d0:	e7f6      	b.n	100058c0 <usbd_edpt_open+0x28>
100058d2:	4905      	ldr	r1, [pc, #20]	@ (100058e8 <usbd_edpt_open+0x50>)
100058d4:	4805      	ldr	r0, [pc, #20]	@ (100058ec <usbd_edpt_open+0x54>)
100058d6:	4a07      	ldr	r2, [pc, #28]	@ (100058f4 <usbd_edpt_open+0x5c>)
100058d8:	f7ff f826 	bl	10004928 <__wrap_printf>
100058dc:	e7f0      	b.n	100058c0 <usbd_edpt_open+0x28>
100058de:	46c0      	nop			@ (mov r8, r8)
100058e0:	20001b64 	.word	0x20001b64
100058e4:	20002570 	.word	0x20002570
100058e8:	10009ee0 	.word	0x10009ee0
100058ec:	10009688 	.word	0x10009688
100058f0:	0000050b 	.word	0x0000050b
100058f4:	0000050c 	.word	0x0000050c

100058f8 <usbd_open_edpt_pair>:
100058f8:	b5f0      	push	{r4, r5, r6, r7, lr}
100058fa:	46d6      	mov	lr, sl
100058fc:	464f      	mov	r7, r9
100058fe:	4646      	mov	r6, r8
10005900:	b5c0      	push	{r6, r7, lr}
10005902:	4681      	mov	r9, r0
10005904:	000c      	movs	r4, r1
10005906:	0017      	movs	r7, r2
10005908:	4698      	mov	r8, r3
1000590a:	9b08      	ldr	r3, [sp, #32]
1000590c:	469a      	mov	sl, r3
1000590e:	2500      	movs	r5, #0
10005910:	e017      	b.n	10005942 <usbd_open_edpt_pair+0x4a>
10005912:	4918      	ldr	r1, [pc, #96]	@ (10005974 <usbd_open_edpt_pair+0x7c>)
10005914:	4818      	ldr	r0, [pc, #96]	@ (10005978 <usbd_open_edpt_pair+0x80>)
10005916:	4a19      	ldr	r2, [pc, #100]	@ (1000597c <usbd_open_edpt_pair+0x84>)
10005918:	f7ff f806 	bl	10004928 <__wrap_printf>
1000591c:	2600      	movs	r6, #0
1000591e:	0030      	movs	r0, r6
10005920:	bce0      	pop	{r5, r6, r7}
10005922:	46ba      	mov	sl, r7
10005924:	46b1      	mov	r9, r6
10005926:	46a8      	mov	r8, r5
10005928:	bdf0      	pop	{r4, r5, r6, r7, pc}
1000592a:	229d      	movs	r2, #157	@ 0x9d
1000592c:	4911      	ldr	r1, [pc, #68]	@ (10005974 <usbd_open_edpt_pair+0x7c>)
1000592e:	4812      	ldr	r0, [pc, #72]	@ (10005978 <usbd_open_edpt_pair+0x80>)
10005930:	00d2      	lsls	r2, r2, #3
10005932:	f7fe fff9 	bl	10004928 <__wrap_printf>
10005936:	e7f2      	b.n	1000591e <usbd_open_edpt_pair+0x26>
10005938:	9a09      	ldr	r2, [sp, #36]	@ 0x24
1000593a:	7013      	strb	r3, [r2, #0]
1000593c:	7823      	ldrb	r3, [r4, #0]
1000593e:	18e4      	adds	r4, r4, r3
10005940:	3501      	adds	r5, #1
10005942:	42af      	cmp	r7, r5
10005944:	dd14      	ble.n	10005970 <usbd_open_edpt_pair+0x78>
10005946:	7863      	ldrb	r3, [r4, #1]
10005948:	2b05      	cmp	r3, #5
1000594a:	d1e2      	bne.n	10005912 <usbd_open_edpt_pair+0x1a>
1000594c:	78e1      	ldrb	r1, [r4, #3]
1000594e:	0789      	lsls	r1, r1, #30
10005950:	0f89      	lsrs	r1, r1, #30
10005952:	4541      	cmp	r1, r8
10005954:	d1dd      	bne.n	10005912 <usbd_open_edpt_pair+0x1a>
10005956:	0021      	movs	r1, r4
10005958:	4648      	mov	r0, r9
1000595a:	f7ff ff9d 	bl	10005898 <usbd_edpt_open>
1000595e:	1e06      	subs	r6, r0, #0
10005960:	d0e3      	beq.n	1000592a <usbd_open_edpt_pair+0x32>
10005962:	78a3      	ldrb	r3, [r4, #2]
10005964:	09da      	lsrs	r2, r3, #7
10005966:	2a01      	cmp	r2, #1
10005968:	d0e6      	beq.n	10005938 <usbd_open_edpt_pair+0x40>
1000596a:	4652      	mov	r2, sl
1000596c:	7013      	strb	r3, [r2, #0]
1000596e:	e7e5      	b.n	1000593c <usbd_open_edpt_pair+0x44>
10005970:	2601      	movs	r6, #1
10005972:	e7d4      	b.n	1000591e <usbd_open_edpt_pair+0x26>
10005974:	10009ef0 	.word	0x10009ef0
10005978:	10009688 	.word	0x10009688
1000597c:	000004e7 	.word	0x000004e7

10005980 <usbd_edpt_claim>:
10005980:	b510      	push	{r4, lr}
10005982:	207f      	movs	r0, #127	@ 0x7f
10005984:	4008      	ands	r0, r1
10005986:	09c9      	lsrs	r1, r1, #7
10005988:	0040      	lsls	r0, r0, #1
1000598a:	1840      	adds	r0, r0, r1
1000598c:	3030      	adds	r0, #48	@ 0x30
1000598e:	4b04      	ldr	r3, [pc, #16]	@ (100059a0 <usbd_edpt_claim+0x20>)
10005990:	18c0      	adds	r0, r0, r3
10005992:	3004      	adds	r0, #4
10005994:	4b03      	ldr	r3, [pc, #12]	@ (100059a4 <usbd_edpt_claim+0x24>)
10005996:	6819      	ldr	r1, [r3, #0]
10005998:	f001 f9fc 	bl	10006d94 <tu_edpt_claim>
1000599c:	bd10      	pop	{r4, pc}
1000599e:	46c0      	nop			@ (mov r8, r8)
100059a0:	20002570 	.word	0x20002570
100059a4:	200025c4 	.word	0x200025c4

100059a8 <usbd_edpt_release>:
100059a8:	b510      	push	{r4, lr}
100059aa:	207f      	movs	r0, #127	@ 0x7f
100059ac:	4008      	ands	r0, r1
100059ae:	09c9      	lsrs	r1, r1, #7
100059b0:	0040      	lsls	r0, r0, #1
100059b2:	1840      	adds	r0, r0, r1
100059b4:	3030      	adds	r0, #48	@ 0x30
100059b6:	4b04      	ldr	r3, [pc, #16]	@ (100059c8 <usbd_edpt_release+0x20>)
100059b8:	18c0      	adds	r0, r0, r3
100059ba:	3004      	adds	r0, #4
100059bc:	4b03      	ldr	r3, [pc, #12]	@ (100059cc <usbd_edpt_release+0x24>)
100059be:	6819      	ldr	r1, [r3, #0]
100059c0:	f001 fa10 	bl	10006de4 <tu_edpt_release>
100059c4:	bd10      	pop	{r4, pc}
100059c6:	46c0      	nop			@ (mov r8, r8)
100059c8:	20002570 	.word	0x20002570
100059cc:	200025c4 	.word	0x200025c4

100059d0 <usbd_edpt_xfer>:
100059d0:	b5f0      	push	{r4, r5, r6, r7, lr}
100059d2:	46c6      	mov	lr, r8
100059d4:	b500      	push	{lr}
100059d6:	b082      	sub	sp, #8
100059d8:	9301      	str	r3, [sp, #4]
100059da:	481a      	ldr	r0, [pc, #104]	@ (10005a44 <usbd_edpt_xfer+0x74>)
100059dc:	7800      	ldrb	r0, [r0, #0]
100059de:	257f      	movs	r5, #127	@ 0x7f
100059e0:	400d      	ands	r5, r1
100059e2:	09ce      	lsrs	r6, r1, #7
100059e4:	4c18      	ldr	r4, [pc, #96]	@ (10005a48 <usbd_edpt_xfer+0x78>)
100059e6:	006f      	lsls	r7, r5, #1
100059e8:	19e4      	adds	r4, r4, r7
100059ea:	19a4      	adds	r4, r4, r6
100059ec:	3430      	adds	r4, #48	@ 0x30
100059ee:	7924      	ldrb	r4, [r4, #4]
100059f0:	07e4      	lsls	r4, r4, #31
100059f2:	d41d      	bmi.n	10005a30 <usbd_edpt_xfer+0x60>
100059f4:	4c14      	ldr	r4, [pc, #80]	@ (10005a48 <usbd_edpt_xfer+0x78>)
100059f6:	006f      	lsls	r7, r5, #1
100059f8:	19e4      	adds	r4, r4, r7
100059fa:	19a4      	adds	r4, r4, r6
100059fc:	3430      	adds	r4, #48	@ 0x30
100059fe:	7923      	ldrb	r3, [r4, #4]
10005a00:	2701      	movs	r7, #1
10005a02:	46bc      	mov	ip, r7
10005a04:	4667      	mov	r7, ip
10005a06:	433b      	orrs	r3, r7
10005a08:	7123      	strb	r3, [r4, #4]
10005a0a:	9b01      	ldr	r3, [sp, #4]
10005a0c:	f7ff fc4e 	bl	100052ac <dcd_edpt_xfer>
10005a10:	2800      	cmp	r0, #0
10005a12:	d113      	bne.n	10005a3c <usbd_edpt_xfer+0x6c>
10005a14:	4b0c      	ldr	r3, [pc, #48]	@ (10005a48 <usbd_edpt_xfer+0x78>)
10005a16:	006d      	lsls	r5, r5, #1
10005a18:	195b      	adds	r3, r3, r5
10005a1a:	199b      	adds	r3, r3, r6
10005a1c:	3330      	adds	r3, #48	@ 0x30
10005a1e:	791a      	ldrb	r2, [r3, #4]
10005a20:	2101      	movs	r1, #1
10005a22:	438a      	bics	r2, r1
10005a24:	711a      	strb	r2, [r3, #4]
10005a26:	791a      	ldrb	r2, [r3, #4]
10005a28:	3103      	adds	r1, #3
10005a2a:	438a      	bics	r2, r1
10005a2c:	711a      	strb	r2, [r3, #4]
10005a2e:	e005      	b.n	10005a3c <usbd_edpt_xfer+0x6c>
10005a30:	4906      	ldr	r1, [pc, #24]	@ (10005a4c <usbd_edpt_xfer+0x7c>)
10005a32:	4807      	ldr	r0, [pc, #28]	@ (10005a50 <usbd_edpt_xfer+0x80>)
10005a34:	4a07      	ldr	r2, [pc, #28]	@ (10005a54 <usbd_edpt_xfer+0x84>)
10005a36:	f7fe ff77 	bl	10004928 <__wrap_printf>
10005a3a:	2000      	movs	r0, #0
10005a3c:	b002      	add	sp, #8
10005a3e:	bc80      	pop	{r7}
10005a40:	46b8      	mov	r8, r7
10005a42:	bdf0      	pop	{r4, r5, r6, r7, pc}
10005a44:	20001b64 	.word	0x20001b64
10005a48:	20002570 	.word	0x20002570
10005a4c:	10009ed0 	.word	0x10009ed0
10005a50:	10009688 	.word	0x10009688
10005a54:	00000539 	.word	0x00000539

10005a58 <usbd_edpt_stall>:
10005a58:	b570      	push	{r4, r5, r6, lr}
10005a5a:	4b0a      	ldr	r3, [pc, #40]	@ (10005a84 <usbd_edpt_stall+0x2c>)
10005a5c:	7818      	ldrb	r0, [r3, #0]
10005a5e:	247f      	movs	r4, #127	@ 0x7f
10005a60:	400c      	ands	r4, r1
10005a62:	09cd      	lsrs	r5, r1, #7
10005a64:	f7ff fc3a 	bl	100052dc <dcd_edpt_stall>
10005a68:	4a07      	ldr	r2, [pc, #28]	@ (10005a88 <usbd_edpt_stall+0x30>)
10005a6a:	0064      	lsls	r4, r4, #1
10005a6c:	1913      	adds	r3, r2, r4
10005a6e:	195b      	adds	r3, r3, r5
10005a70:	3330      	adds	r3, #48	@ 0x30
10005a72:	791a      	ldrb	r2, [r3, #4]
10005a74:	2102      	movs	r1, #2
10005a76:	430a      	orrs	r2, r1
10005a78:	711a      	strb	r2, [r3, #4]
10005a7a:	791a      	ldrb	r2, [r3, #4]
10005a7c:	2101      	movs	r1, #1
10005a7e:	430a      	orrs	r2, r1
10005a80:	711a      	strb	r2, [r3, #4]
10005a82:	bd70      	pop	{r4, r5, r6, pc}
10005a84:	20001b64 	.word	0x20001b64
10005a88:	20002570 	.word	0x20002570

10005a8c <usbd_edpt_clear_stall>:
10005a8c:	b570      	push	{r4, r5, r6, lr}
10005a8e:	4b0a      	ldr	r3, [pc, #40]	@ (10005ab8 <usbd_edpt_clear_stall+0x2c>)
10005a90:	7818      	ldrb	r0, [r3, #0]
10005a92:	247f      	movs	r4, #127	@ 0x7f
10005a94:	400c      	ands	r4, r1
10005a96:	09cd      	lsrs	r5, r1, #7
10005a98:	f7ff fc3e 	bl	10005318 <dcd_edpt_clear_stall>
10005a9c:	4a07      	ldr	r2, [pc, #28]	@ (10005abc <usbd_edpt_clear_stall+0x30>)
10005a9e:	0064      	lsls	r4, r4, #1
10005aa0:	1913      	adds	r3, r2, r4
10005aa2:	195b      	adds	r3, r3, r5
10005aa4:	3330      	adds	r3, #48	@ 0x30
10005aa6:	791a      	ldrb	r2, [r3, #4]
10005aa8:	2102      	movs	r1, #2
10005aaa:	438a      	bics	r2, r1
10005aac:	711a      	strb	r2, [r3, #4]
10005aae:	791a      	ldrb	r2, [r3, #4]
10005ab0:	3901      	subs	r1, #1
10005ab2:	438a      	bics	r2, r1
10005ab4:	711a      	strb	r2, [r3, #4]
10005ab6:	bd70      	pop	{r4, r5, r6, pc}
10005ab8:	20001b64 	.word	0x20001b64
10005abc:	20002570 	.word	0x20002570

10005ac0 <usbd_edpt_stalled>:
10005ac0:	227f      	movs	r2, #127	@ 0x7f
10005ac2:	400a      	ands	r2, r1
10005ac4:	09c9      	lsrs	r1, r1, #7
10005ac6:	4b04      	ldr	r3, [pc, #16]	@ (10005ad8 <usbd_edpt_stalled+0x18>)
10005ac8:	0052      	lsls	r2, r2, #1
10005aca:	189b      	adds	r3, r3, r2
10005acc:	185b      	adds	r3, r3, r1
10005ace:	3330      	adds	r3, #48	@ 0x30
10005ad0:	7918      	ldrb	r0, [r3, #4]
10005ad2:	0780      	lsls	r0, r0, #30
10005ad4:	0fc0      	lsrs	r0, r0, #31
10005ad6:	4770      	bx	lr
10005ad8:	20002570 	.word	0x20002570

10005adc <process_control_request>:
10005adc:	b5f0      	push	{r4, r5, r6, r7, lr}
10005ade:	b085      	sub	sp, #20
10005ae0:	0005      	movs	r5, r0
10005ae2:	000c      	movs	r4, r1
10005ae4:	2000      	movs	r0, #0
10005ae6:	f000 fb45 	bl	10006174 <usbd_control_set_complete_callback>
10005aea:	7823      	ldrb	r3, [r4, #0]
10005aec:	2260      	movs	r2, #96	@ 0x60
10005aee:	401a      	ands	r2, r3
10005af0:	2a60      	cmp	r2, #96	@ 0x60
10005af2:	d01a      	beq.n	10005b2a <process_control_request+0x4e>
10005af4:	2a40      	cmp	r2, #64	@ 0x40
10005af6:	d020      	beq.n	10005b3a <process_control_request+0x5e>
10005af8:	7823      	ldrb	r3, [r4, #0]
10005afa:	06db      	lsls	r3, r3, #27
10005afc:	0edb      	lsrs	r3, r3, #27
10005afe:	2b01      	cmp	r3, #1
10005b00:	d100      	bne.n	10005b04 <process_control_request+0x28>
10005b02:	e0d6      	b.n	10005cb2 <process_control_request+0x1d6>
10005b04:	2b02      	cmp	r3, #2
10005b06:	d100      	bne.n	10005b0a <process_control_request+0x2e>
10005b08:	e116      	b.n	10005d38 <process_control_request+0x25c>
10005b0a:	2b00      	cmp	r3, #0
10005b0c:	d000      	beq.n	10005b10 <process_control_request+0x34>
10005b0e:	e17c      	b.n	10005e0a <process_control_request+0x32e>
10005b10:	2a20      	cmp	r2, #32
10005b12:	d01c      	beq.n	10005b4e <process_control_request+0x72>
10005b14:	2a00      	cmp	r2, #0
10005b16:	d000      	beq.n	10005b1a <process_control_request+0x3e>
10005b18:	e17f      	b.n	10005e1a <process_control_request+0x33e>
10005b1a:	7863      	ldrb	r3, [r4, #1]
10005b1c:	2b09      	cmp	r3, #9
10005b1e:	d900      	bls.n	10005b22 <process_control_request+0x46>
10005b20:	e17d      	b.n	10005e1e <process_control_request+0x342>
10005b22:	009b      	lsls	r3, r3, #2
10005b24:	4ac5      	ldr	r2, [pc, #788]	@ (10005e3c <process_control_request+0x360>)
10005b26:	58d3      	ldr	r3, [r2, r3]
10005b28:	469f      	mov	pc, r3
10005b2a:	3255      	adds	r2, #85	@ 0x55
10005b2c:	49c4      	ldr	r1, [pc, #784]	@ (10005e40 <process_control_request+0x364>)
10005b2e:	48c5      	ldr	r0, [pc, #788]	@ (10005e44 <process_control_request+0x368>)
10005b30:	0092      	lsls	r2, r2, #2
10005b32:	f7fe fef9 	bl	10004928 <__wrap_printf>
10005b36:	2600      	movs	r6, #0
10005b38:	e168      	b.n	10005e0c <process_control_request+0x330>
10005b3a:	48c3      	ldr	r0, [pc, #780]	@ (10005e48 <process_control_request+0x36c>)
10005b3c:	f000 fb1a 	bl	10006174 <usbd_control_set_complete_callback>
10005b40:	0022      	movs	r2, r4
10005b42:	2101      	movs	r1, #1
10005b44:	0028      	movs	r0, r5
10005b46:	f7fe ff53 	bl	100049f0 <tud_vendor_control_xfer_cb>
10005b4a:	0006      	movs	r6, r0
10005b4c:	e15e      	b.n	10005e0c <process_control_request+0x330>
10005b4e:	7923      	ldrb	r3, [r4, #4]
10005b50:	2b0f      	cmp	r3, #15
10005b52:	d900      	bls.n	10005b56 <process_control_request+0x7a>
10005b54:	e15d      	b.n	10005e12 <process_control_request+0x336>
10005b56:	4abd      	ldr	r2, [pc, #756]	@ (10005e4c <process_control_request+0x370>)
10005b58:	18d3      	adds	r3, r2, r3
10005b5a:	791b      	ldrb	r3, [r3, #4]
10005b5c:	4abc      	ldr	r2, [pc, #752]	@ (10005e50 <process_control_request+0x374>)
10005b5e:	7812      	ldrb	r2, [r2, #0]
10005b60:	4293      	cmp	r3, r2
10005b62:	d207      	bcs.n	10005b74 <process_control_request+0x98>
10005b64:	4abb      	ldr	r2, [pc, #748]	@ (10005e54 <process_control_request+0x378>)
10005b66:	6811      	ldr	r1, [r2, #0]
10005b68:	015b      	lsls	r3, r3, #5
10005b6a:	18c9      	adds	r1, r1, r3
10005b6c:	2900      	cmp	r1, #0
10005b6e:	d109      	bne.n	10005b84 <process_control_request+0xa8>
10005b70:	2600      	movs	r6, #0
10005b72:	e14b      	b.n	10005e0c <process_control_request+0x330>
10005b74:	1c51      	adds	r1, r2, #1
10005b76:	4299      	cmp	r1, r3
10005b78:	da00      	bge.n	10005b7c <process_control_request+0xa0>
10005b7a:	e14c      	b.n	10005e16 <process_control_request+0x33a>
10005b7c:	1a9b      	subs	r3, r3, r2
10005b7e:	015b      	lsls	r3, r3, #5
10005b80:	49b5      	ldr	r1, [pc, #724]	@ (10005e58 <process_control_request+0x37c>)
10005b82:	1859      	adds	r1, r3, r1
10005b84:	0022      	movs	r2, r4
10005b86:	0028      	movs	r0, r5
10005b88:	f7ff fc8d 	bl	100054a6 <invoke_class_control>
10005b8c:	0006      	movs	r6, r0
10005b8e:	e13d      	b.n	10005e0c <process_control_request+0x330>
10005b90:	0020      	movs	r0, r4
10005b92:	f000 faf5 	bl	10006180 <usbd_control_set_request>
10005b96:	78a1      	ldrb	r1, [r4, #2]
10005b98:	0028      	movs	r0, r5
10005b9a:	f7ff faf5 	bl	10005188 <dcd_set_address>
10005b9e:	4aab      	ldr	r2, [pc, #684]	@ (10005e4c <process_control_request+0x370>)
10005ba0:	7813      	ldrb	r3, [r2, #0]
10005ba2:	2102      	movs	r1, #2
10005ba4:	430b      	orrs	r3, r1
10005ba6:	7013      	strb	r3, [r2, #0]
10005ba8:	2601      	movs	r6, #1
10005baa:	e12f      	b.n	10005e0c <process_control_request+0x330>
10005bac:	4ba7      	ldr	r3, [pc, #668]	@ (10005e4c <process_control_request+0x370>)
10005bae:	785b      	ldrb	r3, [r3, #1]
10005bb0:	aa02      	add	r2, sp, #8
10005bb2:	3206      	adds	r2, #6
10005bb4:	7013      	strb	r3, [r2, #0]
10005bb6:	2301      	movs	r3, #1
10005bb8:	0021      	movs	r1, r4
10005bba:	0028      	movs	r0, r5
10005bbc:	f000 fa84 	bl	100060c8 <tud_control_xfer>
10005bc0:	2601      	movs	r6, #1
10005bc2:	e123      	b.n	10005e0c <process_control_request+0x330>
10005bc4:	78a6      	ldrb	r6, [r4, #2]
10005bc6:	4ba1      	ldr	r3, [pc, #644]	@ (10005e4c <process_control_request+0x370>)
10005bc8:	785b      	ldrb	r3, [r3, #1]
10005bca:	42b3      	cmp	r3, r6
10005bcc:	d02c      	beq.n	10005c28 <process_control_request+0x14c>
10005bce:	4b9f      	ldr	r3, [pc, #636]	@ (10005e4c <process_control_request+0x370>)
10005bd0:	785b      	ldrb	r3, [r3, #1]
10005bd2:	2b00      	cmp	r3, #0
10005bd4:	d10c      	bne.n	10005bf0 <process_control_request+0x114>
10005bd6:	4b9d      	ldr	r3, [pc, #628]	@ (10005e4c <process_control_request+0x370>)
10005bd8:	705e      	strb	r6, [r3, #1]
10005bda:	2e00      	cmp	r6, #0
10005bdc:	d022      	beq.n	10005c24 <process_control_request+0x148>
10005bde:	0031      	movs	r1, r6
10005be0:	0028      	movs	r0, r5
10005be2:	f7ff fc6d 	bl	100054c0 <process_set_config>
10005be6:	1e06      	subs	r6, r0, #0
10005be8:	d012      	beq.n	10005c10 <process_control_request+0x134>
10005bea:	f7ff fdb7 	bl	1000575c <tud_mount_cb>
10005bee:	e01b      	b.n	10005c28 <process_control_request+0x14c>
10005bf0:	2100      	movs	r1, #0
10005bf2:	0028      	movs	r0, r5
10005bf4:	f7ff fb26 	bl	10005244 <dcd_sof_enable>
10005bf8:	0028      	movs	r0, r5
10005bfa:	f7ff fb52 	bl	100052a2 <dcd_edpt_close_all>
10005bfe:	4f93      	ldr	r7, [pc, #588]	@ (10005e4c <process_control_request+0x370>)
10005c00:	78bb      	ldrb	r3, [r7, #2]
10005c02:	9301      	str	r3, [sp, #4]
10005c04:	0028      	movs	r0, r5
10005c06:	f7ff fbfb 	bl	10005400 <configuration_reset>
10005c0a:	9b01      	ldr	r3, [sp, #4]
10005c0c:	70bb      	strb	r3, [r7, #2]
10005c0e:	e7e2      	b.n	10005bd6 <process_control_request+0xfa>
10005c10:	22c9      	movs	r2, #201	@ 0xc9
10005c12:	498b      	ldr	r1, [pc, #556]	@ (10005e40 <process_control_request+0x364>)
10005c14:	488b      	ldr	r0, [pc, #556]	@ (10005e44 <process_control_request+0x368>)
10005c16:	0092      	lsls	r2, r2, #2
10005c18:	f7fe fe86 	bl	10004928 <__wrap_printf>
10005c1c:	4b8b      	ldr	r3, [pc, #556]	@ (10005e4c <process_control_request+0x370>)
10005c1e:	2200      	movs	r2, #0
10005c20:	705a      	strb	r2, [r3, #1]
10005c22:	e0f3      	b.n	10005e0c <process_control_request+0x330>
10005c24:	f7ff fd9b 	bl	1000575e <tud_umount_cb>
10005c28:	0021      	movs	r1, r4
10005c2a:	0028      	movs	r0, r5
10005c2c:	f000 fa38 	bl	100060a0 <tud_control_status>
10005c30:	2601      	movs	r6, #1
10005c32:	e0eb      	b.n	10005e0c <process_control_request+0x330>
10005c34:	0021      	movs	r1, r4
10005c36:	0028      	movs	r0, r5
10005c38:	f7ff fd20 	bl	1000567c <process_get_descriptor>
10005c3c:	0006      	movs	r6, r0
10005c3e:	e0e5      	b.n	10005e0c <process_control_request+0x330>
10005c40:	78a2      	ldrb	r2, [r4, #2]
10005c42:	78e3      	ldrb	r3, [r4, #3]
10005c44:	021b      	lsls	r3, r3, #8
10005c46:	4313      	orrs	r3, r2
10005c48:	2b01      	cmp	r3, #1
10005c4a:	d001      	beq.n	10005c50 <process_control_request+0x174>
10005c4c:	2600      	movs	r6, #0
10005c4e:	e0dd      	b.n	10005e0c <process_control_request+0x330>
10005c50:	4a7e      	ldr	r2, [pc, #504]	@ (10005e4c <process_control_request+0x370>)
10005c52:	7813      	ldrb	r3, [r2, #0]
10005c54:	2108      	movs	r1, #8
10005c56:	430b      	orrs	r3, r1
10005c58:	7013      	strb	r3, [r2, #0]
10005c5a:	0021      	movs	r1, r4
10005c5c:	0028      	movs	r0, r5
10005c5e:	f000 fa1f 	bl	100060a0 <tud_control_status>
10005c62:	2601      	movs	r6, #1
10005c64:	e0d2      	b.n	10005e0c <process_control_request+0x330>
10005c66:	78a2      	ldrb	r2, [r4, #2]
10005c68:	78e3      	ldrb	r3, [r4, #3]
10005c6a:	021b      	lsls	r3, r3, #8
10005c6c:	4313      	orrs	r3, r2
10005c6e:	2b01      	cmp	r3, #1
10005c70:	d001      	beq.n	10005c76 <process_control_request+0x19a>
10005c72:	2600      	movs	r6, #0
10005c74:	e0ca      	b.n	10005e0c <process_control_request+0x330>
10005c76:	4a75      	ldr	r2, [pc, #468]	@ (10005e4c <process_control_request+0x370>)
10005c78:	7813      	ldrb	r3, [r2, #0]
10005c7a:	2108      	movs	r1, #8
10005c7c:	438b      	bics	r3, r1
10005c7e:	7013      	strb	r3, [r2, #0]
10005c80:	0021      	movs	r1, r4
10005c82:	0028      	movs	r0, r5
10005c84:	f000 fa0c 	bl	100060a0 <tud_control_status>
10005c88:	2601      	movs	r6, #1
10005c8a:	e0bf      	b.n	10005e0c <process_control_request+0x330>
10005c8c:	4b6f      	ldr	r3, [pc, #444]	@ (10005e4c <process_control_request+0x370>)
10005c8e:	781a      	ldrb	r2, [r3, #0]
10005c90:	0951      	lsrs	r1, r2, #5
10005c92:	0892      	lsrs	r2, r2, #2
10005c94:	2302      	movs	r3, #2
10005c96:	4013      	ands	r3, r2
10005c98:	2201      	movs	r2, #1
10005c9a:	400a      	ands	r2, r1
10005c9c:	4313      	orrs	r3, r2
10005c9e:	aa02      	add	r2, sp, #8
10005ca0:	3206      	adds	r2, #6
10005ca2:	8013      	strh	r3, [r2, #0]
10005ca4:	2302      	movs	r3, #2
10005ca6:	0021      	movs	r1, r4
10005ca8:	0028      	movs	r0, r5
10005caa:	f000 fa0d 	bl	100060c8 <tud_control_xfer>
10005cae:	2601      	movs	r6, #1
10005cb0:	e0ac      	b.n	10005e0c <process_control_request+0x330>
10005cb2:	7923      	ldrb	r3, [r4, #4]
10005cb4:	2b0f      	cmp	r3, #15
10005cb6:	d900      	bls.n	10005cba <process_control_request+0x1de>
10005cb8:	e0b3      	b.n	10005e22 <process_control_request+0x346>
10005cba:	4a64      	ldr	r2, [pc, #400]	@ (10005e4c <process_control_request+0x370>)
10005cbc:	18d3      	adds	r3, r2, r3
10005cbe:	791b      	ldrb	r3, [r3, #4]
10005cc0:	4a63      	ldr	r2, [pc, #396]	@ (10005e50 <process_control_request+0x374>)
10005cc2:	7812      	ldrb	r2, [r2, #0]
10005cc4:	4293      	cmp	r3, r2
10005cc6:	d223      	bcs.n	10005d10 <process_control_request+0x234>
10005cc8:	4a62      	ldr	r2, [pc, #392]	@ (10005e54 <process_control_request+0x378>)
10005cca:	6811      	ldr	r1, [r2, #0]
10005ccc:	015b      	lsls	r3, r3, #5
10005cce:	18c9      	adds	r1, r1, r3
10005cd0:	2900      	cmp	r1, #0
10005cd2:	d100      	bne.n	10005cd6 <process_control_request+0x1fa>
10005cd4:	e0a7      	b.n	10005e26 <process_control_request+0x34a>
10005cd6:	0022      	movs	r2, r4
10005cd8:	0028      	movs	r0, r5
10005cda:	f7ff fbe4 	bl	100054a6 <invoke_class_control>
10005cde:	1e06      	subs	r6, r0, #0
10005ce0:	d000      	beq.n	10005ce4 <process_control_request+0x208>
10005ce2:	e093      	b.n	10005e0c <process_control_request+0x330>
10005ce4:	7823      	ldrb	r3, [r4, #0]
10005ce6:	2260      	movs	r2, #96	@ 0x60
10005ce8:	421a      	tst	r2, r3
10005cea:	d000      	beq.n	10005cee <process_control_request+0x212>
10005cec:	e08e      	b.n	10005e0c <process_control_request+0x330>
10005cee:	7863      	ldrb	r3, [r4, #1]
10005cf0:	3b0a      	subs	r3, #10
10005cf2:	2b01      	cmp	r3, #1
10005cf4:	d900      	bls.n	10005cf8 <process_control_request+0x21c>
10005cf6:	e089      	b.n	10005e0c <process_control_request+0x330>
10005cf8:	2000      	movs	r0, #0
10005cfa:	f000 fa3b 	bl	10006174 <usbd_control_set_complete_callback>
10005cfe:	7863      	ldrb	r3, [r4, #1]
10005d00:	2b0a      	cmp	r3, #10
10005d02:	d00e      	beq.n	10005d22 <process_control_request+0x246>
10005d04:	0021      	movs	r1, r4
10005d06:	0028      	movs	r0, r5
10005d08:	f000 f9ca 	bl	100060a0 <tud_control_status>
10005d0c:	2601      	movs	r6, #1
10005d0e:	e07d      	b.n	10005e0c <process_control_request+0x330>
10005d10:	1c51      	adds	r1, r2, #1
10005d12:	4299      	cmp	r1, r3
10005d14:	da00      	bge.n	10005d18 <process_control_request+0x23c>
10005d16:	e088      	b.n	10005e2a <process_control_request+0x34e>
10005d18:	1a9b      	subs	r3, r3, r2
10005d1a:	015b      	lsls	r3, r3, #5
10005d1c:	494e      	ldr	r1, [pc, #312]	@ (10005e58 <process_control_request+0x37c>)
10005d1e:	1859      	adds	r1, r3, r1
10005d20:	e7d9      	b.n	10005cd6 <process_control_request+0x1fa>
10005d22:	ab02      	add	r3, sp, #8
10005d24:	1d9a      	adds	r2, r3, #6
10005d26:	2300      	movs	r3, #0
10005d28:	7013      	strb	r3, [r2, #0]
10005d2a:	3301      	adds	r3, #1
10005d2c:	0021      	movs	r1, r4
10005d2e:	0028      	movs	r0, r5
10005d30:	f000 f9ca 	bl	100060c8 <tud_control_xfer>
10005d34:	3601      	adds	r6, #1
10005d36:	e069      	b.n	10005e0c <process_control_request+0x330>
10005d38:	7921      	ldrb	r1, [r4, #4]
10005d3a:	207f      	movs	r0, #127	@ 0x7f
10005d3c:	4008      	ands	r0, r1
10005d3e:	09ce      	lsrs	r6, r1, #7
10005d40:	2370      	movs	r3, #112	@ 0x70
10005d42:	420b      	tst	r3, r1
10005d44:	d117      	bne.n	10005d76 <process_control_request+0x29a>
10005d46:	4b41      	ldr	r3, [pc, #260]	@ (10005e4c <process_control_request+0x370>)
10005d48:	0040      	lsls	r0, r0, #1
10005d4a:	181b      	adds	r3, r3, r0
10005d4c:	199b      	adds	r3, r3, r6
10005d4e:	7d1b      	ldrb	r3, [r3, #20]
10005d50:	483f      	ldr	r0, [pc, #252]	@ (10005e50 <process_control_request+0x374>)
10005d52:	7800      	ldrb	r0, [r0, #0]
10005d54:	4283      	cmp	r3, r0
10005d56:	d215      	bcs.n	10005d84 <process_control_request+0x2a8>
10005d58:	483e      	ldr	r0, [pc, #248]	@ (10005e54 <process_control_request+0x378>)
10005d5a:	6806      	ldr	r6, [r0, #0]
10005d5c:	015b      	lsls	r3, r3, #5
10005d5e:	18f6      	adds	r6, r6, r3
10005d60:	2a00      	cmp	r2, #0
10005d62:	d019      	beq.n	10005d98 <process_control_request+0x2bc>
10005d64:	2e00      	cmp	r6, #0
10005d66:	d062      	beq.n	10005e2e <process_control_request+0x352>
10005d68:	0022      	movs	r2, r4
10005d6a:	0031      	movs	r1, r6
10005d6c:	0028      	movs	r0, r5
10005d6e:	f7ff fb9a 	bl	100054a6 <invoke_class_control>
10005d72:	0006      	movs	r6, r0
10005d74:	e04a      	b.n	10005e0c <process_control_request+0x330>
10005d76:	4932      	ldr	r1, [pc, #200]	@ (10005e40 <process_control_request+0x364>)
10005d78:	4832      	ldr	r0, [pc, #200]	@ (10005e44 <process_control_request+0x368>)
10005d7a:	4a38      	ldr	r2, [pc, #224]	@ (10005e5c <process_control_request+0x380>)
10005d7c:	f7fe fdd4 	bl	10004928 <__wrap_printf>
10005d80:	2600      	movs	r6, #0
10005d82:	e043      	b.n	10005e0c <process_control_request+0x330>
10005d84:	1c46      	adds	r6, r0, #1
10005d86:	429e      	cmp	r6, r3
10005d88:	db04      	blt.n	10005d94 <process_control_request+0x2b8>
10005d8a:	1a1b      	subs	r3, r3, r0
10005d8c:	015b      	lsls	r3, r3, #5
10005d8e:	4e32      	ldr	r6, [pc, #200]	@ (10005e58 <process_control_request+0x37c>)
10005d90:	199e      	adds	r6, r3, r6
10005d92:	e7e5      	b.n	10005d60 <process_control_request+0x284>
10005d94:	2600      	movs	r6, #0
10005d96:	e7e3      	b.n	10005d60 <process_control_request+0x284>
10005d98:	7863      	ldrb	r3, [r4, #1]
10005d9a:	2b01      	cmp	r3, #1
10005d9c:	d010      	beq.n	10005dc0 <process_control_request+0x2e4>
10005d9e:	2b03      	cmp	r3, #3
10005da0:	d00e      	beq.n	10005dc0 <process_control_request+0x2e4>
10005da2:	2b00      	cmp	r3, #0
10005da4:	d145      	bne.n	10005e32 <process_control_request+0x356>
10005da6:	0028      	movs	r0, r5
10005da8:	f7ff fe8a 	bl	10005ac0 <usbd_edpt_stalled>
10005dac:	ab02      	add	r3, sp, #8
10005dae:	1d9a      	adds	r2, r3, #6
10005db0:	8010      	strh	r0, [r2, #0]
10005db2:	2302      	movs	r3, #2
10005db4:	0021      	movs	r1, r4
10005db6:	0028      	movs	r0, r5
10005db8:	f000 f986 	bl	100060c8 <tud_control_xfer>
10005dbc:	2601      	movs	r6, #1
10005dbe:	e025      	b.n	10005e0c <process_control_request+0x330>
10005dc0:	78a0      	ldrb	r0, [r4, #2]
10005dc2:	78e2      	ldrb	r2, [r4, #3]
10005dc4:	0212      	lsls	r2, r2, #8
10005dc6:	4302      	orrs	r2, r0
10005dc8:	d104      	bne.n	10005dd4 <process_control_request+0x2f8>
10005dca:	2b01      	cmp	r3, #1
10005dcc:	d019      	beq.n	10005e02 <process_control_request+0x326>
10005dce:	0028      	movs	r0, r5
10005dd0:	f7ff fe42 	bl	10005a58 <usbd_edpt_stall>
10005dd4:	2e00      	cmp	r6, #0
10005dd6:	d02e      	beq.n	10005e36 <process_control_request+0x35a>
10005dd8:	0022      	movs	r2, r4
10005dda:	0031      	movs	r1, r6
10005ddc:	0028      	movs	r0, r5
10005dde:	f7ff fb62 	bl	100054a6 <invoke_class_control>
10005de2:	2000      	movs	r0, #0
10005de4:	f000 f9c6 	bl	10006174 <usbd_control_set_complete_callback>
10005de8:	4b18      	ldr	r3, [pc, #96]	@ (10005e4c <process_control_request+0x370>)
10005dea:	2235      	movs	r2, #53	@ 0x35
10005dec:	5c9b      	ldrb	r3, [r3, r2]
10005dee:	07db      	lsls	r3, r3, #31
10005df0:	0fde      	lsrs	r6, r3, #31
10005df2:	2b00      	cmp	r3, #0
10005df4:	d10a      	bne.n	10005e0c <process_control_request+0x330>
10005df6:	0021      	movs	r1, r4
10005df8:	0028      	movs	r0, r5
10005dfa:	f000 f951 	bl	100060a0 <tud_control_status>
10005dfe:	2601      	movs	r6, #1
10005e00:	e004      	b.n	10005e0c <process_control_request+0x330>
10005e02:	0028      	movs	r0, r5
10005e04:	f7ff fe42 	bl	10005a8c <usbd_edpt_clear_stall>
10005e08:	e7e4      	b.n	10005dd4 <process_control_request+0x2f8>
10005e0a:	2600      	movs	r6, #0
10005e0c:	0030      	movs	r0, r6
10005e0e:	b005      	add	sp, #20
10005e10:	bdf0      	pop	{r4, r5, r6, r7, pc}
10005e12:	2600      	movs	r6, #0
10005e14:	e7fa      	b.n	10005e0c <process_control_request+0x330>
10005e16:	2600      	movs	r6, #0
10005e18:	e7f8      	b.n	10005e0c <process_control_request+0x330>
10005e1a:	2600      	movs	r6, #0
10005e1c:	e7f6      	b.n	10005e0c <process_control_request+0x330>
10005e1e:	2600      	movs	r6, #0
10005e20:	e7f4      	b.n	10005e0c <process_control_request+0x330>
10005e22:	2600      	movs	r6, #0
10005e24:	e7f2      	b.n	10005e0c <process_control_request+0x330>
10005e26:	2600      	movs	r6, #0
10005e28:	e7f0      	b.n	10005e0c <process_control_request+0x330>
10005e2a:	2600      	movs	r6, #0
10005e2c:	e7ee      	b.n	10005e0c <process_control_request+0x330>
10005e2e:	2600      	movs	r6, #0
10005e30:	e7ec      	b.n	10005e0c <process_control_request+0x330>
10005e32:	2600      	movs	r6, #0
10005e34:	e7ea      	b.n	10005e0c <process_control_request+0x330>
10005e36:	2601      	movs	r6, #1
10005e38:	e7e8      	b.n	10005e0c <process_control_request+0x330>
10005e3a:	46c0      	nop			@ (mov r8, r8)
10005e3c:	10009e84 	.word	0x10009e84
10005e40:	10009f3c 	.word	0x10009f3c
10005e44:	10009688 	.word	0x10009688
10005e48:	100049f1 	.word	0x100049f1
10005e4c:	20002570 	.word	0x20002570
10005e50:	20003136 	.word	0x20003136
10005e54:	200023c0 	.word	0x200023c0
10005e58:	10009f88 	.word	0x10009f88
10005e5c:	00000395 	.word	0x00000395

10005e60 <tud_task_ext>:
10005e60:	b530      	push	{r4, r5, lr}
10005e62:	b085      	sub	sp, #20
10005e64:	f7ff fc8e 	bl	10005784 <tud_inited>
10005e68:	2800      	cmp	r0, #0
10005e6a:	d108      	bne.n	10005e7e <tud_task_ext+0x1e>
10005e6c:	b005      	add	sp, #20
10005e6e:	bd30      	pop	{r4, r5, pc}
10005e70:	ac01      	add	r4, sp, #4
10005e72:	7820      	ldrb	r0, [r4, #0]
10005e74:	f7ff fb11 	bl	1000549a <usbd_reset>
10005e78:	7922      	ldrb	r2, [r4, #4]
10005e7a:	4b60      	ldr	r3, [pc, #384]	@ (10005ffc <tud_task_ext+0x19c>)
10005e7c:	709a      	strb	r2, [r3, #2]
10005e7e:	4b60      	ldr	r3, [pc, #384]	@ (10006000 <tud_task_ext+0x1a0>)
10005e80:	681c      	ldr	r4, [r3, #0]
10005e82:	0020      	movs	r0, r4
10005e84:	3014      	adds	r0, #20
10005e86:	f7ff fafd 	bl	10005484 <critical_section_enter_blocking>
10005e8a:	a901      	add	r1, sp, #4
10005e8c:	0020      	movs	r0, r4
10005e8e:	f001 fb58 	bl	10007542 <tu_fifo_read>
10005e92:	6962      	ldr	r2, [r4, #20]
10005e94:	69a3      	ldr	r3, [r4, #24]
10005e96:	f3bf 8f5f 	dmb	sy
10005e9a:	2100      	movs	r1, #0
10005e9c:	6011      	str	r1, [r2, #0]
10005e9e:	f383 8810 	msr	PRIMASK, r3
10005ea2:	2800      	cmp	r0, #0
10005ea4:	d0e2      	beq.n	10005e6c <tud_task_ext+0xc>
10005ea6:	ab01      	add	r3, sp, #4
10005ea8:	785b      	ldrb	r3, [r3, #1]
10005eaa:	2b08      	cmp	r3, #8
10005eac:	d8e7      	bhi.n	10005e7e <tud_task_ext+0x1e>
10005eae:	009b      	lsls	r3, r3, #2
10005eb0:	4a54      	ldr	r2, [pc, #336]	@ (10006004 <tud_task_ext+0x1a4>)
10005eb2:	58d3      	ldr	r3, [r2, r3]
10005eb4:	469f      	mov	pc, r3
10005eb6:	ab01      	add	r3, sp, #4
10005eb8:	7818      	ldrb	r0, [r3, #0]
10005eba:	f7ff faee 	bl	1000549a <usbd_reset>
10005ebe:	f7ff fc4e 	bl	1000575e <tud_umount_cb>
10005ec2:	e7dc      	b.n	10005e7e <tud_task_ext+0x1e>
10005ec4:	4b50      	ldr	r3, [pc, #320]	@ (10006008 <tud_task_ext+0x1a8>)
10005ec6:	781b      	ldrb	r3, [r3, #0]
10005ec8:	2b00      	cmp	r3, #0
10005eca:	d02d      	beq.n	10005f28 <tud_task_ext+0xc8>
10005ecc:	4a4e      	ldr	r2, [pc, #312]	@ (10006008 <tud_task_ext+0x1a8>)
10005ece:	7813      	ldrb	r3, [r2, #0]
10005ed0:	3b01      	subs	r3, #1
10005ed2:	b2db      	uxtb	r3, r3
10005ed4:	7013      	strb	r3, [r2, #0]
10005ed6:	7813      	ldrb	r3, [r2, #0]
10005ed8:	2b00      	cmp	r3, #0
10005eda:	d1d0      	bne.n	10005e7e <tud_task_ext+0x1e>
10005edc:	4b47      	ldr	r3, [pc, #284]	@ (10005ffc <tud_task_ext+0x19c>)
10005ede:	781a      	ldrb	r2, [r3, #0]
10005ee0:	2401      	movs	r4, #1
10005ee2:	2101      	movs	r1, #1
10005ee4:	430a      	orrs	r2, r1
10005ee6:	701a      	strb	r2, [r3, #0]
10005ee8:	2234      	movs	r2, #52	@ 0x34
10005eea:	5c99      	ldrb	r1, [r3, r2]
10005eec:	43a1      	bics	r1, r4
10005eee:	5499      	strb	r1, [r3, r2]
10005ef0:	5c99      	ldrb	r1, [r3, r2]
10005ef2:	2004      	movs	r0, #4
10005ef4:	4381      	bics	r1, r0
10005ef6:	5499      	strb	r1, [r3, r2]
10005ef8:	3201      	adds	r2, #1
10005efa:	5c99      	ldrb	r1, [r3, r2]
10005efc:	43a1      	bics	r1, r4
10005efe:	5499      	strb	r1, [r3, r2]
10005f00:	5c99      	ldrb	r1, [r3, r2]
10005f02:	4381      	bics	r1, r0
10005f04:	5499      	strb	r1, [r3, r2]
10005f06:	ab01      	add	r3, sp, #4
10005f08:	7818      	ldrb	r0, [r3, #0]
10005f0a:	a902      	add	r1, sp, #8
10005f0c:	f7ff fde6 	bl	10005adc <process_control_request>
10005f10:	2800      	cmp	r0, #0
10005f12:	d1b4      	bne.n	10005e7e <tud_task_ext+0x1e>
10005f14:	ac01      	add	r4, sp, #4
10005f16:	7820      	ldrb	r0, [r4, #0]
10005f18:	2100      	movs	r1, #0
10005f1a:	f7ff f9df 	bl	100052dc <dcd_edpt_stall>
10005f1e:	7820      	ldrb	r0, [r4, #0]
10005f20:	2180      	movs	r1, #128	@ 0x80
10005f22:	f7ff f9db 	bl	100052dc <dcd_edpt_stall>
10005f26:	e7aa      	b.n	10005e7e <tud_task_ext+0x1e>
10005f28:	4938      	ldr	r1, [pc, #224]	@ (1000600c <tud_task_ext+0x1ac>)
10005f2a:	4839      	ldr	r0, [pc, #228]	@ (10006010 <tud_task_ext+0x1b0>)
10005f2c:	4a39      	ldr	r2, [pc, #228]	@ (10006014 <tud_task_ext+0x1b4>)
10005f2e:	f7fe fcfb 	bl	10004928 <__wrap_printf>
10005f32:	e79b      	b.n	10005e6c <tud_task_ext+0xc>
10005f34:	ab01      	add	r3, sp, #4
10005f36:	7919      	ldrb	r1, [r3, #4]
10005f38:	227f      	movs	r2, #127	@ 0x7f
10005f3a:	400a      	ands	r2, r1
10005f3c:	09cc      	lsrs	r4, r1, #7
10005f3e:	4b2f      	ldr	r3, [pc, #188]	@ (10005ffc <tud_task_ext+0x19c>)
10005f40:	0050      	lsls	r0, r2, #1
10005f42:	181b      	adds	r3, r3, r0
10005f44:	191b      	adds	r3, r3, r4
10005f46:	3330      	adds	r3, #48	@ 0x30
10005f48:	7918      	ldrb	r0, [r3, #4]
10005f4a:	2501      	movs	r5, #1
10005f4c:	43a8      	bics	r0, r5
10005f4e:	7118      	strb	r0, [r3, #4]
10005f50:	7918      	ldrb	r0, [r3, #4]
10005f52:	3503      	adds	r5, #3
10005f54:	43a8      	bics	r0, r5
10005f56:	7118      	strb	r0, [r3, #4]
10005f58:	2a00      	cmp	r2, #0
10005f5a:	d015      	beq.n	10005f88 <tud_task_ext+0x128>
10005f5c:	4b27      	ldr	r3, [pc, #156]	@ (10005ffc <tud_task_ext+0x19c>)
10005f5e:	0052      	lsls	r2, r2, #1
10005f60:	189b      	adds	r3, r3, r2
10005f62:	191b      	adds	r3, r3, r4
10005f64:	7d1b      	ldrb	r3, [r3, #20]
10005f66:	4a2c      	ldr	r2, [pc, #176]	@ (10006018 <tud_task_ext+0x1b8>)
10005f68:	7812      	ldrb	r2, [r2, #0]
10005f6a:	4293      	cmp	r3, r2
10005f6c:	d213      	bcs.n	10005f96 <tud_task_ext+0x136>
10005f6e:	4a2b      	ldr	r2, [pc, #172]	@ (1000601c <tud_task_ext+0x1bc>)
10005f70:	6812      	ldr	r2, [r2, #0]
10005f72:	015b      	lsls	r3, r3, #5
10005f74:	18d3      	adds	r3, r2, r3
10005f76:	2b00      	cmp	r3, #0
10005f78:	d015      	beq.n	10005fa6 <tud_task_ext+0x146>
10005f7a:	699c      	ldr	r4, [r3, #24]
10005f7c:	a801      	add	r0, sp, #4
10005f7e:	7942      	ldrb	r2, [r0, #5]
10005f80:	9b03      	ldr	r3, [sp, #12]
10005f82:	7800      	ldrb	r0, [r0, #0]
10005f84:	47a0      	blx	r4
10005f86:	e77a      	b.n	10005e7e <tud_task_ext+0x1e>
10005f88:	a801      	add	r0, sp, #4
10005f8a:	7942      	ldrb	r2, [r0, #5]
10005f8c:	9b03      	ldr	r3, [sp, #12]
10005f8e:	7800      	ldrb	r0, [r0, #0]
10005f90:	f000 f904 	bl	1000619c <usbd_control_xfer_cb>
10005f94:	e773      	b.n	10005e7e <tud_task_ext+0x1e>
10005f96:	1c50      	adds	r0, r2, #1
10005f98:	4298      	cmp	r0, r3
10005f9a:	db04      	blt.n	10005fa6 <tud_task_ext+0x146>
10005f9c:	1a9b      	subs	r3, r3, r2
10005f9e:	015b      	lsls	r3, r3, #5
10005fa0:	4a1f      	ldr	r2, [pc, #124]	@ (10006020 <tud_task_ext+0x1c0>)
10005fa2:	189b      	adds	r3, r3, r2
10005fa4:	e7e9      	b.n	10005f7a <tud_task_ext+0x11a>
10005fa6:	22a4      	movs	r2, #164	@ 0xa4
10005fa8:	4918      	ldr	r1, [pc, #96]	@ (1000600c <tud_task_ext+0x1ac>)
10005faa:	4819      	ldr	r0, [pc, #100]	@ (10006010 <tud_task_ext+0x1b0>)
10005fac:	0092      	lsls	r2, r2, #2
10005fae:	f7fe fcbb 	bl	10004928 <__wrap_printf>
10005fb2:	e75b      	b.n	10005e6c <tud_task_ext+0xc>
10005fb4:	4b11      	ldr	r3, [pc, #68]	@ (10005ffc <tud_task_ext+0x19c>)
10005fb6:	781b      	ldrb	r3, [r3, #0]
10005fb8:	07db      	lsls	r3, r3, #31
10005fba:	d400      	bmi.n	10005fbe <tud_task_ext+0x15e>
10005fbc:	e75f      	b.n	10005e7e <tud_task_ext+0x1e>
10005fbe:	4b0f      	ldr	r3, [pc, #60]	@ (10005ffc <tud_task_ext+0x19c>)
10005fc0:	7818      	ldrb	r0, [r3, #0]
10005fc2:	0700      	lsls	r0, r0, #28
10005fc4:	0fc0      	lsrs	r0, r0, #31
10005fc6:	f7ff fbcb 	bl	10005760 <tud_suspend_cb>
10005fca:	e758      	b.n	10005e7e <tud_task_ext+0x1e>
10005fcc:	4b0b      	ldr	r3, [pc, #44]	@ (10005ffc <tud_task_ext+0x19c>)
10005fce:	781b      	ldrb	r3, [r3, #0]
10005fd0:	07db      	lsls	r3, r3, #31
10005fd2:	d400      	bmi.n	10005fd6 <tud_task_ext+0x176>
10005fd4:	e753      	b.n	10005e7e <tud_task_ext+0x1e>
10005fd6:	f7ff fbc4 	bl	10005762 <tud_resume_cb>
10005fda:	e750      	b.n	10005e7e <tud_task_ext+0x1e>
10005fdc:	9b02      	ldr	r3, [sp, #8]
10005fde:	2b00      	cmp	r3, #0
10005fe0:	d100      	bne.n	10005fe4 <tud_task_ext+0x184>
10005fe2:	e74c      	b.n	10005e7e <tud_task_ext+0x1e>
10005fe4:	9803      	ldr	r0, [sp, #12]
10005fe6:	4798      	blx	r3
10005fe8:	e749      	b.n	10005e7e <tud_task_ext+0x1e>
10005fea:	4b04      	ldr	r3, [pc, #16]	@ (10005ffc <tud_task_ext+0x19c>)
10005fec:	78db      	ldrb	r3, [r3, #3]
10005fee:	07db      	lsls	r3, r3, #31
10005ff0:	d400      	bmi.n	10005ff4 <tud_task_ext+0x194>
10005ff2:	e744      	b.n	10005e7e <tud_task_ext+0x1e>
10005ff4:	9802      	ldr	r0, [sp, #8]
10005ff6:	f7ff fb3c 	bl	10005672 <tud_sof_cb>
10005ffa:	e740      	b.n	10005e7e <tud_task_ext+0x1e>
10005ffc:	20002570 	.word	0x20002570
10006000:	200025c8 	.word	0x200025c8
10006004:	10009eac 	.word	0x10009eac
10006008:	20003138 	.word	0x20003138
1000600c:	10009f68 	.word	0x10009f68
10006010:	10009688 	.word	0x10009688
10006014:	00000265 	.word	0x00000265
10006018:	20003136 	.word	0x20003136
1000601c:	200023c0 	.word	0x200023c0
10006020:	10009f88 	.word	0x10009f88

10006024 <status_stage_xact>:
10006024:	b510      	push	{r4, lr}
10006026:	2300      	movs	r3, #0
10006028:	56cb      	ldrsb	r3, [r1, r3]
1000602a:	2b00      	cmp	r3, #0
1000602c:	db05      	blt.n	1000603a <status_stage_xact+0x16>
1000602e:	2180      	movs	r1, #128	@ 0x80
10006030:	2300      	movs	r3, #0
10006032:	2200      	movs	r2, #0
10006034:	f7ff fccc 	bl	100059d0 <usbd_edpt_xfer>
10006038:	bd10      	pop	{r4, pc}
1000603a:	2100      	movs	r1, #0
1000603c:	e7f8      	b.n	10006030 <status_stage_xact+0xc>
	...

10006040 <data_stage_xact>:
10006040:	b5f8      	push	{r3, r4, r5, r6, r7, lr}
10006042:	0005      	movs	r5, r0
10006044:	4b14      	ldr	r3, [pc, #80]	@ (10006098 <data_stage_xact+0x58>)
10006046:	899f      	ldrh	r7, [r3, #12]
10006048:	89de      	ldrh	r6, [r3, #14]
1000604a:	1bbb      	subs	r3, r7, r6
1000604c:	b29b      	uxth	r3, r3
1000604e:	1c1c      	adds	r4, r3, #0
10006050:	2b40      	cmp	r3, #64	@ 0x40
10006052:	d900      	bls.n	10006056 <data_stage_xact+0x16>
10006054:	2440      	movs	r4, #64	@ 0x40
10006056:	b2a4      	uxth	r4, r4
10006058:	4b0f      	ldr	r3, [pc, #60]	@ (10006098 <data_stage_xact+0x58>)
1000605a:	781b      	ldrb	r3, [r3, #0]
1000605c:	b25b      	sxtb	r3, r3
1000605e:	2b00      	cmp	r3, #0
10006060:	db08      	blt.n	10006074 <data_stage_xact+0x34>
10006062:	2100      	movs	r1, #0
10006064:	42b7      	cmp	r7, r6
10006066:	d013      	beq.n	10006090 <data_stage_xact+0x50>
10006068:	4a0c      	ldr	r2, [pc, #48]	@ (1000609c <data_stage_xact+0x5c>)
1000606a:	0023      	movs	r3, r4
1000606c:	0028      	movs	r0, r5
1000606e:	f7ff fcaf 	bl	100059d0 <usbd_edpt_xfer>
10006072:	bdf8      	pop	{r3, r4, r5, r6, r7, pc}
10006074:	42b7      	cmp	r7, r6
10006076:	d009      	beq.n	1000608c <data_stage_xact+0x4c>
10006078:	4b07      	ldr	r3, [pc, #28]	@ (10006098 <data_stage_xact+0x58>)
1000607a:	6899      	ldr	r1, [r3, #8]
1000607c:	2c40      	cmp	r4, #64	@ 0x40
1000607e:	d809      	bhi.n	10006094 <data_stage_xact+0x54>
10006080:	4806      	ldr	r0, [pc, #24]	@ (1000609c <data_stage_xact+0x5c>)
10006082:	0022      	movs	r2, r4
10006084:	f7fd f938 	bl	100032f8 <__wrap___aeabi_memcpy>
10006088:	2180      	movs	r1, #128	@ 0x80
1000608a:	e7eb      	b.n	10006064 <data_stage_xact+0x24>
1000608c:	2180      	movs	r1, #128	@ 0x80
1000608e:	e7e9      	b.n	10006064 <data_stage_xact+0x24>
10006090:	2200      	movs	r2, #0
10006092:	e7ea      	b.n	1000606a <data_stage_xact+0x2a>
10006094:	2000      	movs	r0, #0
10006096:	e7ec      	b.n	10006072 <data_stage_xact+0x32>
10006098:	20002550 	.word	0x20002550
1000609c:	20002510 	.word	0x20002510

100060a0 <tud_control_status>:
100060a0:	b570      	push	{r4, r5, r6, lr}
100060a2:	0006      	movs	r6, r0
100060a4:	000d      	movs	r5, r1
100060a6:	4c07      	ldr	r4, [pc, #28]	@ (100060c4 <tud_control_status+0x24>)
100060a8:	2208      	movs	r2, #8
100060aa:	0020      	movs	r0, r4
100060ac:	f7fd f924 	bl	100032f8 <__wrap___aeabi_memcpy>
100060b0:	2300      	movs	r3, #0
100060b2:	60a3      	str	r3, [r4, #8]
100060b4:	81e3      	strh	r3, [r4, #14]
100060b6:	81a3      	strh	r3, [r4, #12]
100060b8:	0029      	movs	r1, r5
100060ba:	0030      	movs	r0, r6
100060bc:	f7ff ffb2 	bl	10006024 <status_stage_xact>
100060c0:	bd70      	pop	{r4, r5, r6, pc}
100060c2:	46c0      	nop			@ (mov r8, r8)
100060c4:	20002550 	.word	0x20002550

100060c8 <tud_control_xfer>:
100060c8:	b5f0      	push	{r4, r5, r6, r7, lr}
100060ca:	46c6      	mov	lr, r8
100060cc:	b500      	push	{lr}
100060ce:	4680      	mov	r8, r0
100060d0:	000c      	movs	r4, r1
100060d2:	0016      	movs	r6, r2
100060d4:	001d      	movs	r5, r3
100060d6:	4b1f      	ldr	r3, [pc, #124]	@ (10006154 <tud_control_xfer+0x8c>)
100060d8:	2208      	movs	r2, #8
100060da:	001f      	movs	r7, r3
100060dc:	0018      	movs	r0, r3
100060de:	f7fd f90b 	bl	100032f8 <__wrap___aeabi_memcpy>
100060e2:	60be      	str	r6, [r7, #8]
100060e4:	2300      	movs	r3, #0
100060e6:	81fb      	strh	r3, [r7, #14]
100060e8:	79a3      	ldrb	r3, [r4, #6]
100060ea:	79e1      	ldrb	r1, [r4, #7]
100060ec:	0209      	lsls	r1, r1, #8
100060ee:	4319      	orrs	r1, r3
100060f0:	1c0b      	adds	r3, r1, #0
100060f2:	42a9      	cmp	r1, r5
100060f4:	d900      	bls.n	100060f8 <tud_control_xfer+0x30>
100060f6:	1c2b      	adds	r3, r5, #0
100060f8:	b299      	uxth	r1, r3
100060fa:	4a16      	ldr	r2, [pc, #88]	@ (10006154 <tud_control_xfer+0x8c>)
100060fc:	8193      	strh	r3, [r2, #12]
100060fe:	79a2      	ldrb	r2, [r4, #6]
10006100:	79e3      	ldrb	r3, [r4, #7]
10006102:	021b      	lsls	r3, r3, #8
10006104:	4313      	orrs	r3, r2
10006106:	d019      	beq.n	1000613c <tud_control_xfer+0x74>
10006108:	2900      	cmp	r1, #0
1000610a:	d001      	beq.n	10006110 <tud_control_xfer+0x48>
1000610c:	2e00      	cmp	r6, #0
1000610e:	d008      	beq.n	10006122 <tud_control_xfer+0x5a>
10006110:	4640      	mov	r0, r8
10006112:	f7ff ff95 	bl	10006040 <data_stage_xact>
10006116:	1e04      	subs	r4, r0, #0
10006118:	d00a      	beq.n	10006130 <tud_control_xfer+0x68>
1000611a:	0020      	movs	r0, r4
1000611c:	bc80      	pop	{r7}
1000611e:	46b8      	mov	r8, r7
10006120:	bdf0      	pop	{r4, r5, r6, r7, pc}
10006122:	490d      	ldr	r1, [pc, #52]	@ (10006158 <tud_control_xfer+0x90>)
10006124:	480d      	ldr	r0, [pc, #52]	@ (1000615c <tud_control_xfer+0x94>)
10006126:	2272      	movs	r2, #114	@ 0x72
10006128:	f7fe fbfe 	bl	10004928 <__wrap_printf>
1000612c:	2400      	movs	r4, #0
1000612e:	e7f4      	b.n	1000611a <tud_control_xfer+0x52>
10006130:	4909      	ldr	r1, [pc, #36]	@ (10006158 <tud_control_xfer+0x90>)
10006132:	480a      	ldr	r0, [pc, #40]	@ (1000615c <tud_control_xfer+0x94>)
10006134:	2274      	movs	r2, #116	@ 0x74
10006136:	f7fe fbf7 	bl	10004928 <__wrap_printf>
1000613a:	e7ee      	b.n	1000611a <tud_control_xfer+0x52>
1000613c:	0021      	movs	r1, r4
1000613e:	4640      	mov	r0, r8
10006140:	f7ff ff70 	bl	10006024 <status_stage_xact>
10006144:	1e04      	subs	r4, r0, #0
10006146:	d1e8      	bne.n	1000611a <tud_control_xfer+0x52>
10006148:	4903      	ldr	r1, [pc, #12]	@ (10006158 <tud_control_xfer+0x90>)
1000614a:	4804      	ldr	r0, [pc, #16]	@ (1000615c <tud_control_xfer+0x94>)
1000614c:	2276      	movs	r2, #118	@ 0x76
1000614e:	f7fe fbeb 	bl	10004928 <__wrap_printf>
10006152:	e7e2      	b.n	1000611a <tud_control_xfer+0x52>
10006154:	20002550 	.word	0x20002550
10006158:	10009fe0 	.word	0x10009fe0
1000615c:	10009688 	.word	0x10009688

10006160 <usbd_control_reset>:
10006160:	b510      	push	{r4, lr}
10006162:	4803      	ldr	r0, [pc, #12]	@ (10006170 <usbd_control_reset+0x10>)
10006164:	2214      	movs	r2, #20
10006166:	2100      	movs	r1, #0
10006168:	f7fd f8c0 	bl	100032ec <__wrap_memset>
1000616c:	bd10      	pop	{r4, pc}
1000616e:	46c0      	nop			@ (mov r8, r8)
10006170:	20002550 	.word	0x20002550

10006174 <usbd_control_set_complete_callback>:
10006174:	4b01      	ldr	r3, [pc, #4]	@ (1000617c <usbd_control_set_complete_callback+0x8>)
10006176:	6118      	str	r0, [r3, #16]
10006178:	4770      	bx	lr
1000617a:	46c0      	nop			@ (mov r8, r8)
1000617c:	20002550 	.word	0x20002550

10006180 <usbd_control_set_request>:
10006180:	b510      	push	{r4, lr}
10006182:	0001      	movs	r1, r0
10006184:	4c04      	ldr	r4, [pc, #16]	@ (10006198 <usbd_control_set_request+0x18>)
10006186:	2208      	movs	r2, #8
10006188:	0020      	movs	r0, r4
1000618a:	f7fd f8b5 	bl	100032f8 <__wrap___aeabi_memcpy>
1000618e:	2300      	movs	r3, #0
10006190:	60a3      	str	r3, [r4, #8]
10006192:	81e3      	strh	r3, [r4, #14]
10006194:	81a3      	strh	r3, [r4, #12]
10006196:	bd10      	pop	{r4, pc}
10006198:	20002550 	.word	0x20002550

1000619c <usbd_control_xfer_cb>:
1000619c:	b570      	push	{r4, r5, r6, lr}
1000619e:	0005      	movs	r5, r0
100061a0:	001c      	movs	r4, r3
100061a2:	09c9      	lsrs	r1, r1, #7
100061a4:	4b31      	ldr	r3, [pc, #196]	@ (1000626c <usbd_control_xfer_cb+0xd0>)
100061a6:	781b      	ldrb	r3, [r3, #0]
100061a8:	09db      	lsrs	r3, r3, #7
100061aa:	428b      	cmp	r3, r1
100061ac:	d016      	beq.n	100061dc <usbd_control_xfer_cb+0x40>
100061ae:	2c00      	cmp	r4, #0
100061b0:	d007      	beq.n	100061c2 <usbd_control_xfer_cb+0x26>
100061b2:	492f      	ldr	r1, [pc, #188]	@ (10006270 <usbd_control_xfer_cb+0xd4>)
100061b4:	482f      	ldr	r0, [pc, #188]	@ (10006274 <usbd_control_xfer_cb+0xd8>)
100061b6:	229d      	movs	r2, #157	@ 0x9d
100061b8:	f7fe fbb6 	bl	10004928 <__wrap_printf>
100061bc:	2400      	movs	r4, #0
100061be:	0020      	movs	r0, r4
100061c0:	bd70      	pop	{r4, r5, r6, pc}
100061c2:	4c2a      	ldr	r4, [pc, #168]	@ (1000626c <usbd_control_xfer_cb+0xd0>)
100061c4:	0021      	movs	r1, r4
100061c6:	f7ff f84b 	bl	10005260 <dcd_edpt0_status_complete>
100061ca:	6923      	ldr	r3, [r4, #16]
100061cc:	2b00      	cmp	r3, #0
100061ce:	d003      	beq.n	100061d8 <usbd_control_xfer_cb+0x3c>
100061d0:	4a26      	ldr	r2, [pc, #152]	@ (1000626c <usbd_control_xfer_cb+0xd0>)
100061d2:	2103      	movs	r1, #3
100061d4:	0028      	movs	r0, r5
100061d6:	4798      	blx	r3
100061d8:	2401      	movs	r4, #1
100061da:	e7f0      	b.n	100061be <usbd_control_xfer_cb+0x22>
100061dc:	4b23      	ldr	r3, [pc, #140]	@ (1000626c <usbd_control_xfer_cb+0xd0>)
100061de:	781b      	ldrb	r3, [r3, #0]
100061e0:	b25b      	sxtb	r3, r3
100061e2:	2b00      	cmp	r3, #0
100061e4:	db07      	blt.n	100061f6 <usbd_control_xfer_cb+0x5a>
100061e6:	4b21      	ldr	r3, [pc, #132]	@ (1000626c <usbd_control_xfer_cb+0xd0>)
100061e8:	6898      	ldr	r0, [r3, #8]
100061ea:	2800      	cmp	r0, #0
100061ec:	d03c      	beq.n	10006268 <usbd_control_xfer_cb+0xcc>
100061ee:	4922      	ldr	r1, [pc, #136]	@ (10006278 <usbd_control_xfer_cb+0xdc>)
100061f0:	0022      	movs	r2, r4
100061f2:	f7fd f881 	bl	100032f8 <__wrap___aeabi_memcpy>
100061f6:	4a1d      	ldr	r2, [pc, #116]	@ (1000626c <usbd_control_xfer_cb+0xd0>)
100061f8:	89d3      	ldrh	r3, [r2, #14]
100061fa:	b2a1      	uxth	r1, r4
100061fc:	185b      	adds	r3, r3, r1
100061fe:	b29b      	uxth	r3, r3
10006200:	81d3      	strh	r3, [r2, #14]
10006202:	6891      	ldr	r1, [r2, #8]
10006204:	1909      	adds	r1, r1, r4
10006206:	6091      	str	r1, [r2, #8]
10006208:	88d2      	ldrh	r2, [r2, #6]
1000620a:	4293      	cmp	r3, r2
1000620c:	d001      	beq.n	10006212 <usbd_control_xfer_cb+0x76>
1000620e:	2c3f      	cmp	r4, #63	@ 0x3f
10006210:	d81f      	bhi.n	10006252 <usbd_control_xfer_cb+0xb6>
10006212:	4b16      	ldr	r3, [pc, #88]	@ (1000626c <usbd_control_xfer_cb+0xd0>)
10006214:	691b      	ldr	r3, [r3, #16]
10006216:	2b00      	cmp	r3, #0
10006218:	d005      	beq.n	10006226 <usbd_control_xfer_cb+0x8a>
1000621a:	4a14      	ldr	r2, [pc, #80]	@ (1000626c <usbd_control_xfer_cb+0xd0>)
1000621c:	2102      	movs	r1, #2
1000621e:	0028      	movs	r0, r5
10006220:	4798      	blx	r3
10006222:	2800      	cmp	r0, #0
10006224:	d00b      	beq.n	1000623e <usbd_control_xfer_cb+0xa2>
10006226:	4911      	ldr	r1, [pc, #68]	@ (1000626c <usbd_control_xfer_cb+0xd0>)
10006228:	0028      	movs	r0, r5
1000622a:	f7ff fefb 	bl	10006024 <status_stage_xact>
1000622e:	1e04      	subs	r4, r0, #0
10006230:	d1c5      	bne.n	100061be <usbd_control_xfer_cb+0x22>
10006232:	490f      	ldr	r1, [pc, #60]	@ (10006270 <usbd_control_xfer_cb+0xd4>)
10006234:	480f      	ldr	r0, [pc, #60]	@ (10006274 <usbd_control_xfer_cb+0xd8>)
10006236:	22c5      	movs	r2, #197	@ 0xc5
10006238:	f7fe fb76 	bl	10004928 <__wrap_printf>
1000623c:	e7bf      	b.n	100061be <usbd_control_xfer_cb+0x22>
1000623e:	2100      	movs	r1, #0
10006240:	0028      	movs	r0, r5
10006242:	f7ff f84b 	bl	100052dc <dcd_edpt_stall>
10006246:	2180      	movs	r1, #128	@ 0x80
10006248:	0028      	movs	r0, r5
1000624a:	f7ff f847 	bl	100052dc <dcd_edpt_stall>
1000624e:	2401      	movs	r4, #1
10006250:	e7b5      	b.n	100061be <usbd_control_xfer_cb+0x22>
10006252:	0028      	movs	r0, r5
10006254:	f7ff fef4 	bl	10006040 <data_stage_xact>
10006258:	1e04      	subs	r4, r0, #0
1000625a:	d1b0      	bne.n	100061be <usbd_control_xfer_cb+0x22>
1000625c:	4904      	ldr	r1, [pc, #16]	@ (10006270 <usbd_control_xfer_cb+0xd4>)
1000625e:	4805      	ldr	r0, [pc, #20]	@ (10006274 <usbd_control_xfer_cb+0xd8>)
10006260:	22cd      	movs	r2, #205	@ 0xcd
10006262:	f7fe fb61 	bl	10004928 <__wrap_printf>
10006266:	e7aa      	b.n	100061be <usbd_control_xfer_cb+0x22>
10006268:	2400      	movs	r4, #0
1000626a:	e7a8      	b.n	100061be <usbd_control_xfer_cb+0x22>
1000626c:	20002550 	.word	0x20002550
10006270:	10009fc8 	.word	0x10009fc8
10006274:	10009688 	.word	0x10009688
10006278:	20002510 	.word	0x20002510

1000627c <_prep_out_transaction>:
1000627c:	b570      	push	{r4, r5, r6, lr}
1000627e:	0005      	movs	r5, r0
10006280:	f7ff fa70 	bl	10005764 <tud_mounted>
10006284:	2800      	cmp	r0, #0
10006286:	d102      	bne.n	1000628e <_prep_out_transaction+0x12>
10006288:	2400      	movs	r4, #0
1000628a:	0020      	movs	r0, r4
1000628c:	bd70      	pop	{r4, r5, r6, pc}
1000628e:	f7ff fa71 	bl	10005774 <tud_suspended>
10006292:	1e04      	subs	r4, r0, #0
10006294:	d1f8      	bne.n	10006288 <_prep_out_transaction+0xc>
10006296:	4b1c      	ldr	r3, [pc, #112]	@ (10006308 <_prep_out_transaction+0x8c>)
10006298:	22c8      	movs	r2, #200	@ 0xc8
1000629a:	436a      	muls	r2, r5
1000629c:	189b      	adds	r3, r3, r2
1000629e:	78db      	ldrb	r3, [r3, #3]
100062a0:	2b00      	cmp	r3, #0
100062a2:	d0f1      	beq.n	10006288 <_prep_out_transaction+0xc>
100062a4:	26c8      	movs	r6, #200	@ 0xc8
100062a6:	436e      	muls	r6, r5
100062a8:	3610      	adds	r6, #16
100062aa:	4b17      	ldr	r3, [pc, #92]	@ (10006308 <_prep_out_transaction+0x8c>)
100062ac:	18f6      	adds	r6, r6, r3
100062ae:	0030      	movs	r0, r6
100062b0:	f001 f930 	bl	10007514 <tu_fifo_remaining>
100062b4:	283f      	cmp	r0, #63	@ 0x3f
100062b6:	d9e8      	bls.n	1000628a <_prep_out_transaction+0xe>
100062b8:	4b13      	ldr	r3, [pc, #76]	@ (10006308 <_prep_out_transaction+0x8c>)
100062ba:	22c8      	movs	r2, #200	@ 0xc8
100062bc:	436a      	muls	r2, r5
100062be:	189b      	adds	r3, r3, r2
100062c0:	78d9      	ldrb	r1, [r3, #3]
100062c2:	2000      	movs	r0, #0
100062c4:	f7ff fb5c 	bl	10005980 <usbd_edpt_claim>
100062c8:	2800      	cmp	r0, #0
100062ca:	d101      	bne.n	100062d0 <_prep_out_transaction+0x54>
100062cc:	0004      	movs	r4, r0
100062ce:	e7dc      	b.n	1000628a <_prep_out_transaction+0xe>
100062d0:	0030      	movs	r0, r6
100062d2:	f001 f91f 	bl	10007514 <tu_fifo_remaining>
100062d6:	283f      	cmp	r0, #63	@ 0x3f
100062d8:	d90d      	bls.n	100062f6 <_prep_out_transaction+0x7a>
100062da:	01ea      	lsls	r2, r5, #7
100062dc:	4b0b      	ldr	r3, [pc, #44]	@ (1000630c <_prep_out_transaction+0x90>)
100062de:	18d2      	adds	r2, r2, r3
100062e0:	4b09      	ldr	r3, [pc, #36]	@ (10006308 <_prep_out_transaction+0x8c>)
100062e2:	21c8      	movs	r1, #200	@ 0xc8
100062e4:	4369      	muls	r1, r5
100062e6:	185b      	adds	r3, r3, r1
100062e8:	78d9      	ldrb	r1, [r3, #3]
100062ea:	2340      	movs	r3, #64	@ 0x40
100062ec:	2000      	movs	r0, #0
100062ee:	f7ff fb6f 	bl	100059d0 <usbd_edpt_xfer>
100062f2:	0004      	movs	r4, r0
100062f4:	e7c9      	b.n	1000628a <_prep_out_transaction+0xe>
100062f6:	4b04      	ldr	r3, [pc, #16]	@ (10006308 <_prep_out_transaction+0x8c>)
100062f8:	22c8      	movs	r2, #200	@ 0xc8
100062fa:	436a      	muls	r2, r5
100062fc:	189b      	adds	r3, r3, r2
100062fe:	78d9      	ldrb	r1, [r3, #3]
10006300:	2000      	movs	r0, #0
10006302:	f7ff fb51 	bl	100059a8 <usbd_edpt_release>
10006306:	e7c0      	b.n	1000628a <_prep_out_transaction+0xe>
10006308:	20002448 	.word	0x20002448
1000630c:	200023c4 	.word	0x200023c4

10006310 <tud_cdc_n_connected>:
10006310:	b510      	push	{r4, lr}
10006312:	0004      	movs	r4, r0
10006314:	f7ff fa26 	bl	10005764 <tud_mounted>
10006318:	2800      	cmp	r0, #0
1000631a:	d101      	bne.n	10006320 <tud_cdc_n_connected+0x10>
1000631c:	2000      	movs	r0, #0
1000631e:	bd10      	pop	{r4, pc}
10006320:	f7ff fa28 	bl	10005774 <tud_suspended>
10006324:	2800      	cmp	r0, #0
10006326:	d108      	bne.n	1000633a <tud_cdc_n_connected+0x2a>
10006328:	4b06      	ldr	r3, [pc, #24]	@ (10006344 <tud_cdc_n_connected+0x34>)
1000632a:	22c8      	movs	r2, #200	@ 0xc8
1000632c:	4362      	muls	r2, r4
1000632e:	189b      	adds	r3, r3, r2
10006330:	791b      	ldrb	r3, [r3, #4]
10006332:	07db      	lsls	r3, r3, #31
10006334:	d503      	bpl.n	1000633e <tud_cdc_n_connected+0x2e>
10006336:	3001      	adds	r0, #1
10006338:	e7f1      	b.n	1000631e <tud_cdc_n_connected+0xe>
1000633a:	2000      	movs	r0, #0
1000633c:	e7ef      	b.n	1000631e <tud_cdc_n_connected+0xe>
1000633e:	2000      	movs	r0, #0
10006340:	e7ed      	b.n	1000631e <tud_cdc_n_connected+0xe>
10006342:	46c0      	nop			@ (mov r8, r8)
10006344:	20002448 	.word	0x20002448

10006348 <tud_cdc_n_available>:
10006348:	b510      	push	{r4, lr}
1000634a:	23c8      	movs	r3, #200	@ 0xc8
1000634c:	4343      	muls	r3, r0
1000634e:	3310      	adds	r3, #16
10006350:	4802      	ldr	r0, [pc, #8]	@ (1000635c <tud_cdc_n_available+0x14>)
10006352:	1818      	adds	r0, r3, r0
10006354:	f001 f8ac 	bl	100074b0 <tu_fifo_count>
10006358:	bd10      	pop	{r4, pc}
1000635a:	46c0      	nop			@ (mov r8, r8)
1000635c:	20002448 	.word	0x20002448

10006360 <tud_cdc_n_read>:
10006360:	b570      	push	{r4, r5, r6, lr}
10006362:	0004      	movs	r4, r0
10006364:	20c8      	movs	r0, #200	@ 0xc8
10006366:	4360      	muls	r0, r4
10006368:	0003      	movs	r3, r0
1000636a:	3310      	adds	r3, #16
1000636c:	4807      	ldr	r0, [pc, #28]	@ (1000638c <tud_cdc_n_read+0x2c>)
1000636e:	1818      	adds	r0, r3, r0
10006370:	4b07      	ldr	r3, [pc, #28]	@ (10006390 <tud_cdc_n_read+0x30>)
10006372:	429a      	cmp	r2, r3
10006374:	d808      	bhi.n	10006388 <tud_cdc_n_read+0x28>
10006376:	b292      	uxth	r2, r2
10006378:	f001 f904 	bl	10007584 <tu_fifo_read_n>
1000637c:	0005      	movs	r5, r0
1000637e:	0020      	movs	r0, r4
10006380:	f7ff ff7c 	bl	1000627c <_prep_out_transaction>
10006384:	0028      	movs	r0, r5
10006386:	bd70      	pop	{r4, r5, r6, pc}
10006388:	4a02      	ldr	r2, [pc, #8]	@ (10006394 <tud_cdc_n_read+0x34>)
1000638a:	e7f5      	b.n	10006378 <tud_cdc_n_read+0x18>
1000638c:	20002448 	.word	0x20002448
10006390:	0000fffe 	.word	0x0000fffe
10006394:	0000ffff 	.word	0x0000ffff

10006398 <tud_cdc_n_write_flush>:
10006398:	b570      	push	{r4, r5, r6, lr}
1000639a:	0005      	movs	r5, r0
1000639c:	f7ff f9e2 	bl	10005764 <tud_mounted>
100063a0:	2800      	cmp	r0, #0
100063a2:	d101      	bne.n	100063a8 <tud_cdc_n_write_flush+0x10>
100063a4:	2000      	movs	r0, #0
100063a6:	bd70      	pop	{r4, r5, r6, pc}
100063a8:	f7ff f9e4 	bl	10005774 <tud_suspended>
100063ac:	2800      	cmp	r0, #0
100063ae:	d1f9      	bne.n	100063a4 <tud_cdc_n_write_flush+0xc>
100063b0:	24c8      	movs	r4, #200	@ 0xc8
100063b2:	436c      	muls	r4, r5
100063b4:	3420      	adds	r4, #32
100063b6:	4b20      	ldr	r3, [pc, #128]	@ (10006438 <tud_cdc_n_write_flush+0xa0>)
100063b8:	18e4      	adds	r4, r4, r3
100063ba:	3404      	adds	r4, #4
100063bc:	0020      	movs	r0, r4
100063be:	f001 f877 	bl	100074b0 <tu_fifo_count>
100063c2:	2800      	cmp	r0, #0
100063c4:	d101      	bne.n	100063ca <tud_cdc_n_write_flush+0x32>
100063c6:	2000      	movs	r0, #0
100063c8:	e7ed      	b.n	100063a6 <tud_cdc_n_write_flush+0xe>
100063ca:	4b1b      	ldr	r3, [pc, #108]	@ (10006438 <tud_cdc_n_write_flush+0xa0>)
100063cc:	22c8      	movs	r2, #200	@ 0xc8
100063ce:	436a      	muls	r2, r5
100063d0:	189b      	adds	r3, r3, r2
100063d2:	7899      	ldrb	r1, [r3, #2]
100063d4:	2000      	movs	r0, #0
100063d6:	f7ff fad3 	bl	10005980 <usbd_edpt_claim>
100063da:	2800      	cmp	r0, #0
100063dc:	d101      	bne.n	100063e2 <tud_cdc_n_write_flush+0x4a>
100063de:	2000      	movs	r0, #0
100063e0:	e7e1      	b.n	100063a6 <tud_cdc_n_write_flush+0xe>
100063e2:	01ee      	lsls	r6, r5, #7
100063e4:	3640      	adds	r6, #64	@ 0x40
100063e6:	4b15      	ldr	r3, [pc, #84]	@ (1000643c <tud_cdc_n_write_flush+0xa4>)
100063e8:	18f6      	adds	r6, r6, r3
100063ea:	2240      	movs	r2, #64	@ 0x40
100063ec:	0031      	movs	r1, r6
100063ee:	0020      	movs	r0, r4
100063f0:	f001 f8c8 	bl	10007584 <tu_fifo_read_n>
100063f4:	1e04      	subs	r4, r0, #0
100063f6:	d014      	beq.n	10006422 <tud_cdc_n_write_flush+0x8a>
100063f8:	4b0f      	ldr	r3, [pc, #60]	@ (10006438 <tud_cdc_n_write_flush+0xa0>)
100063fa:	22c8      	movs	r2, #200	@ 0xc8
100063fc:	436a      	muls	r2, r5
100063fe:	189b      	adds	r3, r3, r2
10006400:	7899      	ldrb	r1, [r3, #2]
10006402:	0003      	movs	r3, r0
10006404:	0032      	movs	r2, r6
10006406:	2000      	movs	r0, #0
10006408:	f7ff fae2 	bl	100059d0 <usbd_edpt_xfer>
1000640c:	2800      	cmp	r0, #0
1000640e:	d001      	beq.n	10006414 <tud_cdc_n_write_flush+0x7c>
10006410:	0020      	movs	r0, r4
10006412:	e7c8      	b.n	100063a6 <tud_cdc_n_write_flush+0xe>
10006414:	490a      	ldr	r1, [pc, #40]	@ (10006440 <tud_cdc_n_write_flush+0xa8>)
10006416:	480b      	ldr	r0, [pc, #44]	@ (10006444 <tud_cdc_n_write_flush+0xac>)
10006418:	22d5      	movs	r2, #213	@ 0xd5
1000641a:	f7fe fa85 	bl	10004928 <__wrap_printf>
1000641e:	2000      	movs	r0, #0
10006420:	e7c1      	b.n	100063a6 <tud_cdc_n_write_flush+0xe>
10006422:	4b05      	ldr	r3, [pc, #20]	@ (10006438 <tud_cdc_n_write_flush+0xa0>)
10006424:	22c8      	movs	r2, #200	@ 0xc8
10006426:	436a      	muls	r2, r5
10006428:	189b      	adds	r3, r3, r2
1000642a:	7899      	ldrb	r1, [r3, #2]
1000642c:	2000      	movs	r0, #0
1000642e:	f7ff fabb 	bl	100059a8 <usbd_edpt_release>
10006432:	2000      	movs	r0, #0
10006434:	e7b7      	b.n	100063a6 <tud_cdc_n_write_flush+0xe>
10006436:	46c0      	nop			@ (mov r8, r8)
10006438:	20002448 	.word	0x20002448
1000643c:	200023c4 	.word	0x200023c4
10006440:	1000a010 	.word	0x1000a010
10006444:	10009688 	.word	0x10009688

10006448 <tud_cdc_n_write>:
10006448:	b570      	push	{r4, r5, r6, lr}
1000644a:	0005      	movs	r5, r0
1000644c:	24c8      	movs	r4, #200	@ 0xc8
1000644e:	4344      	muls	r4, r0
10006450:	3420      	adds	r4, #32
10006452:	4b0c      	ldr	r3, [pc, #48]	@ (10006484 <tud_cdc_n_write+0x3c>)
10006454:	18e4      	adds	r4, r4, r3
10006456:	3404      	adds	r4, #4
10006458:	4b0b      	ldr	r3, [pc, #44]	@ (10006488 <tud_cdc_n_write+0x40>)
1000645a:	429a      	cmp	r2, r3
1000645c:	d80b      	bhi.n	10006476 <tud_cdc_n_write+0x2e>
1000645e:	b292      	uxth	r2, r2
10006460:	0020      	movs	r0, r4
10006462:	f001 f8c6 	bl	100075f2 <tu_fifo_write_n>
10006466:	0006      	movs	r6, r0
10006468:	0020      	movs	r0, r4
1000646a:	f001 f821 	bl	100074b0 <tu_fifo_count>
1000646e:	283f      	cmp	r0, #63	@ 0x3f
10006470:	d803      	bhi.n	1000647a <tud_cdc_n_write+0x32>
10006472:	0030      	movs	r0, r6
10006474:	bd70      	pop	{r4, r5, r6, pc}
10006476:	4a05      	ldr	r2, [pc, #20]	@ (1000648c <tud_cdc_n_write+0x44>)
10006478:	e7f2      	b.n	10006460 <tud_cdc_n_write+0x18>
1000647a:	0028      	movs	r0, r5
1000647c:	f7ff ff8c 	bl	10006398 <tud_cdc_n_write_flush>
10006480:	e7f7      	b.n	10006472 <tud_cdc_n_write+0x2a>
10006482:	46c0      	nop			@ (mov r8, r8)
10006484:	20002448 	.word	0x20002448
10006488:	0000fffe 	.word	0x0000fffe
1000648c:	0000ffff 	.word	0x0000ffff

10006490 <tud_cdc_n_write_available>:
10006490:	b510      	push	{r4, lr}
10006492:	23c8      	movs	r3, #200	@ 0xc8
10006494:	4358      	muls	r0, r3
10006496:	3020      	adds	r0, #32
10006498:	4b02      	ldr	r3, [pc, #8]	@ (100064a4 <tud_cdc_n_write_available+0x14>)
1000649a:	18c0      	adds	r0, r0, r3
1000649c:	3004      	adds	r0, #4
1000649e:	f001 f839 	bl	10007514 <tu_fifo_remaining>
100064a2:	bd10      	pop	{r4, pc}
100064a4:	20002448 	.word	0x20002448

100064a8 <cdcd_init>:
100064a8:	b5f0      	push	{r4, r5, r6, r7, lr}
100064aa:	46ce      	mov	lr, r9
100064ac:	4647      	mov	r7, r8
100064ae:	b580      	push	{r7, lr}
100064b0:	b083      	sub	sp, #12
100064b2:	4826      	ldr	r0, [pc, #152]	@ (1000654c <cdcd_init+0xa4>)
100064b4:	22c8      	movs	r2, #200	@ 0xc8
100064b6:	2100      	movs	r1, #0
100064b8:	f7fc ff18 	bl	100032ec <__wrap_memset>
100064bc:	4b24      	ldr	r3, [pc, #144]	@ (10006550 <cdcd_init+0xa8>)
100064be:	2200      	movs	r2, #0
100064c0:	701a      	strb	r2, [r3, #0]
100064c2:	2700      	movs	r7, #0
100064c4:	2f00      	cmp	r7, #0
100064c6:	d004      	beq.n	100064d2 <cdcd_init+0x2a>
100064c8:	b003      	add	sp, #12
100064ca:	bcc0      	pop	{r6, r7}
100064cc:	46b9      	mov	r9, r7
100064ce:	46b0      	mov	r8, r6
100064d0:	bdf0      	pop	{r4, r5, r6, r7, pc}
100064d2:	4e1e      	ldr	r6, [pc, #120]	@ (1000654c <cdcd_init+0xa4>)
100064d4:	24c8      	movs	r4, #200	@ 0xc8
100064d6:	437c      	muls	r4, r7
100064d8:	1935      	adds	r5, r6, r4
100064da:	23ff      	movs	r3, #255	@ 0xff
100064dc:	716b      	strb	r3, [r5, #5]
100064de:	23e1      	movs	r3, #225	@ 0xe1
100064e0:	025b      	lsls	r3, r3, #9
100064e2:	60ab      	str	r3, [r5, #8]
100064e4:	2300      	movs	r3, #0
100064e6:	4698      	mov	r8, r3
100064e8:	732b      	strb	r3, [r5, #12]
100064ea:	736b      	strb	r3, [r5, #13]
100064ec:	3308      	adds	r3, #8
100064ee:	73ab      	strb	r3, [r5, #14]
100064f0:	0021      	movs	r1, r4
100064f2:	3138      	adds	r1, #56	@ 0x38
100064f4:	1989      	adds	r1, r1, r6
100064f6:	0020      	movs	r0, r4
100064f8:	3010      	adds	r0, #16
100064fa:	1980      	adds	r0, r0, r6
100064fc:	4643      	mov	r3, r8
100064fe:	9300      	str	r3, [sp, #0]
10006500:	3301      	adds	r3, #1
10006502:	2240      	movs	r2, #64	@ 0x40
10006504:	f000 ff96 	bl	10007434 <tu_fifo_config>
10006508:	0021      	movs	r1, r4
1000650a:	3178      	adds	r1, #120	@ 0x78
1000650c:	1989      	adds	r1, r1, r6
1000650e:	0020      	movs	r0, r4
10006510:	3020      	adds	r0, #32
10006512:	1980      	adds	r0, r0, r6
10006514:	3004      	adds	r0, #4
10006516:	2301      	movs	r3, #1
10006518:	9300      	str	r3, [sp, #0]
1000651a:	2240      	movs	r2, #64	@ 0x40
1000651c:	f000 ff8a 	bl	10007434 <tu_fifo_config>
10006520:	0023      	movs	r3, r4
10006522:	33b8      	adds	r3, #184	@ 0xb8
10006524:	4699      	mov	r9, r3
10006526:	44b1      	add	r9, r6
10006528:	4648      	mov	r0, r9
1000652a:	f7fa ffa7 	bl	1000147c <mutex_init>
1000652e:	34c0      	adds	r4, #192	@ 0xc0
10006530:	19a4      	adds	r4, r4, r6
10006532:	0020      	movs	r0, r4
10006534:	f7fa ffa2 	bl	1000147c <mutex_init>
10006538:	4643      	mov	r3, r8
1000653a:	61eb      	str	r3, [r5, #28]
1000653c:	464b      	mov	r3, r9
1000653e:	622b      	str	r3, [r5, #32]
10006540:	632c      	str	r4, [r5, #48]	@ 0x30
10006542:	4643      	mov	r3, r8
10006544:	636b      	str	r3, [r5, #52]	@ 0x34
10006546:	3701      	adds	r7, #1
10006548:	b2ff      	uxtb	r7, r7
1000654a:	e7bb      	b.n	100064c4 <cdcd_init+0x1c>
1000654c:	20002448 	.word	0x20002448
10006550:	20002444 	.word	0x20002444

10006554 <cdcd_deinit>:
10006554:	b510      	push	{r4, lr}
10006556:	2300      	movs	r3, #0
10006558:	2b00      	cmp	r3, #0
1000655a:	d001      	beq.n	10006560 <cdcd_deinit+0xc>
1000655c:	2001      	movs	r0, #1
1000655e:	bd10      	pop	{r4, pc}
10006560:	0019      	movs	r1, r3
10006562:	4a0d      	ldr	r2, [pc, #52]	@ (10006598 <cdcd_deinit+0x44>)
10006564:	20c8      	movs	r0, #200	@ 0xc8
10006566:	4358      	muls	r0, r3
10006568:	1812      	adds	r2, r2, r0
1000656a:	6a10      	ldr	r0, [r2, #32]
1000656c:	6b14      	ldr	r4, [r2, #48]	@ 0x30
1000656e:	2800      	cmp	r0, #0
10006570:	d006      	beq.n	10006580 <cdcd_deinit+0x2c>
10006572:	4a09      	ldr	r2, [pc, #36]	@ (10006598 <cdcd_deinit+0x44>)
10006574:	20c8      	movs	r0, #200	@ 0xc8
10006576:	4358      	muls	r0, r3
10006578:	1812      	adds	r2, r2, r0
1000657a:	2000      	movs	r0, #0
1000657c:	61d0      	str	r0, [r2, #28]
1000657e:	6210      	str	r0, [r2, #32]
10006580:	2c00      	cmp	r4, #0
10006582:	d006      	beq.n	10006592 <cdcd_deinit+0x3e>
10006584:	4a04      	ldr	r2, [pc, #16]	@ (10006598 <cdcd_deinit+0x44>)
10006586:	20c8      	movs	r0, #200	@ 0xc8
10006588:	4341      	muls	r1, r0
1000658a:	1852      	adds	r2, r2, r1
1000658c:	2100      	movs	r1, #0
1000658e:	6311      	str	r1, [r2, #48]	@ 0x30
10006590:	6351      	str	r1, [r2, #52]	@ 0x34
10006592:	3301      	adds	r3, #1
10006594:	b2db      	uxtb	r3, r3
10006596:	e7df      	b.n	10006558 <cdcd_deinit+0x4>
10006598:	20002448 	.word	0x20002448

1000659c <cdcd_reset>:
1000659c:	b570      	push	{r4, r5, r6, lr}
1000659e:	2400      	movs	r4, #0
100065a0:	2c00      	cmp	r4, #0
100065a2:	d000      	beq.n	100065a6 <cdcd_reset+0xa>
100065a4:	bd70      	pop	{r4, r5, r6, pc}
100065a6:	0025      	movs	r5, r4
100065a8:	20c8      	movs	r0, #200	@ 0xc8
100065aa:	4360      	muls	r0, r4
100065ac:	4b15      	ldr	r3, [pc, #84]	@ (10006604 <cdcd_reset+0x68>)
100065ae:	18c0      	adds	r0, r0, r3
100065b0:	2205      	movs	r2, #5
100065b2:	2100      	movs	r1, #0
100065b4:	f7fc fe9a 	bl	100032ec <__wrap_memset>
100065b8:	4b13      	ldr	r3, [pc, #76]	@ (10006608 <cdcd_reset+0x6c>)
100065ba:	781b      	ldrb	r3, [r3, #0]
100065bc:	07db      	lsls	r3, r3, #31
100065be:	d50f      	bpl.n	100065e0 <cdcd_reset+0x44>
100065c0:	4b11      	ldr	r3, [pc, #68]	@ (10006608 <cdcd_reset+0x6c>)
100065c2:	781b      	ldrb	r3, [r3, #0]
100065c4:	079b      	lsls	r3, r3, #30
100065c6:	d513      	bpl.n	100065f0 <cdcd_reset+0x54>
100065c8:	20c8      	movs	r0, #200	@ 0xc8
100065ca:	4368      	muls	r0, r5
100065cc:	3020      	adds	r0, #32
100065ce:	4b0d      	ldr	r3, [pc, #52]	@ (10006604 <cdcd_reset+0x68>)
100065d0:	18c0      	adds	r0, r0, r3
100065d2:	3004      	adds	r0, #4
100065d4:	2101      	movs	r1, #1
100065d6:	f001 f830 	bl	1000763a <tu_fifo_set_overwritable>
100065da:	3401      	adds	r4, #1
100065dc:	b2e4      	uxtb	r4, r4
100065de:	e7df      	b.n	100065a0 <cdcd_reset+0x4>
100065e0:	20c8      	movs	r0, #200	@ 0xc8
100065e2:	4360      	muls	r0, r4
100065e4:	3010      	adds	r0, #16
100065e6:	4b07      	ldr	r3, [pc, #28]	@ (10006604 <cdcd_reset+0x68>)
100065e8:	18c0      	adds	r0, r0, r3
100065ea:	f001 f807 	bl	100075fc <tu_fifo_clear>
100065ee:	e7e7      	b.n	100065c0 <cdcd_reset+0x24>
100065f0:	20c8      	movs	r0, #200	@ 0xc8
100065f2:	4368      	muls	r0, r5
100065f4:	3020      	adds	r0, #32
100065f6:	4b03      	ldr	r3, [pc, #12]	@ (10006604 <cdcd_reset+0x68>)
100065f8:	18c0      	adds	r0, r0, r3
100065fa:	3004      	adds	r0, #4
100065fc:	f000 fffe 	bl	100075fc <tu_fifo_clear>
10006600:	e7e2      	b.n	100065c8 <cdcd_reset+0x2c>
10006602:	46c0      	nop			@ (mov r8, r8)
10006604:	20002448 	.word	0x20002448
10006608:	20002444 	.word	0x20002444

1000660c <cdcd_open>:
1000660c:	b5f0      	push	{r4, r5, r6, r7, lr}
1000660e:	b085      	sub	sp, #20
10006610:	9003      	str	r0, [sp, #12]
10006612:	794b      	ldrb	r3, [r1, #5]
10006614:	2b02      	cmp	r3, #2
10006616:	d163      	bne.n	100066e0 <cdcd_open+0xd4>
10006618:	798b      	ldrb	r3, [r1, #6]
1000661a:	2b02      	cmp	r3, #2
1000661c:	d164      	bne.n	100066e8 <cdcd_open+0xdc>
1000661e:	2700      	movs	r7, #0
10006620:	2f00      	cmp	r7, #0
10006622:	d007      	beq.n	10006634 <cdcd_open+0x28>
10006624:	2f00      	cmp	r7, #0
10006626:	d10f      	bne.n	10006648 <cdcd_open+0x3c>
10006628:	788b      	ldrb	r3, [r1, #2]
1000662a:	7033      	strb	r3, [r6, #0]
1000662c:	780c      	ldrb	r4, [r1, #0]
1000662e:	190c      	adds	r4, r1, r4
10006630:	2509      	movs	r5, #9
10006632:	e015      	b.n	10006660 <cdcd_open+0x54>
10006634:	23c8      	movs	r3, #200	@ 0xc8
10006636:	437b      	muls	r3, r7
10006638:	4e2c      	ldr	r6, [pc, #176]	@ (100066ec <cdcd_open+0xe0>)
1000663a:	199e      	adds	r6, r3, r6
1000663c:	78b3      	ldrb	r3, [r6, #2]
1000663e:	2b00      	cmp	r3, #0
10006640:	d0f0      	beq.n	10006624 <cdcd_open+0x18>
10006642:	3701      	adds	r7, #1
10006644:	b2ff      	uxtb	r7, r7
10006646:	e7eb      	b.n	10006620 <cdcd_open+0x14>
10006648:	2242      	movs	r2, #66	@ 0x42
1000664a:	4929      	ldr	r1, [pc, #164]	@ (100066f0 <cdcd_open+0xe4>)
1000664c:	4829      	ldr	r0, [pc, #164]	@ (100066f4 <cdcd_open+0xe8>)
1000664e:	32ff      	adds	r2, #255	@ 0xff
10006650:	f7fe f96a 	bl	10004928 <__wrap_printf>
10006654:	2500      	movs	r5, #0
10006656:	e044      	b.n	100066e2 <cdcd_open+0xd6>
10006658:	7823      	ldrb	r3, [r4, #0]
1000665a:	195d      	adds	r5, r3, r5
1000665c:	b2ad      	uxth	r5, r5
1000665e:	18e4      	adds	r4, r4, r3
10006660:	7863      	ldrb	r3, [r4, #1]
10006662:	2b24      	cmp	r3, #36	@ 0x24
10006664:	d101      	bne.n	1000666a <cdcd_open+0x5e>
10006666:	4295      	cmp	r5, r2
10006668:	d9f6      	bls.n	10006658 <cdcd_open+0x4c>
1000666a:	2b05      	cmp	r3, #5
1000666c:	d009      	beq.n	10006682 <cdcd_open+0x76>
1000666e:	7863      	ldrb	r3, [r4, #1]
10006670:	2b04      	cmp	r3, #4
10006672:	d102      	bne.n	1000667a <cdcd_open+0x6e>
10006674:	7963      	ldrb	r3, [r4, #5]
10006676:	2b0a      	cmp	r3, #10
10006678:	d018      	beq.n	100066ac <cdcd_open+0xa0>
1000667a:	0038      	movs	r0, r7
1000667c:	f7ff fdfe 	bl	1000627c <_prep_out_transaction>
10006680:	e02f      	b.n	100066e2 <cdcd_open+0xd6>
10006682:	0021      	movs	r1, r4
10006684:	9803      	ldr	r0, [sp, #12]
10006686:	f7ff f907 	bl	10005898 <usbd_edpt_open>
1000668a:	2800      	cmp	r0, #0
1000668c:	d006      	beq.n	1000669c <cdcd_open+0x90>
1000668e:	78a3      	ldrb	r3, [r4, #2]
10006690:	7073      	strb	r3, [r6, #1]
10006692:	7823      	ldrb	r3, [r4, #0]
10006694:	195d      	adds	r5, r3, r5
10006696:	b2ad      	uxth	r5, r5
10006698:	18e4      	adds	r4, r4, r3
1000669a:	e7e8      	b.n	1000666e <cdcd_open+0x62>
1000669c:	2254      	movs	r2, #84	@ 0x54
1000669e:	4914      	ldr	r1, [pc, #80]	@ (100066f0 <cdcd_open+0xe4>)
100066a0:	4814      	ldr	r0, [pc, #80]	@ (100066f4 <cdcd_open+0xe8>)
100066a2:	32ff      	adds	r2, #255	@ 0xff
100066a4:	f7fe f940 	bl	10004928 <__wrap_printf>
100066a8:	2500      	movs	r5, #0
100066aa:	e01a      	b.n	100066e2 <cdcd_open+0xd6>
100066ac:	7821      	ldrb	r1, [r4, #0]
100066ae:	194d      	adds	r5, r1, r5
100066b0:	b2ad      	uxth	r5, r5
100066b2:	1861      	adds	r1, r4, r1
100066b4:	1cb3      	adds	r3, r6, #2
100066b6:	9301      	str	r3, [sp, #4]
100066b8:	1cf3      	adds	r3, r6, #3
100066ba:	9300      	str	r3, [sp, #0]
100066bc:	2302      	movs	r3, #2
100066be:	2202      	movs	r2, #2
100066c0:	9803      	ldr	r0, [sp, #12]
100066c2:	f7ff f919 	bl	100058f8 <usbd_open_edpt_pair>
100066c6:	2800      	cmp	r0, #0
100066c8:	d002      	beq.n	100066d0 <cdcd_open+0xc4>
100066ca:	350e      	adds	r5, #14
100066cc:	b2ad      	uxth	r5, r5
100066ce:	e7d4      	b.n	1000667a <cdcd_open+0x6e>
100066d0:	22b1      	movs	r2, #177	@ 0xb1
100066d2:	4907      	ldr	r1, [pc, #28]	@ (100066f0 <cdcd_open+0xe4>)
100066d4:	4807      	ldr	r0, [pc, #28]	@ (100066f4 <cdcd_open+0xe8>)
100066d6:	0052      	lsls	r2, r2, #1
100066d8:	f7fe f926 	bl	10004928 <__wrap_printf>
100066dc:	2500      	movs	r5, #0
100066de:	e000      	b.n	100066e2 <cdcd_open+0xd6>
100066e0:	2500      	movs	r5, #0
100066e2:	0028      	movs	r0, r5
100066e4:	b005      	add	sp, #20
100066e6:	bdf0      	pop	{r4, r5, r6, r7, pc}
100066e8:	2500      	movs	r5, #0
100066ea:	e7fa      	b.n	100066e2 <cdcd_open+0xd6>
100066ec:	20002448 	.word	0x20002448
100066f0:	1000a004 	.word	0x1000a004
100066f4:	10009688 	.word	0x10009688

100066f8 <cdcd_control_xfer_cb>:
100066f8:	b5f8      	push	{r3, r4, r5, r6, r7, lr}
100066fa:	0014      	movs	r4, r2
100066fc:	7812      	ldrb	r2, [r2, #0]
100066fe:	2360      	movs	r3, #96	@ 0x60
10006700:	4013      	ands	r3, r2
10006702:	2b20      	cmp	r3, #32
10006704:	d000      	beq.n	10006708 <cdcd_control_xfer_cb+0x10>
10006706:	e082      	b.n	1000680e <cdcd_control_xfer_cb+0x116>
10006708:	2500      	movs	r5, #0
1000670a:	2d00      	cmp	r5, #0
1000670c:	d00e      	beq.n	1000672c <cdcd_control_xfer_cb+0x34>
1000670e:	2d00      	cmp	r5, #0
10006710:	d000      	beq.n	10006714 <cdcd_control_xfer_cb+0x1c>
10006712:	e07e      	b.n	10006812 <cdcd_control_xfer_cb+0x11a>
10006714:	7863      	ldrb	r3, [r4, #1]
10006716:	2b22      	cmp	r3, #34	@ 0x22
10006718:	d042      	beq.n	100067a0 <cdcd_control_xfer_cb+0xa8>
1000671a:	d817      	bhi.n	1000674c <cdcd_control_xfer_cb+0x54>
1000671c:	2b20      	cmp	r3, #32
1000671e:	d01f      	beq.n	10006760 <cdcd_control_xfer_cb+0x68>
10006720:	2b21      	cmp	r3, #33	@ 0x21
10006722:	d111      	bne.n	10006748 <cdcd_control_xfer_cb+0x50>
10006724:	2901      	cmp	r1, #1
10006726:	d033      	beq.n	10006790 <cdcd_control_xfer_cb+0x98>
10006728:	2001      	movs	r0, #1
1000672a:	e071      	b.n	10006810 <cdcd_control_xfer_cb+0x118>
1000672c:	23c8      	movs	r3, #200	@ 0xc8
1000672e:	436b      	muls	r3, r5
10006730:	4a3c      	ldr	r2, [pc, #240]	@ (10006824 <cdcd_control_xfer_cb+0x12c>)
10006732:	189e      	adds	r6, r3, r2
10006734:	5cd2      	ldrb	r2, [r2, r3]
10006736:	7927      	ldrb	r7, [r4, #4]
10006738:	7963      	ldrb	r3, [r4, #5]
1000673a:	021b      	lsls	r3, r3, #8
1000673c:	433b      	orrs	r3, r7
1000673e:	429a      	cmp	r2, r3
10006740:	d0e5      	beq.n	1000670e <cdcd_control_xfer_cb+0x16>
10006742:	3501      	adds	r5, #1
10006744:	b2ed      	uxtb	r5, r5
10006746:	e7e0      	b.n	1000670a <cdcd_control_xfer_cb+0x12>
10006748:	2000      	movs	r0, #0
1000674a:	e061      	b.n	10006810 <cdcd_control_xfer_cb+0x118>
1000674c:	2b23      	cmp	r3, #35	@ 0x23
1000674e:	d105      	bne.n	1000675c <cdcd_control_xfer_cb+0x64>
10006750:	2901      	cmp	r1, #1
10006752:	d04b      	beq.n	100067ec <cdcd_control_xfer_cb+0xf4>
10006754:	2903      	cmp	r1, #3
10006756:	d04e      	beq.n	100067f6 <cdcd_control_xfer_cb+0xfe>
10006758:	2001      	movs	r0, #1
1000675a:	e059      	b.n	10006810 <cdcd_control_xfer_cb+0x118>
1000675c:	2000      	movs	r0, #0
1000675e:	e057      	b.n	10006810 <cdcd_control_xfer_cb+0x118>
10006760:	2901      	cmp	r1, #1
10006762:	d003      	beq.n	1000676c <cdcd_control_xfer_cb+0x74>
10006764:	2903      	cmp	r1, #3
10006766:	d009      	beq.n	1000677c <cdcd_control_xfer_cb+0x84>
10006768:	2001      	movs	r0, #1
1000676a:	e051      	b.n	10006810 <cdcd_control_xfer_cb+0x118>
1000676c:	0032      	movs	r2, r6
1000676e:	3208      	adds	r2, #8
10006770:	2307      	movs	r3, #7
10006772:	0021      	movs	r1, r4
10006774:	f7ff fca8 	bl	100060c8 <tud_control_xfer>
10006778:	2001      	movs	r0, #1
1000677a:	e049      	b.n	10006810 <cdcd_control_xfer_cb+0x118>
1000677c:	4b2a      	ldr	r3, [pc, #168]	@ (10006828 <cdcd_control_xfer_cb+0x130>)
1000677e:	2b00      	cmp	r3, #0
10006780:	d049      	beq.n	10006816 <cdcd_control_xfer_cb+0x11e>
10006782:	0031      	movs	r1, r6
10006784:	3108      	adds	r1, #8
10006786:	0028      	movs	r0, r5
10006788:	f7fe f954 	bl	10004a34 <tud_cdc_line_coding_cb>
1000678c:	2001      	movs	r0, #1
1000678e:	e03f      	b.n	10006810 <cdcd_control_xfer_cb+0x118>
10006790:	0032      	movs	r2, r6
10006792:	3208      	adds	r2, #8
10006794:	2307      	movs	r3, #7
10006796:	0021      	movs	r1, r4
10006798:	f7ff fc96 	bl	100060c8 <tud_control_xfer>
1000679c:	2001      	movs	r0, #1
1000679e:	e037      	b.n	10006810 <cdcd_control_xfer_cb+0x118>
100067a0:	2901      	cmp	r1, #1
100067a2:	d003      	beq.n	100067ac <cdcd_control_xfer_cb+0xb4>
100067a4:	2903      	cmp	r1, #3
100067a6:	d006      	beq.n	100067b6 <cdcd_control_xfer_cb+0xbe>
100067a8:	2001      	movs	r0, #1
100067aa:	e031      	b.n	10006810 <cdcd_control_xfer_cb+0x118>
100067ac:	0021      	movs	r1, r4
100067ae:	f7ff fc77 	bl	100060a0 <tud_control_status>
100067b2:	2001      	movs	r0, #1
100067b4:	e02c      	b.n	10006810 <cdcd_control_xfer_cb+0x118>
100067b6:	78a2      	ldrb	r2, [r4, #2]
100067b8:	78e3      	ldrb	r3, [r4, #3]
100067ba:	021b      	lsls	r3, r3, #8
100067bc:	4313      	orrs	r3, r2
100067be:	2401      	movs	r4, #1
100067c0:	0027      	movs	r7, r4
100067c2:	401f      	ands	r7, r3
100067c4:	085a      	lsrs	r2, r3, #1
100067c6:	4014      	ands	r4, r2
100067c8:	7133      	strb	r3, [r6, #4]
100067ca:	2101      	movs	r1, #1
100067cc:	4079      	eors	r1, r7
100067ce:	b2c9      	uxtb	r1, r1
100067d0:	0030      	movs	r0, r6
100067d2:	3024      	adds	r0, #36	@ 0x24
100067d4:	f000 ff31 	bl	1000763a <tu_fifo_set_overwritable>
100067d8:	4b14      	ldr	r3, [pc, #80]	@ (1000682c <cdcd_control_xfer_cb+0x134>)
100067da:	2b00      	cmp	r3, #0
100067dc:	d01d      	beq.n	1000681a <cdcd_control_xfer_cb+0x122>
100067de:	0022      	movs	r2, r4
100067e0:	0039      	movs	r1, r7
100067e2:	0028      	movs	r0, r5
100067e4:	e000      	b.n	100067e8 <cdcd_control_xfer_cb+0xf0>
100067e6:	bf00      	nop
100067e8:	2001      	movs	r0, #1
100067ea:	e011      	b.n	10006810 <cdcd_control_xfer_cb+0x118>
100067ec:	0021      	movs	r1, r4
100067ee:	f7ff fc57 	bl	100060a0 <tud_control_status>
100067f2:	2001      	movs	r0, #1
100067f4:	e00c      	b.n	10006810 <cdcd_control_xfer_cb+0x118>
100067f6:	4b0e      	ldr	r3, [pc, #56]	@ (10006830 <cdcd_control_xfer_cb+0x138>)
100067f8:	2b00      	cmp	r3, #0
100067fa:	d010      	beq.n	1000681e <cdcd_control_xfer_cb+0x126>
100067fc:	78a3      	ldrb	r3, [r4, #2]
100067fe:	78e1      	ldrb	r1, [r4, #3]
10006800:	0209      	lsls	r1, r1, #8
10006802:	4319      	orrs	r1, r3
10006804:	0028      	movs	r0, r5
10006806:	e000      	b.n	1000680a <cdcd_control_xfer_cb+0x112>
10006808:	bf00      	nop
1000680a:	2001      	movs	r0, #1
1000680c:	e000      	b.n	10006810 <cdcd_control_xfer_cb+0x118>
1000680e:	2000      	movs	r0, #0
10006810:	bdf8      	pop	{r3, r4, r5, r6, r7, pc}
10006812:	2000      	movs	r0, #0
10006814:	e7fc      	b.n	10006810 <cdcd_control_xfer_cb+0x118>
10006816:	2001      	movs	r0, #1
10006818:	e7fa      	b.n	10006810 <cdcd_control_xfer_cb+0x118>
1000681a:	2001      	movs	r0, #1
1000681c:	e7f8      	b.n	10006810 <cdcd_control_xfer_cb+0x118>
1000681e:	2001      	movs	r0, #1
10006820:	e7f6      	b.n	10006810 <cdcd_control_xfer_cb+0x118>
10006822:	46c0      	nop			@ (mov r8, r8)
10006824:	20002448 	.word	0x20002448
10006828:	10004a35 	.word	0x10004a35
	...

10006834 <cdcd_xfer_cb>:
10006834:	b5f0      	push	{r4, r5, r6, r7, lr}
10006836:	46d6      	mov	lr, sl
10006838:	4647      	mov	r7, r8
1000683a:	b580      	push	{r7, lr}
1000683c:	b083      	sub	sp, #12
1000683e:	9001      	str	r0, [sp, #4]
10006840:	000f      	movs	r7, r1
10006842:	9300      	str	r3, [sp, #0]
10006844:	2400      	movs	r4, #0
10006846:	2c00      	cmp	r4, #0
10006848:	d00f      	beq.n	1000686a <cdcd_xfer_cb+0x36>
1000684a:	2c00      	cmp	r4, #0
1000684c:	d11a      	bne.n	10006884 <cdcd_xfer_cb+0x50>
1000684e:	46a0      	mov	r8, r4
10006850:	78eb      	ldrb	r3, [r5, #3]
10006852:	42bb      	cmp	r3, r7
10006854:	d01e      	beq.n	10006894 <cdcd_xfer_cb+0x60>
10006856:	78ab      	ldrb	r3, [r5, #2]
10006858:	42bb      	cmp	r3, r7
1000685a:	d054      	beq.n	10006906 <cdcd_xfer_cb+0xd2>
1000685c:	2401      	movs	r4, #1
1000685e:	0020      	movs	r0, r4
10006860:	b003      	add	sp, #12
10006862:	bcc0      	pop	{r6, r7}
10006864:	46ba      	mov	sl, r7
10006866:	46b0      	mov	r8, r6
10006868:	bdf0      	pop	{r4, r5, r6, r7, pc}
1000686a:	25c8      	movs	r5, #200	@ 0xc8
1000686c:	4365      	muls	r5, r4
1000686e:	4b3c      	ldr	r3, [pc, #240]	@ (10006960 <cdcd_xfer_cb+0x12c>)
10006870:	18ed      	adds	r5, r5, r3
10006872:	78eb      	ldrb	r3, [r5, #3]
10006874:	42bb      	cmp	r3, r7
10006876:	d0e8      	beq.n	1000684a <cdcd_xfer_cb+0x16>
10006878:	78ab      	ldrb	r3, [r5, #2]
1000687a:	42bb      	cmp	r3, r7
1000687c:	d0e5      	beq.n	1000684a <cdcd_xfer_cb+0x16>
1000687e:	3401      	adds	r4, #1
10006880:	b2e4      	uxtb	r4, r4
10006882:	e7e0      	b.n	10006846 <cdcd_xfer_cb+0x12>
10006884:	22e6      	movs	r2, #230	@ 0xe6
10006886:	4937      	ldr	r1, [pc, #220]	@ (10006964 <cdcd_xfer_cb+0x130>)
10006888:	4837      	ldr	r0, [pc, #220]	@ (10006968 <cdcd_xfer_cb+0x134>)
1000688a:	0052      	lsls	r2, r2, #1
1000688c:	f7fe f84c 	bl	10004928 <__wrap_printf>
10006890:	2400      	movs	r4, #0
10006892:	e7e4      	b.n	1000685e <cdcd_xfer_cb+0x2a>
10006894:	2310      	movs	r3, #16
10006896:	469a      	mov	sl, r3
10006898:	44aa      	add	sl, r5
1000689a:	01e1      	lsls	r1, r4, #7
1000689c:	4b33      	ldr	r3, [pc, #204]	@ (1000696c <cdcd_xfer_cb+0x138>)
1000689e:	18c9      	adds	r1, r1, r3
100068a0:	466b      	mov	r3, sp
100068a2:	881a      	ldrh	r2, [r3, #0]
100068a4:	4650      	mov	r0, sl
100068a6:	f000 fea4 	bl	100075f2 <tu_fifo_write_n>
100068aa:	4b31      	ldr	r3, [pc, #196]	@ (10006970 <cdcd_xfer_cb+0x13c>)
100068ac:	2b00      	cmp	r3, #0
100068ae:	d01a      	beq.n	100068e6 <cdcd_xfer_cb+0xb2>
100068b0:	796b      	ldrb	r3, [r5, #5]
100068b2:	2bff      	cmp	r3, #255	@ 0xff
100068b4:	d017      	beq.n	100068e6 <cdcd_xfer_cb+0xb2>
100068b6:	2600      	movs	r6, #0
100068b8:	e000      	b.n	100068bc <cdcd_xfer_cb+0x88>
100068ba:	3601      	adds	r6, #1
100068bc:	9b00      	ldr	r3, [sp, #0]
100068be:	429e      	cmp	r6, r3
100068c0:	d211      	bcs.n	100068e6 <cdcd_xfer_cb+0xb2>
100068c2:	796a      	ldrb	r2, [r5, #5]
100068c4:	4b29      	ldr	r3, [pc, #164]	@ (1000696c <cdcd_xfer_cb+0x138>)
100068c6:	4641      	mov	r1, r8
100068c8:	01c9      	lsls	r1, r1, #7
100068ca:	185b      	adds	r3, r3, r1
100068cc:	5d9b      	ldrb	r3, [r3, r6]
100068ce:	429a      	cmp	r2, r3
100068d0:	d1f3      	bne.n	100068ba <cdcd_xfer_cb+0x86>
100068d2:	4650      	mov	r0, sl
100068d4:	f000 fe02 	bl	100074dc <tu_fifo_empty>
100068d8:	2800      	cmp	r0, #0
100068da:	d1ee      	bne.n	100068ba <cdcd_xfer_cb+0x86>
100068dc:	7969      	ldrb	r1, [r5, #5]
100068de:	0020      	movs	r0, r4
100068e0:	e000      	b.n	100068e4 <cdcd_xfer_cb+0xb0>
100068e2:	bf00      	nop
100068e4:	e7e9      	b.n	100068ba <cdcd_xfer_cb+0x86>
100068e6:	4b23      	ldr	r3, [pc, #140]	@ (10006974 <cdcd_xfer_cb+0x140>)
100068e8:	2b00      	cmp	r3, #0
100068ea:	d004      	beq.n	100068f6 <cdcd_xfer_cb+0xc2>
100068ec:	4650      	mov	r0, sl
100068ee:	f000 fdf5 	bl	100074dc <tu_fifo_empty>
100068f2:	2800      	cmp	r0, #0
100068f4:	d003      	beq.n	100068fe <cdcd_xfer_cb+0xca>
100068f6:	0020      	movs	r0, r4
100068f8:	f7ff fcc0 	bl	1000627c <_prep_out_transaction>
100068fc:	e7ab      	b.n	10006856 <cdcd_xfer_cb+0x22>
100068fe:	0020      	movs	r0, r4
10006900:	e000      	b.n	10006904 <cdcd_xfer_cb+0xd0>
10006902:	bf00      	nop
10006904:	e7f7      	b.n	100068f6 <cdcd_xfer_cb+0xc2>
10006906:	4b1c      	ldr	r3, [pc, #112]	@ (10006978 <cdcd_xfer_cb+0x144>)
10006908:	2b00      	cmp	r3, #0
1000690a:	d002      	beq.n	10006912 <cdcd_xfer_cb+0xde>
1000690c:	0020      	movs	r0, r4
1000690e:	e000      	b.n	10006912 <cdcd_xfer_cb+0xde>
10006910:	bf00      	nop
10006912:	0020      	movs	r0, r4
10006914:	f7ff fd40 	bl	10006398 <tud_cdc_n_write_flush>
10006918:	2800      	cmp	r0, #0
1000691a:	d001      	beq.n	10006920 <cdcd_xfer_cb+0xec>
1000691c:	2401      	movs	r4, #1
1000691e:	e79e      	b.n	1000685e <cdcd_xfer_cb+0x2a>
10006920:	0028      	movs	r0, r5
10006922:	3024      	adds	r0, #36	@ 0x24
10006924:	f000 fdc4 	bl	100074b0 <tu_fifo_count>
10006928:	2800      	cmp	r0, #0
1000692a:	d115      	bne.n	10006958 <cdcd_xfer_cb+0x124>
1000692c:	9b00      	ldr	r3, [sp, #0]
1000692e:	2b00      	cmp	r3, #0
10006930:	d014      	beq.n	1000695c <cdcd_xfer_cb+0x128>
10006932:	069e      	lsls	r6, r3, #26
10006934:	d001      	beq.n	1000693a <cdcd_xfer_cb+0x106>
10006936:	2401      	movs	r4, #1
10006938:	e791      	b.n	1000685e <cdcd_xfer_cb+0x2a>
1000693a:	78a9      	ldrb	r1, [r5, #2]
1000693c:	9801      	ldr	r0, [sp, #4]
1000693e:	f7ff f81f 	bl	10005980 <usbd_edpt_claim>
10006942:	1e04      	subs	r4, r0, #0
10006944:	d101      	bne.n	1000694a <cdcd_xfer_cb+0x116>
10006946:	2401      	movs	r4, #1
10006948:	e789      	b.n	1000685e <cdcd_xfer_cb+0x2a>
1000694a:	78a9      	ldrb	r1, [r5, #2]
1000694c:	2300      	movs	r3, #0
1000694e:	2200      	movs	r2, #0
10006950:	9801      	ldr	r0, [sp, #4]
10006952:	f7ff f83d 	bl	100059d0 <usbd_edpt_xfer>
10006956:	e782      	b.n	1000685e <cdcd_xfer_cb+0x2a>
10006958:	2401      	movs	r4, #1
1000695a:	e780      	b.n	1000685e <cdcd_xfer_cb+0x2a>
1000695c:	2401      	movs	r4, #1
1000695e:	e77e      	b.n	1000685e <cdcd_xfer_cb+0x2a>
10006960:	20002448 	.word	0x20002448
10006964:	10009ff4 	.word	0x10009ff4
10006968:	10009688 	.word	0x10009688
1000696c:	200023c4 	.word	0x200023c4
	...

1000697c <tud_vendor_n_mounted>:
1000697c:	2800      	cmp	r0, #0
1000697e:	d117      	bne.n	100069b0 <tud_vendor_n_mounted+0x34>
10006980:	4b0c      	ldr	r3, [pc, #48]	@ (100069b4 <tud_vendor_n_mounted+0x38>)
10006982:	2293      	movs	r2, #147	@ 0x93
10006984:	0092      	lsls	r2, r2, #2
10006986:	4342      	muls	r2, r0
10006988:	189b      	adds	r3, r3, r2
1000698a:	332a      	adds	r3, #42	@ 0x2a
1000698c:	33ff      	adds	r3, #255	@ 0xff
1000698e:	781b      	ldrb	r3, [r3, #0]
10006990:	2b00      	cmp	r3, #0
10006992:	d109      	bne.n	100069a8 <tud_vendor_n_mounted+0x2c>
10006994:	4b07      	ldr	r3, [pc, #28]	@ (100069b4 <tud_vendor_n_mounted+0x38>)
10006996:	2293      	movs	r2, #147	@ 0x93
10006998:	0092      	lsls	r2, r2, #2
1000699a:	4342      	muls	r2, r0
1000699c:	189b      	adds	r3, r3, r2
1000699e:	795b      	ldrb	r3, [r3, #5]
100069a0:	2b00      	cmp	r3, #0
100069a2:	d003      	beq.n	100069ac <tud_vendor_n_mounted+0x30>
100069a4:	3001      	adds	r0, #1
100069a6:	e004      	b.n	100069b2 <tud_vendor_n_mounted+0x36>
100069a8:	2001      	movs	r0, #1
100069aa:	e002      	b.n	100069b2 <tud_vendor_n_mounted+0x36>
100069ac:	2000      	movs	r0, #0
100069ae:	e000      	b.n	100069b2 <tud_vendor_n_mounted+0x36>
100069b0:	2000      	movs	r0, #0
100069b2:	4770      	bx	lr
100069b4:	20002714 	.word	0x20002714

100069b8 <tud_vendor_n_write_flush>:
100069b8:	b510      	push	{r4, lr}
100069ba:	2800      	cmp	r0, #0
100069bc:	d001      	beq.n	100069c2 <tud_vendor_n_write_flush+0xa>
100069be:	2000      	movs	r0, #0
100069c0:	bd10      	pop	{r4, pc}
100069c2:	2193      	movs	r1, #147	@ 0x93
100069c4:	0089      	lsls	r1, r1, #2
100069c6:	4341      	muls	r1, r0
100069c8:	4b02      	ldr	r3, [pc, #8]	@ (100069d4 <tud_vendor_n_write_flush+0x1c>)
100069ca:	18c9      	adds	r1, r1, r3
100069cc:	3104      	adds	r1, #4
100069ce:	f000 fb01 	bl	10006fd4 <tu_edpt_stream_write_xfer>
100069d2:	e7f5      	b.n	100069c0 <tud_vendor_n_write_flush+0x8>
100069d4:	20002714 	.word	0x20002714

100069d8 <vendord_init>:
100069d8:	b5f0      	push	{r4, r5, r6, r7, lr}
100069da:	46d6      	mov	lr, sl
100069dc:	464f      	mov	r7, r9
100069de:	4646      	mov	r6, r8
100069e0:	b5c0      	push	{r6, r7, lr}
100069e2:	b084      	sub	sp, #16
100069e4:	4821      	ldr	r0, [pc, #132]	@ (10006a6c <vendord_init+0x94>)
100069e6:	2293      	movs	r2, #147	@ 0x93
100069e8:	0092      	lsls	r2, r2, #2
100069ea:	2100      	movs	r1, #0
100069ec:	f7fc fc7e 	bl	100032ec <__wrap_memset>
100069f0:	2500      	movs	r5, #0
100069f2:	2d00      	cmp	r5, #0
100069f4:	d005      	beq.n	10006a02 <vendord_init+0x2a>
100069f6:	b004      	add	sp, #16
100069f8:	bce0      	pop	{r5, r6, r7}
100069fa:	46ba      	mov	sl, r7
100069fc:	46b1      	mov	r9, r6
100069fe:	46a8      	mov	r8, r5
10006a00:	bdf0      	pop	{r4, r5, r6, r7, pc}
10006a02:	2493      	movs	r4, #147	@ 0x93
10006a04:	00a4      	lsls	r4, r4, #2
10006a06:	436c      	muls	r4, r5
10006a08:	0023      	movs	r3, r4
10006a0a:	3349      	adds	r3, #73	@ 0x49
10006a0c:	33ff      	adds	r3, #255	@ 0xff
10006a0e:	4a17      	ldr	r2, [pc, #92]	@ (10006a6c <vendord_init+0x94>)
10006a10:	4691      	mov	r9, r2
10006a12:	444b      	add	r3, r9
10006a14:	3304      	adds	r3, #4
10006a16:	01ee      	lsls	r6, r5, #7
10006a18:	4a15      	ldr	r2, [pc, #84]	@ (10006a70 <vendord_init+0x98>)
10006a1a:	4692      	mov	sl, r2
10006a1c:	18b2      	adds	r2, r6, r2
10006a1e:	0020      	movs	r0, r4
10006a20:	3029      	adds	r0, #41	@ 0x29
10006a22:	30ff      	adds	r0, #255	@ 0xff
10006a24:	4448      	add	r0, r9
10006a26:	2140      	movs	r1, #64	@ 0x40
10006a28:	4688      	mov	r8, r1
10006a2a:	9103      	str	r1, [sp, #12]
10006a2c:	9202      	str	r2, [sp, #8]
10006a2e:	2780      	movs	r7, #128	@ 0x80
10006a30:	007f      	lsls	r7, r7, #1
10006a32:	9701      	str	r7, [sp, #4]
10006a34:	9300      	str	r3, [sp, #0]
10006a36:	2300      	movs	r3, #0
10006a38:	2200      	movs	r2, #0
10006a3a:	2100      	movs	r1, #0
10006a3c:	f000 fa57 	bl	10006eee <tu_edpt_stream_init>
10006a40:	0023      	movs	r3, r4
10006a42:	3320      	adds	r3, #32
10006a44:	444b      	add	r3, r9
10006a46:	3308      	adds	r3, #8
10006a48:	3640      	adds	r6, #64	@ 0x40
10006a4a:	4456      	add	r6, sl
10006a4c:	0020      	movs	r0, r4
10006a4e:	4448      	add	r0, r9
10006a50:	3004      	adds	r0, #4
10006a52:	4642      	mov	r2, r8
10006a54:	9203      	str	r2, [sp, #12]
10006a56:	9602      	str	r6, [sp, #8]
10006a58:	9701      	str	r7, [sp, #4]
10006a5a:	9300      	str	r3, [sp, #0]
10006a5c:	2300      	movs	r3, #0
10006a5e:	3a3f      	subs	r2, #63	@ 0x3f
10006a60:	2100      	movs	r1, #0
10006a62:	f000 fa44 	bl	10006eee <tu_edpt_stream_init>
10006a66:	3501      	adds	r5, #1
10006a68:	b2ed      	uxtb	r5, r5
10006a6a:	e7c2      	b.n	100069f2 <vendord_init+0x1a>
10006a6c:	20002714 	.word	0x20002714
10006a70:	20002694 	.word	0x20002694

10006a74 <vendord_deinit>:
10006a74:	b570      	push	{r4, r5, r6, lr}
10006a76:	2500      	movs	r5, #0
10006a78:	2d00      	cmp	r5, #0
10006a7a:	d001      	beq.n	10006a80 <vendord_deinit+0xc>
10006a7c:	2001      	movs	r0, #1
10006a7e:	bd70      	pop	{r4, r5, r6, pc}
10006a80:	2493      	movs	r4, #147	@ 0x93
10006a82:	00a4      	lsls	r4, r4, #2
10006a84:	436c      	muls	r4, r5
10006a86:	0020      	movs	r0, r4
10006a88:	3029      	adds	r0, #41	@ 0x29
10006a8a:	30ff      	adds	r0, #255	@ 0xff
10006a8c:	4e05      	ldr	r6, [pc, #20]	@ (10006aa4 <vendord_deinit+0x30>)
10006a8e:	1980      	adds	r0, r0, r6
10006a90:	f000 fa5e 	bl	10006f50 <tu_edpt_stream_deinit>
10006a94:	19a0      	adds	r0, r4, r6
10006a96:	3004      	adds	r0, #4
10006a98:	f000 fa5a 	bl	10006f50 <tu_edpt_stream_deinit>
10006a9c:	3501      	adds	r5, #1
10006a9e:	b2ed      	uxtb	r5, r5
10006aa0:	e7ea      	b.n	10006a78 <vendord_deinit+0x4>
10006aa2:	46c0      	nop			@ (mov r8, r8)
10006aa4:	20002714 	.word	0x20002714

10006aa8 <vendord_reset>:
10006aa8:	b5f0      	push	{r4, r5, r6, r7, lr}
10006aaa:	46c6      	mov	lr, r8
10006aac:	b500      	push	{lr}
10006aae:	2500      	movs	r5, #0
10006ab0:	2d00      	cmp	r5, #0
10006ab2:	d002      	beq.n	10006aba <vendord_reset+0x12>
10006ab4:	bc80      	pop	{r7}
10006ab6:	46b8      	mov	r8, r7
10006ab8:	bdf0      	pop	{r4, r5, r6, r7, pc}
10006aba:	2493      	movs	r4, #147	@ 0x93
10006abc:	00a4      	lsls	r4, r4, #2
10006abe:	436c      	muls	r4, r5
10006ac0:	4b0c      	ldr	r3, [pc, #48]	@ (10006af4 <vendord_reset+0x4c>)
10006ac2:	4698      	mov	r8, r3
10006ac4:	18e6      	adds	r6, r4, r3
10006ac6:	2700      	movs	r7, #0
10006ac8:	7037      	strb	r7, [r6, #0]
10006aca:	0020      	movs	r0, r4
10006acc:	3031      	adds	r0, #49	@ 0x31
10006ace:	30ff      	adds	r0, #255	@ 0xff
10006ad0:	4440      	add	r0, r8
10006ad2:	f000 fd93 	bl	100075fc <tu_fifo_clear>
10006ad6:	3408      	adds	r4, #8
10006ad8:	0020      	movs	r0, r4
10006ada:	4440      	add	r0, r8
10006adc:	3004      	adds	r0, #4
10006ade:	f000 fd8d 	bl	100075fc <tu_fifo_clear>
10006ae2:	0033      	movs	r3, r6
10006ae4:	332a      	adds	r3, #42	@ 0x2a
10006ae6:	33ff      	adds	r3, #255	@ 0xff
10006ae8:	701f      	strb	r7, [r3, #0]
10006aea:	7177      	strb	r7, [r6, #5]
10006aec:	3501      	adds	r5, #1
10006aee:	b2ed      	uxtb	r5, r5
10006af0:	e7de      	b.n	10006ab0 <vendord_reset+0x8>
10006af2:	46c0      	nop			@ (mov r8, r8)
10006af4:	20002714 	.word	0x20002714

10006af8 <vendord_open>:
10006af8:	b5f0      	push	{r4, r5, r6, r7, lr}
10006afa:	46c6      	mov	lr, r8
10006afc:	b500      	push	{lr}
10006afe:	b082      	sub	sp, #8
10006b00:	9001      	str	r0, [sp, #4]
10006b02:	000f      	movs	r7, r1
10006b04:	794b      	ldrb	r3, [r1, #5]
10006b06:	2bff      	cmp	r3, #255	@ 0xff
10006b08:	d000      	beq.n	10006b0c <vendord_open+0x14>
10006b0a:	e08c      	b.n	10006c26 <vendord_open+0x12e>
10006b0c:	780c      	ldrb	r4, [r1, #0]
10006b0e:	190c      	adds	r4, r1, r4
10006b10:	18a5      	adds	r5, r4, r2
10006b12:	2600      	movs	r6, #0
10006b14:	2e00      	cmp	r6, #0
10006b16:	d001      	beq.n	10006b1c <vendord_open+0x24>
10006b18:	2000      	movs	r0, #0
10006b1a:	e085      	b.n	10006c28 <vendord_open+0x130>
10006b1c:	0030      	movs	r0, r6
10006b1e:	f7ff ff2d 	bl	1000697c <tud_vendor_n_mounted>
10006b22:	2800      	cmp	r0, #0
10006b24:	d002      	beq.n	10006b2c <vendord_open+0x34>
10006b26:	3601      	adds	r6, #1
10006b28:	b2f6      	uxtb	r6, r6
10006b2a:	e7f3      	b.n	10006b14 <vendord_open+0x1c>
10006b2c:	2393      	movs	r3, #147	@ 0x93
10006b2e:	009b      	lsls	r3, r3, #2
10006b30:	4373      	muls	r3, r6
10006b32:	4a3f      	ldr	r2, [pc, #252]	@ (10006c30 <vendord_open+0x138>)
10006b34:	4698      	mov	r8, r3
10006b36:	4490      	add	r8, r2
10006b38:	78bb      	ldrb	r3, [r7, #2]
10006b3a:	4642      	mov	r2, r8
10006b3c:	7013      	strb	r3, [r2, #0]
10006b3e:	e033      	b.n	10006ba8 <vendord_open+0xb0>
10006b40:	42ac      	cmp	r4, r5
10006b42:	d26d      	bcs.n	10006c20 <vendord_open+0x128>
10006b44:	0021      	movs	r1, r4
10006b46:	9801      	ldr	r0, [sp, #4]
10006b48:	f7fe fea6 	bl	10005898 <usbd_edpt_open>
10006b4c:	2800      	cmp	r0, #0
10006b4e:	d036      	beq.n	10006bbe <vendord_open+0xc6>
10006b50:	3601      	adds	r6, #1
10006b52:	b2f6      	uxtb	r6, r6
10006b54:	78a3      	ldrb	r3, [r4, #2]
10006b56:	09db      	lsrs	r3, r3, #7
10006b58:	2b01      	cmp	r3, #1
10006b5a:	d037      	beq.n	10006bcc <vendord_open+0xd4>
10006b5c:	4640      	mov	r0, r8
10006b5e:	3031      	adds	r0, #49	@ 0x31
10006b60:	30ff      	adds	r0, #255	@ 0xff
10006b62:	f000 fd4b 	bl	100075fc <tu_fifo_clear>
10006b66:	78a1      	ldrb	r1, [r4, #2]
10006b68:	2294      	movs	r2, #148	@ 0x94
10006b6a:	0052      	lsls	r2, r2, #1
10006b6c:	4643      	mov	r3, r8
10006b6e:	189b      	adds	r3, r3, r2
10006b70:	7059      	strb	r1, [r3, #1]
10006b72:	7921      	ldrb	r1, [r4, #4]
10006b74:	7963      	ldrb	r3, [r4, #5]
10006b76:	021b      	lsls	r3, r3, #8
10006b78:	430b      	orrs	r3, r1
10006b7a:	055b      	lsls	r3, r3, #21
10006b7c:	0d5b      	lsrs	r3, r3, #21
10006b7e:	492d      	ldr	r1, [pc, #180]	@ (10006c34 <vendord_open+0x13c>)
10006b80:	468c      	mov	ip, r1
10006b82:	4463      	add	r3, ip
10006b84:	4259      	negs	r1, r3
10006b86:	414b      	adcs	r3, r1
10006b88:	005b      	lsls	r3, r3, #1
10006b8a:	4641      	mov	r1, r8
10006b8c:	5c89      	ldrb	r1, [r1, r2]
10006b8e:	2002      	movs	r0, #2
10006b90:	4381      	bics	r1, r0
10006b92:	430b      	orrs	r3, r1
10006b94:	4641      	mov	r1, r8
10006b96:	548b      	strb	r3, [r1, r2]
10006b98:	1889      	adds	r1, r1, r2
10006b9a:	9801      	ldr	r0, [sp, #4]
10006b9c:	f000 fa5c 	bl	10007058 <tu_edpt_stream_read_xfer>
10006ba0:	2800      	cmp	r0, #0
10006ba2:	d036      	beq.n	10006c12 <vendord_open+0x11a>
10006ba4:	7823      	ldrb	r3, [r4, #0]
10006ba6:	18e4      	adds	r4, r4, r3
10006ba8:	793b      	ldrb	r3, [r7, #4]
10006baa:	42b3      	cmp	r3, r6
10006bac:	d938      	bls.n	10006c20 <vendord_open+0x128>
10006bae:	7863      	ldrb	r3, [r4, #1]
10006bb0:	2b05      	cmp	r3, #5
10006bb2:	d0c5      	beq.n	10006b40 <vendord_open+0x48>
10006bb4:	42ac      	cmp	r4, r5
10006bb6:	d2c3      	bcs.n	10006b40 <vendord_open+0x48>
10006bb8:	7823      	ldrb	r3, [r4, #0]
10006bba:	18e4      	adds	r4, r4, r3
10006bbc:	e7f7      	b.n	10006bae <vendord_open+0xb6>
10006bbe:	491e      	ldr	r1, [pc, #120]	@ (10006c38 <vendord_open+0x140>)
10006bc0:	481e      	ldr	r0, [pc, #120]	@ (10006c3c <vendord_open+0x144>)
10006bc2:	22e0      	movs	r2, #224	@ 0xe0
10006bc4:	f7fd feb0 	bl	10004928 <__wrap_printf>
10006bc8:	2000      	movs	r0, #0
10006bca:	e02d      	b.n	10006c28 <vendord_open+0x130>
10006bcc:	4640      	mov	r0, r8
10006bce:	300c      	adds	r0, #12
10006bd0:	f000 fd14 	bl	100075fc <tu_fifo_clear>
10006bd4:	78a3      	ldrb	r3, [r4, #2]
10006bd6:	4642      	mov	r2, r8
10006bd8:	7153      	strb	r3, [r2, #5]
10006bda:	7922      	ldrb	r2, [r4, #4]
10006bdc:	7963      	ldrb	r3, [r4, #5]
10006bde:	021b      	lsls	r3, r3, #8
10006be0:	4313      	orrs	r3, r2
10006be2:	055b      	lsls	r3, r3, #21
10006be4:	0d5b      	lsrs	r3, r3, #21
10006be6:	4a13      	ldr	r2, [pc, #76]	@ (10006c34 <vendord_open+0x13c>)
10006be8:	4694      	mov	ip, r2
10006bea:	4463      	add	r3, ip
10006bec:	425a      	negs	r2, r3
10006bee:	4153      	adcs	r3, r2
10006bf0:	005b      	lsls	r3, r3, #1
10006bf2:	4642      	mov	r2, r8
10006bf4:	7912      	ldrb	r2, [r2, #4]
10006bf6:	2102      	movs	r1, #2
10006bf8:	438a      	bics	r2, r1
10006bfa:	4313      	orrs	r3, r2
10006bfc:	4642      	mov	r2, r8
10006bfe:	7113      	strb	r3, [r2, #4]
10006c00:	4b0b      	ldr	r3, [pc, #44]	@ (10006c30 <vendord_open+0x138>)
10006c02:	1ad3      	subs	r3, r2, r3
10006c04:	109b      	asrs	r3, r3, #2
10006c06:	480e      	ldr	r0, [pc, #56]	@ (10006c40 <vendord_open+0x148>)
10006c08:	4358      	muls	r0, r3
10006c0a:	b2c0      	uxtb	r0, r0
10006c0c:	f7ff fed4 	bl	100069b8 <tud_vendor_n_write_flush>
10006c10:	e7c8      	b.n	10006ba4 <vendord_open+0xac>
10006c12:	4909      	ldr	r1, [pc, #36]	@ (10006c38 <vendord_open+0x140>)
10006c14:	4809      	ldr	r0, [pc, #36]	@ (10006c3c <vendord_open+0x144>)
10006c16:	22e8      	movs	r2, #232	@ 0xe8
10006c18:	f7fd fe86 	bl	10004928 <__wrap_printf>
10006c1c:	2000      	movs	r0, #0
10006c1e:	e003      	b.n	10006c28 <vendord_open+0x130>
10006c20:	1be0      	subs	r0, r4, r7
10006c22:	b280      	uxth	r0, r0
10006c24:	e000      	b.n	10006c28 <vendord_open+0x130>
10006c26:	2000      	movs	r0, #0
10006c28:	b002      	add	sp, #8
10006c2a:	bc80      	pop	{r7}
10006c2c:	46b8      	mov	r8, r7
10006c2e:	bdf0      	pop	{r4, r5, r6, r7, pc}
10006c30:	20002714 	.word	0x20002714
10006c34:	fffffe00 	.word	0xfffffe00
10006c38:	1000a028 	.word	0x1000a028
10006c3c:	10009688 	.word	0x10009688
10006c40:	08b51d9b 	.word	0x08b51d9b

10006c44 <vendord_xfer_cb>:
10006c44:	b5f0      	push	{r4, r5, r6, r7, lr}
10006c46:	b083      	sub	sp, #12
10006c48:	0006      	movs	r6, r0
10006c4a:	001d      	movs	r5, r3
10006c4c:	2400      	movs	r4, #0
10006c4e:	2c00      	cmp	r4, #0
10006c50:	d00c      	beq.n	10006c6c <vendord_xfer_cb+0x28>
10006c52:	2c00      	cmp	r4, #0
10006c54:	d157      	bne.n	10006d06 <vendord_xfer_cb+0xc2>
10006c56:	9401      	str	r4, [sp, #4]
10006c58:	232a      	movs	r3, #42	@ 0x2a
10006c5a:	33ff      	adds	r3, #255	@ 0xff
10006c5c:	5cfb      	ldrb	r3, [r7, r3]
10006c5e:	428b      	cmp	r3, r1
10006c60:	d015      	beq.n	10006c8e <vendord_xfer_cb+0x4a>
10006c62:	797b      	ldrb	r3, [r7, #5]
10006c64:	428b      	cmp	r3, r1
10006c66:	d036      	beq.n	10006cd6 <vendord_xfer_cb+0x92>
10006c68:	2001      	movs	r0, #1
10006c6a:	e04d      	b.n	10006d08 <vendord_xfer_cb+0xc4>
10006c6c:	2393      	movs	r3, #147	@ 0x93
10006c6e:	009b      	lsls	r3, r3, #2
10006c70:	4363      	muls	r3, r4
10006c72:	4f26      	ldr	r7, [pc, #152]	@ (10006d0c <vendord_xfer_cb+0xc8>)
10006c74:	19df      	adds	r7, r3, r7
10006c76:	003b      	movs	r3, r7
10006c78:	332a      	adds	r3, #42	@ 0x2a
10006c7a:	33ff      	adds	r3, #255	@ 0xff
10006c7c:	781b      	ldrb	r3, [r3, #0]
10006c7e:	428b      	cmp	r3, r1
10006c80:	d0e7      	beq.n	10006c52 <vendord_xfer_cb+0xe>
10006c82:	797b      	ldrb	r3, [r7, #5]
10006c84:	428b      	cmp	r3, r1
10006c86:	d0e4      	beq.n	10006c52 <vendord_xfer_cb+0xe>
10006c88:	3401      	adds	r4, #1
10006c8a:	b2e4      	uxtb	r4, r4
10006c8c:	e7df      	b.n	10006c4e <vendord_xfer_cb+0xa>
10006c8e:	003b      	movs	r3, r7
10006c90:	3331      	adds	r3, #49	@ 0x31
10006c92:	33ff      	adds	r3, #255	@ 0xff
10006c94:	889b      	ldrh	r3, [r3, #4]
10006c96:	2b00      	cmp	r3, #0
10006c98:	d112      	bne.n	10006cc0 <vendord_xfer_cb+0x7c>
10006c9a:	4b1d      	ldr	r3, [pc, #116]	@ (10006d10 <vendord_xfer_cb+0xcc>)
10006c9c:	2b00      	cmp	r3, #0
10006c9e:	d007      	beq.n	10006cb0 <vendord_xfer_cb+0x6c>
10006ca0:	9b01      	ldr	r3, [sp, #4]
10006ca2:	01d9      	lsls	r1, r3, #7
10006ca4:	4b1b      	ldr	r3, [pc, #108]	@ (10006d14 <vendord_xfer_cb+0xd0>)
10006ca6:	18c9      	adds	r1, r1, r3
10006ca8:	b2aa      	uxth	r2, r5
10006caa:	0020      	movs	r0, r4
10006cac:	e000      	b.n	10006cb0 <vendord_xfer_cb+0x6c>
10006cae:	bf00      	nop
10006cb0:	0039      	movs	r1, r7
10006cb2:	3129      	adds	r1, #41	@ 0x29
10006cb4:	31ff      	adds	r1, #255	@ 0xff
10006cb6:	0030      	movs	r0, r6
10006cb8:	f000 f9ce 	bl	10007058 <tu_edpt_stream_read_xfer>
10006cbc:	2001      	movs	r0, #1
10006cbe:	e023      	b.n	10006d08 <vendord_xfer_cb+0xc4>
10006cc0:	003b      	movs	r3, r7
10006cc2:	3329      	adds	r3, #41	@ 0x29
10006cc4:	33ff      	adds	r3, #255	@ 0xff
10006cc6:	6859      	ldr	r1, [r3, #4]
10006cc8:	b2aa      	uxth	r2, r5
10006cca:	0038      	movs	r0, r7
10006ccc:	3031      	adds	r0, #49	@ 0x31
10006cce:	30ff      	adds	r0, #255	@ 0xff
10006cd0:	f000 fc8f 	bl	100075f2 <tu_fifo_write_n>
10006cd4:	e7e1      	b.n	10006c9a <vendord_xfer_cb+0x56>
10006cd6:	4b10      	ldr	r3, [pc, #64]	@ (10006d18 <vendord_xfer_cb+0xd4>)
10006cd8:	2b00      	cmp	r3, #0
10006cda:	d004      	beq.n	10006ce6 <vendord_xfer_cb+0xa2>
10006cdc:	0429      	lsls	r1, r5, #16
10006cde:	0c09      	lsrs	r1, r1, #16
10006ce0:	0020      	movs	r0, r4
10006ce2:	e000      	b.n	10006ce6 <vendord_xfer_cb+0xa2>
10006ce4:	bf00      	nop
10006ce6:	1d3c      	adds	r4, r7, #4
10006ce8:	0021      	movs	r1, r4
10006cea:	0030      	movs	r0, r6
10006cec:	f000 f972 	bl	10006fd4 <tu_edpt_stream_write_xfer>
10006cf0:	2800      	cmp	r0, #0
10006cf2:	d001      	beq.n	10006cf8 <vendord_xfer_cb+0xb4>
10006cf4:	2001      	movs	r0, #1
10006cf6:	e007      	b.n	10006d08 <vendord_xfer_cb+0xc4>
10006cf8:	002a      	movs	r2, r5
10006cfa:	0021      	movs	r1, r4
10006cfc:	0030      	movs	r0, r6
10006cfe:	f000 f929 	bl	10006f54 <tu_edpt_stream_write_zlp_if_needed>
10006d02:	2001      	movs	r0, #1
10006d04:	e000      	b.n	10006d08 <vendord_xfer_cb+0xc4>
10006d06:	2000      	movs	r0, #0
10006d08:	b003      	add	sp, #12
10006d0a:	bdf0      	pop	{r4, r5, r6, r7, pc}
10006d0c:	20002714 	.word	0x20002714
10006d10:	00000000 	.word	0x00000000
10006d14:	20002694 	.word	0x20002694
10006d18:	00000000 	.word	0x00000000

10006d1c <tusb_rhport_init>:
10006d1c:	b510      	push	{r4, lr}
10006d1e:	b082      	sub	sp, #8
10006d20:	2900      	cmp	r1, #0
10006d22:	d00a      	beq.n	10006d3a <tusb_rhport_init+0x1e>
10006d24:	2801      	cmp	r0, #1
10006d26:	d81c      	bhi.n	10006d62 <tusb_rhport_init+0x46>
10006d28:	780b      	ldrb	r3, [r1, #0]
10006d2a:	2b00      	cmp	r3, #0
10006d2c:	d019      	beq.n	10006d62 <tusb_rhport_init+0x46>
10006d2e:	4a16      	ldr	r2, [pc, #88]	@ (10006d88 <tusb_rhport_init+0x6c>)
10006d30:	5413      	strb	r3, [r2, r0]
10006d32:	2b01      	cmp	r3, #1
10006d34:	d01e      	beq.n	10006d74 <tusb_rhport_init+0x58>
10006d36:	2401      	movs	r4, #1
10006d38:	e019      	b.n	10006d6e <tusb_rhport_init+0x52>
10006d3a:	a901      	add	r1, sp, #4
10006d3c:	2301      	movs	r3, #1
10006d3e:	700b      	strb	r3, [r1, #0]
10006d40:	2300      	movs	r3, #0
10006d42:	704b      	strb	r3, [r1, #1]
10006d44:	2000      	movs	r0, #0
10006d46:	f7fe fd27 	bl	10005798 <tud_rhport_init>
10006d4a:	1e04      	subs	r4, r0, #0
10006d4c:	d003      	beq.n	10006d56 <tusb_rhport_init+0x3a>
10006d4e:	4b0e      	ldr	r3, [pc, #56]	@ (10006d88 <tusb_rhport_init+0x6c>)
10006d50:	2201      	movs	r2, #1
10006d52:	701a      	strb	r2, [r3, #0]
10006d54:	e00b      	b.n	10006d6e <tusb_rhport_init+0x52>
10006d56:	490d      	ldr	r1, [pc, #52]	@ (10006d8c <tusb_rhport_init+0x70>)
10006d58:	480d      	ldr	r0, [pc, #52]	@ (10006d90 <tusb_rhport_init+0x74>)
10006d5a:	2247      	movs	r2, #71	@ 0x47
10006d5c:	f7fd fde4 	bl	10004928 <__wrap_printf>
10006d60:	e005      	b.n	10006d6e <tusb_rhport_init+0x52>
10006d62:	490a      	ldr	r1, [pc, #40]	@ (10006d8c <tusb_rhport_init+0x70>)
10006d64:	480a      	ldr	r0, [pc, #40]	@ (10006d90 <tusb_rhport_init+0x74>)
10006d66:	225a      	movs	r2, #90	@ 0x5a
10006d68:	f7fd fdde 	bl	10004928 <__wrap_printf>
10006d6c:	2400      	movs	r4, #0
10006d6e:	0020      	movs	r0, r4
10006d70:	b002      	add	sp, #8
10006d72:	bd10      	pop	{r4, pc}
10006d74:	f7fe fd10 	bl	10005798 <tud_rhport_init>
10006d78:	1e04      	subs	r4, r0, #0
10006d7a:	d1f8      	bne.n	10006d6e <tusb_rhport_init+0x52>
10006d7c:	4903      	ldr	r1, [pc, #12]	@ (10006d8c <tusb_rhport_init+0x70>)
10006d7e:	4804      	ldr	r0, [pc, #16]	@ (10006d90 <tusb_rhport_init+0x74>)
10006d80:	225f      	movs	r2, #95	@ 0x5f
10006d82:	f7fd fdd1 	bl	10004928 <__wrap_printf>
10006d86:	e7f2      	b.n	10006d6e <tusb_rhport_init+0x52>
10006d88:	20002564 	.word	0x20002564
10006d8c:	1000a0a8 	.word	0x1000a0a8
10006d90:	10009688 	.word	0x10009688

10006d94 <tu_edpt_claim>:
10006d94:	b570      	push	{r4, r5, r6, lr}
10006d96:	0004      	movs	r4, r0
10006d98:	000d      	movs	r5, r1
10006d9a:	7803      	ldrb	r3, [r0, #0]
10006d9c:	07db      	lsls	r3, r3, #31
10006d9e:	0fd8      	lsrs	r0, r3, #31
10006da0:	2b00      	cmp	r3, #0
10006da2:	d11d      	bne.n	10006de0 <tu_edpt_claim+0x4c>
10006da4:	7823      	ldrb	r3, [r4, #0]
10006da6:	075b      	lsls	r3, r3, #29
10006da8:	0fde      	lsrs	r6, r3, #31
10006daa:	2b00      	cmp	r3, #0
10006dac:	db19      	blt.n	10006de2 <tu_edpt_claim+0x4e>
10006dae:	2101      	movs	r1, #1
10006db0:	4249      	negs	r1, r1
10006db2:	0028      	movs	r0, r5
10006db4:	f001 fb98 	bl	100084e8 <__mutex_enter_timeout_ms_veneer>
10006db8:	7823      	ldrb	r3, [r4, #0]
10006dba:	07db      	lsls	r3, r3, #31
10006dbc:	0fda      	lsrs	r2, r3, #31
10006dbe:	2b00      	cmp	r3, #0
10006dc0:	d107      	bne.n	10006dd2 <tu_edpt_claim+0x3e>
10006dc2:	7823      	ldrb	r3, [r4, #0]
10006dc4:	075b      	lsls	r3, r3, #29
10006dc6:	d409      	bmi.n	10006ddc <tu_edpt_claim+0x48>
10006dc8:	7823      	ldrb	r3, [r4, #0]
10006dca:	2204      	movs	r2, #4
10006dcc:	4313      	orrs	r3, r2
10006dce:	7023      	strb	r3, [r4, #0]
10006dd0:	2601      	movs	r6, #1
10006dd2:	0028      	movs	r0, r5
10006dd4:	f001 fb60 	bl	10008498 <__mutex_exit_veneer>
10006dd8:	0030      	movs	r0, r6
10006dda:	e002      	b.n	10006de2 <tu_edpt_claim+0x4e>
10006ddc:	0016      	movs	r6, r2
10006dde:	e7f8      	b.n	10006dd2 <tu_edpt_claim+0x3e>
10006de0:	2000      	movs	r0, #0
10006de2:	bd70      	pop	{r4, r5, r6, pc}

10006de4 <tu_edpt_release>:
10006de4:	b570      	push	{r4, r5, r6, lr}
10006de6:	0006      	movs	r6, r0
10006de8:	000c      	movs	r4, r1
10006dea:	2101      	movs	r1, #1
10006dec:	4249      	negs	r1, r1
10006dee:	0020      	movs	r0, r4
10006df0:	f001 fb7a 	bl	100084e8 <__mutex_enter_timeout_ms_veneer>
10006df4:	7833      	ldrb	r3, [r6, #0]
10006df6:	075b      	lsls	r3, r3, #29
10006df8:	0fdd      	lsrs	r5, r3, #31
10006dfa:	2b00      	cmp	r3, #0
10006dfc:	db04      	blt.n	10006e08 <tu_edpt_release+0x24>
10006dfe:	0020      	movs	r0, r4
10006e00:	f001 fb4a 	bl	10008498 <__mutex_exit_veneer>
10006e04:	0028      	movs	r0, r5
10006e06:	bd70      	pop	{r4, r5, r6, pc}
10006e08:	7833      	ldrb	r3, [r6, #0]
10006e0a:	07db      	lsls	r3, r3, #31
10006e0c:	d404      	bmi.n	10006e18 <tu_edpt_release+0x34>
10006e0e:	7833      	ldrb	r3, [r6, #0]
10006e10:	2204      	movs	r2, #4
10006e12:	4393      	bics	r3, r2
10006e14:	7033      	strb	r3, [r6, #0]
10006e16:	e7f2      	b.n	10006dfe <tu_edpt_release+0x1a>
10006e18:	2500      	movs	r5, #0
10006e1a:	e7f0      	b.n	10006dfe <tu_edpt_release+0x1a>

10006e1c <tu_edpt_validate>:
10006e1c:	b510      	push	{r4, lr}
10006e1e:	7902      	ldrb	r2, [r0, #4]
10006e20:	7943      	ldrb	r3, [r0, #5]
10006e22:	021b      	lsls	r3, r3, #8
10006e24:	4313      	orrs	r3, r2
10006e26:	055b      	lsls	r3, r3, #21
10006e28:	0d5b      	lsrs	r3, r3, #21
10006e2a:	78c2      	ldrb	r2, [r0, #3]
10006e2c:	0792      	lsls	r2, r2, #30
10006e2e:	0f92      	lsrs	r2, r2, #30
10006e30:	2a02      	cmp	r2, #2
10006e32:	d014      	beq.n	10006e5e <tu_edpt_validate+0x42>
10006e34:	2a03      	cmp	r2, #3
10006e36:	d02d      	beq.n	10006e94 <tu_edpt_validate+0x78>
10006e38:	2a01      	cmp	r2, #1
10006e3a:	d13c      	bne.n	10006eb6 <tu_edpt_validate+0x9a>
10006e3c:	2902      	cmp	r1, #2
10006e3e:	d004      	beq.n	10006e4a <tu_edpt_validate+0x2e>
10006e40:	4a1e      	ldr	r2, [pc, #120]	@ (10006ebc <tu_edpt_validate+0xa0>)
10006e42:	429a      	cmp	r2, r3
10006e44:	d304      	bcc.n	10006e50 <tu_edpt_validate+0x34>
10006e46:	2001      	movs	r0, #1
10006e48:	e036      	b.n	10006eb8 <tu_edpt_validate+0x9c>
10006e4a:	2280      	movs	r2, #128	@ 0x80
10006e4c:	00d2      	lsls	r2, r2, #3
10006e4e:	e7f8      	b.n	10006e42 <tu_edpt_validate+0x26>
10006e50:	491b      	ldr	r1, [pc, #108]	@ (10006ec0 <tu_edpt_validate+0xa4>)
10006e52:	481c      	ldr	r0, [pc, #112]	@ (10006ec4 <tu_edpt_validate+0xa8>)
10006e54:	22d1      	movs	r2, #209	@ 0xd1
10006e56:	f7fd fd67 	bl	10004928 <__wrap_printf>
10006e5a:	2000      	movs	r0, #0
10006e5c:	e02c      	b.n	10006eb8 <tu_edpt_validate+0x9c>
10006e5e:	2902      	cmp	r1, #2
10006e60:	d003      	beq.n	10006e6a <tu_edpt_validate+0x4e>
10006e62:	2b40      	cmp	r3, #64	@ 0x40
10006e64:	d80f      	bhi.n	10006e86 <tu_edpt_validate+0x6a>
10006e66:	2001      	movs	r0, #1
10006e68:	e026      	b.n	10006eb8 <tu_edpt_validate+0x9c>
10006e6a:	2280      	movs	r2, #128	@ 0x80
10006e6c:	0092      	lsls	r2, r2, #2
10006e6e:	4293      	cmp	r3, r2
10006e70:	d101      	bne.n	10006e76 <tu_edpt_validate+0x5a>
10006e72:	2001      	movs	r0, #1
10006e74:	e020      	b.n	10006eb8 <tu_edpt_validate+0x9c>
10006e76:	4912      	ldr	r1, [pc, #72]	@ (10006ec0 <tu_edpt_validate+0xa4>)
10006e78:	4812      	ldr	r0, [pc, #72]	@ (10006ec4 <tu_edpt_validate+0xa8>)
10006e7a:	3a29      	subs	r2, #41	@ 0x29
10006e7c:	3aff      	subs	r2, #255	@ 0xff
10006e7e:	f7fd fd53 	bl	10004928 <__wrap_printf>
10006e82:	2000      	movs	r0, #0
10006e84:	e018      	b.n	10006eb8 <tu_edpt_validate+0x9c>
10006e86:	490e      	ldr	r1, [pc, #56]	@ (10006ec0 <tu_edpt_validate+0xa4>)
10006e88:	480e      	ldr	r0, [pc, #56]	@ (10006ec4 <tu_edpt_validate+0xa8>)
10006e8a:	22db      	movs	r2, #219	@ 0xdb
10006e8c:	f7fd fd4c 	bl	10004928 <__wrap_printf>
10006e90:	2000      	movs	r0, #0
10006e92:	e011      	b.n	10006eb8 <tu_edpt_validate+0x9c>
10006e94:	2902      	cmp	r1, #2
10006e96:	d004      	beq.n	10006ea2 <tu_edpt_validate+0x86>
10006e98:	2240      	movs	r2, #64	@ 0x40
10006e9a:	429a      	cmp	r2, r3
10006e9c:	d304      	bcc.n	10006ea8 <tu_edpt_validate+0x8c>
10006e9e:	2001      	movs	r0, #1
10006ea0:	e00a      	b.n	10006eb8 <tu_edpt_validate+0x9c>
10006ea2:	2280      	movs	r2, #128	@ 0x80
10006ea4:	00d2      	lsls	r2, r2, #3
10006ea6:	e7f8      	b.n	10006e9a <tu_edpt_validate+0x7e>
10006ea8:	4905      	ldr	r1, [pc, #20]	@ (10006ec0 <tu_edpt_validate+0xa4>)
10006eaa:	4806      	ldr	r0, [pc, #24]	@ (10006ec4 <tu_edpt_validate+0xa8>)
10006eac:	22e1      	movs	r2, #225	@ 0xe1
10006eae:	f7fd fd3b 	bl	10004928 <__wrap_printf>
10006eb2:	2000      	movs	r0, #0
10006eb4:	e000      	b.n	10006eb8 <tu_edpt_validate+0x9c>
10006eb6:	2000      	movs	r0, #0
10006eb8:	bd10      	pop	{r4, pc}
10006eba:	46c0      	nop			@ (mov r8, r8)
10006ebc:	000003ff 	.word	0x000003ff
10006ec0:	1000a094 	.word	0x1000a094
10006ec4:	10009688 	.word	0x10009688

10006ec8 <tu_edpt_bind_driver>:
10006ec8:	b530      	push	{r4, r5, lr}
10006eca:	188a      	adds	r2, r1, r2
10006ecc:	e001      	b.n	10006ed2 <tu_edpt_bind_driver+0xa>
10006ece:	780c      	ldrb	r4, [r1, #0]
10006ed0:	1909      	adds	r1, r1, r4
10006ed2:	4291      	cmp	r1, r2
10006ed4:	d20a      	bcs.n	10006eec <tu_edpt_bind_driver+0x24>
10006ed6:	784c      	ldrb	r4, [r1, #1]
10006ed8:	2c05      	cmp	r4, #5
10006eda:	d1f8      	bne.n	10006ece <tu_edpt_bind_driver+0x6>
10006edc:	788d      	ldrb	r5, [r1, #2]
10006ede:	347a      	adds	r4, #122	@ 0x7a
10006ee0:	402c      	ands	r4, r5
10006ee2:	0064      	lsls	r4, r4, #1
10006ee4:	1904      	adds	r4, r0, r4
10006ee6:	09ed      	lsrs	r5, r5, #7
10006ee8:	5563      	strb	r3, [r4, r5]
10006eea:	e7f0      	b.n	10006ece <tu_edpt_bind_driver+0x6>
10006eec:	bd30      	pop	{r4, r5, pc}

10006eee <tu_edpt_stream_init>:
10006eee:	b5f0      	push	{r4, r5, r6, r7, lr}
10006ef0:	b085      	sub	sp, #20
10006ef2:	0004      	movs	r4, r0
10006ef4:	9203      	str	r2, [sp, #12]
10006ef6:	aa0a      	add	r2, sp, #40	@ 0x28
10006ef8:	ca40      	ldmia	r2!, {r6}
10006efa:	8817      	ldrh	r7, [r2, #0]
10006efc:	aa0d      	add	r2, sp, #52	@ 0x34
10006efe:	8815      	ldrh	r5, [r2, #0]
10006f00:	2201      	movs	r2, #1
10006f02:	400a      	ands	r2, r1
10006f04:	7801      	ldrb	r1, [r0, #0]
10006f06:	2001      	movs	r0, #1
10006f08:	4381      	bics	r1, r0
10006f0a:	4311      	orrs	r1, r2
10006f0c:	7021      	strb	r1, [r4, #0]
10006f0e:	0020      	movs	r0, r4
10006f10:	3008      	adds	r0, #8
10006f12:	9300      	str	r3, [sp, #0]
10006f14:	2301      	movs	r3, #1
10006f16:	003a      	movs	r2, r7
10006f18:	0031      	movs	r1, r6
10006f1a:	f000 fa8b 	bl	10007434 <tu_fifo_config>
10006f1e:	2e00      	cmp	r6, #0
10006f20:	d001      	beq.n	10006f26 <tu_edpt_stream_init+0x38>
10006f22:	2f00      	cmp	r7, #0
10006f24:	d105      	bne.n	10006f32 <tu_edpt_stream_init+0x44>
10006f26:	9b0c      	ldr	r3, [sp, #48]	@ 0x30
10006f28:	6063      	str	r3, [r4, #4]
10006f2a:	8065      	strh	r5, [r4, #2]
10006f2c:	2001      	movs	r0, #1
10006f2e:	b005      	add	sp, #20
10006f30:	bdf0      	pop	{r4, r5, r6, r7, pc}
10006f32:	0026      	movs	r6, r4
10006f34:	361c      	adds	r6, #28
10006f36:	0030      	movs	r0, r6
10006f38:	f7fa faa0 	bl	1000147c <mutex_init>
10006f3c:	9b03      	ldr	r3, [sp, #12]
10006f3e:	2b00      	cmp	r3, #0
10006f40:	d004      	beq.n	10006f4c <tu_edpt_stream_init+0x5e>
10006f42:	0033      	movs	r3, r6
10006f44:	2600      	movs	r6, #0
10006f46:	6163      	str	r3, [r4, #20]
10006f48:	61a6      	str	r6, [r4, #24]
10006f4a:	e7ec      	b.n	10006f26 <tu_edpt_stream_init+0x38>
10006f4c:	2300      	movs	r3, #0
10006f4e:	e7fa      	b.n	10006f46 <tu_edpt_stream_init+0x58>

10006f50 <tu_edpt_stream_deinit>:
10006f50:	2001      	movs	r0, #1
10006f52:	4770      	bx	lr

10006f54 <tu_edpt_stream_write_zlp_if_needed>:
10006f54:	b5f8      	push	{r3, r4, r5, r6, r7, lr}
10006f56:	0006      	movs	r6, r0
10006f58:	000c      	movs	r4, r1
10006f5a:	0015      	movs	r5, r2
10006f5c:	780b      	ldrb	r3, [r1, #0]
10006f5e:	079b      	lsls	r3, r3, #30
10006f60:	d511      	bpl.n	10006f86 <tu_edpt_stream_write_zlp_if_needed+0x32>
10006f62:	2780      	movs	r7, #128	@ 0x80
10006f64:	00bf      	lsls	r7, r7, #2
10006f66:	0020      	movs	r0, r4
10006f68:	3008      	adds	r0, #8
10006f6a:	f000 faa1 	bl	100074b0 <tu_fifo_count>
10006f6e:	2800      	cmp	r0, #0
10006f70:	d125      	bne.n	10006fbe <tu_edpt_stream_write_zlp_if_needed+0x6a>
10006f72:	2d00      	cmp	r5, #0
10006f74:	d025      	beq.n	10006fc2 <tu_edpt_stream_write_zlp_if_needed+0x6e>
10006f76:	3f01      	subs	r7, #1
10006f78:	423d      	tst	r5, r7
10006f7a:	d124      	bne.n	10006fc6 <tu_edpt_stream_write_zlp_if_needed+0x72>
10006f7c:	7823      	ldrb	r3, [r4, #0]
10006f7e:	07db      	lsls	r3, r3, #31
10006f80:	d503      	bpl.n	10006f8a <tu_edpt_stream_write_zlp_if_needed+0x36>
10006f82:	2000      	movs	r0, #0
10006f84:	e01c      	b.n	10006fc0 <tu_edpt_stream_write_zlp_if_needed+0x6c>
10006f86:	2740      	movs	r7, #64	@ 0x40
10006f88:	e7ed      	b.n	10006f66 <tu_edpt_stream_write_zlp_if_needed+0x12>
10006f8a:	7861      	ldrb	r1, [r4, #1]
10006f8c:	0030      	movs	r0, r6
10006f8e:	f7fe fcf7 	bl	10005980 <usbd_edpt_claim>
10006f92:	2800      	cmp	r0, #0
10006f94:	d0f5      	beq.n	10006f82 <tu_edpt_stream_write_zlp_if_needed+0x2e>
10006f96:	7823      	ldrb	r3, [r4, #0]
10006f98:	07db      	lsls	r3, r3, #31
10006f9a:	d507      	bpl.n	10006fac <tu_edpt_stream_write_zlp_if_needed+0x58>
10006f9c:	22b5      	movs	r2, #181	@ 0xb5
10006f9e:	490b      	ldr	r1, [pc, #44]	@ (10006fcc <tu_edpt_stream_write_zlp_if_needed+0x78>)
10006fa0:	480b      	ldr	r0, [pc, #44]	@ (10006fd0 <tu_edpt_stream_write_zlp_if_needed+0x7c>)
10006fa2:	0052      	lsls	r2, r2, #1
10006fa4:	f7fd fcc0 	bl	10004928 <__wrap_printf>
10006fa8:	2000      	movs	r0, #0
10006faa:	e009      	b.n	10006fc0 <tu_edpt_stream_write_zlp_if_needed+0x6c>
10006fac:	7861      	ldrb	r1, [r4, #1]
10006fae:	2300      	movs	r3, #0
10006fb0:	2200      	movs	r2, #0
10006fb2:	0030      	movs	r0, r6
10006fb4:	f7fe fd0c 	bl	100059d0 <usbd_edpt_xfer>
10006fb8:	2800      	cmp	r0, #0
10006fba:	d101      	bne.n	10006fc0 <tu_edpt_stream_write_zlp_if_needed+0x6c>
10006fbc:	e7ee      	b.n	10006f9c <tu_edpt_stream_write_zlp_if_needed+0x48>
10006fbe:	2000      	movs	r0, #0
10006fc0:	bdf8      	pop	{r3, r4, r5, r6, r7, pc}
10006fc2:	2000      	movs	r0, #0
10006fc4:	e7fc      	b.n	10006fc0 <tu_edpt_stream_write_zlp_if_needed+0x6c>
10006fc6:	2000      	movs	r0, #0
10006fc8:	e7fa      	b.n	10006fc0 <tu_edpt_stream_write_zlp_if_needed+0x6c>
10006fca:	46c0      	nop			@ (mov r8, r8)
10006fcc:	1000a070 	.word	0x1000a070
10006fd0:	10009688 	.word	0x10009688

10006fd4 <tu_edpt_stream_write_xfer>:
10006fd4:	b570      	push	{r4, r5, r6, lr}
10006fd6:	0005      	movs	r5, r0
10006fd8:	000c      	movs	r4, r1
10006fda:	000e      	movs	r6, r1
10006fdc:	3608      	adds	r6, #8
10006fde:	0030      	movs	r0, r6
10006fe0:	f000 fa66 	bl	100074b0 <tu_fifo_count>
10006fe4:	2800      	cmp	r0, #0
10006fe6:	d030      	beq.n	1000704a <tu_edpt_stream_write_xfer+0x76>
10006fe8:	7823      	ldrb	r3, [r4, #0]
10006fea:	07db      	lsls	r3, r3, #31
10006fec:	d501      	bpl.n	10006ff2 <tu_edpt_stream_write_xfer+0x1e>
10006fee:	2000      	movs	r0, #0
10006ff0:	bd70      	pop	{r4, r5, r6, pc}
10006ff2:	7861      	ldrb	r1, [r4, #1]
10006ff4:	0028      	movs	r0, r5
10006ff6:	f7fe fcc3 	bl	10005980 <usbd_edpt_claim>
10006ffa:	2800      	cmp	r0, #0
10006ffc:	d0f7      	beq.n	10006fee <tu_edpt_stream_write_xfer+0x1a>
10006ffe:	6861      	ldr	r1, [r4, #4]
10007000:	8862      	ldrh	r2, [r4, #2]
10007002:	0030      	movs	r0, r6
10007004:	f000 fabe 	bl	10007584 <tu_fifo_read_n>
10007008:	1e06      	subs	r6, r0, #0
1000700a:	d014      	beq.n	10007036 <tu_edpt_stream_write_xfer+0x62>
1000700c:	7823      	ldrb	r3, [r4, #0]
1000700e:	07db      	lsls	r3, r3, #31
10007010:	d507      	bpl.n	10007022 <tu_edpt_stream_write_xfer+0x4e>
10007012:	22bc      	movs	r2, #188	@ 0xbc
10007014:	490e      	ldr	r1, [pc, #56]	@ (10007050 <tu_edpt_stream_write_xfer+0x7c>)
10007016:	480f      	ldr	r0, [pc, #60]	@ (10007054 <tu_edpt_stream_write_xfer+0x80>)
10007018:	0052      	lsls	r2, r2, #1
1000701a:	f7fd fc85 	bl	10004928 <__wrap_printf>
1000701e:	2000      	movs	r0, #0
10007020:	e7e6      	b.n	10006ff0 <tu_edpt_stream_write_xfer+0x1c>
10007022:	6862      	ldr	r2, [r4, #4]
10007024:	7861      	ldrb	r1, [r4, #1]
10007026:	0003      	movs	r3, r0
10007028:	0028      	movs	r0, r5
1000702a:	f7fe fcd1 	bl	100059d0 <usbd_edpt_xfer>
1000702e:	2800      	cmp	r0, #0
10007030:	d0ef      	beq.n	10007012 <tu_edpt_stream_write_xfer+0x3e>
10007032:	0030      	movs	r0, r6
10007034:	e7dc      	b.n	10006ff0 <tu_edpt_stream_write_xfer+0x1c>
10007036:	7823      	ldrb	r3, [r4, #0]
10007038:	07db      	lsls	r3, r3, #31
1000703a:	d501      	bpl.n	10007040 <tu_edpt_stream_write_xfer+0x6c>
1000703c:	2000      	movs	r0, #0
1000703e:	e7d7      	b.n	10006ff0 <tu_edpt_stream_write_xfer+0x1c>
10007040:	7861      	ldrb	r1, [r4, #1]
10007042:	0028      	movs	r0, r5
10007044:	f7fe fcb0 	bl	100059a8 <usbd_edpt_release>
10007048:	e7f8      	b.n	1000703c <tu_edpt_stream_write_xfer+0x68>
1000704a:	2000      	movs	r0, #0
1000704c:	e7d0      	b.n	10006ff0 <tu_edpt_stream_write_xfer+0x1c>
1000704e:	46c0      	nop			@ (mov r8, r8)
10007050:	1000a054 	.word	0x1000a054
10007054:	10009688 	.word	0x10009688

10007058 <tu_edpt_stream_read_xfer>:
10007058:	b5f8      	push	{r3, r4, r5, r6, r7, lr}
1000705a:	0005      	movs	r5, r0
1000705c:	000c      	movs	r4, r1
1000705e:	898b      	ldrh	r3, [r1, #12]
10007060:	2b00      	cmp	r3, #0
10007062:	d122      	bne.n	100070aa <tu_edpt_stream_read_xfer+0x52>
10007064:	780b      	ldrb	r3, [r1, #0]
10007066:	07db      	lsls	r3, r3, #31
10007068:	d501      	bpl.n	1000706e <tu_edpt_stream_read_xfer+0x16>
1000706a:	2000      	movs	r0, #0
1000706c:	bdf8      	pop	{r3, r4, r5, r6, r7, pc}
1000706e:	7849      	ldrb	r1, [r1, #1]
10007070:	f7fe fc86 	bl	10005980 <usbd_edpt_claim>
10007074:	2800      	cmp	r0, #0
10007076:	d0f8      	beq.n	1000706a <tu_edpt_stream_read_xfer+0x12>
10007078:	8863      	ldrh	r3, [r4, #2]
1000707a:	7822      	ldrb	r2, [r4, #0]
1000707c:	07d2      	lsls	r2, r2, #31
1000707e:	d507      	bpl.n	10007090 <tu_edpt_stream_read_xfer+0x38>
10007080:	22d9      	movs	r2, #217	@ 0xd9
10007082:	4930      	ldr	r1, [pc, #192]	@ (10007144 <tu_edpt_stream_read_xfer+0xec>)
10007084:	4830      	ldr	r0, [pc, #192]	@ (10007148 <tu_edpt_stream_read_xfer+0xf0>)
10007086:	0052      	lsls	r2, r2, #1
10007088:	f7fd fc4e 	bl	10004928 <__wrap_printf>
1000708c:	2000      	movs	r0, #0
1000708e:	e7ed      	b.n	1000706c <tu_edpt_stream_read_xfer+0x14>
10007090:	7861      	ldrb	r1, [r4, #1]
10007092:	2b00      	cmp	r3, #0
10007094:	d007      	beq.n	100070a6 <tu_edpt_stream_read_xfer+0x4e>
10007096:	6862      	ldr	r2, [r4, #4]
10007098:	0028      	movs	r0, r5
1000709a:	f7fe fc99 	bl	100059d0 <usbd_edpt_xfer>
1000709e:	2800      	cmp	r0, #0
100070a0:	d0ee      	beq.n	10007080 <tu_edpt_stream_read_xfer+0x28>
100070a2:	8860      	ldrh	r0, [r4, #2]
100070a4:	e7e2      	b.n	1000706c <tu_edpt_stream_read_xfer+0x14>
100070a6:	2200      	movs	r2, #0
100070a8:	e7f6      	b.n	10007098 <tu_edpt_stream_read_xfer+0x40>
100070aa:	780b      	ldrb	r3, [r1, #0]
100070ac:	079b      	lsls	r3, r3, #30
100070ae:	d50d      	bpl.n	100070cc <tu_edpt_stream_read_xfer+0x74>
100070b0:	2680      	movs	r6, #128	@ 0x80
100070b2:	00b6      	lsls	r6, r6, #2
100070b4:	0027      	movs	r7, r4
100070b6:	3708      	adds	r7, #8
100070b8:	0038      	movs	r0, r7
100070ba:	f000 fa2b 	bl	10007514 <tu_fifo_remaining>
100070be:	4286      	cmp	r6, r0
100070c0:	d83d      	bhi.n	1000713e <tu_edpt_stream_read_xfer+0xe6>
100070c2:	7823      	ldrb	r3, [r4, #0]
100070c4:	07db      	lsls	r3, r3, #31
100070c6:	d503      	bpl.n	100070d0 <tu_edpt_stream_read_xfer+0x78>
100070c8:	2000      	movs	r0, #0
100070ca:	e7cf      	b.n	1000706c <tu_edpt_stream_read_xfer+0x14>
100070cc:	2640      	movs	r6, #64	@ 0x40
100070ce:	e7f1      	b.n	100070b4 <tu_edpt_stream_read_xfer+0x5c>
100070d0:	7861      	ldrb	r1, [r4, #1]
100070d2:	0028      	movs	r0, r5
100070d4:	f7fe fc54 	bl	10005980 <usbd_edpt_claim>
100070d8:	2800      	cmp	r0, #0
100070da:	d0f5      	beq.n	100070c8 <tu_edpt_stream_read_xfer+0x70>
100070dc:	0038      	movs	r0, r7
100070de:	f000 fa19 	bl	10007514 <tu_fifo_remaining>
100070e2:	4286      	cmp	r6, r0
100070e4:	d821      	bhi.n	1000712a <tu_edpt_stream_read_xfer+0xd2>
100070e6:	4276      	negs	r6, r6
100070e8:	b2b6      	uxth	r6, r6
100070ea:	8862      	ldrh	r2, [r4, #2]
100070ec:	4030      	ands	r0, r6
100070ee:	1c03      	adds	r3, r0, #0
100070f0:	4290      	cmp	r0, r2
100070f2:	d900      	bls.n	100070f6 <tu_edpt_stream_read_xfer+0x9e>
100070f4:	1c13      	adds	r3, r2, #0
100070f6:	b29e      	uxth	r6, r3
100070f8:	7823      	ldrb	r3, [r4, #0]
100070fa:	07db      	lsls	r3, r3, #31
100070fc:	d507      	bpl.n	1000710e <tu_edpt_stream_read_xfer+0xb6>
100070fe:	22c8      	movs	r2, #200	@ 0xc8
10007100:	4910      	ldr	r1, [pc, #64]	@ (10007144 <tu_edpt_stream_read_xfer+0xec>)
10007102:	4811      	ldr	r0, [pc, #68]	@ (10007148 <tu_edpt_stream_read_xfer+0xf0>)
10007104:	32ff      	adds	r2, #255	@ 0xff
10007106:	f7fd fc0f 	bl	10004928 <__wrap_printf>
1000710a:	2000      	movs	r0, #0
1000710c:	e7ae      	b.n	1000706c <tu_edpt_stream_read_xfer+0x14>
1000710e:	7861      	ldrb	r1, [r4, #1]
10007110:	2e00      	cmp	r6, #0
10007112:	d008      	beq.n	10007126 <tu_edpt_stream_read_xfer+0xce>
10007114:	6862      	ldr	r2, [r4, #4]
10007116:	0033      	movs	r3, r6
10007118:	0028      	movs	r0, r5
1000711a:	f7fe fc59 	bl	100059d0 <usbd_edpt_xfer>
1000711e:	2800      	cmp	r0, #0
10007120:	d0ed      	beq.n	100070fe <tu_edpt_stream_read_xfer+0xa6>
10007122:	0030      	movs	r0, r6
10007124:	e7a2      	b.n	1000706c <tu_edpt_stream_read_xfer+0x14>
10007126:	2200      	movs	r2, #0
10007128:	e7f5      	b.n	10007116 <tu_edpt_stream_read_xfer+0xbe>
1000712a:	7823      	ldrb	r3, [r4, #0]
1000712c:	07db      	lsls	r3, r3, #31
1000712e:	d501      	bpl.n	10007134 <tu_edpt_stream_read_xfer+0xdc>
10007130:	2000      	movs	r0, #0
10007132:	e79b      	b.n	1000706c <tu_edpt_stream_read_xfer+0x14>
10007134:	7861      	ldrb	r1, [r4, #1]
10007136:	0028      	movs	r0, r5
10007138:	f7fe fc36 	bl	100059a8 <usbd_edpt_release>
1000713c:	e7f8      	b.n	10007130 <tu_edpt_stream_read_xfer+0xd8>
1000713e:	2000      	movs	r0, #0
10007140:	e794      	b.n	1000706c <tu_edpt_stream_read_xfer+0x14>
10007142:	46c0      	nop			@ (mov r8, r8)
10007144:	1000a038 	.word	0x1000a038
10007148:	10009688 	.word	0x10009688

1000714c <advance_index>:
1000714c:	0003      	movs	r3, r0
1000714e:	188a      	adds	r2, r1, r2
10007150:	b290      	uxth	r0, r2
10007152:	4281      	cmp	r1, r0
10007154:	d802      	bhi.n	1000715c <advance_index+0x10>
10007156:	005a      	lsls	r2, r3, #1
10007158:	4290      	cmp	r0, r2
1000715a:	db03      	blt.n	10007164 <advance_index+0x18>
1000715c:	005b      	lsls	r3, r3, #1
1000715e:	b29b      	uxth	r3, r3
10007160:	1ac0      	subs	r0, r0, r3
10007162:	b280      	uxth	r0, r0
10007164:	4770      	bx	lr

10007166 <_tu_fifo_peek>:
10007166:	b570      	push	{r4, r5, r6, lr}
10007168:	0005      	movs	r5, r0
1000716a:	0008      	movs	r0, r1
1000716c:	88ac      	ldrh	r4, [r5, #4]
1000716e:	429a      	cmp	r2, r3
10007170:	d30b      	bcc.n	1000718a <_tu_fifo_peek+0x24>
10007172:	1ad1      	subs	r1, r2, r3
10007174:	b289      	uxth	r1, r1
10007176:	2900      	cmp	r1, #0
10007178:	d01e      	beq.n	100071b8 <_tu_fifo_peek+0x52>
1000717a:	428c      	cmp	r4, r1
1000717c:	d210      	bcs.n	100071a0 <_tu_fifo_peek+0x3a>
1000717e:	4294      	cmp	r4, r2
10007180:	d809      	bhi.n	10007196 <_tu_fifo_peek+0x30>
10007182:	1b12      	subs	r2, r2, r4
10007184:	b293      	uxth	r3, r2
10007186:	816b      	strh	r3, [r5, #10]
10007188:	e00a      	b.n	100071a0 <_tu_fifo_peek+0x3a>
1000718a:	1ad1      	subs	r1, r2, r3
1000718c:	b289      	uxth	r1, r1
1000718e:	0066      	lsls	r6, r4, #1
10007190:	1989      	adds	r1, r1, r6
10007192:	b289      	uxth	r1, r1
10007194:	e7ef      	b.n	10007176 <_tu_fifo_peek+0x10>
10007196:	18a2      	adds	r2, r4, r2
10007198:	b293      	uxth	r3, r2
1000719a:	e7f4      	b.n	10007186 <_tu_fifo_peek+0x20>
1000719c:	1b1b      	subs	r3, r3, r4
1000719e:	b29b      	uxth	r3, r3
100071a0:	429c      	cmp	r4, r3
100071a2:	d9fb      	bls.n	1000719c <_tu_fifo_peek+0x36>
100071a4:	6829      	ldr	r1, [r5, #0]
100071a6:	88ea      	ldrh	r2, [r5, #6]
100071a8:	0452      	lsls	r2, r2, #17
100071aa:	0c52      	lsrs	r2, r2, #17
100071ac:	4353      	muls	r3, r2
100071ae:	18c9      	adds	r1, r1, r3
100071b0:	f7fc f8a2 	bl	100032f8 <__wrap___aeabi_memcpy>
100071b4:	2001      	movs	r0, #1
100071b6:	bd70      	pop	{r4, r5, r6, pc}
100071b8:	2000      	movs	r0, #0
100071ba:	e7fc      	b.n	100071b6 <_tu_fifo_peek+0x50>

100071bc <_ff_pull_n>:
100071bc:	b5f8      	push	{r3, r4, r5, r6, r7, lr}
100071be:	46ce      	mov	lr, r9
100071c0:	4647      	mov	r7, r8
100071c2:	b580      	push	{r7, lr}
100071c4:	0005      	movs	r5, r0
100071c6:	468c      	mov	ip, r1
100071c8:	a908      	add	r1, sp, #32
100071ca:	7809      	ldrb	r1, [r1, #0]
100071cc:	8884      	ldrh	r4, [r0, #4]
100071ce:	1ae0      	subs	r0, r4, r3
100071d0:	b280      	uxth	r0, r0
100071d2:	1b1c      	subs	r4, r3, r4
100071d4:	1914      	adds	r4, r2, r4
100071d6:	b2a4      	uxth	r4, r4
100071d8:	88ef      	ldrh	r7, [r5, #6]
100071da:	047f      	lsls	r7, r7, #17
100071dc:	0c7e      	lsrs	r6, r7, #17
100071de:	0007      	movs	r7, r0
100071e0:	4377      	muls	r7, r6
100071e2:	b2bf      	uxth	r7, r7
100071e4:	4374      	muls	r4, r6
100071e6:	b2a4      	uxth	r4, r4
100071e8:	46a1      	mov	r9, r4
100071ea:	682c      	ldr	r4, [r5, #0]
100071ec:	46a0      	mov	r8, r4
100071ee:	4373      	muls	r3, r6
100071f0:	4443      	add	r3, r8
100071f2:	2900      	cmp	r1, #0
100071f4:	d106      	bne.n	10007204 <_ff_pull_n+0x48>
100071f6:	4290      	cmp	r0, r2
100071f8:	d308      	bcc.n	1000720c <_ff_pull_n+0x50>
100071fa:	4372      	muls	r2, r6
100071fc:	0019      	movs	r1, r3
100071fe:	4660      	mov	r0, ip
10007200:	f7fc f87a 	bl	100032f8 <__wrap___aeabi_memcpy>
10007204:	bcc0      	pop	{r6, r7}
10007206:	46b9      	mov	r9, r7
10007208:	46b0      	mov	r8, r6
1000720a:	bdf8      	pop	{r3, r4, r5, r6, r7, pc}
1000720c:	003a      	movs	r2, r7
1000720e:	0019      	movs	r1, r3
10007210:	4664      	mov	r4, ip
10007212:	0020      	movs	r0, r4
10007214:	f7fc f870 	bl	100032f8 <__wrap___aeabi_memcpy>
10007218:	6829      	ldr	r1, [r5, #0]
1000721a:	19e0      	adds	r0, r4, r7
1000721c:	464a      	mov	r2, r9
1000721e:	f7fc f86b 	bl	100032f8 <__wrap___aeabi_memcpy>
10007222:	e7ef      	b.n	10007204 <_ff_pull_n+0x48>

10007224 <_tu_fifo_peek_n>:
10007224:	b5f0      	push	{r4, r5, r6, r7, lr}
10007226:	46c6      	mov	lr, r8
10007228:	b500      	push	{lr}
1000722a:	b082      	sub	sp, #8
1000722c:	001e      	movs	r6, r3
1000722e:	ab08      	add	r3, sp, #32
10007230:	881b      	ldrh	r3, [r3, #0]
10007232:	ac09      	add	r4, sp, #36	@ 0x24
10007234:	7827      	ldrb	r7, [r4, #0]
10007236:	8884      	ldrh	r4, [r0, #4]
10007238:	429e      	cmp	r6, r3
1000723a:	d30f      	bcc.n	1000725c <_tu_fifo_peek_n+0x38>
1000723c:	1af5      	subs	r5, r6, r3
1000723e:	b2ad      	uxth	r5, r5
10007240:	2d00      	cmp	r5, #0
10007242:	d01f      	beq.n	10007284 <_tu_fifo_peek_n+0x60>
10007244:	42ac      	cmp	r4, r5
10007246:	d205      	bcs.n	10007254 <_tu_fifo_peek_n+0x30>
10007248:	42b4      	cmp	r4, r6
1000724a:	d810      	bhi.n	1000726e <_tu_fifo_peek_n+0x4a>
1000724c:	1b33      	subs	r3, r6, r4
1000724e:	b29b      	uxth	r3, r3
10007250:	8143      	strh	r3, [r0, #10]
10007252:	0025      	movs	r5, r4
10007254:	4295      	cmp	r5, r2
10007256:	d30f      	bcc.n	10007278 <_tu_fifo_peek_n+0x54>
10007258:	0015      	movs	r5, r2
1000725a:	e00d      	b.n	10007278 <_tu_fifo_peek_n+0x54>
1000725c:	1af5      	subs	r5, r6, r3
1000725e:	b2ad      	uxth	r5, r5
10007260:	46a8      	mov	r8, r5
10007262:	0065      	lsls	r5, r4, #1
10007264:	46ac      	mov	ip, r5
10007266:	4645      	mov	r5, r8
10007268:	4465      	add	r5, ip
1000726a:	b2ad      	uxth	r5, r5
1000726c:	e7e8      	b.n	10007240 <_tu_fifo_peek_n+0x1c>
1000726e:	19a6      	adds	r6, r4, r6
10007270:	b2b3      	uxth	r3, r6
10007272:	e7ed      	b.n	10007250 <_tu_fifo_peek_n+0x2c>
10007274:	1b1b      	subs	r3, r3, r4
10007276:	b29b      	uxth	r3, r3
10007278:	429c      	cmp	r4, r3
1000727a:	d9fb      	bls.n	10007274 <_tu_fifo_peek_n+0x50>
1000727c:	9700      	str	r7, [sp, #0]
1000727e:	002a      	movs	r2, r5
10007280:	f7ff ff9c 	bl	100071bc <_ff_pull_n>
10007284:	0028      	movs	r0, r5
10007286:	b002      	add	sp, #8
10007288:	bc80      	pop	{r7}
1000728a:	46b8      	mov	r8, r7
1000728c:	bdf0      	pop	{r4, r5, r6, r7, pc}

1000728e <_tu_fifo_read_n>:
1000728e:	b5f0      	push	{r4, r5, r6, r7, lr}
10007290:	b083      	sub	sp, #12
10007292:	0004      	movs	r4, r0
10007294:	000d      	movs	r5, r1
10007296:	0016      	movs	r6, r2
10007298:	001f      	movs	r7, r3
1000729a:	6900      	ldr	r0, [r0, #16]
1000729c:	2800      	cmp	r0, #0
1000729e:	d003      	beq.n	100072a8 <_tu_fifo_read_n+0x1a>
100072a0:	2101      	movs	r1, #1
100072a2:	4249      	negs	r1, r1
100072a4:	f001 f920 	bl	100084e8 <__mutex_enter_timeout_ms_veneer>
100072a8:	8923      	ldrh	r3, [r4, #8]
100072aa:	b29b      	uxth	r3, r3
100072ac:	8962      	ldrh	r2, [r4, #10]
100072ae:	9701      	str	r7, [sp, #4]
100072b0:	9200      	str	r2, [sp, #0]
100072b2:	0032      	movs	r2, r6
100072b4:	0029      	movs	r1, r5
100072b6:	0020      	movs	r0, r4
100072b8:	f7ff ffb4 	bl	10007224 <_tu_fifo_peek_n>
100072bc:	0005      	movs	r5, r0
100072be:	8961      	ldrh	r1, [r4, #10]
100072c0:	b289      	uxth	r1, r1
100072c2:	88a0      	ldrh	r0, [r4, #4]
100072c4:	002a      	movs	r2, r5
100072c6:	f7ff ff41 	bl	1000714c <advance_index>
100072ca:	8160      	strh	r0, [r4, #10]
100072cc:	6920      	ldr	r0, [r4, #16]
100072ce:	2800      	cmp	r0, #0
100072d0:	d001      	beq.n	100072d6 <_tu_fifo_read_n+0x48>
100072d2:	f001 f8e1 	bl	10008498 <__mutex_exit_veneer>
100072d6:	0028      	movs	r0, r5
100072d8:	b003      	add	sp, #12
100072da:	bdf0      	pop	{r4, r5, r6, r7, pc}

100072dc <_ff_push_n>:
100072dc:	b5f8      	push	{r3, r4, r5, r6, r7, lr}
100072de:	46ce      	mov	lr, r9
100072e0:	4647      	mov	r7, r8
100072e2:	b580      	push	{r7, lr}
100072e4:	0005      	movs	r5, r0
100072e6:	468c      	mov	ip, r1
100072e8:	a908      	add	r1, sp, #32
100072ea:	7808      	ldrb	r0, [r1, #0]
100072ec:	88ac      	ldrh	r4, [r5, #4]
100072ee:	1ae1      	subs	r1, r4, r3
100072f0:	b289      	uxth	r1, r1
100072f2:	1b1c      	subs	r4, r3, r4
100072f4:	1914      	adds	r4, r2, r4
100072f6:	b2a4      	uxth	r4, r4
100072f8:	88ef      	ldrh	r7, [r5, #6]
100072fa:	047f      	lsls	r7, r7, #17
100072fc:	0c7e      	lsrs	r6, r7, #17
100072fe:	000f      	movs	r7, r1
10007300:	4377      	muls	r7, r6
10007302:	b2bf      	uxth	r7, r7
10007304:	4374      	muls	r4, r6
10007306:	b2a4      	uxth	r4, r4
10007308:	46a1      	mov	r9, r4
1000730a:	682c      	ldr	r4, [r5, #0]
1000730c:	46a0      	mov	r8, r4
1000730e:	4373      	muls	r3, r6
10007310:	4443      	add	r3, r8
10007312:	2800      	cmp	r0, #0
10007314:	d106      	bne.n	10007324 <_ff_push_n+0x48>
10007316:	4291      	cmp	r1, r2
10007318:	d308      	bcc.n	1000732c <_ff_push_n+0x50>
1000731a:	4372      	muls	r2, r6
1000731c:	4661      	mov	r1, ip
1000731e:	0018      	movs	r0, r3
10007320:	f7fb ffea 	bl	100032f8 <__wrap___aeabi_memcpy>
10007324:	bcc0      	pop	{r6, r7}
10007326:	46b9      	mov	r9, r7
10007328:	46b0      	mov	r8, r6
1000732a:	bdf8      	pop	{r3, r4, r5, r6, r7, pc}
1000732c:	003a      	movs	r2, r7
1000732e:	4664      	mov	r4, ip
10007330:	0021      	movs	r1, r4
10007332:	0018      	movs	r0, r3
10007334:	f7fb ffe0 	bl	100032f8 <__wrap___aeabi_memcpy>
10007338:	6828      	ldr	r0, [r5, #0]
1000733a:	19e1      	adds	r1, r4, r7
1000733c:	464a      	mov	r2, r9
1000733e:	f7fb ffdb 	bl	100032f8 <__wrap___aeabi_memcpy>
10007342:	e7ef      	b.n	10007324 <_ff_push_n+0x48>

10007344 <_tu_fifo_write_n>:
10007344:	b5f0      	push	{r4, r5, r6, r7, lr}
10007346:	b085      	sub	sp, #20
10007348:	0006      	movs	r6, r0
1000734a:	9103      	str	r1, [sp, #12]
1000734c:	1e17      	subs	r7, r2, #0
1000734e:	9302      	str	r3, [sp, #8]
10007350:	d100      	bne.n	10007354 <_tu_fifo_write_n+0x10>
10007352:	e06d      	b.n	10007430 <_tu_fifo_write_n+0xec>
10007354:	68c0      	ldr	r0, [r0, #12]
10007356:	2800      	cmp	r0, #0
10007358:	d003      	beq.n	10007362 <_tu_fifo_write_n+0x1e>
1000735a:	2101      	movs	r1, #1
1000735c:	4249      	negs	r1, r1
1000735e:	f001 f8c3 	bl	100084e8 <__mutex_enter_timeout_ms_veneer>
10007362:	8934      	ldrh	r4, [r6, #8]
10007364:	b2a4      	uxth	r4, r4
10007366:	8971      	ldrh	r1, [r6, #10]
10007368:	b289      	uxth	r1, r1
1000736a:	79f3      	ldrb	r3, [r6, #7]
1000736c:	09db      	lsrs	r3, r3, #7
1000736e:	d118      	bne.n	100073a2 <_tu_fifo_write_n+0x5e>
10007370:	88b3      	ldrh	r3, [r6, #4]
10007372:	428c      	cmp	r4, r1
10007374:	d30f      	bcc.n	10007396 <_tu_fifo_write_n+0x52>
10007376:	1a61      	subs	r1, r4, r1
10007378:	b289      	uxth	r1, r1
1000737a:	428b      	cmp	r3, r1
1000737c:	d956      	bls.n	1000742c <_tu_fifo_write_n+0xe8>
1000737e:	1a5b      	subs	r3, r3, r1
10007380:	b29b      	uxth	r3, r3
10007382:	1c3a      	adds	r2, r7, #0
10007384:	429f      	cmp	r7, r3
10007386:	d900      	bls.n	1000738a <_tu_fifo_write_n+0x46>
10007388:	1c1a      	adds	r2, r3, #0
1000738a:	b295      	uxth	r5, r2
1000738c:	2d00      	cmp	r5, #0
1000738e:	d045      	beq.n	1000741c <_tu_fifo_write_n+0xd8>
10007390:	88b2      	ldrh	r2, [r6, #4]
10007392:	0023      	movs	r3, r4
10007394:	e033      	b.n	100073fe <_tu_fifo_write_n+0xba>
10007396:	1a61      	subs	r1, r4, r1
10007398:	b289      	uxth	r1, r1
1000739a:	005a      	lsls	r2, r3, #1
1000739c:	1889      	adds	r1, r1, r2
1000739e:	b289      	uxth	r1, r1
100073a0:	e7eb      	b.n	1000737a <_tu_fifo_write_n+0x36>
100073a2:	88b5      	ldrh	r5, [r6, #4]
100073a4:	42bd      	cmp	r5, r7
100073a6:	d80e      	bhi.n	100073c6 <_tu_fifo_write_n+0x82>
100073a8:	9b02      	ldr	r3, [sp, #8]
100073aa:	2b00      	cmp	r3, #0
100073ac:	d121      	bne.n	100073f2 <_tu_fifo_write_n+0xae>
100073ae:	1b7b      	subs	r3, r7, r5
100073b0:	88f7      	ldrh	r7, [r6, #6]
100073b2:	047f      	lsls	r7, r7, #17
100073b4:	0c7f      	lsrs	r7, r7, #17
100073b6:	435f      	muls	r7, r3
100073b8:	9b03      	ldr	r3, [sp, #12]
100073ba:	469c      	mov	ip, r3
100073bc:	44bc      	add	ip, r7
100073be:	4663      	mov	r3, ip
100073c0:	9303      	str	r3, [sp, #12]
100073c2:	000c      	movs	r4, r1
100073c4:	e7e2      	b.n	1000738c <_tu_fifo_write_n+0x48>
100073c6:	428c      	cmp	r4, r1
100073c8:	d30d      	bcc.n	100073e6 <_tu_fifo_write_n+0xa2>
100073ca:	1a63      	subs	r3, r4, r1
100073cc:	b29b      	uxth	r3, r3
100073ce:	19db      	adds	r3, r3, r7
100073d0:	006a      	lsls	r2, r5, #1
100073d2:	4293      	cmp	r3, r2
100073d4:	db0f      	blt.n	100073f6 <_tu_fifo_write_n+0xb2>
100073d6:	1bea      	subs	r2, r5, r7
100073d8:	b292      	uxth	r2, r2
100073da:	0028      	movs	r0, r5
100073dc:	f7ff feb6 	bl	1000714c <advance_index>
100073e0:	0004      	movs	r4, r0
100073e2:	003d      	movs	r5, r7
100073e4:	e7d2      	b.n	1000738c <_tu_fifo_write_n+0x48>
100073e6:	1a63      	subs	r3, r4, r1
100073e8:	b29b      	uxth	r3, r3
100073ea:	006a      	lsls	r2, r5, #1
100073ec:	189b      	adds	r3, r3, r2
100073ee:	b29b      	uxth	r3, r3
100073f0:	e7ed      	b.n	100073ce <_tu_fifo_write_n+0x8a>
100073f2:	000c      	movs	r4, r1
100073f4:	e7ca      	b.n	1000738c <_tu_fifo_write_n+0x48>
100073f6:	003d      	movs	r5, r7
100073f8:	e7c8      	b.n	1000738c <_tu_fifo_write_n+0x48>
100073fa:	1a9b      	subs	r3, r3, r2
100073fc:	b29b      	uxth	r3, r3
100073fe:	429a      	cmp	r2, r3
10007400:	d9fb      	bls.n	100073fa <_tu_fifo_write_n+0xb6>
10007402:	9a02      	ldr	r2, [sp, #8]
10007404:	9200      	str	r2, [sp, #0]
10007406:	002a      	movs	r2, r5
10007408:	9903      	ldr	r1, [sp, #12]
1000740a:	0030      	movs	r0, r6
1000740c:	f7ff ff66 	bl	100072dc <_ff_push_n>
10007410:	88b0      	ldrh	r0, [r6, #4]
10007412:	002a      	movs	r2, r5
10007414:	0021      	movs	r1, r4
10007416:	f7ff fe99 	bl	1000714c <advance_index>
1000741a:	8130      	strh	r0, [r6, #8]
1000741c:	68f0      	ldr	r0, [r6, #12]
1000741e:	2800      	cmp	r0, #0
10007420:	d001      	beq.n	10007426 <_tu_fifo_write_n+0xe2>
10007422:	f001 f839 	bl	10008498 <__mutex_exit_veneer>
10007426:	0028      	movs	r0, r5
10007428:	b005      	add	sp, #20
1000742a:	bdf0      	pop	{r4, r5, r6, r7, pc}
1000742c:	2500      	movs	r5, #0
1000742e:	e7f5      	b.n	1000741c <_tu_fifo_write_n+0xd8>
10007430:	0015      	movs	r5, r2
10007432:	e7f8      	b.n	10007426 <_tu_fifo_write_n+0xe2>

10007434 <tu_fifo_config>:
10007434:	b5f0      	push	{r4, r5, r6, r7, lr}
10007436:	b083      	sub	sp, #12
10007438:	0004      	movs	r4, r0
1000743a:	9101      	str	r1, [sp, #4]
1000743c:	0016      	movs	r6, r2
1000743e:	001d      	movs	r5, r3
10007440:	ab08      	add	r3, sp, #32
10007442:	781f      	ldrb	r7, [r3, #0]
10007444:	2380      	movs	r3, #128	@ 0x80
10007446:	021b      	lsls	r3, r3, #8
10007448:	429a      	cmp	r2, r3
1000744a:	d82d      	bhi.n	100074a8 <tu_fifo_config+0x74>
1000744c:	68c0      	ldr	r0, [r0, #12]
1000744e:	2800      	cmp	r0, #0
10007450:	d003      	beq.n	1000745a <tu_fifo_config+0x26>
10007452:	2101      	movs	r1, #1
10007454:	4249      	negs	r1, r1
10007456:	f001 f847 	bl	100084e8 <__mutex_enter_timeout_ms_veneer>
1000745a:	6920      	ldr	r0, [r4, #16]
1000745c:	2800      	cmp	r0, #0
1000745e:	d003      	beq.n	10007468 <tu_fifo_config+0x34>
10007460:	2101      	movs	r1, #1
10007462:	4249      	negs	r1, r1
10007464:	f001 f840 	bl	100084e8 <__mutex_enter_timeout_ms_veneer>
10007468:	9b01      	ldr	r3, [sp, #4]
1000746a:	6023      	str	r3, [r4, #0]
1000746c:	80a6      	strh	r6, [r4, #4]
1000746e:	046d      	lsls	r5, r5, #17
10007470:	0c6b      	lsrs	r3, r5, #17
10007472:	88e5      	ldrh	r5, [r4, #6]
10007474:	0bed      	lsrs	r5, r5, #15
10007476:	03ed      	lsls	r5, r5, #15
10007478:	431d      	orrs	r5, r3
1000747a:	80e5      	strh	r5, [r4, #6]
1000747c:	01fb      	lsls	r3, r7, #7
1000747e:	79e2      	ldrb	r2, [r4, #7]
10007480:	277f      	movs	r7, #127	@ 0x7f
10007482:	4017      	ands	r7, r2
10007484:	431f      	orrs	r7, r3
10007486:	71e7      	strb	r7, [r4, #7]
10007488:	2300      	movs	r3, #0
1000748a:	8163      	strh	r3, [r4, #10]
1000748c:	8123      	strh	r3, [r4, #8]
1000748e:	68e0      	ldr	r0, [r4, #12]
10007490:	2800      	cmp	r0, #0
10007492:	d001      	beq.n	10007498 <tu_fifo_config+0x64>
10007494:	f001 f800 	bl	10008498 <__mutex_exit_veneer>
10007498:	6920      	ldr	r0, [r4, #16]
1000749a:	2800      	cmp	r0, #0
1000749c:	d006      	beq.n	100074ac <tu_fifo_config+0x78>
1000749e:	f000 fffb 	bl	10008498 <__mutex_exit_veneer>
100074a2:	2001      	movs	r0, #1
100074a4:	b003      	add	sp, #12
100074a6:	bdf0      	pop	{r4, r5, r6, r7, pc}
100074a8:	2000      	movs	r0, #0
100074aa:	e7fb      	b.n	100074a4 <tu_fifo_config+0x70>
100074ac:	2001      	movs	r0, #1
100074ae:	e7f9      	b.n	100074a4 <tu_fifo_config+0x70>

100074b0 <tu_fifo_count>:
100074b0:	b510      	push	{r4, lr}
100074b2:	8882      	ldrh	r2, [r0, #4]
100074b4:	8901      	ldrh	r1, [r0, #8]
100074b6:	b28b      	uxth	r3, r1
100074b8:	8940      	ldrh	r0, [r0, #10]
100074ba:	b284      	uxth	r4, r0
100074bc:	4288      	cmp	r0, r1
100074be:	d807      	bhi.n	100074d0 <tu_fifo_count+0x20>
100074c0:	1b1b      	subs	r3, r3, r4
100074c2:	b29b      	uxth	r3, r3
100074c4:	1c10      	adds	r0, r2, #0
100074c6:	429a      	cmp	r2, r3
100074c8:	d900      	bls.n	100074cc <tu_fifo_count+0x1c>
100074ca:	1c18      	adds	r0, r3, #0
100074cc:	b280      	uxth	r0, r0
100074ce:	bd10      	pop	{r4, pc}
100074d0:	1b1b      	subs	r3, r3, r4
100074d2:	b29b      	uxth	r3, r3
100074d4:	0051      	lsls	r1, r2, #1
100074d6:	185b      	adds	r3, r3, r1
100074d8:	b29b      	uxth	r3, r3
100074da:	e7f3      	b.n	100074c4 <tu_fifo_count+0x14>

100074dc <tu_fifo_empty>:
100074dc:	8903      	ldrh	r3, [r0, #8]
100074de:	8940      	ldrh	r0, [r0, #10]
100074e0:	1a18      	subs	r0, r3, r0
100074e2:	4243      	negs	r3, r0
100074e4:	4158      	adcs	r0, r3
100074e6:	b2c0      	uxtb	r0, r0
100074e8:	4770      	bx	lr

100074ea <tu_fifo_full>:
100074ea:	b510      	push	{r4, lr}
100074ec:	8884      	ldrh	r4, [r0, #4]
100074ee:	8902      	ldrh	r2, [r0, #8]
100074f0:	b293      	uxth	r3, r2
100074f2:	8941      	ldrh	r1, [r0, #10]
100074f4:	b288      	uxth	r0, r1
100074f6:	4291      	cmp	r1, r2
100074f8:	d806      	bhi.n	10007508 <tu_fifo_full+0x1e>
100074fa:	1a1b      	subs	r3, r3, r0
100074fc:	b29b      	uxth	r3, r3
100074fe:	2000      	movs	r0, #0
10007500:	42a3      	cmp	r3, r4
10007502:	4140      	adcs	r0, r0
10007504:	b2c0      	uxtb	r0, r0
10007506:	bd10      	pop	{r4, pc}
10007508:	1a1b      	subs	r3, r3, r0
1000750a:	b29b      	uxth	r3, r3
1000750c:	0062      	lsls	r2, r4, #1
1000750e:	189b      	adds	r3, r3, r2
10007510:	b29b      	uxth	r3, r3
10007512:	e7f4      	b.n	100074fe <tu_fifo_full+0x14>

10007514 <tu_fifo_remaining>:
10007514:	b510      	push	{r4, lr}
10007516:	8882      	ldrh	r2, [r0, #4]
10007518:	8901      	ldrh	r1, [r0, #8]
1000751a:	b28b      	uxth	r3, r1
1000751c:	8940      	ldrh	r0, [r0, #10]
1000751e:	b284      	uxth	r4, r0
10007520:	4288      	cmp	r0, r1
10007522:	d806      	bhi.n	10007532 <tu_fifo_remaining+0x1e>
10007524:	1b1b      	subs	r3, r3, r4
10007526:	b29b      	uxth	r3, r3
10007528:	429a      	cmp	r2, r3
1000752a:	d908      	bls.n	1000753e <tu_fifo_remaining+0x2a>
1000752c:	1ad0      	subs	r0, r2, r3
1000752e:	b280      	uxth	r0, r0
10007530:	bd10      	pop	{r4, pc}
10007532:	1b1b      	subs	r3, r3, r4
10007534:	b29b      	uxth	r3, r3
10007536:	0051      	lsls	r1, r2, #1
10007538:	185b      	adds	r3, r3, r1
1000753a:	b29b      	uxth	r3, r3
1000753c:	e7f4      	b.n	10007528 <tu_fifo_remaining+0x14>
1000753e:	2000      	movs	r0, #0
10007540:	e7f6      	b.n	10007530 <tu_fifo_remaining+0x1c>

10007542 <tu_fifo_read>:
10007542:	b570      	push	{r4, r5, r6, lr}
10007544:	0004      	movs	r4, r0
10007546:	000d      	movs	r5, r1
10007548:	6900      	ldr	r0, [r0, #16]
1000754a:	2800      	cmp	r0, #0
1000754c:	d003      	beq.n	10007556 <tu_fifo_read+0x14>
1000754e:	2101      	movs	r1, #1
10007550:	4249      	negs	r1, r1
10007552:	f000 ffc9 	bl	100084e8 <__mutex_enter_timeout_ms_veneer>
10007556:	8922      	ldrh	r2, [r4, #8]
10007558:	b292      	uxth	r2, r2
1000755a:	8963      	ldrh	r3, [r4, #10]
1000755c:	b29b      	uxth	r3, r3
1000755e:	0029      	movs	r1, r5
10007560:	0020      	movs	r0, r4
10007562:	f7ff fe00 	bl	10007166 <_tu_fifo_peek>
10007566:	0005      	movs	r5, r0
10007568:	8961      	ldrh	r1, [r4, #10]
1000756a:	b289      	uxth	r1, r1
1000756c:	88a0      	ldrh	r0, [r4, #4]
1000756e:	002a      	movs	r2, r5
10007570:	f7ff fdec 	bl	1000714c <advance_index>
10007574:	8160      	strh	r0, [r4, #10]
10007576:	6920      	ldr	r0, [r4, #16]
10007578:	2800      	cmp	r0, #0
1000757a:	d001      	beq.n	10007580 <tu_fifo_read+0x3e>
1000757c:	f000 ff8c 	bl	10008498 <__mutex_exit_veneer>
10007580:	0028      	movs	r0, r5
10007582:	bd70      	pop	{r4, r5, r6, pc}

10007584 <tu_fifo_read_n>:
10007584:	b510      	push	{r4, lr}
10007586:	2300      	movs	r3, #0
10007588:	f7ff fe81 	bl	1000728e <_tu_fifo_read_n>
1000758c:	bd10      	pop	{r4, pc}

1000758e <tu_fifo_write>:
1000758e:	b5f8      	push	{r3, r4, r5, r6, r7, lr}
10007590:	0004      	movs	r4, r0
10007592:	000e      	movs	r6, r1
10007594:	68c0      	ldr	r0, [r0, #12]
10007596:	2800      	cmp	r0, #0
10007598:	d003      	beq.n	100075a2 <tu_fifo_write+0x14>
1000759a:	2101      	movs	r1, #1
1000759c:	4249      	negs	r1, r1
1000759e:	f000 ffa3 	bl	100084e8 <__mutex_enter_timeout_ms_veneer>
100075a2:	8925      	ldrh	r5, [r4, #8]
100075a4:	b2ad      	uxth	r5, r5
100075a6:	0020      	movs	r0, r4
100075a8:	f7ff ff9f 	bl	100074ea <tu_fifo_full>
100075ac:	2800      	cmp	r0, #0
100075ae:	d002      	beq.n	100075b6 <tu_fifo_write+0x28>
100075b0:	79e7      	ldrb	r7, [r4, #7]
100075b2:	09ff      	lsrs	r7, r7, #7
100075b4:	d016      	beq.n	100075e4 <tu_fifo_write+0x56>
100075b6:	88a2      	ldrh	r2, [r4, #4]
100075b8:	002b      	movs	r3, r5
100075ba:	e001      	b.n	100075c0 <tu_fifo_write+0x32>
100075bc:	1a9b      	subs	r3, r3, r2
100075be:	b29b      	uxth	r3, r3
100075c0:	429a      	cmp	r2, r3
100075c2:	d9fb      	bls.n	100075bc <tu_fifo_write+0x2e>
100075c4:	6820      	ldr	r0, [r4, #0]
100075c6:	88e2      	ldrh	r2, [r4, #6]
100075c8:	0452      	lsls	r2, r2, #17
100075ca:	0c52      	lsrs	r2, r2, #17
100075cc:	4353      	muls	r3, r2
100075ce:	18c0      	adds	r0, r0, r3
100075d0:	0031      	movs	r1, r6
100075d2:	f7fb fe91 	bl	100032f8 <__wrap___aeabi_memcpy>
100075d6:	88a0      	ldrh	r0, [r4, #4]
100075d8:	2201      	movs	r2, #1
100075da:	0029      	movs	r1, r5
100075dc:	f7ff fdb6 	bl	1000714c <advance_index>
100075e0:	8120      	strh	r0, [r4, #8]
100075e2:	2701      	movs	r7, #1
100075e4:	68e0      	ldr	r0, [r4, #12]
100075e6:	2800      	cmp	r0, #0
100075e8:	d001      	beq.n	100075ee <tu_fifo_write+0x60>
100075ea:	f000 ff55 	bl	10008498 <__mutex_exit_veneer>
100075ee:	0038      	movs	r0, r7
100075f0:	bdf8      	pop	{r3, r4, r5, r6, r7, pc}

100075f2 <tu_fifo_write_n>:
100075f2:	b510      	push	{r4, lr}
100075f4:	2300      	movs	r3, #0
100075f6:	f7ff fea5 	bl	10007344 <_tu_fifo_write_n>
100075fa:	bd10      	pop	{r4, pc}

100075fc <tu_fifo_clear>:
100075fc:	b510      	push	{r4, lr}
100075fe:	0004      	movs	r4, r0
10007600:	68c0      	ldr	r0, [r0, #12]
10007602:	2800      	cmp	r0, #0
10007604:	d003      	beq.n	1000760e <tu_fifo_clear+0x12>
10007606:	2101      	movs	r1, #1
10007608:	4249      	negs	r1, r1
1000760a:	f000 ff6d 	bl	100084e8 <__mutex_enter_timeout_ms_veneer>
1000760e:	6920      	ldr	r0, [r4, #16]
10007610:	2800      	cmp	r0, #0
10007612:	d003      	beq.n	1000761c <tu_fifo_clear+0x20>
10007614:	2101      	movs	r1, #1
10007616:	4249      	negs	r1, r1
10007618:	f000 ff66 	bl	100084e8 <__mutex_enter_timeout_ms_veneer>
1000761c:	2300      	movs	r3, #0
1000761e:	8163      	strh	r3, [r4, #10]
10007620:	8123      	strh	r3, [r4, #8]
10007622:	68e0      	ldr	r0, [r4, #12]
10007624:	2800      	cmp	r0, #0
10007626:	d001      	beq.n	1000762c <tu_fifo_clear+0x30>
10007628:	f000 ff36 	bl	10008498 <__mutex_exit_veneer>
1000762c:	6920      	ldr	r0, [r4, #16]
1000762e:	2800      	cmp	r0, #0
10007630:	d001      	beq.n	10007636 <tu_fifo_clear+0x3a>
10007632:	f000 ff31 	bl	10008498 <__mutex_exit_veneer>
10007636:	2001      	movs	r0, #1
10007638:	bd10      	pop	{r4, pc}

1000763a <tu_fifo_set_overwritable>:
1000763a:	b570      	push	{r4, r5, r6, lr}
1000763c:	0004      	movs	r4, r0
1000763e:	000d      	movs	r5, r1
10007640:	68c0      	ldr	r0, [r0, #12]
10007642:	2800      	cmp	r0, #0
10007644:	d003      	beq.n	1000764e <tu_fifo_set_overwritable+0x14>
10007646:	2101      	movs	r1, #1
10007648:	4249      	negs	r1, r1
1000764a:	f000 ff4d 	bl	100084e8 <__mutex_enter_timeout_ms_veneer>
1000764e:	6920      	ldr	r0, [r4, #16]
10007650:	2800      	cmp	r0, #0
10007652:	d003      	beq.n	1000765c <tu_fifo_set_overwritable+0x22>
10007654:	2101      	movs	r1, #1
10007656:	4249      	negs	r1, r1
10007658:	f000 ff46 	bl	100084e8 <__mutex_enter_timeout_ms_veneer>
1000765c:	01ed      	lsls	r5, r5, #7
1000765e:	79e3      	ldrb	r3, [r4, #7]
10007660:	217f      	movs	r1, #127	@ 0x7f
10007662:	4019      	ands	r1, r3
10007664:	4329      	orrs	r1, r5
10007666:	71e1      	strb	r1, [r4, #7]
10007668:	68e0      	ldr	r0, [r4, #12]
1000766a:	2800      	cmp	r0, #0
1000766c:	d001      	beq.n	10007672 <tu_fifo_set_overwritable+0x38>
1000766e:	f000 ff13 	bl	10008498 <__mutex_exit_veneer>
10007672:	6920      	ldr	r0, [r4, #16]
10007674:	2800      	cmp	r0, #0
10007676:	d001      	beq.n	1000767c <tu_fifo_set_overwritable+0x42>
10007678:	f000 ff0e 	bl	10008498 <__mutex_exit_veneer>
1000767c:	2001      	movs	r0, #1
1000767e:	bd70      	pop	{r4, r5, r6, pc}

10007680 <i2c_unreset>:
10007680:	4b07      	ldr	r3, [pc, #28]	@ (100076a0 <i2c_unreset+0x20>)
10007682:	4283      	cmp	r3, r0
10007684:	d00a      	beq.n	1000769c <i2c_unreset+0x1c>
10007686:	2304      	movs	r3, #4
10007688:	2201      	movs	r2, #1
1000768a:	409a      	lsls	r2, r3
1000768c:	4b05      	ldr	r3, [pc, #20]	@ (100076a4 <i2c_unreset+0x24>)
1000768e:	601a      	str	r2, [r3, #0]
10007690:	4b05      	ldr	r3, [pc, #20]	@ (100076a8 <i2c_unreset+0x28>)
10007692:	681b      	ldr	r3, [r3, #0]
10007694:	0011      	movs	r1, r2
10007696:	4399      	bics	r1, r3
10007698:	d1fa      	bne.n	10007690 <i2c_unreset+0x10>
1000769a:	4770      	bx	lr
1000769c:	2303      	movs	r3, #3
1000769e:	e7f3      	b.n	10007688 <i2c_unreset+0x8>
100076a0:	20001b68 	.word	0x20001b68
100076a4:	4000f000 	.word	0x4000f000
100076a8:	4000c008 	.word	0x4000c008

100076ac <i2c_write_blocking_internal>:
100076ac:	b5f0      	push	{r4, r5, r6, r7, lr}
100076ae:	46de      	mov	lr, fp
100076b0:	4657      	mov	r7, sl
100076b2:	464e      	mov	r6, r9
100076b4:	4645      	mov	r5, r8
100076b6:	b5e0      	push	{r5, r6, r7, lr}
100076b8:	b087      	sub	sp, #28
100076ba:	0007      	movs	r7, r0
100076bc:	4693      	mov	fp, r2
100076be:	0018      	movs	r0, r3
100076c0:	9303      	str	r3, [sp, #12]
100076c2:	ab10      	add	r3, sp, #64	@ 0x40
100076c4:	781a      	ldrb	r2, [r3, #0]
100076c6:	9205      	str	r2, [sp, #20]
100076c8:	9d11      	ldr	r5, [sp, #68]	@ 0x44
100076ca:	9a12      	ldr	r2, [sp, #72]	@ 0x48
100076cc:	4690      	mov	r8, r2
100076ce:	683b      	ldr	r3, [r7, #0]
100076d0:	2200      	movs	r2, #0
100076d2:	66da      	str	r2, [r3, #108]	@ 0x6c
100076d4:	683b      	ldr	r3, [r7, #0]
100076d6:	6059      	str	r1, [r3, #4]
100076d8:	683b      	ldr	r3, [r7, #0]
100076da:	3201      	adds	r2, #1
100076dc:	66da      	str	r2, [r3, #108]	@ 0x6c
100076de:	9002      	str	r0, [sp, #8]
100076e0:	2300      	movs	r3, #0
100076e2:	4699      	mov	r9, r3
100076e4:	9304      	str	r3, [sp, #16]
100076e6:	2600      	movs	r6, #0
100076e8:	2400      	movs	r4, #0
100076ea:	e02d      	b.n	10007748 <i2c_write_blocking_internal+0x9c>
100076ec:	793b      	ldrb	r3, [r7, #4]
100076ee:	2b00      	cmp	r3, #0
100076f0:	d039      	beq.n	10007766 <i2c_write_blocking_internal+0xba>
100076f2:	2301      	movs	r3, #1
100076f4:	e037      	b.n	10007766 <i2c_write_blocking_internal+0xba>
100076f6:	9a05      	ldr	r2, [sp, #20]
100076f8:	2a00      	cmp	r2, #0
100076fa:	d001      	beq.n	10007700 <i2c_write_blocking_internal+0x54>
100076fc:	2200      	movs	r2, #0
100076fe:	e036      	b.n	1000776e <i2c_write_blocking_internal+0xc2>
10007700:	2201      	movs	r2, #1
10007702:	e034      	b.n	1000776e <i2c_write_blocking_internal+0xc2>
10007704:	2e00      	cmp	r6, #0
10007706:	d10c      	bne.n	10007722 <i2c_write_blocking_internal+0x76>
10007708:	683b      	ldr	r3, [r7, #0]
1000770a:	6b5b      	ldr	r3, [r3, #52]	@ 0x34
1000770c:	06db      	lsls	r3, r3, #27
1000770e:	d408      	bmi.n	10007722 <i2c_write_blocking_internal+0x76>
10007710:	2d00      	cmp	r5, #0
10007712:	d0f7      	beq.n	10007704 <i2c_write_blocking_internal+0x58>
10007714:	2100      	movs	r1, #0
10007716:	4640      	mov	r0, r8
10007718:	47a8      	blx	r5
1000771a:	0006      	movs	r6, r0
1000771c:	4304      	orrs	r4, r0
1000771e:	b2e4      	uxtb	r4, r4
10007720:	e7f0      	b.n	10007704 <i2c_write_blocking_internal+0x58>
10007722:	2e00      	cmp	r6, #0
10007724:	d109      	bne.n	1000773a <i2c_write_blocking_internal+0x8e>
10007726:	683b      	ldr	r3, [r7, #0]
10007728:	2280      	movs	r2, #128	@ 0x80
1000772a:	589a      	ldr	r2, [r3, r2]
1000772c:	9204      	str	r2, [sp, #16]
1000772e:	2a00      	cmp	r2, #0
10007730:	d128      	bne.n	10007784 <i2c_write_blocking_internal+0xd8>
10007732:	2c00      	cmp	r4, #0
10007734:	d139      	bne.n	100077aa <i2c_write_blocking_internal+0xfe>
10007736:	45ca      	cmp	sl, r9
10007738:	d027      	beq.n	1000778a <i2c_write_blocking_internal+0xde>
1000773a:	2c00      	cmp	r4, #0
1000773c:	d13d      	bne.n	100077ba <i2c_write_blocking_internal+0x10e>
1000773e:	2301      	movs	r3, #1
10007740:	469c      	mov	ip, r3
10007742:	44e1      	add	r9, ip
10007744:	9b01      	ldr	r3, [sp, #4]
10007746:	469b      	mov	fp, r3
10007748:	9b02      	ldr	r3, [sp, #8]
1000774a:	4599      	cmp	r9, r3
1000774c:	da35      	bge.n	100077ba <i2c_write_blocking_internal+0x10e>
1000774e:	9b03      	ldr	r3, [sp, #12]
10007750:	3b01      	subs	r3, #1
10007752:	469a      	mov	sl, r3
10007754:	2d00      	cmp	r5, #0
10007756:	d002      	beq.n	1000775e <i2c_write_blocking_internal+0xb2>
10007758:	2101      	movs	r1, #1
1000775a:	4640      	mov	r0, r8
1000775c:	47a8      	blx	r5
1000775e:	464b      	mov	r3, r9
10007760:	2b00      	cmp	r3, #0
10007762:	d0c3      	beq.n	100076ec <i2c_write_blocking_internal+0x40>
10007764:	2300      	movs	r3, #0
10007766:	029b      	lsls	r3, r3, #10
10007768:	45ca      	cmp	sl, r9
1000776a:	d0c4      	beq.n	100076f6 <i2c_write_blocking_internal+0x4a>
1000776c:	2200      	movs	r2, #0
1000776e:	0252      	lsls	r2, r2, #9
10007770:	4313      	orrs	r3, r2
10007772:	465a      	mov	r2, fp
10007774:	3201      	adds	r2, #1
10007776:	9201      	str	r2, [sp, #4]
10007778:	465a      	mov	r2, fp
1000777a:	7811      	ldrb	r1, [r2, #0]
1000777c:	683a      	ldr	r2, [r7, #0]
1000777e:	430b      	orrs	r3, r1
10007780:	6113      	str	r3, [r2, #16]
10007782:	e7c5      	b.n	10007710 <i2c_write_blocking_internal+0x64>
10007784:	6d5b      	ldr	r3, [r3, #84]	@ 0x54
10007786:	2401      	movs	r4, #1
10007788:	e00f      	b.n	100077aa <i2c_write_blocking_internal+0xfe>
1000778a:	9b05      	ldr	r3, [sp, #20]
1000778c:	2b00      	cmp	r3, #0
1000778e:	d1d4      	bne.n	1000773a <i2c_write_blocking_internal+0x8e>
10007790:	e00b      	b.n	100077aa <i2c_write_blocking_internal+0xfe>
10007792:	2100      	movs	r1, #0
10007794:	4640      	mov	r0, r8
10007796:	47a8      	blx	r5
10007798:	0006      	movs	r6, r0
1000779a:	4304      	orrs	r4, r0
1000779c:	b2e4      	uxtb	r4, r4
1000779e:	2e00      	cmp	r6, #0
100077a0:	d106      	bne.n	100077b0 <i2c_write_blocking_internal+0x104>
100077a2:	683b      	ldr	r3, [r7, #0]
100077a4:	6b5b      	ldr	r3, [r3, #52]	@ 0x34
100077a6:	059b      	lsls	r3, r3, #22
100077a8:	d402      	bmi.n	100077b0 <i2c_write_blocking_internal+0x104>
100077aa:	2d00      	cmp	r5, #0
100077ac:	d1f1      	bne.n	10007792 <i2c_write_blocking_internal+0xe6>
100077ae:	e7f6      	b.n	1000779e <i2c_write_blocking_internal+0xf2>
100077b0:	2e00      	cmp	r6, #0
100077b2:	d1c2      	bne.n	1000773a <i2c_write_blocking_internal+0x8e>
100077b4:	683b      	ldr	r3, [r7, #0]
100077b6:	6e1b      	ldr	r3, [r3, #96]	@ 0x60
100077b8:	e7bf      	b.n	1000773a <i2c_write_blocking_internal+0x8e>
100077ba:	2c00      	cmp	r4, #0
100077bc:	d008      	beq.n	100077d0 <i2c_write_blocking_internal+0x124>
100077be:	2e00      	cmp	r6, #0
100077c0:	d110      	bne.n	100077e4 <i2c_write_blocking_internal+0x138>
100077c2:	9a04      	ldr	r2, [sp, #16]
100077c4:	2a00      	cmp	r2, #0
100077c6:	d011      	beq.n	100077ec <i2c_write_blocking_internal+0x140>
100077c8:	07d3      	lsls	r3, r2, #31
100077ca:	d413      	bmi.n	100077f4 <i2c_write_blocking_internal+0x148>
100077cc:	0713      	lsls	r3, r2, #28
100077ce:	d515      	bpl.n	100077fc <i2c_write_blocking_internal+0x150>
100077d0:	9b05      	ldr	r3, [sp, #20]
100077d2:	713b      	strb	r3, [r7, #4]
100077d4:	4648      	mov	r0, r9
100077d6:	b007      	add	sp, #28
100077d8:	bcf0      	pop	{r4, r5, r6, r7}
100077da:	46bb      	mov	fp, r7
100077dc:	46b2      	mov	sl, r6
100077de:	46a9      	mov	r9, r5
100077e0:	46a0      	mov	r8, r4
100077e2:	bdf0      	pop	{r4, r5, r6, r7, pc}
100077e4:	2302      	movs	r3, #2
100077e6:	425b      	negs	r3, r3
100077e8:	4699      	mov	r9, r3
100077ea:	e7f1      	b.n	100077d0 <i2c_write_blocking_internal+0x124>
100077ec:	2301      	movs	r3, #1
100077ee:	425b      	negs	r3, r3
100077f0:	4699      	mov	r9, r3
100077f2:	e7ed      	b.n	100077d0 <i2c_write_blocking_internal+0x124>
100077f4:	2301      	movs	r3, #1
100077f6:	425b      	negs	r3, r3
100077f8:	4699      	mov	r9, r3
100077fa:	e7e9      	b.n	100077d0 <i2c_write_blocking_internal+0x124>
100077fc:	2301      	movs	r3, #1
100077fe:	425b      	negs	r3, r3
10007800:	4699      	mov	r9, r3
10007802:	e7e5      	b.n	100077d0 <i2c_write_blocking_internal+0x124>

10007804 <i2c_read_blocking_internal>:
10007804:	b5f0      	push	{r4, r5, r6, r7, lr}
10007806:	46de      	mov	lr, fp
10007808:	4657      	mov	r7, sl
1000780a:	464e      	mov	r6, r9
1000780c:	4645      	mov	r5, r8
1000780e:	b5e0      	push	{r5, r6, r7, lr}
10007810:	b085      	sub	sp, #20
10007812:	0005      	movs	r5, r0
10007814:	4692      	mov	sl, r2
10007816:	0018      	movs	r0, r3
10007818:	9303      	str	r3, [sp, #12]
1000781a:	ab0e      	add	r3, sp, #56	@ 0x38
1000781c:	781a      	ldrb	r2, [r3, #0]
1000781e:	4691      	mov	r9, r2
10007820:	9e0f      	ldr	r6, [sp, #60]	@ 0x3c
10007822:	9a10      	ldr	r2, [sp, #64]	@ 0x40
10007824:	4690      	mov	r8, r2
10007826:	682b      	ldr	r3, [r5, #0]
10007828:	2200      	movs	r2, #0
1000782a:	66da      	str	r2, [r3, #108]	@ 0x6c
1000782c:	682b      	ldr	r3, [r5, #0]
1000782e:	6059      	str	r1, [r3, #4]
10007830:	682b      	ldr	r3, [r5, #0]
10007832:	3201      	adds	r2, #1
10007834:	66da      	str	r2, [r3, #108]	@ 0x6c
10007836:	9002      	str	r0, [sp, #8]
10007838:	2700      	movs	r7, #0
1000783a:	2300      	movs	r3, #0
1000783c:	9301      	str	r3, [sp, #4]
1000783e:	2400      	movs	r4, #0
10007840:	4643      	mov	r3, r8
10007842:	46b8      	mov	r8, r7
10007844:	001f      	movs	r7, r3
10007846:	9b02      	ldr	r3, [sp, #8]
10007848:	4598      	cmp	r8, r3
1000784a:	da45      	bge.n	100078d8 <i2c_read_blocking_internal+0xd4>
1000784c:	9b03      	ldr	r3, [sp, #12]
1000784e:	3b01      	subs	r3, #1
10007850:	469b      	mov	fp, r3
10007852:	2e00      	cmp	r6, #0
10007854:	d002      	beq.n	1000785c <i2c_read_blocking_internal+0x58>
10007856:	2101      	movs	r1, #1
10007858:	0038      	movs	r0, r7
1000785a:	47b0      	blx	r6
1000785c:	682b      	ldr	r3, [r5, #0]
1000785e:	6f5a      	ldr	r2, [r3, #116]	@ 0x74
10007860:	2a10      	cmp	r2, #16
10007862:	d0fb      	beq.n	1000785c <i2c_read_blocking_internal+0x58>
10007864:	4642      	mov	r2, r8
10007866:	2a00      	cmp	r2, #0
10007868:	d00b      	beq.n	10007882 <i2c_read_blocking_internal+0x7e>
1000786a:	2200      	movs	r2, #0
1000786c:	0292      	lsls	r2, r2, #10
1000786e:	45c3      	cmp	fp, r8
10007870:	d00c      	beq.n	1000788c <i2c_read_blocking_internal+0x88>
10007872:	2100      	movs	r1, #0
10007874:	0249      	lsls	r1, r1, #9
10007876:	430a      	orrs	r2, r1
10007878:	2180      	movs	r1, #128	@ 0x80
1000787a:	0049      	lsls	r1, r1, #1
1000787c:	430a      	orrs	r2, r1
1000787e:	611a      	str	r2, [r3, #16]
10007880:	e019      	b.n	100078b6 <i2c_read_blocking_internal+0xb2>
10007882:	792a      	ldrb	r2, [r5, #4]
10007884:	2a00      	cmp	r2, #0
10007886:	d0f1      	beq.n	1000786c <i2c_read_blocking_internal+0x68>
10007888:	2201      	movs	r2, #1
1000788a:	e7ef      	b.n	1000786c <i2c_read_blocking_internal+0x68>
1000788c:	4649      	mov	r1, r9
1000788e:	2900      	cmp	r1, #0
10007890:	d001      	beq.n	10007896 <i2c_read_blocking_internal+0x92>
10007892:	2100      	movs	r1, #0
10007894:	e7ee      	b.n	10007874 <i2c_read_blocking_internal+0x70>
10007896:	2101      	movs	r1, #1
10007898:	e7ec      	b.n	10007874 <i2c_read_blocking_internal+0x70>
1000789a:	2e00      	cmp	r6, #0
1000789c:	d005      	beq.n	100078aa <i2c_read_blocking_internal+0xa6>
1000789e:	2100      	movs	r1, #0
100078a0:	0038      	movs	r0, r7
100078a2:	47b0      	blx	r6
100078a4:	9001      	str	r0, [sp, #4]
100078a6:	4304      	orrs	r4, r0
100078a8:	b2e4      	uxtb	r4, r4
100078aa:	2c00      	cmp	r4, #0
100078ac:	d116      	bne.n	100078dc <i2c_read_blocking_internal+0xd8>
100078ae:	682b      	ldr	r3, [r5, #0]
100078b0:	6f9a      	ldr	r2, [r3, #120]	@ 0x78
100078b2:	2a00      	cmp	r2, #0
100078b4:	d108      	bne.n	100078c8 <i2c_read_blocking_internal+0xc4>
100078b6:	682b      	ldr	r3, [r5, #0]
100078b8:	2280      	movs	r2, #128	@ 0x80
100078ba:	589a      	ldr	r2, [r3, r2]
100078bc:	6b5a      	ldr	r2, [r3, #52]	@ 0x34
100078be:	0652      	lsls	r2, r2, #25
100078c0:	d5eb      	bpl.n	1000789a <i2c_read_blocking_internal+0x96>
100078c2:	6d5b      	ldr	r3, [r3, #84]	@ 0x54
100078c4:	2401      	movs	r4, #1
100078c6:	e7e8      	b.n	1000789a <i2c_read_blocking_internal+0x96>
100078c8:	691b      	ldr	r3, [r3, #16]
100078ca:	4652      	mov	r2, sl
100078cc:	7013      	strb	r3, [r2, #0]
100078ce:	2301      	movs	r3, #1
100078d0:	469c      	mov	ip, r3
100078d2:	44e0      	add	r8, ip
100078d4:	44e2      	add	sl, ip
100078d6:	e7b6      	b.n	10007846 <i2c_read_blocking_internal+0x42>
100078d8:	4647      	mov	r7, r8
100078da:	e000      	b.n	100078de <i2c_read_blocking_internal+0xda>
100078dc:	4647      	mov	r7, r8
100078de:	2c00      	cmp	r4, #0
100078e0:	d004      	beq.n	100078ec <i2c_read_blocking_internal+0xe8>
100078e2:	9b01      	ldr	r3, [sp, #4]
100078e4:	2b00      	cmp	r3, #0
100078e6:	d00b      	beq.n	10007900 <i2c_read_blocking_internal+0xfc>
100078e8:	2702      	movs	r7, #2
100078ea:	427f      	negs	r7, r7
100078ec:	464b      	mov	r3, r9
100078ee:	712b      	strb	r3, [r5, #4]
100078f0:	0038      	movs	r0, r7
100078f2:	b005      	add	sp, #20
100078f4:	bcf0      	pop	{r4, r5, r6, r7}
100078f6:	46bb      	mov	fp, r7
100078f8:	46b2      	mov	sl, r6
100078fa:	46a9      	mov	r9, r5
100078fc:	46a0      	mov	r8, r4
100078fe:	bdf0      	pop	{r4, r5, r6, r7, pc}
10007900:	2701      	movs	r7, #1
10007902:	427f      	negs	r7, r7
10007904:	e7f2      	b.n	100078ec <i2c_read_blocking_internal+0xe8>
	...

10007908 <i2c_set_baudrate>:
10007908:	b5f0      	push	{r4, r5, r6, r7, lr}
1000790a:	46d6      	mov	lr, sl
1000790c:	464f      	mov	r7, r9
1000790e:	4646      	mov	r6, r8
10007910:	b5c0      	push	{r6, r7, lr}
10007912:	0005      	movs	r5, r0
10007914:	000c      	movs	r4, r1
10007916:	2005      	movs	r0, #5
10007918:	f7fa fadc 	bl	10001ed4 <clock_get_hz>
1000791c:	0006      	movs	r6, r0
1000791e:	0860      	lsrs	r0, r4, #1
10007920:	1980      	adds	r0, r0, r6
10007922:	0021      	movs	r1, r4
10007924:	f7fa fd46 	bl	100023b4 <__wrap___aeabi_uidiv>
10007928:	0007      	movs	r7, r0
1000792a:	0043      	lsls	r3, r0, #1
1000792c:	4699      	mov	r9, r3
1000792e:	4481      	add	r9, r0
10007930:	2105      	movs	r1, #5
10007932:	4648      	mov	r0, r9
10007934:	f7fa fd3e 	bl	100023b4 <__wrap___aeabi_uidiv>
10007938:	4680      	mov	r8, r0
1000793a:	1a3b      	subs	r3, r7, r0
1000793c:	469a      	mov	sl, r3
1000793e:	4b27      	ldr	r3, [pc, #156]	@ (100079dc <i2c_set_baudrate+0xd4>)
10007940:	429c      	cmp	r4, r3
10007942:	d83c      	bhi.n	100079be <i2c_set_baudrate+0xb6>
10007944:	0070      	lsls	r0, r6, #1
10007946:	1980      	adds	r0, r0, r6
10007948:	4925      	ldr	r1, [pc, #148]	@ (100079e0 <i2c_set_baudrate+0xd8>)
1000794a:	f7fa fd33 	bl	100023b4 <__wrap___aeabi_uidiv>
1000794e:	1c44      	adds	r4, r0, #1
10007950:	4643      	mov	r3, r8
10007952:	3b02      	subs	r3, #2
10007954:	42a3      	cmp	r3, r4
10007956:	d339      	bcc.n	100079cc <i2c_set_baudrate+0xc4>
10007958:	682b      	ldr	r3, [r5, #0]
1000795a:	2200      	movs	r2, #0
1000795c:	66da      	str	r2, [r3, #108]	@ 0x6c
1000795e:	682b      	ldr	r3, [r5, #0]
10007960:	6819      	ldr	r1, [r3, #0]
10007962:	3204      	adds	r2, #4
10007964:	4051      	eors	r1, r2
10007966:	3202      	adds	r2, #2
10007968:	400a      	ands	r2, r1
1000796a:	2180      	movs	r1, #128	@ 0x80
1000796c:	0149      	lsls	r1, r1, #5
1000796e:	468c      	mov	ip, r1
10007970:	4463      	add	r3, ip
10007972:	601a      	str	r2, [r3, #0]
10007974:	682b      	ldr	r3, [r5, #0]
10007976:	4652      	mov	r2, sl
10007978:	61da      	str	r2, [r3, #28]
1000797a:	682b      	ldr	r3, [r5, #0]
1000797c:	4642      	mov	r2, r8
1000797e:	621a      	str	r2, [r3, #32]
10007980:	464b      	mov	r3, r9
10007982:	2b4f      	cmp	r3, #79	@ 0x4f
10007984:	d928      	bls.n	100079d8 <i2c_set_baudrate+0xd0>
10007986:	2150      	movs	r1, #80	@ 0x50
10007988:	4648      	mov	r0, r9
1000798a:	f7fa fd13 	bl	100023b4 <__wrap___aeabi_uidiv>
1000798e:	682a      	ldr	r2, [r5, #0]
10007990:	23a0      	movs	r3, #160	@ 0xa0
10007992:	50d0      	str	r0, [r2, r3]
10007994:	682b      	ldr	r3, [r5, #0]
10007996:	6fda      	ldr	r2, [r3, #124]	@ 0x7c
10007998:	4054      	eors	r4, r2
1000799a:	0424      	lsls	r4, r4, #16
1000799c:	0c24      	lsrs	r4, r4, #16
1000799e:	4a11      	ldr	r2, [pc, #68]	@ (100079e4 <i2c_set_baudrate+0xdc>)
100079a0:	4694      	mov	ip, r2
100079a2:	4463      	add	r3, ip
100079a4:	601c      	str	r4, [r3, #0]
100079a6:	682b      	ldr	r3, [r5, #0]
100079a8:	2201      	movs	r2, #1
100079aa:	66da      	str	r2, [r3, #108]	@ 0x6c
100079ac:	0039      	movs	r1, r7
100079ae:	0030      	movs	r0, r6
100079b0:	f7fa fd00 	bl	100023b4 <__wrap___aeabi_uidiv>
100079b4:	bce0      	pop	{r5, r6, r7}
100079b6:	46ba      	mov	sl, r7
100079b8:	46b1      	mov	r9, r6
100079ba:	46a8      	mov	r8, r5
100079bc:	bdf0      	pop	{r4, r5, r6, r7, pc}
100079be:	0070      	lsls	r0, r6, #1
100079c0:	1980      	adds	r0, r0, r6
100079c2:	4909      	ldr	r1, [pc, #36]	@ (100079e8 <i2c_set_baudrate+0xe0>)
100079c4:	f7fa fcf6 	bl	100023b4 <__wrap___aeabi_uidiv>
100079c8:	1c44      	adds	r4, r0, #1
100079ca:	e7c1      	b.n	10007950 <i2c_set_baudrate+0x48>
100079cc:	4b07      	ldr	r3, [pc, #28]	@ (100079ec <i2c_set_baudrate+0xe4>)
100079ce:	4a08      	ldr	r2, [pc, #32]	@ (100079f0 <i2c_set_baudrate+0xe8>)
100079d0:	4808      	ldr	r0, [pc, #32]	@ (100079f4 <i2c_set_baudrate+0xec>)
100079d2:	215d      	movs	r1, #93	@ 0x5d
100079d4:	f7fc fdc6 	bl	10004564 <__assert_func>
100079d8:	2001      	movs	r0, #1
100079da:	e7d8      	b.n	1000798e <i2c_set_baudrate+0x86>
100079dc:	000f423f 	.word	0x000f423f
100079e0:	00989680 	.word	0x00989680
100079e4:	0000107c 	.word	0x0000107c
100079e8:	017d7840 	.word	0x017d7840
100079ec:	100096a0 	.word	0x100096a0
100079f0:	1000a0bc 	.word	0x1000a0bc
100079f4:	100096c0 	.word	0x100096c0

100079f8 <i2c_init>:
100079f8:	b570      	push	{r4, r5, r6, lr}
100079fa:	0004      	movs	r4, r0
100079fc:	000d      	movs	r5, r1
100079fe:	4b11      	ldr	r3, [pc, #68]	@ (10007a44 <i2c_init+0x4c>)
10007a00:	4298      	cmp	r0, r3
10007a02:	d01d      	beq.n	10007a40 <i2c_init+0x48>
10007a04:	2204      	movs	r2, #4
10007a06:	2301      	movs	r3, #1
10007a08:	4093      	lsls	r3, r2
10007a0a:	4a0f      	ldr	r2, [pc, #60]	@ (10007a48 <i2c_init+0x50>)
10007a0c:	6013      	str	r3, [r2, #0]
10007a0e:	0020      	movs	r0, r4
10007a10:	f7ff fe36 	bl	10007680 <i2c_unreset>
10007a14:	2300      	movs	r3, #0
10007a16:	7123      	strb	r3, [r4, #4]
10007a18:	6822      	ldr	r2, [r4, #0]
10007a1a:	66d3      	str	r3, [r2, #108]	@ 0x6c
10007a1c:	6822      	ldr	r2, [r4, #0]
10007a1e:	2166      	movs	r1, #102	@ 0x66
10007a20:	31ff      	adds	r1, #255	@ 0xff
10007a22:	6011      	str	r1, [r2, #0]
10007a24:	6822      	ldr	r2, [r4, #0]
10007a26:	63d3      	str	r3, [r2, #60]	@ 0x3c
10007a28:	6822      	ldr	r2, [r4, #0]
10007a2a:	6393      	str	r3, [r2, #56]	@ 0x38
10007a2c:	6822      	ldr	r2, [r4, #0]
10007a2e:	3388      	adds	r3, #136	@ 0x88
10007a30:	3963      	subs	r1, #99	@ 0x63
10007a32:	39ff      	subs	r1, #255	@ 0xff
10007a34:	50d1      	str	r1, [r2, r3]
10007a36:	0029      	movs	r1, r5
10007a38:	0020      	movs	r0, r4
10007a3a:	f7ff ff65 	bl	10007908 <i2c_set_baudrate>
10007a3e:	bd70      	pop	{r4, r5, r6, pc}
10007a40:	2203      	movs	r2, #3
10007a42:	e7e0      	b.n	10007a06 <i2c_init+0xe>
10007a44:	20001b68 	.word	0x20001b68
10007a48:	4000e000 	.word	0x4000e000

10007a4c <i2c_write_blocking>:
10007a4c:	b530      	push	{r4, r5, lr}
10007a4e:	b085      	sub	sp, #20
10007a50:	ac08      	add	r4, sp, #32
10007a52:	7825      	ldrb	r5, [r4, #0]
10007a54:	2400      	movs	r4, #0
10007a56:	9402      	str	r4, [sp, #8]
10007a58:	9401      	str	r4, [sp, #4]
10007a5a:	9500      	str	r5, [sp, #0]
10007a5c:	f7ff fe26 	bl	100076ac <i2c_write_blocking_internal>
10007a60:	b005      	add	sp, #20
10007a62:	bd30      	pop	{r4, r5, pc}

10007a64 <i2c_read_blocking>:
10007a64:	b530      	push	{r4, r5, lr}
10007a66:	b085      	sub	sp, #20
10007a68:	ac08      	add	r4, sp, #32
10007a6a:	7825      	ldrb	r5, [r4, #0]
10007a6c:	2400      	movs	r4, #0
10007a6e:	9402      	str	r4, [sp, #8]
10007a70:	9401      	str	r4, [sp, #4]
10007a72:	9500      	str	r5, [sp, #0]
10007a74:	f7ff fec6 	bl	10007804 <i2c_read_blocking_internal>
10007a78:	b005      	add	sp, #20
10007a7a:	bd30      	pop	{r4, r5, pc}

10007a7c <pio_get_default_sm_config>:
10007a7c:	b510      	push	{r4, lr}
10007a7e:	0004      	movs	r4, r0
10007a80:	2210      	movs	r2, #16
10007a82:	2100      	movs	r1, #0
10007a84:	f7fb fc32 	bl	100032ec <__wrap_memset>
10007a88:	2380      	movs	r3, #128	@ 0x80
10007a8a:	025b      	lsls	r3, r3, #9
10007a8c:	6023      	str	r3, [r4, #0]
10007a8e:	23f8      	movs	r3, #248	@ 0xf8
10007a90:	025b      	lsls	r3, r3, #9
10007a92:	6063      	str	r3, [r4, #4]
10007a94:	2380      	movs	r3, #128	@ 0x80
10007a96:	02db      	lsls	r3, r3, #11
10007a98:	60a3      	str	r3, [r4, #8]
10007a9a:	23c0      	movs	r3, #192	@ 0xc0
10007a9c:	031b      	lsls	r3, r3, #12
10007a9e:	60a3      	str	r3, [r4, #8]
10007aa0:	0020      	movs	r0, r4
10007aa2:	bd10      	pop	{r4, pc}

10007aa4 <is_program_gpio_compatible>:
10007aa4:	2001      	movs	r0, #1
10007aa6:	4770      	bx	lr

10007aa8 <add_program_at_offset_check>:
10007aa8:	b570      	push	{r4, r5, r6, lr}
10007aaa:	0004      	movs	r4, r0
10007aac:	000e      	movs	r6, r1
10007aae:	0015      	movs	r5, r2
10007ab0:	798b      	ldrb	r3, [r1, #6]
10007ab2:	2b00      	cmp	r3, #0
10007ab4:	d11c      	bne.n	10007af0 <add_program_at_offset_check+0x48>
10007ab6:	f7ff fff5 	bl	10007aa4 <is_program_gpio_compatible>
10007aba:	2800      	cmp	r0, #0
10007abc:	d01b      	beq.n	10007af6 <add_program_at_offset_check+0x4e>
10007abe:	2305      	movs	r3, #5
10007ac0:	56f3      	ldrsb	r3, [r6, r3]
10007ac2:	2b00      	cmp	r3, #0
10007ac4:	db01      	blt.n	10007aca <add_program_at_offset_check+0x22>
10007ac6:	42ab      	cmp	r3, r5
10007ac8:	d118      	bne.n	10007afc <add_program_at_offset_check+0x54>
10007aca:	4b0e      	ldr	r3, [pc, #56]	@ (10007b04 <add_program_at_offset_check+0x5c>)
10007acc:	469c      	mov	ip, r3
10007ace:	4464      	add	r4, ip
10007ad0:	0d24      	lsrs	r4, r4, #20
10007ad2:	4b0d      	ldr	r3, [pc, #52]	@ (10007b08 <add_program_at_offset_check+0x60>)
10007ad4:	00a4      	lsls	r4, r4, #2
10007ad6:	58e2      	ldr	r2, [r4, r3]
10007ad8:	7931      	ldrb	r1, [r6, #4]
10007ada:	2301      	movs	r3, #1
10007adc:	408b      	lsls	r3, r1
10007ade:	3b01      	subs	r3, #1
10007ae0:	40ab      	lsls	r3, r5
10007ae2:	421a      	tst	r2, r3
10007ae4:	d101      	bne.n	10007aea <add_program_at_offset_check+0x42>
10007ae6:	2000      	movs	r0, #0
10007ae8:	bd70      	pop	{r4, r5, r6, pc}
10007aea:	2009      	movs	r0, #9
10007aec:	4240      	negs	r0, r0
10007aee:	e7fb      	b.n	10007ae8 <add_program_at_offset_check+0x40>
10007af0:	2014      	movs	r0, #20
10007af2:	4240      	negs	r0, r0
10007af4:	e7f8      	b.n	10007ae8 <add_program_at_offset_check+0x40>
10007af6:	200b      	movs	r0, #11
10007af8:	4240      	negs	r0, r0
10007afa:	e7f5      	b.n	10007ae8 <add_program_at_offset_check+0x40>
10007afc:	200b      	movs	r0, #11
10007afe:	4240      	negs	r0, r0
10007b00:	e7f2      	b.n	10007ae8 <add_program_at_offset_check+0x40>
10007b02:	46c0      	nop			@ (mov r8, r8)
10007b04:	afe00000 	.word	0xafe00000
10007b08:	2000268c 	.word	0x2000268c

10007b0c <add_program_at_offset>:
10007b0c:	b5f8      	push	{r3, r4, r5, r6, r7, lr}
10007b0e:	0006      	movs	r6, r0
10007b10:	000d      	movs	r5, r1
10007b12:	0017      	movs	r7, r2
10007b14:	f7ff ffc8 	bl	10007aa8 <add_program_at_offset_check>
10007b18:	2800      	cmp	r0, #0
10007b1a:	d122      	bne.n	10007b62 <add_program_at_offset+0x56>
10007b1c:	2400      	movs	r4, #0
10007b1e:	e005      	b.n	10007b2c <add_program_at_offset+0x20>
10007b20:	19da      	adds	r2, r3, r7
10007b22:	19e3      	adds	r3, r4, r7
10007b24:	3312      	adds	r3, #18
10007b26:	009b      	lsls	r3, r3, #2
10007b28:	519a      	str	r2, [r3, r6]
10007b2a:	3401      	adds	r4, #1
10007b2c:	792b      	ldrb	r3, [r5, #4]
10007b2e:	42a3      	cmp	r3, r4
10007b30:	d908      	bls.n	10007b44 <add_program_at_offset+0x38>
10007b32:	682a      	ldr	r2, [r5, #0]
10007b34:	0063      	lsls	r3, r4, #1
10007b36:	5ad3      	ldrh	r3, [r2, r3]
10007b38:	2280      	movs	r2, #128	@ 0x80
10007b3a:	0192      	lsls	r2, r2, #6
10007b3c:	4293      	cmp	r3, r2
10007b3e:	d3ef      	bcc.n	10007b20 <add_program_at_offset+0x14>
10007b40:	001a      	movs	r2, r3
10007b42:	e7ee      	b.n	10007b22 <add_program_at_offset+0x16>
10007b44:	2201      	movs	r2, #1
10007b46:	409a      	lsls	r2, r3
10007b48:	0013      	movs	r3, r2
10007b4a:	3b01      	subs	r3, #1
10007b4c:	4a05      	ldr	r2, [pc, #20]	@ (10007b64 <add_program_at_offset+0x58>)
10007b4e:	4694      	mov	ip, r2
10007b50:	4466      	add	r6, ip
10007b52:	0d36      	lsrs	r6, r6, #20
10007b54:	4904      	ldr	r1, [pc, #16]	@ (10007b68 <add_program_at_offset+0x5c>)
10007b56:	00b6      	lsls	r6, r6, #2
10007b58:	5872      	ldr	r2, [r6, r1]
10007b5a:	40bb      	lsls	r3, r7
10007b5c:	4313      	orrs	r3, r2
10007b5e:	5073      	str	r3, [r6, r1]
10007b60:	0038      	movs	r0, r7
10007b62:	bdf8      	pop	{r3, r4, r5, r6, r7, pc}
10007b64:	afe00000 	.word	0xafe00000
10007b68:	2000268c 	.word	0x2000268c

10007b6c <find_offset_for_program>:
10007b6c:	b570      	push	{r4, r5, r6, lr}
10007b6e:	790a      	ldrb	r2, [r1, #4]
10007b70:	2a20      	cmp	r2, #32
10007b72:	d818      	bhi.n	10007ba6 <find_offset_for_program+0x3a>
10007b74:	4b17      	ldr	r3, [pc, #92]	@ (10007bd4 <find_offset_for_program+0x68>)
10007b76:	469c      	mov	ip, r3
10007b78:	4460      	add	r0, ip
10007b7a:	0d00      	lsrs	r0, r0, #20
10007b7c:	4b16      	ldr	r3, [pc, #88]	@ (10007bd8 <find_offset_for_program+0x6c>)
10007b7e:	0080      	lsls	r0, r0, #2
10007b80:	58c4      	ldr	r4, [r0, r3]
10007b82:	2301      	movs	r3, #1
10007b84:	4093      	lsls	r3, r2
10007b86:	3b01      	subs	r3, #1
10007b88:	7949      	ldrb	r1, [r1, #5]
10007b8a:	b249      	sxtb	r1, r1
10007b8c:	2900      	cmp	r1, #0
10007b8e:	db10      	blt.n	10007bb2 <find_offset_for_program+0x46>
10007b90:	0008      	movs	r0, r1
10007b92:	2520      	movs	r5, #32
10007b94:	1aaa      	subs	r2, r5, r2
10007b96:	4291      	cmp	r1, r2
10007b98:	dc18      	bgt.n	10007bcc <find_offset_for_program+0x60>
10007b9a:	408b      	lsls	r3, r1
10007b9c:	421c      	tst	r4, r3
10007b9e:	d001      	beq.n	10007ba4 <find_offset_for_program+0x38>
10007ba0:	2001      	movs	r0, #1
10007ba2:	4240      	negs	r0, r0
10007ba4:	bd70      	pop	{r4, r5, r6, pc}
10007ba6:	4b0d      	ldr	r3, [pc, #52]	@ (10007bdc <find_offset_for_program+0x70>)
10007ba8:	4a0d      	ldr	r2, [pc, #52]	@ (10007be0 <find_offset_for_program+0x74>)
10007baa:	480e      	ldr	r0, [pc, #56]	@ (10007be4 <find_offset_for_program+0x78>)
10007bac:	2143      	movs	r1, #67	@ 0x43
10007bae:	f7fc fcd9 	bl	10004564 <__assert_func>
10007bb2:	2020      	movs	r0, #32
10007bb4:	1a80      	subs	r0, r0, r2
10007bb6:	2800      	cmp	r0, #0
10007bb8:	db05      	blt.n	10007bc6 <find_offset_for_program+0x5a>
10007bba:	001a      	movs	r2, r3
10007bbc:	4082      	lsls	r2, r0
10007bbe:	4214      	tst	r4, r2
10007bc0:	d0f0      	beq.n	10007ba4 <find_offset_for_program+0x38>
10007bc2:	3801      	subs	r0, #1
10007bc4:	e7f7      	b.n	10007bb6 <find_offset_for_program+0x4a>
10007bc6:	2009      	movs	r0, #9
10007bc8:	4240      	negs	r0, r0
10007bca:	e7eb      	b.n	10007ba4 <find_offset_for_program+0x38>
10007bcc:	2001      	movs	r0, #1
10007bce:	4240      	negs	r0, r0
10007bd0:	e7e8      	b.n	10007ba4 <find_offset_for_program+0x38>
10007bd2:	46c0      	nop			@ (mov r8, r8)
10007bd4:	afe00000 	.word	0xafe00000
10007bd8:	2000268c 	.word	0x2000268c
10007bdc:	10009704 	.word	0x10009704
10007be0:	1000a0d0 	.word	0x1000a0d0
10007be4:	10009730 	.word	0x10009730

10007be8 <pio_add_program>:
10007be8:	b5f8      	push	{r3, r4, r5, r6, r7, lr}
10007bea:	0005      	movs	r5, r0
10007bec:	000e      	movs	r6, r1
10007bee:	f7f9 f94d 	bl	10000e8c <hw_claim_lock>
10007bf2:	0007      	movs	r7, r0
10007bf4:	0031      	movs	r1, r6
10007bf6:	0028      	movs	r0, r5
10007bf8:	f7ff ffb8 	bl	10007b6c <find_offset_for_program>
10007bfc:	1e04      	subs	r4, r0, #0
10007bfe:	da04      	bge.n	10007c0a <pio_add_program+0x22>
10007c00:	0038      	movs	r0, r7
10007c02:	f7f9 f94f 	bl	10000ea4 <hw_claim_unlock>
10007c06:	0020      	movs	r0, r4
10007c08:	bdf8      	pop	{r3, r4, r5, r6, r7, pc}
10007c0a:	0002      	movs	r2, r0
10007c0c:	0031      	movs	r1, r6
10007c0e:	0028      	movs	r0, r5
10007c10:	f7ff ff7c 	bl	10007b0c <add_program_at_offset>
10007c14:	0004      	movs	r4, r0
10007c16:	e7f3      	b.n	10007c00 <pio_add_program+0x18>

10007c18 <pio_sm_set_consecutive_pindirs>:
10007c18:	b5f0      	push	{r4, r5, r6, r7, lr}
10007c1a:	46ce      	mov	lr, r9
10007c1c:	4647      	mov	r7, r8
10007c1e:	b580      	push	{r7, lr}
10007c20:	ac07      	add	r4, sp, #28
10007c22:	7825      	ldrb	r5, [r4, #0]
10007c24:	2a1f      	cmp	r2, #31
10007c26:	d84a      	bhi.n	10007cbe <pio_sm_set_consecutive_pindirs+0xa6>
10007c28:	004c      	lsls	r4, r1, #1
10007c2a:	1866      	adds	r6, r4, r1
10007c2c:	00f6      	lsls	r6, r6, #3
10007c2e:	1986      	adds	r6, r0, r6
10007c30:	0037      	movs	r7, r6
10007c32:	37dc      	adds	r7, #220	@ 0xdc
10007c34:	683f      	ldr	r7, [r7, #0]
10007c36:	46bc      	mov	ip, r7
10007c38:	36cc      	adds	r6, #204	@ 0xcc
10007c3a:	6836      	ldr	r6, [r6, #0]
10007c3c:	46b0      	mov	r8, r6
10007c3e:	1864      	adds	r4, r4, r1
10007c40:	00e4      	lsls	r4, r4, #3
10007c42:	34c8      	adds	r4, #200	@ 0xc8
10007c44:	1904      	adds	r4, r0, r4
10007c46:	4e1f      	ldr	r6, [pc, #124]	@ (10007cc4 <pio_sm_set_consecutive_pindirs+0xac>)
10007c48:	46b1      	mov	r9, r6
10007c4a:	444c      	add	r4, r9
10007c4c:	2680      	movs	r6, #128	@ 0x80
10007c4e:	02b6      	lsls	r6, r6, #10
10007c50:	6026      	str	r6, [r4, #0]
10007c52:	2d00      	cmp	r5, #0
10007c54:	d001      	beq.n	10007c5a <pio_sm_set_consecutive_pindirs+0x42>
10007c56:	261f      	movs	r6, #31
10007c58:	e014      	b.n	10007c84 <pio_sm_set_consecutive_pindirs+0x6c>
10007c5a:	2600      	movs	r6, #0
10007c5c:	e012      	b.n	10007c84 <pio_sm_set_consecutive_pindirs+0x6c>
10007c5e:	0154      	lsls	r4, r2, #5
10007c60:	25a0      	movs	r5, #160	@ 0xa0
10007c62:	056d      	lsls	r5, r5, #21
10007c64:	4325      	orrs	r5, r4
10007c66:	004c      	lsls	r4, r1, #1
10007c68:	1864      	adds	r4, r4, r1
10007c6a:	00e4      	lsls	r4, r4, #3
10007c6c:	1904      	adds	r4, r0, r4
10007c6e:	0027      	movs	r7, r4
10007c70:	37dc      	adds	r7, #220	@ 0xdc
10007c72:	603d      	str	r5, [r7, #0]
10007c74:	4d14      	ldr	r5, [pc, #80]	@ (10007cc8 <pio_sm_set_consecutive_pindirs+0xb0>)
10007c76:	4335      	orrs	r5, r6
10007c78:	34d8      	adds	r4, #216	@ 0xd8
10007c7a:	6025      	str	r5, [r4, #0]
10007c7c:	3b05      	subs	r3, #5
10007c7e:	3205      	adds	r2, #5
10007c80:	241f      	movs	r4, #31
10007c82:	4022      	ands	r2, r4
10007c84:	2b05      	cmp	r3, #5
10007c86:	d8ea      	bhi.n	10007c5e <pio_sm_set_consecutive_pindirs+0x46>
10007c88:	069b      	lsls	r3, r3, #26
10007c8a:	0152      	lsls	r2, r2, #5
10007c8c:	4313      	orrs	r3, r2
10007c8e:	004c      	lsls	r4, r1, #1
10007c90:	1862      	adds	r2, r4, r1
10007c92:	00d2      	lsls	r2, r2, #3
10007c94:	1882      	adds	r2, r0, r2
10007c96:	0015      	movs	r5, r2
10007c98:	35dc      	adds	r5, #220	@ 0xdc
10007c9a:	602b      	str	r3, [r5, #0]
10007c9c:	4b0a      	ldr	r3, [pc, #40]	@ (10007cc8 <pio_sm_set_consecutive_pindirs+0xb0>)
10007c9e:	4333      	orrs	r3, r6
10007ca0:	32d8      	adds	r2, #216	@ 0xd8
10007ca2:	6013      	str	r3, [r2, #0]
10007ca4:	4663      	mov	r3, ip
10007ca6:	602b      	str	r3, [r5, #0]
10007ca8:	1864      	adds	r4, r4, r1
10007caa:	00e4      	lsls	r4, r4, #3
10007cac:	1900      	adds	r0, r0, r4
10007cae:	30cc      	adds	r0, #204	@ 0xcc
10007cb0:	4643      	mov	r3, r8
10007cb2:	6003      	str	r3, [r0, #0]
10007cb4:	2000      	movs	r0, #0
10007cb6:	bcc0      	pop	{r6, r7}
10007cb8:	46b9      	mov	r9, r7
10007cba:	46b0      	mov	r8, r6
10007cbc:	bdf0      	pop	{r4, r5, r6, r7, pc}
10007cbe:	2005      	movs	r0, #5
10007cc0:	4240      	negs	r0, r0
10007cc2:	e7f8      	b.n	10007cb6 <pio_sm_set_consecutive_pindirs+0x9e>
10007cc4:	00003004 	.word	0x00003004
10007cc8:	0000e080 	.word	0x0000e080

10007ccc <pio_sm_init>:
10007ccc:	b5f0      	push	{r4, r5, r6, r7, lr}
10007cce:	b085      	sub	sp, #20
10007cd0:	0004      	movs	r4, r0
10007cd2:	000d      	movs	r5, r1
10007cd4:	0016      	movs	r6, r2
10007cd6:	6802      	ldr	r2, [r0, #0]
10007cd8:	2101      	movs	r1, #1
10007cda:	40a9      	lsls	r1, r5
10007cdc:	438a      	bics	r2, r1
10007cde:	6002      	str	r2, [r0, #0]
10007ce0:	2b00      	cmp	r3, #0
10007ce2:	d036      	beq.n	10007d52 <pio_sm_init+0x86>
10007ce4:	6818      	ldr	r0, [r3, #0]
10007ce6:	006a      	lsls	r2, r5, #1
10007ce8:	1952      	adds	r2, r2, r5
10007cea:	00d2      	lsls	r2, r2, #3
10007cec:	18a2      	adds	r2, r4, r2
10007cee:	0011      	movs	r1, r2
10007cf0:	31c8      	adds	r1, #200	@ 0xc8
10007cf2:	6008      	str	r0, [r1, #0]
10007cf4:	6898      	ldr	r0, [r3, #8]
10007cf6:	3108      	adds	r1, #8
10007cf8:	6008      	str	r0, [r1, #0]
10007cfa:	6858      	ldr	r0, [r3, #4]
10007cfc:	3904      	subs	r1, #4
10007cfe:	6008      	str	r0, [r1, #0]
10007d00:	68db      	ldr	r3, [r3, #12]
10007d02:	32dc      	adds	r2, #220	@ 0xdc
10007d04:	6013      	str	r3, [r2, #0]
10007d06:	006a      	lsls	r2, r5, #1
10007d08:	1953      	adds	r3, r2, r5
10007d0a:	00db      	lsls	r3, r3, #3
10007d0c:	33d0      	adds	r3, #208	@ 0xd0
10007d0e:	18e3      	adds	r3, r4, r3
10007d10:	2180      	movs	r1, #128	@ 0x80
10007d12:	0149      	lsls	r1, r1, #5
10007d14:	468c      	mov	ip, r1
10007d16:	4463      	add	r3, ip
10007d18:	2180      	movs	r1, #128	@ 0x80
10007d1a:	0609      	lsls	r1, r1, #24
10007d1c:	6019      	str	r1, [r3, #0]
10007d1e:	6019      	str	r1, [r3, #0]
10007d20:	4b16      	ldr	r3, [pc, #88]	@ (10007d7c <pio_sm_init+0xb0>)
10007d22:	40ab      	lsls	r3, r5
10007d24:	60a3      	str	r3, [r4, #8]
10007d26:	1d29      	adds	r1, r5, #4
10007d28:	2301      	movs	r3, #1
10007d2a:	0018      	movs	r0, r3
10007d2c:	4088      	lsls	r0, r1
10007d2e:	2180      	movs	r1, #128	@ 0x80
10007d30:	0189      	lsls	r1, r1, #6
10007d32:	1861      	adds	r1, r4, r1
10007d34:	6008      	str	r0, [r1, #0]
10007d36:	0028      	movs	r0, r5
10007d38:	3008      	adds	r0, #8
10007d3a:	4083      	lsls	r3, r0
10007d3c:	600b      	str	r3, [r1, #0]
10007d3e:	231f      	movs	r3, #31
10007d40:	4033      	ands	r3, r6
10007d42:	1952      	adds	r2, r2, r5
10007d44:	00d2      	lsls	r2, r2, #3
10007d46:	18a4      	adds	r4, r4, r2
10007d48:	34d8      	adds	r4, #216	@ 0xd8
10007d4a:	6023      	str	r3, [r4, #0]
10007d4c:	2000      	movs	r0, #0
10007d4e:	b005      	add	sp, #20
10007d50:	bdf0      	pop	{r4, r5, r6, r7, pc}
10007d52:	4668      	mov	r0, sp
10007d54:	f7ff fe92 	bl	10007a7c <pio_get_default_sm_config>
10007d58:	9900      	ldr	r1, [sp, #0]
10007d5a:	006b      	lsls	r3, r5, #1
10007d5c:	195b      	adds	r3, r3, r5
10007d5e:	00db      	lsls	r3, r3, #3
10007d60:	18e3      	adds	r3, r4, r3
10007d62:	001a      	movs	r2, r3
10007d64:	32c8      	adds	r2, #200	@ 0xc8
10007d66:	6011      	str	r1, [r2, #0]
10007d68:	9902      	ldr	r1, [sp, #8]
10007d6a:	3208      	adds	r2, #8
10007d6c:	6011      	str	r1, [r2, #0]
10007d6e:	9901      	ldr	r1, [sp, #4]
10007d70:	3a04      	subs	r2, #4
10007d72:	6011      	str	r1, [r2, #0]
10007d74:	9a03      	ldr	r2, [sp, #12]
10007d76:	33dc      	adds	r3, #220	@ 0xdc
10007d78:	601a      	str	r2, [r3, #0]
10007d7a:	e7c4      	b.n	10007d06 <pio_sm_init+0x3a>
10007d7c:	01010101 	.word	0x01010101

10007d80 <_ZNK10__cxxabiv117__class_type_info11__do_upcastEPKS0_PPv>:
10007d80:	2300      	movs	r3, #0
10007d82:	b570      	push	{r4, r5, r6, lr}
10007d84:	0015      	movs	r5, r2
10007d86:	2210      	movs	r2, #16
10007d88:	b084      	sub	sp, #16
10007d8a:	9300      	str	r3, [sp, #0]
10007d8c:	9301      	str	r3, [sp, #4]
10007d8e:	9303      	str	r3, [sp, #12]
10007d90:	6803      	ldr	r3, [r0, #0]
10007d92:	466c      	mov	r4, sp
10007d94:	699e      	ldr	r6, [r3, #24]
10007d96:	9202      	str	r2, [sp, #8]
10007d98:	466b      	mov	r3, sp
10007d9a:	682a      	ldr	r2, [r5, #0]
10007d9c:	47b0      	blx	r6
10007d9e:	2306      	movs	r3, #6
10007da0:	7922      	ldrb	r2, [r4, #4]
10007da2:	2000      	movs	r0, #0
10007da4:	4013      	ands	r3, r2
10007da6:	2b06      	cmp	r3, #6
10007da8:	d102      	bne.n	10007db0 <_ZNK10__cxxabiv117__class_type_info11__do_upcastEPKS0_PPv+0x30>
10007daa:	9b00      	ldr	r3, [sp, #0]
10007dac:	3001      	adds	r0, #1
10007dae:	602b      	str	r3, [r5, #0]
10007db0:	b004      	add	sp, #16
10007db2:	bd70      	pop	{r4, r5, r6, pc}

10007db4 <_ZNK10__cxxabiv117__class_type_info20__do_find_public_srcEiPKvPKS0_S2_>:
10007db4:	9b00      	ldr	r3, [sp, #0]
10007db6:	2005      	movs	r0, #5
10007db8:	1a9a      	subs	r2, r3, r2
10007dba:	4253      	negs	r3, r2
10007dbc:	415a      	adcs	r2, r3
10007dbe:	4252      	negs	r2, r2
10007dc0:	4010      	ands	r0, r2
10007dc2:	3001      	adds	r0, #1
10007dc4:	4770      	bx	lr
10007dc6:	46c0      	nop			@ (mov r8, r8)

10007dc8 <_ZN10__cxxabiv117__class_type_infoD1Ev>:
10007dc8:	b510      	push	{r4, lr}
10007dca:	0004      	movs	r4, r0
10007dcc:	4b02      	ldr	r3, [pc, #8]	@ (10007dd8 <_ZN10__cxxabiv117__class_type_infoD1Ev+0x10>)
10007dce:	6003      	str	r3, [r0, #0]
10007dd0:	f000 f8e0 	bl	10007f94 <_ZNSt9type_infoD1Ev>
10007dd4:	0020      	movs	r0, r4
10007dd6:	bd10      	pop	{r4, pc}
10007dd8:	1000a120 	.word	0x1000a120

10007ddc <_ZN10__cxxabiv117__class_type_infoD0Ev>:
10007ddc:	b510      	push	{r4, lr}
10007dde:	0004      	movs	r4, r0
10007de0:	4b04      	ldr	r3, [pc, #16]	@ (10007df4 <_ZN10__cxxabiv117__class_type_infoD0Ev+0x18>)
10007de2:	6003      	str	r3, [r0, #0]
10007de4:	f000 f8d6 	bl	10007f94 <_ZNSt9type_infoD1Ev>
10007de8:	0020      	movs	r0, r4
10007dea:	2108      	movs	r1, #8
10007dec:	f000 f844 	bl	10007e78 <_ZdlPvj>
10007df0:	0020      	movs	r0, r4
10007df2:	bd10      	pop	{r4, pc}
10007df4:	1000a120 	.word	0x1000a120

10007df8 <_ZNK10__cxxabiv117__class_type_info12__do_dyncastEiNS0_10__sub_kindEPKS0_PKvS3_S5_RNS0_16__dyncast_resultE>:
10007df8:	b570      	push	{r4, r5, r6, lr}
10007dfa:	0016      	movs	r6, r2
10007dfc:	001d      	movs	r5, r3
10007dfe:	9a06      	ldr	r2, [sp, #24]
10007e00:	9b04      	ldr	r3, [sp, #16]
10007e02:	0004      	movs	r4, r0
10007e04:	4293      	cmp	r3, r2
10007e06:	d00e      	beq.n	10007e26 <_ZNK10__cxxabiv117__class_type_info12__do_dyncastEiNS0_10__sub_kindEPKS0_PKvS3_S5_RNS0_16__dyncast_resultE+0x2e>
10007e08:	0029      	movs	r1, r5
10007e0a:	0020      	movs	r0, r4
10007e0c:	f000 f8c6 	bl	10007f9c <_ZNKSt9type_info7__equalERKS_>
10007e10:	2800      	cmp	r0, #0
10007e12:	d006      	beq.n	10007e22 <_ZNK10__cxxabiv117__class_type_info12__do_dyncastEiNS0_10__sub_kindEPKS0_PKvS3_S5_RNS0_16__dyncast_resultE+0x2a>
10007e14:	9b07      	ldr	r3, [sp, #28]
10007e16:	9a04      	ldr	r2, [sp, #16]
10007e18:	711e      	strb	r6, [r3, #4]
10007e1a:	601a      	str	r2, [r3, #0]
10007e1c:	2301      	movs	r3, #1
10007e1e:	9a07      	ldr	r2, [sp, #28]
10007e20:	7193      	strb	r3, [r2, #6]
10007e22:	2000      	movs	r0, #0
10007e24:	bd70      	pop	{r4, r5, r6, pc}
10007e26:	9905      	ldr	r1, [sp, #20]
10007e28:	f000 f8b8 	bl	10007f9c <_ZNKSt9type_info7__equalERKS_>
10007e2c:	2800      	cmp	r0, #0
10007e2e:	d0eb      	beq.n	10007e08 <_ZNK10__cxxabiv117__class_type_info12__do_dyncastEiNS0_10__sub_kindEPKS0_PKvS3_S5_RNS0_16__dyncast_resultE+0x10>
10007e30:	9b07      	ldr	r3, [sp, #28]
10007e32:	715e      	strb	r6, [r3, #5]
10007e34:	e7f5      	b.n	10007e22 <_ZNK10__cxxabiv117__class_type_info12__do_dyncastEiNS0_10__sub_kindEPKS0_PKvS3_S5_RNS0_16__dyncast_resultE+0x2a>
10007e36:	46c0      	nop			@ (mov r8, r8)

10007e38 <_ZNK10__cxxabiv117__class_type_info11__do_upcastEPKS0_PKvRNS0_15__upcast_resultE>:
10007e38:	b570      	push	{r4, r5, r6, lr}
10007e3a:	0015      	movs	r5, r2
10007e3c:	001c      	movs	r4, r3
10007e3e:	f000 f8ad 	bl	10007f9c <_ZNKSt9type_info7__equalERKS_>
10007e42:	2800      	cmp	r0, #0
10007e44:	d004      	beq.n	10007e50 <_ZNK10__cxxabiv117__class_type_info11__do_upcastEPKS0_PKvRNS0_15__upcast_resultE+0x18>
10007e46:	2308      	movs	r3, #8
10007e48:	60e3      	str	r3, [r4, #12]
10007e4a:	3b02      	subs	r3, #2
10007e4c:	6025      	str	r5, [r4, #0]
10007e4e:	7123      	strb	r3, [r4, #4]
10007e50:	bd70      	pop	{r4, r5, r6, pc}
10007e52:	46c0      	nop			@ (mov r8, r8)

10007e54 <_ZNK10__cxxabiv117__class_type_info10__do_catchEPKSt9type_infoPPvj>:
10007e54:	b5f8      	push	{r3, r4, r5, r6, r7, lr}
10007e56:	0005      	movs	r5, r0
10007e58:	000c      	movs	r4, r1
10007e5a:	0017      	movs	r7, r2
10007e5c:	001e      	movs	r6, r3
10007e5e:	f000 f89d 	bl	10007f9c <_ZNKSt9type_info7__equalERKS_>
10007e62:	2800      	cmp	r0, #0
10007e64:	d107      	bne.n	10007e76 <_ZNK10__cxxabiv117__class_type_info10__do_catchEPKSt9type_infoPPvj+0x22>
10007e66:	2e03      	cmp	r6, #3
10007e68:	d805      	bhi.n	10007e76 <_ZNK10__cxxabiv117__class_type_info10__do_catchEPKSt9type_infoPPvj+0x22>
10007e6a:	6823      	ldr	r3, [r4, #0]
10007e6c:	003a      	movs	r2, r7
10007e6e:	0029      	movs	r1, r5
10007e70:	0020      	movs	r0, r4
10007e72:	695b      	ldr	r3, [r3, #20]
10007e74:	4798      	blx	r3
10007e76:	bdf8      	pop	{r3, r4, r5, r6, r7, pc}

10007e78 <_ZdlPvj>:
10007e78:	b510      	push	{r4, lr}
10007e7a:	f000 f8a7 	bl	10007fcc <_ZdlPv>
10007e7e:	bd10      	pop	{r4, pc}

10007e80 <_ZN10__cxxabiv120__si_class_type_infoD1Ev>:
10007e80:	b510      	push	{r4, lr}
10007e82:	0004      	movs	r4, r0
10007e84:	4b02      	ldr	r3, [pc, #8]	@ (10007e90 <_ZN10__cxxabiv120__si_class_type_infoD1Ev+0x10>)
10007e86:	6003      	str	r3, [r0, #0]
10007e88:	f7ff ff9e 	bl	10007dc8 <_ZN10__cxxabiv117__class_type_infoD1Ev>
10007e8c:	0020      	movs	r0, r4
10007e8e:	bd10      	pop	{r4, pc}
10007e90:	1000a180 	.word	0x1000a180

10007e94 <_ZN10__cxxabiv120__si_class_type_infoD0Ev>:
10007e94:	b510      	push	{r4, lr}
10007e96:	0004      	movs	r4, r0
10007e98:	4b04      	ldr	r3, [pc, #16]	@ (10007eac <_ZN10__cxxabiv120__si_class_type_infoD0Ev+0x18>)
10007e9a:	6003      	str	r3, [r0, #0]
10007e9c:	f7ff ff94 	bl	10007dc8 <_ZN10__cxxabiv117__class_type_infoD1Ev>
10007ea0:	0020      	movs	r0, r4
10007ea2:	210c      	movs	r1, #12
10007ea4:	f7ff ffe8 	bl	10007e78 <_ZdlPvj>
10007ea8:	0020      	movs	r0, r4
10007eaa:	bd10      	pop	{r4, pc}
10007eac:	1000a180 	.word	0x1000a180

10007eb0 <_ZNK10__cxxabiv120__si_class_type_info20__do_find_public_srcEiPKvPKNS_17__class_type_infoES2_>:
10007eb0:	b5f0      	push	{r4, r5, r6, r7, lr}
10007eb2:	b083      	sub	sp, #12
10007eb4:	001e      	movs	r6, r3
10007eb6:	9b08      	ldr	r3, [sp, #32]
10007eb8:	0005      	movs	r5, r0
10007eba:	000f      	movs	r7, r1
10007ebc:	0014      	movs	r4, r2
10007ebe:	4293      	cmp	r3, r2
10007ec0:	d00a      	beq.n	10007ed8 <_ZNK10__cxxabiv120__si_class_type_info20__do_find_public_srcEiPKvPKNS_17__class_type_infoES2_+0x28>
10007ec2:	68a8      	ldr	r0, [r5, #8]
10007ec4:	9a08      	ldr	r2, [sp, #32]
10007ec6:	6803      	ldr	r3, [r0, #0]
10007ec8:	9200      	str	r2, [sp, #0]
10007eca:	6a1d      	ldr	r5, [r3, #32]
10007ecc:	0022      	movs	r2, r4
10007ece:	0033      	movs	r3, r6
10007ed0:	0039      	movs	r1, r7
10007ed2:	47a8      	blx	r5
10007ed4:	b003      	add	sp, #12
10007ed6:	bdf0      	pop	{r4, r5, r6, r7, pc}
10007ed8:	0031      	movs	r1, r6
10007eda:	f000 f85f 	bl	10007f9c <_ZNKSt9type_info7__equalERKS_>
10007ede:	2800      	cmp	r0, #0
10007ee0:	d0ef      	beq.n	10007ec2 <_ZNK10__cxxabiv120__si_class_type_info20__do_find_public_srcEiPKvPKNS_17__class_type_infoES2_+0x12>
10007ee2:	2006      	movs	r0, #6
10007ee4:	e7f6      	b.n	10007ed4 <_ZNK10__cxxabiv120__si_class_type_info20__do_find_public_srcEiPKvPKNS_17__class_type_infoES2_+0x24>
10007ee6:	46c0      	nop			@ (mov r8, r8)

10007ee8 <_ZNK10__cxxabiv120__si_class_type_info12__do_dyncastEiNS_17__class_type_info10__sub_kindEPKS1_PKvS4_S6_RNS1_16__dyncast_resultE>:
10007ee8:	b5f0      	push	{r4, r5, r6, r7, lr}
10007eea:	000e      	movs	r6, r1
10007eec:	b085      	sub	sp, #20
10007eee:	0019      	movs	r1, r3
10007ef0:	0004      	movs	r4, r0
10007ef2:	0017      	movs	r7, r2
10007ef4:	001d      	movs	r5, r3
10007ef6:	f000 f851 	bl	10007f9c <_ZNKSt9type_info7__equalERKS_>
10007efa:	2800      	cmp	r0, #0
10007efc:	d114      	bne.n	10007f28 <_ZNK10__cxxabiv120__si_class_type_info12__do_dyncastEiNS_17__class_type_info10__sub_kindEPKS1_PKvS4_S6_RNS1_16__dyncast_resultE+0x40>
10007efe:	9b0a      	ldr	r3, [sp, #40]	@ 0x28
10007f00:	9a0c      	ldr	r2, [sp, #48]	@ 0x30
10007f02:	4293      	cmp	r3, r2
10007f04:	d02a      	beq.n	10007f5c <_ZNK10__cxxabiv120__si_class_type_info12__do_dyncastEiNS_17__class_type_info10__sub_kindEPKS1_PKvS4_S6_RNS1_16__dyncast_resultE+0x74>
10007f06:	68a0      	ldr	r0, [r4, #8]
10007f08:	9a0d      	ldr	r2, [sp, #52]	@ 0x34
10007f0a:	6803      	ldr	r3, [r0, #0]
10007f0c:	9203      	str	r2, [sp, #12]
10007f0e:	9a0c      	ldr	r2, [sp, #48]	@ 0x30
10007f10:	0031      	movs	r1, r6
10007f12:	9202      	str	r2, [sp, #8]
10007f14:	9a0b      	ldr	r2, [sp, #44]	@ 0x2c
10007f16:	9201      	str	r2, [sp, #4]
10007f18:	9a0a      	ldr	r2, [sp, #40]	@ 0x28
10007f1a:	9200      	str	r2, [sp, #0]
10007f1c:	69dc      	ldr	r4, [r3, #28]
10007f1e:	003a      	movs	r2, r7
10007f20:	002b      	movs	r3, r5
10007f22:	47a0      	blx	r4
10007f24:	b005      	add	sp, #20
10007f26:	bdf0      	pop	{r4, r5, r6, r7, pc}
10007f28:	9b0d      	ldr	r3, [sp, #52]	@ 0x34
10007f2a:	9a0a      	ldr	r2, [sp, #40]	@ 0x28
10007f2c:	711f      	strb	r7, [r3, #4]
10007f2e:	601a      	str	r2, [r3, #0]
10007f30:	2e00      	cmp	r6, #0
10007f32:	db0c      	blt.n	10007f4e <_ZNK10__cxxabiv120__si_class_type_info12__do_dyncastEiNS_17__class_type_info10__sub_kindEPKS1_PKvS4_S6_RNS1_16__dyncast_resultE+0x66>
10007f34:	1993      	adds	r3, r2, r6
10007f36:	9a0c      	ldr	r2, [sp, #48]	@ 0x30
10007f38:	1ad3      	subs	r3, r2, r3
10007f3a:	1e5a      	subs	r2, r3, #1
10007f3c:	4193      	sbcs	r3, r2
10007f3e:	2204      	movs	r2, #4
10007f40:	425b      	negs	r3, r3
10007f42:	4393      	bics	r3, r2
10007f44:	9a0d      	ldr	r2, [sp, #52]	@ 0x34
10007f46:	3306      	adds	r3, #6
10007f48:	7193      	strb	r3, [r2, #6]
10007f4a:	2000      	movs	r0, #0
10007f4c:	e7ea      	b.n	10007f24 <_ZNK10__cxxabiv120__si_class_type_info12__do_dyncastEiNS_17__class_type_info10__sub_kindEPKS1_PKvS4_S6_RNS1_16__dyncast_resultE+0x3c>
10007f4e:	3602      	adds	r6, #2
10007f50:	d1fb      	bne.n	10007f4a <_ZNK10__cxxabiv120__si_class_type_info12__do_dyncastEiNS_17__class_type_info10__sub_kindEPKS1_PKvS4_S6_RNS1_16__dyncast_resultE+0x62>
10007f52:	2301      	movs	r3, #1
10007f54:	9a0d      	ldr	r2, [sp, #52]	@ 0x34
10007f56:	2000      	movs	r0, #0
10007f58:	7193      	strb	r3, [r2, #6]
10007f5a:	e7e3      	b.n	10007f24 <_ZNK10__cxxabiv120__si_class_type_info12__do_dyncastEiNS_17__class_type_info10__sub_kindEPKS1_PKvS4_S6_RNS1_16__dyncast_resultE+0x3c>
10007f5c:	0020      	movs	r0, r4
10007f5e:	990b      	ldr	r1, [sp, #44]	@ 0x2c
10007f60:	f000 f81c 	bl	10007f9c <_ZNKSt9type_info7__equalERKS_>
10007f64:	2800      	cmp	r0, #0
10007f66:	d0ce      	beq.n	10007f06 <_ZNK10__cxxabiv120__si_class_type_info12__do_dyncastEiNS_17__class_type_info10__sub_kindEPKS1_PKvS4_S6_RNS1_16__dyncast_resultE+0x1e>
10007f68:	9b0d      	ldr	r3, [sp, #52]	@ 0x34
10007f6a:	2000      	movs	r0, #0
10007f6c:	715f      	strb	r7, [r3, #5]
10007f6e:	e7d9      	b.n	10007f24 <_ZNK10__cxxabiv120__si_class_type_info12__do_dyncastEiNS_17__class_type_info10__sub_kindEPKS1_PKvS4_S6_RNS1_16__dyncast_resultE+0x3c>

10007f70 <_ZNK10__cxxabiv120__si_class_type_info11__do_upcastEPKNS_17__class_type_infoEPKvRNS1_15__upcast_resultE>:
10007f70:	b5f8      	push	{r3, r4, r5, r6, r7, lr}
10007f72:	0007      	movs	r7, r0
10007f74:	000c      	movs	r4, r1
10007f76:	0015      	movs	r5, r2
10007f78:	001e      	movs	r6, r3
10007f7a:	f7ff ff5d 	bl	10007e38 <_ZNK10__cxxabiv117__class_type_info11__do_upcastEPKS0_PKvRNS0_15__upcast_resultE>
10007f7e:	2800      	cmp	r0, #0
10007f80:	d106      	bne.n	10007f90 <_ZNK10__cxxabiv120__si_class_type_info11__do_upcastEPKNS_17__class_type_infoEPKvRNS1_15__upcast_resultE+0x20>
10007f82:	68b8      	ldr	r0, [r7, #8]
10007f84:	002a      	movs	r2, r5
10007f86:	6803      	ldr	r3, [r0, #0]
10007f88:	0021      	movs	r1, r4
10007f8a:	699f      	ldr	r7, [r3, #24]
10007f8c:	0033      	movs	r3, r6
10007f8e:	47b8      	blx	r7
10007f90:	bdf8      	pop	{r3, r4, r5, r6, r7, pc}
10007f92:	46c0      	nop			@ (mov r8, r8)

10007f94 <_ZNSt9type_infoD1Ev>:
10007f94:	4770      	bx	lr
10007f96:	46c0      	nop			@ (mov r8, r8)

10007f98 <_ZNKSt9type_info14__is_pointer_pEv>:
10007f98:	2000      	movs	r0, #0
10007f9a:	4770      	bx	lr

10007f9c <_ZNKSt9type_info7__equalERKS_>:
10007f9c:	b510      	push	{r4, lr}
10007f9e:	4281      	cmp	r1, r0
10007fa0:	d011      	beq.n	10007fc6 <_ZNKSt9type_info7__equalERKS_+0x2a>
10007fa2:	6840      	ldr	r0, [r0, #4]
10007fa4:	7803      	ldrb	r3, [r0, #0]
10007fa6:	2b2a      	cmp	r3, #42	@ 0x2a
10007fa8:	d00b      	beq.n	10007fc2 <_ZNKSt9type_info7__equalERKS_+0x26>
10007faa:	6849      	ldr	r1, [r1, #4]
10007fac:	780b      	ldrb	r3, [r1, #0]
10007fae:	3b2a      	subs	r3, #42	@ 0x2a
10007fb0:	425a      	negs	r2, r3
10007fb2:	4153      	adcs	r3, r2
10007fb4:	18c9      	adds	r1, r1, r3
10007fb6:	f000 f89f 	bl	100080f8 <strcmp>
10007fba:	4243      	negs	r3, r0
10007fbc:	4158      	adcs	r0, r3
10007fbe:	b2c0      	uxtb	r0, r0
10007fc0:	bd10      	pop	{r4, pc}
10007fc2:	2000      	movs	r0, #0
10007fc4:	e7fc      	b.n	10007fc0 <_ZNKSt9type_info7__equalERKS_+0x24>
10007fc6:	2001      	movs	r0, #1
10007fc8:	e7fa      	b.n	10007fc0 <_ZNKSt9type_info7__equalERKS_+0x24>
10007fca:	46c0      	nop			@ (mov r8, r8)

10007fcc <_ZdlPv>:
10007fcc:	b510      	push	{r4, lr}
10007fce:	f7fb f981 	bl	100032d4 <__wrap_free>
10007fd2:	bd10      	pop	{r4, pc}

10007fd4 <abort>:
10007fd4:	2006      	movs	r0, #6
10007fd6:	b510      	push	{r4, lr}
10007fd8:	f000 f81e 	bl	10008018 <raise>
10007fdc:	2001      	movs	r0, #1
10007fde:	f7fc fa9b 	bl	10004518 <_exit>
10007fe2:	46c0      	nop			@ (mov r8, r8)

10007fe4 <free>:
10007fe4:	b510      	push	{r4, lr}
10007fe6:	4b03      	ldr	r3, [pc, #12]	@ (10007ff4 <free+0x10>)
10007fe8:	0001      	movs	r1, r0
10007fea:	6818      	ldr	r0, [r3, #0]
10007fec:	f000 f950 	bl	10008290 <_free_r>
10007ff0:	bd10      	pop	{r4, pc}
10007ff2:	46c0      	nop			@ (mov r8, r8)
10007ff4:	20001f80 	.word	0x20001f80

10007ff8 <__malloc_lock>:
10007ff8:	b510      	push	{r4, lr}
10007ffa:	4802      	ldr	r0, [pc, #8]	@ (10008004 <__malloc_lock+0xc>)
10007ffc:	f000 f86a 	bl	100080d4 <__retarget_lock_acquire_recursive>
10008000:	bd10      	pop	{r4, pc}
10008002:	46c0      	nop			@ (mov r8, r8)
10008004:	20002258 	.word	0x20002258

10008008 <__malloc_unlock>:
10008008:	b510      	push	{r4, lr}
1000800a:	4802      	ldr	r0, [pc, #8]	@ (10008014 <__malloc_unlock+0xc>)
1000800c:	f000 f864 	bl	100080d8 <__retarget_lock_release_recursive>
10008010:	bd10      	pop	{r4, pc}
10008012:	46c0      	nop			@ (mov r8, r8)
10008014:	20002258 	.word	0x20002258

10008018 <raise>:
10008018:	4b15      	ldr	r3, [pc, #84]	@ (10008070 <raise+0x58>)
1000801a:	b570      	push	{r4, r5, r6, lr}
1000801c:	0004      	movs	r4, r0
1000801e:	681d      	ldr	r5, [r3, #0]
10008020:	281f      	cmp	r0, #31
10008022:	d81f      	bhi.n	10008064 <raise+0x4c>
10008024:	239c      	movs	r3, #156	@ 0x9c
10008026:	005b      	lsls	r3, r3, #1
10008028:	58eb      	ldr	r3, [r5, r3]
1000802a:	2b00      	cmp	r3, #0
1000802c:	d00d      	beq.n	1000804a <raise+0x32>
1000802e:	0082      	lsls	r2, r0, #2
10008030:	189b      	adds	r3, r3, r2
10008032:	681a      	ldr	r2, [r3, #0]
10008034:	2a00      	cmp	r2, #0
10008036:	d008      	beq.n	1000804a <raise+0x32>
10008038:	2a01      	cmp	r2, #1
1000803a:	d004      	beq.n	10008046 <raise+0x2e>
1000803c:	1c51      	adds	r1, r2, #1
1000803e:	d00d      	beq.n	1000805c <raise+0x44>
10008040:	2100      	movs	r1, #0
10008042:	6019      	str	r1, [r3, #0]
10008044:	4790      	blx	r2
10008046:	2000      	movs	r0, #0
10008048:	e007      	b.n	1000805a <raise+0x42>
1000804a:	0028      	movs	r0, r5
1000804c:	f000 f826 	bl	1000809c <_getpid_r>
10008050:	0022      	movs	r2, r4
10008052:	0001      	movs	r1, r0
10008054:	0028      	movs	r0, r5
10008056:	f000 f80d 	bl	10008074 <_kill_r>
1000805a:	bd70      	pop	{r4, r5, r6, pc}
1000805c:	2316      	movs	r3, #22
1000805e:	2001      	movs	r0, #1
10008060:	602b      	str	r3, [r5, #0]
10008062:	e7fa      	b.n	1000805a <raise+0x42>
10008064:	2316      	movs	r3, #22
10008066:	2001      	movs	r0, #1
10008068:	602b      	str	r3, [r5, #0]
1000806a:	4240      	negs	r0, r0
1000806c:	e7f5      	b.n	1000805a <raise+0x42>
1000806e:	46c0      	nop			@ (mov r8, r8)
10008070:	20001f80 	.word	0x20001f80

10008074 <_kill_r>:
10008074:	2300      	movs	r3, #0
10008076:	b570      	push	{r4, r5, r6, lr}
10008078:	4d07      	ldr	r5, [pc, #28]	@ (10008098 <_kill_r+0x24>)
1000807a:	0004      	movs	r4, r0
1000807c:	0008      	movs	r0, r1
1000807e:	0011      	movs	r1, r2
10008080:	602b      	str	r3, [r5, #0]
10008082:	f7fc fa69 	bl	10004558 <_kill>
10008086:	1c43      	adds	r3, r0, #1
10008088:	d000      	beq.n	1000808c <_kill_r+0x18>
1000808a:	bd70      	pop	{r4, r5, r6, pc}
1000808c:	682b      	ldr	r3, [r5, #0]
1000808e:	2b00      	cmp	r3, #0
10008090:	d0fb      	beq.n	1000808a <_kill_r+0x16>
10008092:	6023      	str	r3, [r4, #0]
10008094:	e7f9      	b.n	1000808a <_kill_r+0x16>
10008096:	46c0      	nop			@ (mov r8, r8)
10008098:	20002ac8 	.word	0x20002ac8

1000809c <_getpid_r>:
1000809c:	b510      	push	{r4, lr}
1000809e:	f7fc fa59 	bl	10004554 <_getpid>
100080a2:	bd10      	pop	{r4, pc}

100080a4 <_sbrk_r>:
100080a4:	2300      	movs	r3, #0
100080a6:	b570      	push	{r4, r5, r6, lr}
100080a8:	4c06      	ldr	r4, [pc, #24]	@ (100080c4 <_sbrk_r+0x20>)
100080aa:	0005      	movs	r5, r0
100080ac:	0008      	movs	r0, r1
100080ae:	6023      	str	r3, [r4, #0]
100080b0:	f7fc fa34 	bl	1000451c <_sbrk>
100080b4:	1c43      	adds	r3, r0, #1
100080b6:	d000      	beq.n	100080ba <_sbrk_r+0x16>
100080b8:	bd70      	pop	{r4, r5, r6, pc}
100080ba:	6823      	ldr	r3, [r4, #0]
100080bc:	2b00      	cmp	r3, #0
100080be:	d0fb      	beq.n	100080b8 <_sbrk_r+0x14>
100080c0:	602b      	str	r3, [r5, #0]
100080c2:	e7f9      	b.n	100080b8 <_sbrk_r+0x14>
100080c4:	20002ac8 	.word	0x20002ac8

100080c8 <__errno>:
100080c8:	4b01      	ldr	r3, [pc, #4]	@ (100080d0 <__errno+0x8>)
100080ca:	6818      	ldr	r0, [r3, #0]
100080cc:	4770      	bx	lr
100080ce:	46c0      	nop			@ (mov r8, r8)
100080d0:	20001f80 	.word	0x20001f80

100080d4 <__retarget_lock_acquire_recursive>:
100080d4:	4770      	bx	lr
100080d6:	46c0      	nop			@ (mov r8, r8)

100080d8 <__retarget_lock_release_recursive>:
100080d8:	4770      	bx	lr
100080da:	46c0      	nop			@ (mov r8, r8)

100080dc <sysconf>:
100080dc:	2380      	movs	r3, #128	@ 0x80
100080de:	b510      	push	{r4, lr}
100080e0:	015b      	lsls	r3, r3, #5
100080e2:	2808      	cmp	r0, #8
100080e4:	d101      	bne.n	100080ea <sysconf+0xe>
100080e6:	0018      	movs	r0, r3
100080e8:	bd10      	pop	{r4, pc}
100080ea:	f7ff ffed 	bl	100080c8 <__errno>
100080ee:	2316      	movs	r3, #22
100080f0:	6003      	str	r3, [r0, #0]
100080f2:	3b17      	subs	r3, #23
100080f4:	e7f7      	b.n	100080e6 <sysconf+0xa>
100080f6:	46c0      	nop			@ (mov r8, r8)

100080f8 <strcmp>:
100080f8:	4602      	mov	r2, r0
100080fa:	b570      	push	{r4, r5, r6, lr}
100080fc:	430a      	orrs	r2, r1
100080fe:	0792      	lsls	r2, r2, #30
10008100:	d12a      	bne.n	10008158 <strcmp+0x60>
10008102:	4d1e      	ldr	r5, [pc, #120]	@ (1000817c <strcmp+0x84>)
10008104:	01ee      	lsls	r6, r5, #7
10008106:	c804      	ldmia	r0!, {r2}
10008108:	c908      	ldmia	r1!, {r3}
1000810a:	1b54      	subs	r4, r2, r5
1000810c:	4394      	bics	r4, r2
1000810e:	4034      	ands	r4, r6
10008110:	d017      	beq.n	10008142 <strcmp+0x4a>
10008112:	b2d0      	uxtb	r0, r2
10008114:	b2d9      	uxtb	r1, r3
10008116:	1a40      	subs	r0, r0, r1
10008118:	0621      	lsls	r1, r4, #24
1000811a:	4301      	orrs	r1, r0
1000811c:	d110      	bne.n	10008140 <strcmp+0x48>
1000811e:	b290      	uxth	r0, r2
10008120:	b299      	uxth	r1, r3
10008122:	1a40      	subs	r0, r0, r1
10008124:	0421      	lsls	r1, r4, #16
10008126:	4301      	orrs	r1, r0
10008128:	d10a      	bne.n	10008140 <strcmp+0x48>
1000812a:	0210      	lsls	r0, r2, #8
1000812c:	0219      	lsls	r1, r3, #8
1000812e:	0a00      	lsrs	r0, r0, #8
10008130:	0a09      	lsrs	r1, r1, #8
10008132:	1a40      	subs	r0, r0, r1
10008134:	0221      	lsls	r1, r4, #8
10008136:	4301      	orrs	r1, r0
10008138:	d102      	bne.n	10008140 <strcmp+0x48>
1000813a:	0e10      	lsrs	r0, r2, #24
1000813c:	0e19      	lsrs	r1, r3, #24
1000813e:	1a40      	subs	r0, r0, r1
10008140:	bd70      	pop	{r4, r5, r6, pc}
10008142:	429a      	cmp	r2, r3
10008144:	d0df      	beq.n	10008106 <strcmp+0xe>
10008146:	ba10      	rev	r0, r2
10008148:	ba19      	rev	r1, r3
1000814a:	4288      	cmp	r0, r1
1000814c:	d901      	bls.n	10008152 <strcmp+0x5a>
1000814e:	2001      	movs	r0, #1
10008150:	bd70      	pop	{r4, r5, r6, pc}
10008152:	2000      	movs	r0, #0
10008154:	43c0      	mvns	r0, r0
10008156:	bd70      	pop	{r4, r5, r6, pc}
10008158:	7802      	ldrb	r2, [r0, #0]
1000815a:	780b      	ldrb	r3, [r1, #0]
1000815c:	3001      	adds	r0, #1
1000815e:	3101      	adds	r1, #1
10008160:	2a00      	cmp	r2, #0
10008162:	d009      	beq.n	10008178 <strcmp+0x80>
10008164:	429a      	cmp	r2, r3
10008166:	d107      	bne.n	10008178 <strcmp+0x80>
10008168:	7802      	ldrb	r2, [r0, #0]
1000816a:	780b      	ldrb	r3, [r1, #0]
1000816c:	3001      	adds	r0, #1
1000816e:	3101      	adds	r1, #1
10008170:	2a00      	cmp	r2, #0
10008172:	d001      	beq.n	10008178 <strcmp+0x80>
10008174:	429a      	cmp	r2, r3
10008176:	d0ef      	beq.n	10008158 <strcmp+0x60>
10008178:	1ad0      	subs	r0, r2, r3
1000817a:	bd70      	pop	{r4, r5, r6, pc}
1000817c:	01010101 	.word	0x01010101

10008180 <strlen>:
10008180:	b510      	push	{r4, lr}
10008182:	0783      	lsls	r3, r0, #30
10008184:	d00a      	beq.n	1000819c <strlen+0x1c>
10008186:	0003      	movs	r3, r0
10008188:	2103      	movs	r1, #3
1000818a:	e002      	b.n	10008192 <strlen+0x12>
1000818c:	3301      	adds	r3, #1
1000818e:	420b      	tst	r3, r1
10008190:	d005      	beq.n	1000819e <strlen+0x1e>
10008192:	781a      	ldrb	r2, [r3, #0]
10008194:	2a00      	cmp	r2, #0
10008196:	d1f9      	bne.n	1000818c <strlen+0xc>
10008198:	1a18      	subs	r0, r3, r0
1000819a:	bd10      	pop	{r4, pc}
1000819c:	0003      	movs	r3, r0
1000819e:	6819      	ldr	r1, [r3, #0]
100081a0:	4a0c      	ldr	r2, [pc, #48]	@ (100081d4 <strlen+0x54>)
100081a2:	4c0d      	ldr	r4, [pc, #52]	@ (100081d8 <strlen+0x58>)
100081a4:	188a      	adds	r2, r1, r2
100081a6:	438a      	bics	r2, r1
100081a8:	4222      	tst	r2, r4
100081aa:	d10f      	bne.n	100081cc <strlen+0x4c>
100081ac:	6859      	ldr	r1, [r3, #4]
100081ae:	4a09      	ldr	r2, [pc, #36]	@ (100081d4 <strlen+0x54>)
100081b0:	3304      	adds	r3, #4
100081b2:	188a      	adds	r2, r1, r2
100081b4:	438a      	bics	r2, r1
100081b6:	4222      	tst	r2, r4
100081b8:	d108      	bne.n	100081cc <strlen+0x4c>
100081ba:	6859      	ldr	r1, [r3, #4]
100081bc:	4a05      	ldr	r2, [pc, #20]	@ (100081d4 <strlen+0x54>)
100081be:	3304      	adds	r3, #4
100081c0:	188a      	adds	r2, r1, r2
100081c2:	438a      	bics	r2, r1
100081c4:	4222      	tst	r2, r4
100081c6:	d0f1      	beq.n	100081ac <strlen+0x2c>
100081c8:	e000      	b.n	100081cc <strlen+0x4c>
100081ca:	3301      	adds	r3, #1
100081cc:	781a      	ldrb	r2, [r3, #0]
100081ce:	2a00      	cmp	r2, #0
100081d0:	d1fb      	bne.n	100081ca <strlen+0x4a>
100081d2:	e7e1      	b.n	10008198 <strlen+0x18>
100081d4:	fefefeff 	.word	0xfefefeff
100081d8:	80808080 	.word	0x80808080

100081dc <_malloc_trim_r>:
100081dc:	b5f0      	push	{r4, r5, r6, r7, lr}
100081de:	46c6      	mov	lr, r8
100081e0:	0006      	movs	r6, r0
100081e2:	b500      	push	{lr}
100081e4:	2008      	movs	r0, #8
100081e6:	000d      	movs	r5, r1
100081e8:	f7ff ff78 	bl	100080dc <sysconf>
100081ec:	0004      	movs	r4, r0
100081ee:	0030      	movs	r0, r6
100081f0:	f7ff ff02 	bl	10007ff8 <__malloc_lock>
100081f4:	4b23      	ldr	r3, [pc, #140]	@ (10008284 <_malloc_trim_r+0xa8>)
100081f6:	0021      	movs	r1, r4
100081f8:	4698      	mov	r8, r3
100081fa:	689b      	ldr	r3, [r3, #8]
100081fc:	685f      	ldr	r7, [r3, #4]
100081fe:	2303      	movs	r3, #3
10008200:	439f      	bics	r7, r3
10008202:	0038      	movs	r0, r7
10008204:	3811      	subs	r0, #17
10008206:	1b40      	subs	r0, r0, r5
10008208:	1900      	adds	r0, r0, r4
1000820a:	f7fa f8d3 	bl	100023b4 <__wrap___aeabi_uidiv>
1000820e:	1e45      	subs	r5, r0, #1
10008210:	4365      	muls	r5, r4
10008212:	42ac      	cmp	r4, r5
10008214:	dc08      	bgt.n	10008228 <_malloc_trim_r+0x4c>
10008216:	2100      	movs	r1, #0
10008218:	0030      	movs	r0, r6
1000821a:	f7ff ff43 	bl	100080a4 <_sbrk_r>
1000821e:	4643      	mov	r3, r8
10008220:	689b      	ldr	r3, [r3, #8]
10008222:	19db      	adds	r3, r3, r7
10008224:	4298      	cmp	r0, r3
10008226:	d006      	beq.n	10008236 <_malloc_trim_r+0x5a>
10008228:	0030      	movs	r0, r6
1000822a:	f7ff feed 	bl	10008008 <__malloc_unlock>
1000822e:	2000      	movs	r0, #0
10008230:	bc80      	pop	{r7}
10008232:	46b8      	mov	r8, r7
10008234:	bdf0      	pop	{r4, r5, r6, r7, pc}
10008236:	0030      	movs	r0, r6
10008238:	4269      	negs	r1, r5
1000823a:	f7ff ff33 	bl	100080a4 <_sbrk_r>
1000823e:	3001      	adds	r0, #1
10008240:	d00e      	beq.n	10008260 <_malloc_trim_r+0x84>
10008242:	2201      	movs	r2, #1
10008244:	4643      	mov	r3, r8
10008246:	1b7f      	subs	r7, r7, r5
10008248:	689b      	ldr	r3, [r3, #8]
1000824a:	4317      	orrs	r7, r2
1000824c:	4a0e      	ldr	r2, [pc, #56]	@ (10008288 <_malloc_trim_r+0xac>)
1000824e:	605f      	str	r7, [r3, #4]
10008250:	6813      	ldr	r3, [r2, #0]
10008252:	0030      	movs	r0, r6
10008254:	1b5b      	subs	r3, r3, r5
10008256:	6013      	str	r3, [r2, #0]
10008258:	f7ff fed6 	bl	10008008 <__malloc_unlock>
1000825c:	2001      	movs	r0, #1
1000825e:	e7e7      	b.n	10008230 <_malloc_trim_r+0x54>
10008260:	2100      	movs	r1, #0
10008262:	0030      	movs	r0, r6
10008264:	f7ff ff1e 	bl	100080a4 <_sbrk_r>
10008268:	4643      	mov	r3, r8
1000826a:	689a      	ldr	r2, [r3, #8]
1000826c:	1a83      	subs	r3, r0, r2
1000826e:	2b0f      	cmp	r3, #15
10008270:	ddda      	ble.n	10008228 <_malloc_trim_r+0x4c>
10008272:	4c06      	ldr	r4, [pc, #24]	@ (1000828c <_malloc_trim_r+0xb0>)
10008274:	4904      	ldr	r1, [pc, #16]	@ (10008288 <_malloc_trim_r+0xac>)
10008276:	6824      	ldr	r4, [r4, #0]
10008278:	1b00      	subs	r0, r0, r4
1000827a:	6008      	str	r0, [r1, #0]
1000827c:	2101      	movs	r1, #1
1000827e:	430b      	orrs	r3, r1
10008280:	6053      	str	r3, [r2, #4]
10008282:	e7d1      	b.n	10008228 <_malloc_trim_r+0x4c>
10008284:	20001b78 	.word	0x20001b78
10008288:	2000225c 	.word	0x2000225c
1000828c:	20001b70 	.word	0x20001b70

10008290 <_free_r>:
10008290:	b5f0      	push	{r4, r5, r6, r7, lr}
10008292:	46d6      	mov	lr, sl
10008294:	464f      	mov	r7, r9
10008296:	4646      	mov	r6, r8
10008298:	0005      	movs	r5, r0
1000829a:	000c      	movs	r4, r1
1000829c:	b5c0      	push	{r6, r7, lr}
1000829e:	2900      	cmp	r1, #0
100082a0:	d048      	beq.n	10008334 <_free_r+0xa4>
100082a2:	f7ff fea9 	bl	10007ff8 <__malloc_lock>
100082a6:	0021      	movs	r1, r4
100082a8:	2701      	movs	r7, #1
100082aa:	3908      	subs	r1, #8
100082ac:	684b      	ldr	r3, [r1, #4]
100082ae:	2003      	movs	r0, #3
100082b0:	469c      	mov	ip, r3
100082b2:	43bb      	bics	r3, r7
100082b4:	18ce      	adds	r6, r1, r3
100082b6:	6872      	ldr	r2, [r6, #4]
100082b8:	4382      	bics	r2, r0
100082ba:	4660      	mov	r0, ip
100082bc:	4038      	ands	r0, r7
100082be:	4680      	mov	r8, r0
100082c0:	486a      	ldr	r0, [pc, #424]	@ (1000846c <_free_r+0x1dc>)
100082c2:	4691      	mov	r9, r2
100082c4:	6884      	ldr	r4, [r0, #8]
100082c6:	42b4      	cmp	r4, r6
100082c8:	d100      	bne.n	100082cc <_free_r+0x3c>
100082ca:	e07c      	b.n	100083c6 <_free_r+0x136>
100082cc:	6072      	str	r2, [r6, #4]
100082ce:	18b4      	adds	r4, r6, r2
100082d0:	6864      	ldr	r4, [r4, #4]
100082d2:	403c      	ands	r4, r7
100082d4:	46a2      	mov	sl, r4
100082d6:	4644      	mov	r4, r8
100082d8:	2c00      	cmp	r4, #0
100082da:	d130      	bne.n	1000833e <_free_r+0xae>
100082dc:	680c      	ldr	r4, [r1, #0]
100082de:	46a4      	mov	ip, r4
100082e0:	1b09      	subs	r1, r1, r4
100082e2:	688c      	ldr	r4, [r1, #8]
100082e4:	4463      	add	r3, ip
100082e6:	46a4      	mov	ip, r4
100082e8:	2408      	movs	r4, #8
100082ea:	46a0      	mov	r8, r4
100082ec:	4480      	add	r8, r0
100082ee:	45c4      	cmp	ip, r8
100082f0:	d05c      	beq.n	100083ac <_free_r+0x11c>
100082f2:	68cc      	ldr	r4, [r1, #12]
100082f4:	46a0      	mov	r8, r4
100082f6:	4664      	mov	r4, ip
100082f8:	4642      	mov	r2, r8
100082fa:	60e2      	str	r2, [r4, #12]
100082fc:	6094      	str	r4, [r2, #8]
100082fe:	4652      	mov	r2, sl
10008300:	2a00      	cmp	r2, #0
10008302:	d01f      	beq.n	10008344 <_free_r+0xb4>
10008304:	431f      	orrs	r7, r3
10008306:	604f      	str	r7, [r1, #4]
10008308:	6033      	str	r3, [r6, #0]
1000830a:	2280      	movs	r2, #128	@ 0x80
1000830c:	0092      	lsls	r2, r2, #2
1000830e:	4293      	cmp	r3, r2
10008310:	d230      	bcs.n	10008374 <_free_r+0xe4>
10008312:	08da      	lsrs	r2, r3, #3
10008314:	095c      	lsrs	r4, r3, #5
10008316:	2301      	movs	r3, #1
10008318:	40a3      	lsls	r3, r4
1000831a:	6844      	ldr	r4, [r0, #4]
1000831c:	4323      	orrs	r3, r4
1000831e:	6043      	str	r3, [r0, #4]
10008320:	00d3      	lsls	r3, r2, #3
10008322:	181b      	adds	r3, r3, r0
10008324:	689a      	ldr	r2, [r3, #8]
10008326:	60cb      	str	r3, [r1, #12]
10008328:	608a      	str	r2, [r1, #8]
1000832a:	6099      	str	r1, [r3, #8]
1000832c:	60d1      	str	r1, [r2, #12]
1000832e:	0028      	movs	r0, r5
10008330:	f7ff fe6a 	bl	10008008 <__malloc_unlock>
10008334:	bce0      	pop	{r5, r6, r7}
10008336:	46ba      	mov	sl, r7
10008338:	46b1      	mov	r9, r6
1000833a:	46a8      	mov	r8, r5
1000833c:	bdf0      	pop	{r4, r5, r6, r7, pc}
1000833e:	4652      	mov	r2, sl
10008340:	2a00      	cmp	r2, #0
10008342:	d10f      	bne.n	10008364 <_free_r+0xd4>
10008344:	2201      	movs	r2, #1
10008346:	444b      	add	r3, r9
10008348:	18cf      	adds	r7, r1, r3
1000834a:	46bc      	mov	ip, r7
1000834c:	68b4      	ldr	r4, [r6, #8]
1000834e:	4f48      	ldr	r7, [pc, #288]	@ (10008470 <_free_r+0x1e0>)
10008350:	431a      	orrs	r2, r3
10008352:	42bc      	cmp	r4, r7
10008354:	d05b      	beq.n	1000840e <_free_r+0x17e>
10008356:	68f6      	ldr	r6, [r6, #12]
10008358:	60e6      	str	r6, [r4, #12]
1000835a:	60b4      	str	r4, [r6, #8]
1000835c:	604a      	str	r2, [r1, #4]
1000835e:	4662      	mov	r2, ip
10008360:	6013      	str	r3, [r2, #0]
10008362:	e7d2      	b.n	1000830a <_free_r+0x7a>
10008364:	4662      	mov	r2, ip
10008366:	433a      	orrs	r2, r7
10008368:	604a      	str	r2, [r1, #4]
1000836a:	2280      	movs	r2, #128	@ 0x80
1000836c:	6033      	str	r3, [r6, #0]
1000836e:	0092      	lsls	r2, r2, #2
10008370:	4293      	cmp	r3, r2
10008372:	d3ce      	bcc.n	10008312 <_free_r+0x82>
10008374:	0a5c      	lsrs	r4, r3, #9
10008376:	2c04      	cmp	r4, #4
10008378:	d83f      	bhi.n	100083fa <_free_r+0x16a>
1000837a:	099c      	lsrs	r4, r3, #6
1000837c:	0026      	movs	r6, r4
1000837e:	3439      	adds	r4, #57	@ 0x39
10008380:	3638      	adds	r6, #56	@ 0x38
10008382:	00e4      	lsls	r4, r4, #3
10008384:	1904      	adds	r4, r0, r4
10008386:	6822      	ldr	r2, [r4, #0]
10008388:	3c08      	subs	r4, #8
1000838a:	2703      	movs	r7, #3
1000838c:	4294      	cmp	r4, r2
1000838e:	d103      	bne.n	10008398 <_free_r+0x108>
10008390:	e04e      	b.n	10008430 <_free_r+0x1a0>
10008392:	6892      	ldr	r2, [r2, #8]
10008394:	4294      	cmp	r4, r2
10008396:	d003      	beq.n	100083a0 <_free_r+0x110>
10008398:	6850      	ldr	r0, [r2, #4]
1000839a:	43b8      	bics	r0, r7
1000839c:	4298      	cmp	r0, r3
1000839e:	d8f8      	bhi.n	10008392 <_free_r+0x102>
100083a0:	68d4      	ldr	r4, [r2, #12]
100083a2:	60cc      	str	r4, [r1, #12]
100083a4:	608a      	str	r2, [r1, #8]
100083a6:	60a1      	str	r1, [r4, #8]
100083a8:	60d1      	str	r1, [r2, #12]
100083aa:	e7c0      	b.n	1000832e <_free_r+0x9e>
100083ac:	4652      	mov	r2, sl
100083ae:	2a00      	cmp	r2, #0
100083b0:	d135      	bne.n	1000841e <_free_r+0x18e>
100083b2:	444b      	add	r3, r9
100083b4:	001a      	movs	r2, r3
100083b6:	68b0      	ldr	r0, [r6, #8]
100083b8:	68f3      	ldr	r3, [r6, #12]
100083ba:	4317      	orrs	r7, r2
100083bc:	60c3      	str	r3, [r0, #12]
100083be:	6098      	str	r0, [r3, #8]
100083c0:	604f      	str	r7, [r1, #4]
100083c2:	508a      	str	r2, [r1, r2]
100083c4:	e7b3      	b.n	1000832e <_free_r+0x9e>
100083c6:	444b      	add	r3, r9
100083c8:	001a      	movs	r2, r3
100083ca:	4643      	mov	r3, r8
100083cc:	2b00      	cmp	r3, #0
100083ce:	d106      	bne.n	100083de <_free_r+0x14e>
100083d0:	680b      	ldr	r3, [r1, #0]
100083d2:	1ac9      	subs	r1, r1, r3
100083d4:	688c      	ldr	r4, [r1, #8]
100083d6:	18d2      	adds	r2, r2, r3
100083d8:	68cb      	ldr	r3, [r1, #12]
100083da:	60e3      	str	r3, [r4, #12]
100083dc:	609c      	str	r4, [r3, #8]
100083de:	2301      	movs	r3, #1
100083e0:	4313      	orrs	r3, r2
100083e2:	604b      	str	r3, [r1, #4]
100083e4:	4b23      	ldr	r3, [pc, #140]	@ (10008474 <_free_r+0x1e4>)
100083e6:	6081      	str	r1, [r0, #8]
100083e8:	681b      	ldr	r3, [r3, #0]
100083ea:	4293      	cmp	r3, r2
100083ec:	d89f      	bhi.n	1000832e <_free_r+0x9e>
100083ee:	4b22      	ldr	r3, [pc, #136]	@ (10008478 <_free_r+0x1e8>)
100083f0:	0028      	movs	r0, r5
100083f2:	6819      	ldr	r1, [r3, #0]
100083f4:	f7ff fef2 	bl	100081dc <_malloc_trim_r>
100083f8:	e799      	b.n	1000832e <_free_r+0x9e>
100083fa:	2c14      	cmp	r4, #20
100083fc:	d913      	bls.n	10008426 <_free_r+0x196>
100083fe:	2c54      	cmp	r4, #84	@ 0x54
10008400:	d81d      	bhi.n	1000843e <_free_r+0x1ae>
10008402:	0b1c      	lsrs	r4, r3, #12
10008404:	0026      	movs	r6, r4
10008406:	346f      	adds	r4, #111	@ 0x6f
10008408:	366e      	adds	r6, #110	@ 0x6e
1000840a:	00e4      	lsls	r4, r4, #3
1000840c:	e7ba      	b.n	10008384 <_free_r+0xf4>
1000840e:	60e1      	str	r1, [r4, #12]
10008410:	60a1      	str	r1, [r4, #8]
10008412:	604a      	str	r2, [r1, #4]
10008414:	4662      	mov	r2, ip
10008416:	60cc      	str	r4, [r1, #12]
10008418:	608c      	str	r4, [r1, #8]
1000841a:	6013      	str	r3, [r2, #0]
1000841c:	e787      	b.n	1000832e <_free_r+0x9e>
1000841e:	431f      	orrs	r7, r3
10008420:	604f      	str	r7, [r1, #4]
10008422:	6033      	str	r3, [r6, #0]
10008424:	e783      	b.n	1000832e <_free_r+0x9e>
10008426:	0026      	movs	r6, r4
10008428:	345c      	adds	r4, #92	@ 0x5c
1000842a:	365b      	adds	r6, #91	@ 0x5b
1000842c:	00e4      	lsls	r4, r4, #3
1000842e:	e7a9      	b.n	10008384 <_free_r+0xf4>
10008430:	2301      	movs	r3, #1
10008432:	10b6      	asrs	r6, r6, #2
10008434:	40b3      	lsls	r3, r6
10008436:	6846      	ldr	r6, [r0, #4]
10008438:	4333      	orrs	r3, r6
1000843a:	6043      	str	r3, [r0, #4]
1000843c:	e7b1      	b.n	100083a2 <_free_r+0x112>
1000843e:	22aa      	movs	r2, #170	@ 0xaa
10008440:	0052      	lsls	r2, r2, #1
10008442:	4294      	cmp	r4, r2
10008444:	d805      	bhi.n	10008452 <_free_r+0x1c2>
10008446:	0bdc      	lsrs	r4, r3, #15
10008448:	0026      	movs	r6, r4
1000844a:	3478      	adds	r4, #120	@ 0x78
1000844c:	3677      	adds	r6, #119	@ 0x77
1000844e:	00e4      	lsls	r4, r4, #3
10008450:	e798      	b.n	10008384 <_free_r+0xf4>
10008452:	4a0a      	ldr	r2, [pc, #40]	@ (1000847c <_free_r+0x1ec>)
10008454:	4294      	cmp	r4, r2
10008456:	d805      	bhi.n	10008464 <_free_r+0x1d4>
10008458:	0c9c      	lsrs	r4, r3, #18
1000845a:	0026      	movs	r6, r4
1000845c:	347d      	adds	r4, #125	@ 0x7d
1000845e:	367c      	adds	r6, #124	@ 0x7c
10008460:	00e4      	lsls	r4, r4, #3
10008462:	e78f      	b.n	10008384 <_free_r+0xf4>
10008464:	24fe      	movs	r4, #254	@ 0xfe
10008466:	267e      	movs	r6, #126	@ 0x7e
10008468:	00a4      	lsls	r4, r4, #2
1000846a:	e78b      	b.n	10008384 <_free_r+0xf4>
1000846c:	20001b78 	.word	0x20001b78
10008470:	20001b80 	.word	0x20001b80
10008474:	20001b74 	.word	0x20001b74
10008478:	20002284 	.word	0x20002284
1000847c:	00000554 	.word	0x00000554

10008480 <_fini>:
10008480:	b5f8      	push	{r3, r4, r5, r6, r7, lr}
10008482:	46c0      	nop			@ (mov r8, r8)
10008484:	0000      	movs	r0, r0
	...

10008488 <__flash_do_cmd_veneer>:
10008488:	b401      	push	{r0}
1000848a:	4802      	ldr	r0, [pc, #8]	@ (10008494 <__flash_do_cmd_veneer+0xc>)
1000848c:	4684      	mov	ip, r0
1000848e:	bc01      	pop	{r0}
10008490:	4760      	bx	ip
10008492:	bf00      	nop
10008494:	200002b9 	.word	0x200002b9

10008498 <__mutex_exit_veneer>:
10008498:	b401      	push	{r0}
1000849a:	4802      	ldr	r0, [pc, #8]	@ (100084a4 <__mutex_exit_veneer+0xc>)
1000849c:	4684      	mov	ip, r0
1000849e:	bc01      	pop	{r0}
100084a0:	4760      	bx	ip
100084a2:	bf00      	nop
100084a4:	20000209 	.word	0x20000209

100084a8 <____aeabi_ldiv0_veneer>:
100084a8:	b401      	push	{r0}
100084aa:	4802      	ldr	r0, [pc, #8]	@ (100084b4 <____aeabi_ldiv0_veneer+0xc>)
100084ac:	4684      	mov	ip, r0
100084ae:	bc01      	pop	{r0}
100084b0:	4760      	bx	ip
100084b2:	bf00      	nop
100084b4:	20000ac9 	.word	0x20000ac9

100084b8 <__e15_is_critical_frame_period_veneer>:
100084b8:	b401      	push	{r0}
100084ba:	4802      	ldr	r0, [pc, #8]	@ (100084c4 <__e15_is_critical_frame_period_veneer+0xc>)
100084bc:	4684      	mov	ip, r0
100084be:	bc01      	pop	{r0}
100084c0:	4760      	bx	ip
100084c2:	bf00      	nop
100084c4:	20000709 	.word	0x20000709

100084c8 <____aeabi_idiv0_veneer>:
100084c8:	b401      	push	{r0}
100084ca:	4802      	ldr	r0, [pc, #8]	@ (100084d4 <____aeabi_idiv0_veneer+0xc>)
100084cc:	4684      	mov	ip, r0
100084ce:	bc01      	pop	{r0}
100084d0:	4760      	bx	ip
100084d2:	bf00      	nop
100084d4:	20000ac9 	.word	0x20000ac9

100084d8 <__mutex_try_enter_veneer>:
100084d8:	b401      	push	{r0}
100084da:	4802      	ldr	r0, [pc, #8]	@ (100084e4 <__mutex_try_enter_veneer+0xc>)
100084dc:	4684      	mov	ip, r0
100084de:	bc01      	pop	{r0}
100084e0:	4760      	bx	ip
100084e2:	bf00      	nop
100084e4:	200000c1 	.word	0x200000c1

100084e8 <__mutex_enter_timeout_ms_veneer>:
100084e8:	b401      	push	{r0}
100084ea:	4802      	ldr	r0, [pc, #8]	@ (100084f4 <__mutex_enter_timeout_ms_veneer+0xc>)
100084ec:	4684      	mov	ip, r0
100084ee:	bc01      	pop	{r0}
100084f0:	4760      	bx	ip
100084f2:	bf00      	nop
100084f4:	200001cd 	.word	0x200001cd

100084f8 <__mutex_try_enter_block_until_veneer>:
100084f8:	b401      	push	{r0}
100084fa:	4802      	ldr	r0, [pc, #8]	@ (10008504 <__mutex_try_enter_block_until_veneer+0xc>)
100084fc:	4684      	mov	ip, r0
100084fe:	bc01      	pop	{r0}
10008500:	4760      	bx	ip
10008502:	bf00      	nop
10008504:	20000199 	.word	0x20000199

10008508 <__hw_endpoint_start_next_buffer_veneer>:
10008508:	b401      	push	{r0}
1000850a:	4802      	ldr	r0, [pc, #8]	@ (10008514 <__hw_endpoint_start_next_buffer_veneer+0xc>)
1000850c:	4684      	mov	ip, r0
1000850e:	bc01      	pop	{r0}
10008510:	4760      	bx	ip
10008512:	bf00      	nop
10008514:	20000831 	.word	0x20000831

10008518 <__hw_endpoint_reset_transfer_veneer>:
10008518:	b401      	push	{r0}
1000851a:	4802      	ldr	r0, [pc, #8]	@ (10008524 <__hw_endpoint_reset_transfer_veneer+0xc>)
1000851c:	4684      	mov	ip, r0
1000851e:	bc01      	pop	{r0}
10008520:	4760      	bx	ip
10008522:	bf00      	nop
10008524:	200007d9 	.word	0x200007d9

10008528 <__e15_is_bulkin_ep_veneer>:
10008528:	b401      	push	{r0}
1000852a:	4802      	ldr	r0, [pc, #8]	@ (10008534 <__e15_is_bulkin_ep_veneer+0xc>)
1000852c:	4684      	mov	ip, r0
1000852e:	bc01      	pop	{r0}
10008530:	4760      	bx	ip
10008532:	bf00      	nop
10008534:	200006dd 	.word	0x200006dd

10008538 <___hw_endpoint_buffer_control_update32_veneer>:
10008538:	b401      	push	{r0}
1000853a:	4802      	ldr	r0, [pc, #8]	@ (10008544 <___hw_endpoint_buffer_control_update32_veneer+0xc>)
1000853c:	4684      	mov	ip, r0
1000853e:	bc01      	pop	{r0}
10008540:	4760      	bx	ip
10008542:	bf00      	nop
10008544:	200007e5 	.word	0x200007e5

10008548 <__reset_non_control_endpoints_veneer>:
10008548:	b401      	push	{r0}
1000854a:	4802      	ldr	r0, [pc, #8]	@ (10008554 <__reset_non_control_endpoints_veneer+0xc>)
1000854c:	4684      	mov	ip, r0
1000854e:	bc01      	pop	{r0}
10008550:	4760      	bx	ip
10008552:	bf00      	nop
10008554:	20000391 	.word	0x20000391

10008558 <__pre_init_runtime_init_early_resets>:
10008558:	100021c1                                .!..

1000855c <__pre_init_runtime_init_usb_power_down>:
1000855c:	100021ed 10002355 100032dd 100029f9     .!..U#...2...)..
1000856c:	10003175                                u1..

10008570 <__pre_init_runtime_init_clocks>:
10008570:	10002289                                ."..

10008574 <__pre_init_runtime_init_post_clock_resets>:
10008574:	10002209                                ."..

10008578 <__pre_init_runtime_init_rp2040_gpio_ie_disable>:
10008578:	10002229                                )"..

1000857c <__pre_init_runtime_init_spin_locks_reset>:
1000857c:	1000223d                                ="..

10008580 <__pre_init_runtime_init_mutex>:
10008580:	100014b5                                ....

10008584 <__pre_init_runtime_init_install_ram_vector_table>:
10008584:	10002245                                E"..

10008588 <__pre_init_runtime_init_default_alarm_pool>:
10008588:	10001ced                                ....

1000858c <__pre_init_first_per_core_initializer>:
1000858c:	100021ad                                .!..

10008590 <__pre_init_runtime_init_per_core_irq_priorities>:
10008590:	10000fcd                                ....

10008594 <__frame_dummy_init_array_entry>:
10008594:	100002b1 10004f3d                       ....=O..

Disassembly of section .data:

200000c0 <mutex_try_enter>:
200000c0:	b510      	push	{r4, lr}
200000c2:	0003      	movs	r3, r0
200000c4:	6804      	ldr	r4, [r0, #0]
200000c6:	f3ef 8210 	mrs	r2, PRIMASK
200000ca:	b672      	cpsid	i
200000cc:	6820      	ldr	r0, [r4, #0]
200000ce:	2800      	cmp	r0, #0
200000d0:	d0fc      	beq.n	200000cc <mutex_try_enter+0xc>
200000d2:	f3bf 8f5f 	dmb	sy
200000d6:	2004      	movs	r0, #4
200000d8:	5618      	ldrsb	r0, [r3, r0]
200000da:	2800      	cmp	r0, #0
200000dc:	db0b      	blt.n	200000f6 <mutex_try_enter+0x36>
200000de:	2900      	cmp	r1, #0
200000e0:	d010      	beq.n	20000104 <mutex_try_enter+0x44>
200000e2:	6008      	str	r0, [r1, #0]
200000e4:	2000      	movs	r0, #0
200000e6:	681b      	ldr	r3, [r3, #0]
200000e8:	f3bf 8f5f 	dmb	sy
200000ec:	2100      	movs	r1, #0
200000ee:	6019      	str	r1, [r3, #0]
200000f0:	f382 8810 	msr	PRIMASK, r2
200000f4:	bd10      	pop	{r4, pc}
200000f6:	21d0      	movs	r1, #208	@ 0xd0
200000f8:	0609      	lsls	r1, r1, #24
200000fa:	7809      	ldrb	r1, [r1, #0]
200000fc:	b249      	sxtb	r1, r1
200000fe:	7119      	strb	r1, [r3, #4]
20000100:	2001      	movs	r0, #1
20000102:	e7f0      	b.n	200000e6 <mutex_try_enter+0x26>
20000104:	2000      	movs	r0, #0
20000106:	e7ee      	b.n	200000e6 <mutex_try_enter+0x26>

20000108 <mutex_enter_block_until>:
20000108:	b5f0      	push	{r4, r5, r6, r7, lr}
2000010a:	46d6      	mov	lr, sl
2000010c:	464f      	mov	r7, r9
2000010e:	4646      	mov	r6, r8
20000110:	b5c0      	push	{r6, r7, lr}
20000112:	0005      	movs	r5, r0
20000114:	4690      	mov	r8, r2
20000116:	4699      	mov	r9, r3
20000118:	6803      	ldr	r3, [r0, #0]
2000011a:	2b00      	cmp	r3, #0
2000011c:	d020      	beq.n	20000160 <mutex_enter_block_until+0x58>
2000011e:	23d0      	movs	r3, #208	@ 0xd0
20000120:	061b      	lsls	r3, r3, #24
20000122:	781b      	ldrb	r3, [r3, #0]
20000124:	b25b      	sxtb	r3, r3
20000126:	469a      	mov	sl, r3
20000128:	682f      	ldr	r7, [r5, #0]
2000012a:	f3ef 8410 	mrs	r4, PRIMASK
2000012e:	b672      	cpsid	i
20000130:	683e      	ldr	r6, [r7, #0]
20000132:	2e00      	cmp	r6, #0
20000134:	d0fc      	beq.n	20000130 <mutex_enter_block_until+0x28>
20000136:	f3bf 8f5f 	dmb	sy
2000013a:	2304      	movs	r3, #4
2000013c:	56eb      	ldrsb	r3, [r5, r3]
2000013e:	2b00      	cmp	r3, #0
20000140:	db14      	blt.n	2000016c <mutex_enter_block_until+0x64>
20000142:	682b      	ldr	r3, [r5, #0]
20000144:	f3bf 8f5f 	dmb	sy
20000148:	2200      	movs	r2, #0
2000014a:	601a      	str	r2, [r3, #0]
2000014c:	f384 8810 	msr	PRIMASK, r4
20000150:	4640      	mov	r0, r8
20000152:	4649      	mov	r1, r9
20000154:	f001 fc8c 	bl	20001a70 <__best_effort_wfe_or_timeout_veneer>
20000158:	2800      	cmp	r0, #0
2000015a:	d0e5      	beq.n	20000128 <mutex_enter_block_until+0x20>
2000015c:	2000      	movs	r0, #0
2000015e:	e00f      	b.n	20000180 <mutex_enter_block_until+0x78>
20000160:	4b0a      	ldr	r3, [pc, #40]	@ (2000018c <mutex_enter_block_until+0x84>)
20000162:	4a0b      	ldr	r2, [pc, #44]	@ (20000190 <mutex_enter_block_until+0x88>)
20000164:	480b      	ldr	r0, [pc, #44]	@ (20000194 <mutex_enter_block_until+0x8c>)
20000166:	21a6      	movs	r1, #166	@ 0xa6
20000168:	f001 fc32 	bl	200019d0 <____assert_func_veneer>
2000016c:	4653      	mov	r3, sl
2000016e:	712b      	strb	r3, [r5, #4]
20000170:	682b      	ldr	r3, [r5, #0]
20000172:	f3bf 8f5f 	dmb	sy
20000176:	2200      	movs	r2, #0
20000178:	601a      	str	r2, [r3, #0]
2000017a:	f384 8810 	msr	PRIMASK, r4
2000017e:	2001      	movs	r0, #1
20000180:	bce0      	pop	{r5, r6, r7}
20000182:	46ba      	mov	sl, r7
20000184:	46b1      	mov	r9, r6
20000186:	46a8      	mov	r8, r5
20000188:	bdf0      	pop	{r4, r5, r6, r7, pc}
2000018a:	46c0      	nop			@ (mov r8, r8)
2000018c:	10008dbc 	.word	0x10008dbc
20000190:	10009914 	.word	0x10009914
20000194:	10008d74 	.word	0x10008d74

20000198 <mutex_try_enter_block_until>:
20000198:	b570      	push	{r4, r5, r6, lr}
2000019a:	b082      	sub	sp, #8
2000019c:	0006      	movs	r6, r0
2000019e:	0015      	movs	r5, r2
200001a0:	001c      	movs	r4, r3
200001a2:	a901      	add	r1, sp, #4
200001a4:	f7ff ff8c 	bl	200000c0 <mutex_try_enter>
200001a8:	2800      	cmp	r0, #0
200001aa:	d107      	bne.n	200001bc <mutex_try_enter_block_until+0x24>
200001ac:	9b01      	ldr	r3, [sp, #4]
200001ae:	b25b      	sxtb	r3, r3
200001b0:	22d0      	movs	r2, #208	@ 0xd0
200001b2:	0612      	lsls	r2, r2, #24
200001b4:	7812      	ldrb	r2, [r2, #0]
200001b6:	b252      	sxtb	r2, r2
200001b8:	4293      	cmp	r3, r2
200001ba:	d101      	bne.n	200001c0 <mutex_try_enter_block_until+0x28>
200001bc:	b002      	add	sp, #8
200001be:	bd70      	pop	{r4, r5, r6, pc}
200001c0:	002a      	movs	r2, r5
200001c2:	0023      	movs	r3, r4
200001c4:	0030      	movs	r0, r6
200001c6:	f7ff ff9f 	bl	20000108 <mutex_enter_block_until>
200001ca:	e7f7      	b.n	200001bc <mutex_try_enter_block_until+0x24>

200001cc <mutex_enter_timeout_ms>:
200001cc:	b5f8      	push	{r3, r4, r5, r6, r7, lr}
200001ce:	0006      	movs	r6, r0
200001d0:	000f      	movs	r7, r1
200001d2:	f001 fc15 	bl	20001a00 <__time_us_64_veneer>
200001d6:	0004      	movs	r4, r0
200001d8:	000d      	movs	r5, r1
200001da:	22fa      	movs	r2, #250	@ 0xfa
200001dc:	0092      	lsls	r2, r2, #2
200001de:	2300      	movs	r3, #0
200001e0:	0038      	movs	r0, r7
200001e2:	2100      	movs	r1, #0
200001e4:	f001 fbfc 	bl	200019e0 <____wrap___aeabi_lmul_veneer>
200001e8:	0022      	movs	r2, r4
200001ea:	002b      	movs	r3, r5
200001ec:	1812      	adds	r2, r2, r0
200001ee:	414b      	adcs	r3, r1
200001f0:	2b00      	cmp	r3, #0
200001f2:	db03      	blt.n	200001fc <mutex_enter_timeout_ms+0x30>
200001f4:	0030      	movs	r0, r6
200001f6:	f7ff ff87 	bl	20000108 <mutex_enter_block_until>
200001fa:	bdf8      	pop	{r3, r4, r5, r6, r7, pc}
200001fc:	2201      	movs	r2, #1
200001fe:	4252      	negs	r2, r2
20000200:	4b00      	ldr	r3, [pc, #0]	@ (20000204 <mutex_enter_timeout_ms+0x38>)
20000202:	e7f7      	b.n	200001f4 <mutex_enter_timeout_ms+0x28>
20000204:	7fffffff 	.word	0x7fffffff

20000208 <mutex_exit>:
20000208:	b510      	push	{r4, lr}
2000020a:	6801      	ldr	r1, [r0, #0]
2000020c:	f3ef 8310 	mrs	r3, PRIMASK
20000210:	b672      	cpsid	i
20000212:	680a      	ldr	r2, [r1, #0]
20000214:	2a00      	cmp	r2, #0
20000216:	d0fc      	beq.n	20000212 <mutex_exit+0xa>
20000218:	f3bf 8f5f 	dmb	sy
2000021c:	2204      	movs	r2, #4
2000021e:	5682      	ldrsb	r2, [r0, r2]
20000220:	2a00      	cmp	r2, #0
20000222:	db0a      	blt.n	2000023a <mutex_exit+0x32>
20000224:	22ff      	movs	r2, #255	@ 0xff
20000226:	7102      	strb	r2, [r0, #4]
20000228:	6802      	ldr	r2, [r0, #0]
2000022a:	f3bf 8f5f 	dmb	sy
2000022e:	2100      	movs	r1, #0
20000230:	6011      	str	r1, [r2, #0]
20000232:	f383 8810 	msr	PRIMASK, r3
20000236:	bf40      	sev
20000238:	bd10      	pop	{r4, pc}
2000023a:	4b03      	ldr	r3, [pc, #12]	@ (20000248 <mutex_exit+0x40>)
2000023c:	4a03      	ldr	r2, [pc, #12]	@ (2000024c <mutex_exit+0x44>)
2000023e:	4804      	ldr	r0, [pc, #16]	@ (20000250 <mutex_exit+0x48>)
20000240:	21d5      	movs	r1, #213	@ 0xd5
20000242:	f001 fbc5 	bl	200019d0 <____assert_func_veneer>
20000246:	46c0      	nop			@ (mov r8, r8)
20000248:	10008dd0 	.word	0x10008dd0
2000024c:	10009908 	.word	0x10009908
20000250:	10008d74 	.word	0x10008d74

20000254 <flash_init_boot2_copyout>:
20000254:	4b09      	ldr	r3, [pc, #36]	@ (2000027c <flash_init_boot2_copyout+0x28>)
20000256:	781b      	ldrb	r3, [r3, #0]
20000258:	2b00      	cmp	r3, #0
2000025a:	d008      	beq.n	2000026e <flash_init_boot2_copyout+0x1a>
2000025c:	e00c      	b.n	20000278 <flash_init_boot2_copyout+0x24>
2000025e:	009a      	lsls	r2, r3, #2
20000260:	2180      	movs	r1, #128	@ 0x80
20000262:	0549      	lsls	r1, r1, #21
20000264:	1851      	adds	r1, r2, r1
20000266:	6808      	ldr	r0, [r1, #0]
20000268:	4905      	ldr	r1, [pc, #20]	@ (20000280 <flash_init_boot2_copyout+0x2c>)
2000026a:	5050      	str	r0, [r2, r1]
2000026c:	3301      	adds	r3, #1
2000026e:	2b3f      	cmp	r3, #63	@ 0x3f
20000270:	ddf5      	ble.n	2000025e <flash_init_boot2_copyout+0xa>
20000272:	4b02      	ldr	r3, [pc, #8]	@ (2000027c <flash_init_boot2_copyout+0x28>)
20000274:	2201      	movs	r2, #1
20000276:	701a      	strb	r2, [r3, #0]
20000278:	4770      	bx	lr
2000027a:	46c0      	nop			@ (mov r8, r8)
2000027c:	20003139 	.word	0x20003139
20000280:	20002960 	.word	0x20002960

20000284 <flash_enable_xip_via_boot2>:
20000284:	b510      	push	{r4, lr}
20000286:	4b01      	ldr	r3, [pc, #4]	@ (2000028c <flash_enable_xip_via_boot2+0x8>)
20000288:	4798      	blx	r3
2000028a:	bd10      	pop	{r4, pc}
2000028c:	20002961 	.word	0x20002961

20000290 <flash_cs_force>:
20000290:	2800      	cmp	r0, #0
20000292:	d00a      	beq.n	200002aa <flash_cs_force+0x1a>
20000294:	2303      	movs	r3, #3
20000296:	021b      	lsls	r3, r3, #8
20000298:	4a05      	ldr	r2, [pc, #20]	@ (200002b0 <flash_cs_force+0x20>)
2000029a:	6812      	ldr	r2, [r2, #0]
2000029c:	4053      	eors	r3, r2
2000029e:	22c0      	movs	r2, #192	@ 0xc0
200002a0:	0092      	lsls	r2, r2, #2
200002a2:	4013      	ands	r3, r2
200002a4:	4a03      	ldr	r2, [pc, #12]	@ (200002b4 <flash_cs_force+0x24>)
200002a6:	6013      	str	r3, [r2, #0]
200002a8:	4770      	bx	lr
200002aa:	2302      	movs	r3, #2
200002ac:	e7f3      	b.n	20000296 <flash_cs_force+0x6>
200002ae:	46c0      	nop			@ (mov r8, r8)
200002b0:	4001800c 	.word	0x4001800c
200002b4:	4001900c 	.word	0x4001900c

200002b8 <flash_do_cmd>:
200002b8:	b5f0      	push	{r4, r5, r6, r7, lr}
200002ba:	46d6      	mov	lr, sl
200002bc:	464f      	mov	r7, r9
200002be:	4646      	mov	r6, r8
200002c0:	b5c0      	push	{r6, r7, lr}
200002c2:	0007      	movs	r7, r0
200002c4:	000e      	movs	r6, r1
200002c6:	0015      	movs	r5, r2
200002c8:	2318      	movs	r3, #24
200002ca:	469a      	mov	sl, r3
200002cc:	881b      	ldrh	r3, [r3, #0]
200002ce:	2214      	movs	r2, #20
200002d0:	4690      	mov	r8, r2
200002d2:	8810      	ldrh	r0, [r2, #0]
200002d4:	4928      	ldr	r1, [pc, #160]	@ (20000378 <flash_do_cmd+0xc0>)
200002d6:	4798      	blx	r3
200002d8:	4681      	mov	r9, r0
200002da:	4653      	mov	r3, sl
200002dc:	881b      	ldrh	r3, [r3, #0]
200002de:	4642      	mov	r2, r8
200002e0:	8810      	ldrh	r0, [r2, #0]
200002e2:	4926      	ldr	r1, [pc, #152]	@ (2000037c <flash_do_cmd+0xc4>)
200002e4:	4798      	blx	r3
200002e6:	0004      	movs	r4, r0
200002e8:	4653      	mov	r3, sl
200002ea:	881b      	ldrh	r3, [r3, #0]
200002ec:	4642      	mov	r2, r8
200002ee:	8810      	ldrh	r0, [r2, #0]
200002f0:	4923      	ldr	r1, [pc, #140]	@ (20000380 <flash_do_cmd+0xc8>)
200002f2:	4798      	blx	r3
200002f4:	4680      	mov	r8, r0
200002f6:	464b      	mov	r3, r9
200002f8:	2b00      	cmp	r3, #0
200002fa:	d00c      	beq.n	20000316 <flash_do_cmd+0x5e>
200002fc:	2c00      	cmp	r4, #0
200002fe:	d00a      	beq.n	20000316 <flash_do_cmd+0x5e>
20000300:	2800      	cmp	r0, #0
20000302:	d008      	beq.n	20000316 <flash_do_cmd+0x5e>
20000304:	f7ff ffa6 	bl	20000254 <flash_init_boot2_copyout>
20000308:	47c8      	blx	r9
2000030a:	47a0      	blx	r4
2000030c:	2000      	movs	r0, #0
2000030e:	f7ff ffbf 	bl	20000290 <flash_cs_force>
20000312:	002a      	movs	r2, r5
20000314:	e00f      	b.n	20000336 <flash_do_cmd+0x7e>
20000316:	4b1b      	ldr	r3, [pc, #108]	@ (20000384 <flash_do_cmd+0xcc>)
20000318:	4a1b      	ldr	r2, [pc, #108]	@ (20000388 <flash_do_cmd+0xd0>)
2000031a:	481c      	ldr	r0, [pc, #112]	@ (2000038c <flash_do_cmd+0xd4>)
2000031c:	21d1      	movs	r1, #209	@ 0xd1
2000031e:	f001 fb57 	bl	200019d0 <____assert_func_veneer>
20000322:	2b00      	cmp	r3, #0
20000324:	d007      	beq.n	20000336 <flash_do_cmd+0x7e>
20000326:	2a00      	cmp	r2, #0
20000328:	d005      	beq.n	20000336 <flash_do_cmd+0x7e>
2000032a:	23c0      	movs	r3, #192	@ 0xc0
2000032c:	055b      	lsls	r3, r3, #21
2000032e:	6e1b      	ldr	r3, [r3, #96]	@ 0x60
20000330:	7033      	strb	r3, [r6, #0]
20000332:	3a01      	subs	r2, #1
20000334:	3601      	adds	r6, #1
20000336:	002b      	movs	r3, r5
20000338:	4313      	orrs	r3, r2
2000033a:	d012      	beq.n	20000362 <flash_do_cmd+0xaa>
2000033c:	23c0      	movs	r3, #192	@ 0xc0
2000033e:	055b      	lsls	r3, r3, #21
20000340:	6a9c      	ldr	r4, [r3, #40]	@ 0x28
20000342:	2308      	movs	r3, #8
20000344:	4023      	ands	r3, r4
20000346:	07a4      	lsls	r4, r4, #30
20000348:	d5eb      	bpl.n	20000322 <flash_do_cmd+0x6a>
2000034a:	2d00      	cmp	r5, #0
2000034c:	d0e9      	beq.n	20000322 <flash_do_cmd+0x6a>
2000034e:	1b51      	subs	r1, r2, r5
20000350:	290d      	cmp	r1, #13
20000352:	d8e6      	bhi.n	20000322 <flash_do_cmd+0x6a>
20000354:	7838      	ldrb	r0, [r7, #0]
20000356:	21c0      	movs	r1, #192	@ 0xc0
20000358:	0549      	lsls	r1, r1, #21
2000035a:	6608      	str	r0, [r1, #96]	@ 0x60
2000035c:	3d01      	subs	r5, #1
2000035e:	3701      	adds	r7, #1
20000360:	e7df      	b.n	20000322 <flash_do_cmd+0x6a>
20000362:	2001      	movs	r0, #1
20000364:	f7ff ff94 	bl	20000290 <flash_cs_force>
20000368:	47c0      	blx	r8
2000036a:	f7ff ff8b 	bl	20000284 <flash_enable_xip_via_boot2>
2000036e:	bce0      	pop	{r5, r6, r7}
20000370:	46ba      	mov	sl, r7
20000372:	46b1      	mov	r9, r6
20000374:	46a8      	mov	r8, r5
20000376:	bdf0      	pop	{r4, r5, r6, r7, pc}
20000378:	00004649 	.word	0x00004649
2000037c:	00005845 	.word	0x00005845
20000380:	00004346 	.word	0x00004346
20000384:	1000945c 	.word	0x1000945c
20000388:	10009db8 	.word	0x10009db8
2000038c:	10009340 	.word	0x10009340

20000390 <reset_non_control_endpoints>:
20000390:	b510      	push	{r4, lr}
20000392:	2300      	movs	r3, #0
20000394:	e008      	b.n	200003a8 <reset_non_control_endpoints+0x18>
20000396:	3301      	adds	r3, #1
20000398:	00da      	lsls	r2, r3, #3
2000039a:	2100      	movs	r1, #0
2000039c:	4808      	ldr	r0, [pc, #32]	@ (200003c0 <reset_non_control_endpoints+0x30>)
2000039e:	5011      	str	r1, [r2, r0]
200003a0:	4684      	mov	ip, r0
200003a2:	4462      	add	r2, ip
200003a4:	6051      	str	r1, [r2, #4]
200003a6:	b2db      	uxtb	r3, r3
200003a8:	2b0e      	cmp	r3, #14
200003aa:	d9f4      	bls.n	20000396 <reset_non_control_endpoints+0x6>
200003ac:	4805      	ldr	r0, [pc, #20]	@ (200003c4 <reset_non_control_endpoints+0x34>)
200003ae:	22f0      	movs	r2, #240	@ 0xf0
200003b0:	0092      	lsls	r2, r2, #2
200003b2:	2100      	movs	r1, #0
200003b4:	f001 fb54 	bl	20001a60 <____wrap_memset_veneer>
200003b8:	4b03      	ldr	r3, [pc, #12]	@ (200003c8 <reset_non_control_endpoints+0x38>)
200003ba:	4a04      	ldr	r2, [pc, #16]	@ (200003cc <reset_non_control_endpoints+0x3c>)
200003bc:	601a      	str	r2, [r3, #0]
200003be:	bd10      	pop	{r4, pc}
200003c0:	50100000 	.word	0x50100000
200003c4:	20002b14 	.word	0x20002b14
200003c8:	20002ed8 	.word	0x20002ed8
200003cc:	50100180 	.word	0x50100180

200003d0 <hw_handle_buff_status>:
200003d0:	b5f0      	push	{r4, r5, r6, r7, lr}
200003d2:	46ce      	mov	lr, r9
200003d4:	4647      	mov	r7, r8
200003d6:	b580      	push	{r7, lr}
200003d8:	b085      	sub	sp, #20
200003da:	4b21      	ldr	r3, [pc, #132]	@ (20000460 <hw_handle_buff_status+0x90>)
200003dc:	6d9f      	ldr	r7, [r3, #88]	@ 0x58
200003de:	2400      	movs	r4, #0
200003e0:	2601      	movs	r6, #1
200003e2:	e003      	b.n	200003ec <hw_handle_buff_status+0x1c>
200003e4:	43b7      	bics	r7, r6
200003e6:	0076      	lsls	r6, r6, #1
200003e8:	3401      	adds	r4, #1
200003ea:	b2e4      	uxtb	r4, r4
200003ec:	2f00      	cmp	r7, #0
200003ee:	d031      	beq.n	20000454 <hw_handle_buff_status+0x84>
200003f0:	2c1f      	cmp	r4, #31
200003f2:	d82f      	bhi.n	20000454 <hw_handle_buff_status+0x84>
200003f4:	423e      	tst	r6, r7
200003f6:	d0f6      	beq.n	200003e6 <hw_handle_buff_status+0x16>
200003f8:	4b1a      	ldr	r3, [pc, #104]	@ (20000464 <hw_handle_buff_status+0x94>)
200003fa:	659e      	str	r6, [r3, #88]	@ 0x58
200003fc:	0863      	lsrs	r3, r4, #1
200003fe:	4699      	mov	r9, r3
20000400:	2301      	movs	r3, #1
20000402:	4023      	ands	r3, r4
20000404:	2201      	movs	r2, #1
20000406:	4053      	eors	r3, r2
20000408:	b2db      	uxtb	r3, r3
2000040a:	4698      	mov	r8, r3
2000040c:	464b      	mov	r3, r9
2000040e:	005d      	lsls	r5, r3, #1
20000410:	4445      	add	r5, r8
20000412:	016d      	lsls	r5, r5, #5
20000414:	4b14      	ldr	r3, [pc, #80]	@ (20000468 <hw_handle_buff_status+0x98>)
20000416:	18ed      	adds	r5, r5, r3
20000418:	0028      	movs	r0, r5
2000041a:	f000 fa47 	bl	200008ac <hw_endpoint_xfer_continue>
2000041e:	2800      	cmp	r0, #0
20000420:	d0e0      	beq.n	200003e4 <hw_handle_buff_status+0x14>
20000422:	4a11      	ldr	r2, [pc, #68]	@ (20000468 <hw_handle_buff_status+0x98>)
20000424:	464b      	mov	r3, r9
20000426:	005b      	lsls	r3, r3, #1
20000428:	4443      	add	r3, r8
2000042a:	015b      	lsls	r3, r3, #5
2000042c:	18d3      	adds	r3, r2, r3
2000042e:	7899      	ldrb	r1, [r3, #2]
20000430:	8ada      	ldrh	r2, [r3, #22]
20000432:	a801      	add	r0, sp, #4
20000434:	2300      	movs	r3, #0
20000436:	4698      	mov	r8, r3
20000438:	7003      	strb	r3, [r0, #0]
2000043a:	3307      	adds	r3, #7
2000043c:	7043      	strb	r3, [r0, #1]
2000043e:	7101      	strb	r1, [r0, #4]
20000440:	6082      	str	r2, [r0, #8]
20000442:	4643      	mov	r3, r8
20000444:	7143      	strb	r3, [r0, #5]
20000446:	2101      	movs	r1, #1
20000448:	f000 fa50 	bl	200008ec <dcd_event_handler>
2000044c:	0028      	movs	r0, r5
2000044e:	f000 f9c3 	bl	200007d8 <hw_endpoint_reset_transfer>
20000452:	e7c7      	b.n	200003e4 <hw_handle_buff_status+0x14>
20000454:	b005      	add	sp, #20
20000456:	bcc0      	pop	{r6, r7}
20000458:	46b9      	mov	r9, r7
2000045a:	46b0      	mov	r8, r6
2000045c:	bdf0      	pop	{r4, r5, r6, r7, pc}
2000045e:	46c0      	nop			@ (mov r8, r8)
20000460:	50110000 	.word	0x50110000
20000464:	50113000 	.word	0x50113000
20000468:	20002ad4 	.word	0x20002ad4

2000046c <dcd_rp2040_irq>:
2000046c:	b5f0      	push	{r4, r5, r6, r7, lr}
2000046e:	46ce      	mov	lr, r9
20000470:	4647      	mov	r7, r8
20000472:	b580      	push	{r7, lr}
20000474:	b085      	sub	sp, #20
20000476:	4a75      	ldr	r2, [pc, #468]	@ (2000064c <dcd_rp2040_irq+0x1e0>)
20000478:	2398      	movs	r3, #152	@ 0x98
2000047a:	58d5      	ldr	r5, [r2, r3]
2000047c:	2380      	movs	r3, #128	@ 0x80
2000047e:	029b      	lsls	r3, r3, #10
20000480:	002f      	movs	r7, r5
20000482:	401f      	ands	r7, r3
20000484:	421d      	tst	r5, r3
20000486:	d045      	beq.n	20000514 <dcd_rp2040_irq+0xa8>
20000488:	4b71      	ldr	r3, [pc, #452]	@ (20000650 <dcd_rp2040_irq+0x1e4>)
2000048a:	6a9a      	ldr	r2, [r3, #40]	@ 0x28
2000048c:	4b71      	ldr	r3, [pc, #452]	@ (20000654 <dcd_rp2040_irq+0x1e8>)
2000048e:	601a      	str	r2, [r3, #0]
20000490:	2400      	movs	r4, #0
20000492:	2100      	movs	r1, #0
20000494:	e009      	b.n	200004aa <dcd_rp2040_irq+0x3e>
20000496:	4b70      	ldr	r3, [pc, #448]	@ (20000658 <dcd_rp2040_irq+0x1ec>)
20000498:	185b      	adds	r3, r3, r1
2000049a:	333c      	adds	r3, #60	@ 0x3c
2000049c:	2200      	movs	r2, #0
2000049e:	701a      	strb	r2, [r3, #0]
200004a0:	f000 f9c6 	bl	20000830 <hw_endpoint_start_next_buffer>
200004a4:	0031      	movs	r1, r6
200004a6:	3401      	adds	r4, #1
200004a8:	b2e4      	uxtb	r4, r4
200004aa:	2c0f      	cmp	r4, #15
200004ac:	d818      	bhi.n	200004e0 <dcd_rp2040_irq+0x74>
200004ae:	01a6      	lsls	r6, r4, #6
200004b0:	0030      	movs	r0, r6
200004b2:	3020      	adds	r0, #32
200004b4:	4b68      	ldr	r3, [pc, #416]	@ (20000658 <dcd_rp2040_irq+0x1ec>)
200004b6:	18c0      	adds	r0, r0, r3
200004b8:	199b      	adds	r3, r3, r6
200004ba:	333b      	adds	r3, #59	@ 0x3b
200004bc:	781b      	ldrb	r3, [r3, #0]
200004be:	2b02      	cmp	r3, #2
200004c0:	d1f1      	bne.n	200004a6 <dcd_rp2040_irq+0x3a>
200004c2:	4b65      	ldr	r3, [pc, #404]	@ (20000658 <dcd_rp2040_irq+0x1ec>)
200004c4:	199b      	adds	r3, r3, r6
200004c6:	333a      	adds	r3, #58	@ 0x3a
200004c8:	781e      	ldrb	r6, [r3, #0]
200004ca:	2e00      	cmp	r6, #0
200004cc:	d0eb      	beq.n	200004a6 <dcd_rp2040_irq+0x3a>
200004ce:	4b62      	ldr	r3, [pc, #392]	@ (20000658 <dcd_rp2040_irq+0x1ec>)
200004d0:	01a1      	lsls	r1, r4, #6
200004d2:	185b      	adds	r3, r3, r1
200004d4:	333c      	adds	r3, #60	@ 0x3c
200004d6:	781b      	ldrb	r3, [r3, #0]
200004d8:	2b00      	cmp	r3, #0
200004da:	d1dc      	bne.n	20000496 <dcd_rp2040_irq+0x2a>
200004dc:	0031      	movs	r1, r6
200004de:	e7e2      	b.n	200004a6 <dcd_rp2040_irq+0x3a>
200004e0:	2900      	cmp	r1, #0
200004e2:	d108      	bne.n	200004f6 <dcd_rp2040_irq+0x8a>
200004e4:	4b5d      	ldr	r3, [pc, #372]	@ (2000065c <dcd_rp2040_irq+0x1f0>)
200004e6:	781b      	ldrb	r3, [r3, #0]
200004e8:	2b00      	cmp	r3, #0
200004ea:	d104      	bne.n	200004f6 <dcd_rp2040_irq+0x8a>
200004ec:	4a5c      	ldr	r2, [pc, #368]	@ (20000660 <dcd_rp2040_irq+0x1f4>)
200004ee:	3390      	adds	r3, #144	@ 0x90
200004f0:	2180      	movs	r1, #128	@ 0x80
200004f2:	0289      	lsls	r1, r1, #10
200004f4:	50d1      	str	r1, [r2, r3]
200004f6:	4b55      	ldr	r3, [pc, #340]	@ (2000064c <dcd_rp2040_irq+0x1e0>)
200004f8:	6c9b      	ldr	r3, [r3, #72]	@ 0x48
200004fa:	055b      	lsls	r3, r3, #21
200004fc:	0d5b      	lsrs	r3, r3, #21
200004fe:	a801      	add	r0, sp, #4
20000500:	2200      	movs	r2, #0
20000502:	7002      	strb	r2, [r0, #0]
20000504:	3203      	adds	r2, #3
20000506:	7042      	strb	r2, [r0, #1]
20000508:	6043      	str	r3, [r0, #4]
2000050a:	2101      	movs	r1, #1
2000050c:	f000 f9ee 	bl	200008ec <dcd_event_handler>
20000510:	2780      	movs	r7, #128	@ 0x80
20000512:	02bf      	lsls	r7, r7, #10
20000514:	06eb      	lsls	r3, r5, #27
20000516:	d406      	bmi.n	20000526 <dcd_rp2040_irq+0xba>
20000518:	03eb      	lsls	r3, r5, #15
2000051a:	d551      	bpl.n	200005c0 <dcd_rp2040_irq+0x154>
2000051c:	2380      	movs	r3, #128	@ 0x80
2000051e:	025b      	lsls	r3, r3, #9
20000520:	431f      	orrs	r7, r3
20000522:	2400      	movs	r4, #0
20000524:	e019      	b.n	2000055a <dcd_rp2040_irq+0xee>
20000526:	2310      	movs	r3, #16
20000528:	431f      	orrs	r7, r3
2000052a:	f7ff ff51 	bl	200003d0 <hw_handle_buff_status>
2000052e:	e7f3      	b.n	20000518 <dcd_rp2040_irq+0xac>
20000530:	2302      	movs	r3, #2
20000532:	4699      	mov	r9, r3
20000534:	e01e      	b.n	20000574 <dcd_rp2040_irq+0x108>
20000536:	4b4b      	ldr	r3, [pc, #300]	@ (20000664 <dcd_rp2040_irq+0x1f8>)
20000538:	464a      	mov	r2, r9
2000053a:	661a      	str	r2, [r3, #96]	@ 0x60
2000053c:	4b43      	ldr	r3, [pc, #268]	@ (2000064c <dcd_rp2040_irq+0x1e0>)
2000053e:	6e5b      	ldr	r3, [r3, #100]	@ 0x64
20000540:	464a      	mov	r2, r9
20000542:	4013      	ands	r3, r2
20000544:	4599      	cmp	r9, r3
20000546:	d1f9      	bne.n	2000053c <dcd_rp2040_irq+0xd0>
20000548:	e018      	b.n	2000057c <dcd_rp2040_irq+0x110>
2000054a:	4b43      	ldr	r3, [pc, #268]	@ (20000658 <dcd_rp2040_irq+0x1ec>)
2000054c:	4642      	mov	r2, r8
2000054e:	0152      	lsls	r2, r2, #5
20000550:	189b      	adds	r3, r3, r2
20000552:	2201      	movs	r2, #1
20000554:	70da      	strb	r2, [r3, #3]
20000556:	3401      	adds	r4, #1
20000558:	b2e4      	uxtb	r4, r4
2000055a:	2c01      	cmp	r4, #1
2000055c:	d820      	bhi.n	200005a0 <dcd_rp2040_irq+0x134>
2000055e:	46a0      	mov	r8, r4
20000560:	0166      	lsls	r6, r4, #5
20000562:	4b3d      	ldr	r3, [pc, #244]	@ (20000658 <dcd_rp2040_irq+0x1ec>)
20000564:	18f6      	adds	r6, r6, r3
20000566:	7eb3      	ldrb	r3, [r6, #26]
20000568:	2b00      	cmp	r3, #0
2000056a:	d0ee      	beq.n	2000054a <dcd_rp2040_irq+0xde>
2000056c:	2c00      	cmp	r4, #0
2000056e:	d0df      	beq.n	20000530 <dcd_rp2040_irq+0xc4>
20000570:	2301      	movs	r3, #1
20000572:	4699      	mov	r9, r3
20000574:	f001 fa1c 	bl	200019b0 <__rp2040_chip_version_veneer>
20000578:	2801      	cmp	r0, #1
2000057a:	d8dc      	bhi.n	20000536 <dcd_rp2040_irq+0xca>
2000057c:	22c0      	movs	r2, #192	@ 0xc0
2000057e:	0192      	lsls	r2, r2, #6
20000580:	2100      	movs	r1, #0
20000582:	0030      	movs	r0, r6
20000584:	f000 f92e 	bl	200007e4 <_hw_endpoint_buffer_control_update32>
20000588:	0030      	movs	r0, r6
2000058a:	f000 f925 	bl	200007d8 <hw_endpoint_reset_transfer>
2000058e:	f001 fa0f 	bl	200019b0 <__rp2040_chip_version_veneer>
20000592:	2801      	cmp	r0, #1
20000594:	d9d9      	bls.n	2000054a <dcd_rp2040_irq+0xde>
20000596:	4b32      	ldr	r3, [pc, #200]	@ (20000660 <dcd_rp2040_irq+0x1f4>)
20000598:	464a      	mov	r2, r9
2000059a:	665a      	str	r2, [r3, #100]	@ 0x64
2000059c:	661a      	str	r2, [r3, #96]	@ 0x60
2000059e:	e7d4      	b.n	2000054a <dcd_rp2040_irq+0xde>
200005a0:	a801      	add	r0, sp, #4
200005a2:	2300      	movs	r3, #0
200005a4:	7003      	strb	r3, [r0, #0]
200005a6:	3306      	adds	r3, #6
200005a8:	7043      	strb	r3, [r0, #1]
200005aa:	4a2f      	ldr	r2, [pc, #188]	@ (20000668 <dcd_rp2040_irq+0x1fc>)
200005ac:	ab02      	add	r3, sp, #8
200005ae:	ca12      	ldmia	r2!, {r1, r4}
200005b0:	c312      	stmia	r3!, {r1, r4}
200005b2:	2101      	movs	r1, #1
200005b4:	f000 f99a 	bl	200008ec <dcd_event_handler>
200005b8:	4b29      	ldr	r3, [pc, #164]	@ (20000660 <dcd_rp2040_irq+0x1f4>)
200005ba:	2280      	movs	r2, #128	@ 0x80
200005bc:	0292      	lsls	r2, r2, #10
200005be:	651a      	str	r2, [r3, #80]	@ 0x50
200005c0:	04eb      	lsls	r3, r5, #19
200005c2:	d40a      	bmi.n	200005da <dcd_rp2040_irq+0x16e>
200005c4:	046b      	lsls	r3, r5, #17
200005c6:	d41d      	bmi.n	20000604 <dcd_rp2040_irq+0x198>
200005c8:	042b      	lsls	r3, r5, #16
200005ca:	d42a      	bmi.n	20000622 <dcd_rp2040_irq+0x1b6>
200005cc:	42af      	cmp	r7, r5
200005ce:	d138      	bne.n	20000642 <dcd_rp2040_irq+0x1d6>
200005d0:	b005      	add	sp, #20
200005d2:	bcc0      	pop	{r6, r7}
200005d4:	46b9      	mov	r9, r7
200005d6:	46b0      	mov	r8, r6
200005d8:	bdf0      	pop	{r4, r5, r6, r7, pc}
200005da:	2380      	movs	r3, #128	@ 0x80
200005dc:	015b      	lsls	r3, r3, #5
200005de:	431f      	orrs	r7, r3
200005e0:	2400      	movs	r4, #0
200005e2:	4b1a      	ldr	r3, [pc, #104]	@ (2000064c <dcd_rp2040_irq+0x1e0>)
200005e4:	601c      	str	r4, [r3, #0]
200005e6:	f7ff fed3 	bl	20000390 <reset_non_control_endpoints>
200005ea:	a801      	add	r0, sp, #4
200005ec:	7004      	strb	r4, [r0, #0]
200005ee:	2301      	movs	r3, #1
200005f0:	7043      	strb	r3, [r0, #1]
200005f2:	7104      	strb	r4, [r0, #4]
200005f4:	2101      	movs	r1, #1
200005f6:	f000 f979 	bl	200008ec <dcd_event_handler>
200005fa:	4b19      	ldr	r3, [pc, #100]	@ (20000660 <dcd_rp2040_irq+0x1f4>)
200005fc:	2280      	movs	r2, #128	@ 0x80
200005fe:	0312      	lsls	r2, r2, #12
20000600:	651a      	str	r2, [r3, #80]	@ 0x50
20000602:	e7df      	b.n	200005c4 <dcd_rp2040_irq+0x158>
20000604:	2380      	movs	r3, #128	@ 0x80
20000606:	01db      	lsls	r3, r3, #7
20000608:	431f      	orrs	r7, r3
2000060a:	a801      	add	r0, sp, #4
2000060c:	2300      	movs	r3, #0
2000060e:	7003      	strb	r3, [r0, #0]
20000610:	3304      	adds	r3, #4
20000612:	7043      	strb	r3, [r0, #1]
20000614:	2101      	movs	r1, #1
20000616:	f000 f969 	bl	200008ec <dcd_event_handler>
2000061a:	4b11      	ldr	r3, [pc, #68]	@ (20000660 <dcd_rp2040_irq+0x1f4>)
2000061c:	2210      	movs	r2, #16
2000061e:	651a      	str	r2, [r3, #80]	@ 0x50
20000620:	e7d2      	b.n	200005c8 <dcd_rp2040_irq+0x15c>
20000622:	2380      	movs	r3, #128	@ 0x80
20000624:	021b      	lsls	r3, r3, #8
20000626:	431f      	orrs	r7, r3
20000628:	a801      	add	r0, sp, #4
2000062a:	2300      	movs	r3, #0
2000062c:	7003      	strb	r3, [r0, #0]
2000062e:	3305      	adds	r3, #5
20000630:	7043      	strb	r3, [r0, #1]
20000632:	2101      	movs	r1, #1
20000634:	f000 f95a 	bl	200008ec <dcd_event_handler>
20000638:	4b09      	ldr	r3, [pc, #36]	@ (20000660 <dcd_rp2040_irq+0x1f4>)
2000063a:	2280      	movs	r2, #128	@ 0x80
2000063c:	0112      	lsls	r2, r2, #4
2000063e:	651a      	str	r2, [r3, #80]	@ 0x50
20000640:	e7c4      	b.n	200005cc <dcd_rp2040_irq+0x160>
20000642:	0039      	movs	r1, r7
20000644:	4069      	eors	r1, r5
20000646:	4809      	ldr	r0, [pc, #36]	@ (2000066c <dcd_rp2040_irq+0x200>)
20000648:	f001 fa02 	bl	20001a50 <__panic_veneer>
2000064c:	50110000 	.word	0x50110000
20000650:	40054000 	.word	0x40054000
20000654:	20002ac4 	.word	0x20002ac4
20000658:	20002ad4 	.word	0x20002ad4
2000065c:	20003137 	.word	0x20003137
20000660:	50113000 	.word	0x50113000
20000664:	50112000 	.word	0x50112000
20000668:	50100000 	.word	0x50100000
2000066c:	1000954c 	.word	0x1000954c

20000670 <prepare_ep_buffer>:
20000670:	b5f8      	push	{r3, r4, r5, r6, r7, lr}
20000672:	0004      	movs	r4, r0
20000674:	000f      	movs	r7, r1
20000676:	8a83      	ldrh	r3, [r0, #20]
20000678:	8b02      	ldrh	r2, [r0, #24]
2000067a:	1c1e      	adds	r6, r3, #0
2000067c:	4293      	cmp	r3, r2
2000067e:	d900      	bls.n	20000682 <prepare_ep_buffer+0x12>
20000680:	1c16      	adds	r6, r2, #0
20000682:	b2b6      	uxth	r6, r6
20000684:	1b9b      	subs	r3, r3, r6
20000686:	82a3      	strh	r3, [r4, #20]
20000688:	2280      	movs	r2, #128	@ 0x80
2000068a:	00d2      	lsls	r2, r2, #3
2000068c:	4332      	orrs	r2, r6
2000068e:	78e3      	ldrb	r3, [r4, #3]
20000690:	2b00      	cmp	r3, #0
20000692:	d013      	beq.n	200006bc <prepare_ep_buffer+0x4c>
20000694:	2580      	movs	r5, #128	@ 0x80
20000696:	01ad      	lsls	r5, r5, #6
20000698:	4315      	orrs	r5, r2
2000069a:	2201      	movs	r2, #1
2000069c:	4053      	eors	r3, r2
2000069e:	70e3      	strb	r3, [r4, #3]
200006a0:	7863      	ldrb	r3, [r4, #1]
200006a2:	2b00      	cmp	r3, #0
200006a4:	d00c      	beq.n	200006c0 <prepare_ep_buffer+0x50>
200006a6:	8aa3      	ldrh	r3, [r4, #20]
200006a8:	2b00      	cmp	r3, #0
200006aa:	d102      	bne.n	200006b2 <prepare_ep_buffer+0x42>
200006ac:	2380      	movs	r3, #128	@ 0x80
200006ae:	01db      	lsls	r3, r3, #7
200006b0:	431d      	orrs	r5, r3
200006b2:	2f00      	cmp	r7, #0
200006b4:	d000      	beq.n	200006b8 <prepare_ep_buffer+0x48>
200006b6:	042d      	lsls	r5, r5, #16
200006b8:	0028      	movs	r0, r5
200006ba:	bdf8      	pop	{r3, r4, r5, r6, r7, pc}
200006bc:	2500      	movs	r5, #0
200006be:	e7eb      	b.n	20000698 <prepare_ep_buffer+0x28>
200006c0:	68e0      	ldr	r0, [r4, #12]
200006c2:	01bb      	lsls	r3, r7, #6
200006c4:	18c0      	adds	r0, r0, r3
200006c6:	6921      	ldr	r1, [r4, #16]
200006c8:	0032      	movs	r2, r6
200006ca:	f001 f969 	bl	200019a0 <__unaligned_memcpy_veneer>
200006ce:	6923      	ldr	r3, [r4, #16]
200006d0:	199b      	adds	r3, r3, r6
200006d2:	6123      	str	r3, [r4, #16]
200006d4:	2380      	movs	r3, #128	@ 0x80
200006d6:	021b      	lsls	r3, r3, #8
200006d8:	431d      	orrs	r5, r3
200006da:	e7e4      	b.n	200006a6 <prepare_ep_buffer+0x36>

200006dc <e15_is_bulkin_ep>:
200006dc:	4b09      	ldr	r3, [pc, #36]	@ (20000704 <e15_is_bulkin_ep+0x28>)
200006de:	6c1b      	ldr	r3, [r3, #64]	@ 0x40
200006e0:	079b      	lsls	r3, r3, #30
200006e2:	d40c      	bmi.n	200006fe <e15_is_bulkin_ep+0x22>
200006e4:	7883      	ldrb	r3, [r0, #2]
200006e6:	09db      	lsrs	r3, r3, #7
200006e8:	2b01      	cmp	r3, #1
200006ea:	d001      	beq.n	200006f0 <e15_is_bulkin_ep+0x14>
200006ec:	2000      	movs	r0, #0
200006ee:	e007      	b.n	20000700 <e15_is_bulkin_ep+0x24>
200006f0:	7ec3      	ldrb	r3, [r0, #27]
200006f2:	2b02      	cmp	r3, #2
200006f4:	d001      	beq.n	200006fa <e15_is_bulkin_ep+0x1e>
200006f6:	2000      	movs	r0, #0
200006f8:	e002      	b.n	20000700 <e15_is_bulkin_ep+0x24>
200006fa:	2001      	movs	r0, #1
200006fc:	e000      	b.n	20000700 <e15_is_bulkin_ep+0x24>
200006fe:	2000      	movs	r0, #0
20000700:	4770      	bx	lr
20000702:	46c0      	nop			@ (mov r8, r8)
20000704:	50110000 	.word	0x50110000

20000708 <e15_is_critical_frame_period>:
20000708:	b510      	push	{r4, lr}
2000070a:	f7ff ffe7 	bl	200006dc <e15_is_bulkin_ep>
2000070e:	2800      	cmp	r0, #0
20000710:	d009      	beq.n	20000726 <e15_is_critical_frame_period+0x1e>
20000712:	4b06      	ldr	r3, [pc, #24]	@ (2000072c <e15_is_critical_frame_period+0x24>)
20000714:	6a9b      	ldr	r3, [r3, #40]	@ 0x28
20000716:	4a06      	ldr	r2, [pc, #24]	@ (20000730 <e15_is_critical_frame_period+0x28>)
20000718:	6812      	ldr	r2, [r2, #0]
2000071a:	1a9b      	subs	r3, r3, r2
2000071c:	4a05      	ldr	r2, [pc, #20]	@ (20000734 <e15_is_critical_frame_period+0x2c>)
2000071e:	4694      	mov	ip, r2
20000720:	4463      	add	r3, ip
20000722:	2bc6      	cmp	r3, #198	@ 0xc6
20000724:	d800      	bhi.n	20000728 <e15_is_critical_frame_period+0x20>
20000726:	bd10      	pop	{r4, pc}
20000728:	2000      	movs	r0, #0
2000072a:	e7fc      	b.n	20000726 <e15_is_critical_frame_period+0x1e>
2000072c:	40054000 	.word	0x40054000
20000730:	20002ac4 	.word	0x20002ac4
20000734:	fffffce0 	.word	0xfffffce0

20000738 <sync_ep_buffer>:
20000738:	b570      	push	{r4, r5, r6, lr}
2000073a:	0004      	movs	r4, r0
2000073c:	6883      	ldr	r3, [r0, #8]
2000073e:	681b      	ldr	r3, [r3, #0]
20000740:	2900      	cmp	r1, #0
20000742:	d000      	beq.n	20000746 <sync_ep_buffer+0xe>
20000744:	0c1b      	lsrs	r3, r3, #16
20000746:	059d      	lsls	r5, r3, #22
20000748:	0dad      	lsrs	r5, r5, #22
2000074a:	7862      	ldrb	r2, [r4, #1]
2000074c:	2a00      	cmp	r2, #0
2000074e:	d111      	bne.n	20000774 <sync_ep_buffer+0x3c>
20000750:	041b      	lsls	r3, r3, #16
20000752:	d409      	bmi.n	20000768 <sync_ep_buffer+0x30>
20000754:	8ae3      	ldrh	r3, [r4, #22]
20000756:	195b      	adds	r3, r3, r5
20000758:	82e3      	strh	r3, [r4, #22]
2000075a:	8b23      	ldrh	r3, [r4, #24]
2000075c:	42ab      	cmp	r3, r5
2000075e:	d901      	bls.n	20000764 <sync_ep_buffer+0x2c>
20000760:	2300      	movs	r3, #0
20000762:	82a3      	strh	r3, [r4, #20]
20000764:	0028      	movs	r0, r5
20000766:	bd70      	pop	{r4, r5, r6, pc}
20000768:	4b0d      	ldr	r3, [pc, #52]	@ (200007a0 <sync_ep_buffer+0x68>)
2000076a:	4a0e      	ldr	r2, [pc, #56]	@ (200007a4 <sync_ep_buffer+0x6c>)
2000076c:	480e      	ldr	r0, [pc, #56]	@ (200007a8 <sync_ep_buffer+0x70>)
2000076e:	21e8      	movs	r1, #232	@ 0xe8
20000770:	f001 f92e 	bl	200019d0 <____assert_func_veneer>
20000774:	041b      	lsls	r3, r3, #16
20000776:	d50d      	bpl.n	20000794 <sync_ep_buffer+0x5c>
20000778:	6920      	ldr	r0, [r4, #16]
2000077a:	68e3      	ldr	r3, [r4, #12]
2000077c:	0189      	lsls	r1, r1, #6
2000077e:	1859      	adds	r1, r3, r1
20000780:	002a      	movs	r2, r5
20000782:	f001 f90d 	bl	200019a0 <__unaligned_memcpy_veneer>
20000786:	8ae3      	ldrh	r3, [r4, #22]
20000788:	195b      	adds	r3, r3, r5
2000078a:	82e3      	strh	r3, [r4, #22]
2000078c:	6923      	ldr	r3, [r4, #16]
2000078e:	195b      	adds	r3, r3, r5
20000790:	6123      	str	r3, [r4, #16]
20000792:	e7e2      	b.n	2000075a <sync_ep_buffer+0x22>
20000794:	4b05      	ldr	r3, [pc, #20]	@ (200007ac <sync_ep_buffer+0x74>)
20000796:	4a03      	ldr	r2, [pc, #12]	@ (200007a4 <sync_ep_buffer+0x6c>)
20000798:	4803      	ldr	r0, [pc, #12]	@ (200007a8 <sync_ep_buffer+0x70>)
2000079a:	21ee      	movs	r1, #238	@ 0xee
2000079c:	f001 f918 	bl	200019d0 <____assert_func_veneer>
200007a0:	1000956c 	.word	0x1000956c
200007a4:	10009e18 	.word	0x10009e18
200007a8:	1000958c 	.word	0x1000958c
200007ac:	100095e8 	.word	0x100095e8

200007b0 <_hw_endpoint_xfer_sync>:
200007b0:	b510      	push	{r4, lr}
200007b2:	0004      	movs	r4, r0
200007b4:	6883      	ldr	r3, [r0, #8]
200007b6:	681b      	ldr	r3, [r3, #0]
200007b8:	2100      	movs	r1, #0
200007ba:	f7ff ffbd 	bl	20000738 <sync_ep_buffer>
200007be:	6863      	ldr	r3, [r4, #4]
200007c0:	681b      	ldr	r3, [r3, #0]
200007c2:	005b      	lsls	r3, r3, #1
200007c4:	d502      	bpl.n	200007cc <_hw_endpoint_xfer_sync+0x1c>
200007c6:	8b23      	ldrh	r3, [r4, #24]
200007c8:	4283      	cmp	r3, r0
200007ca:	d000      	beq.n	200007ce <_hw_endpoint_xfer_sync+0x1e>
200007cc:	bd10      	pop	{r4, pc}
200007ce:	2101      	movs	r1, #1
200007d0:	0020      	movs	r0, r4
200007d2:	f7ff ffb1 	bl	20000738 <sync_ep_buffer>
200007d6:	e7f9      	b.n	200007cc <_hw_endpoint_xfer_sync+0x1c>

200007d8 <hw_endpoint_reset_transfer>:
200007d8:	2300      	movs	r3, #0
200007da:	7683      	strb	r3, [r0, #26]
200007dc:	8283      	strh	r3, [r0, #20]
200007de:	82c3      	strh	r3, [r0, #22]
200007e0:	6103      	str	r3, [r0, #16]
200007e2:	4770      	bx	lr

200007e4 <_hw_endpoint_buffer_control_update32>:
200007e4:	b510      	push	{r4, lr}
200007e6:	2900      	cmp	r1, #0
200007e8:	d002      	beq.n	200007f0 <_hw_endpoint_buffer_control_update32+0xc>
200007ea:	6883      	ldr	r3, [r0, #8]
200007ec:	681b      	ldr	r3, [r3, #0]
200007ee:	4019      	ands	r1, r3
200007f0:	2a00      	cmp	r2, #0
200007f2:	d010      	beq.n	20000816 <_hw_endpoint_buffer_control_update32+0x32>
200007f4:	4311      	orrs	r1, r2
200007f6:	0552      	lsls	r2, r2, #21
200007f8:	d50d      	bpl.n	20000816 <_hw_endpoint_buffer_control_update32+0x32>
200007fa:	6882      	ldr	r2, [r0, #8]
200007fc:	6813      	ldr	r3, [r2, #0]
200007fe:	055b      	lsls	r3, r3, #21
20000800:	d40c      	bmi.n	2000081c <_hw_endpoint_buffer_control_update32+0x38>
20000802:	4b08      	ldr	r3, [pc, #32]	@ (20000824 <_hw_endpoint_buffer_control_update32+0x40>)
20000804:	400b      	ands	r3, r1
20000806:	6013      	str	r3, [r2, #0]
20000808:	4b07      	ldr	r3, [pc, #28]	@ (20000828 <_hw_endpoint_buffer_control_update32+0x44>)
2000080a:	6c1b      	ldr	r3, [r3, #64]	@ 0x40
2000080c:	079b      	lsls	r3, r3, #30
2000080e:	d402      	bmi.n	20000816 <_hw_endpoint_buffer_control_update32+0x32>
20000810:	230c      	movs	r3, #12
20000812:	3b03      	subs	r3, #3
20000814:	d2fd      	bcs.n	20000812 <_hw_endpoint_buffer_control_update32+0x2e>
20000816:	6883      	ldr	r3, [r0, #8]
20000818:	6019      	str	r1, [r3, #0]
2000081a:	bd10      	pop	{r4, pc}
2000081c:	7881      	ldrb	r1, [r0, #2]
2000081e:	4803      	ldr	r0, [pc, #12]	@ (2000082c <_hw_endpoint_buffer_control_update32+0x48>)
20000820:	f001 f916 	bl	20001a50 <__panic_veneer>
20000824:	fffffbff 	.word	0xfffffbff
20000828:	50110000 	.word	0x50110000
2000082c:	10009608 	.word	0x10009608

20000830 <hw_endpoint_start_next_buffer>:
20000830:	b570      	push	{r4, r5, r6, lr}
20000832:	0004      	movs	r4, r0
20000834:	6843      	ldr	r3, [r0, #4]
20000836:	681e      	ldr	r6, [r3, #0]
20000838:	2100      	movs	r1, #0
2000083a:	f7ff ff19 	bl	20000670 <prepare_ep_buffer>
2000083e:	2580      	movs	r5, #128	@ 0x80
20000840:	016d      	lsls	r5, r5, #5
20000842:	4305      	orrs	r5, r0
20000844:	4b16      	ldr	r3, [pc, #88]	@ (200008a0 <hw_endpoint_start_next_buffer+0x70>)
20000846:	6c1b      	ldr	r3, [r3, #64]	@ 0x40
20000848:	079b      	lsls	r3, r3, #30
2000084a:	d515      	bpl.n	20000878 <hw_endpoint_start_next_buffer+0x48>
2000084c:	78a3      	ldrb	r3, [r4, #2]
2000084e:	065b      	lsls	r3, r3, #25
20000850:	d117      	bne.n	20000882 <hw_endpoint_start_next_buffer+0x52>
20000852:	2300      	movs	r3, #0
20000854:	8aa2      	ldrh	r2, [r4, #20]
20000856:	2a00      	cmp	r2, #0
20000858:	d001      	beq.n	2000085e <hw_endpoint_start_next_buffer+0x2e>
2000085a:	2b00      	cmp	r3, #0
2000085c:	d015      	beq.n	2000088a <hw_endpoint_start_next_buffer+0x5a>
2000085e:	4b11      	ldr	r3, [pc, #68]	@ (200008a4 <hw_endpoint_start_next_buffer+0x74>)
20000860:	401e      	ands	r6, r3
20000862:	2380      	movs	r3, #128	@ 0x80
20000864:	059b      	lsls	r3, r3, #22
20000866:	4333      	orrs	r3, r6
20000868:	6862      	ldr	r2, [r4, #4]
2000086a:	6013      	str	r3, [r2, #0]
2000086c:	002a      	movs	r2, r5
2000086e:	2100      	movs	r1, #0
20000870:	0020      	movs	r0, r4
20000872:	f7ff ffb7 	bl	200007e4 <_hw_endpoint_buffer_control_update32>
20000876:	bd70      	pop	{r4, r5, r6, pc}
20000878:	78a3      	ldrb	r3, [r4, #2]
2000087a:	09db      	lsrs	r3, r3, #7
2000087c:	d103      	bne.n	20000886 <hw_endpoint_start_next_buffer+0x56>
2000087e:	3301      	adds	r3, #1
20000880:	e7e8      	b.n	20000854 <hw_endpoint_start_next_buffer+0x24>
20000882:	2301      	movs	r3, #1
20000884:	e7e6      	b.n	20000854 <hw_endpoint_start_next_buffer+0x24>
20000886:	2300      	movs	r3, #0
20000888:	e7e4      	b.n	20000854 <hw_endpoint_start_next_buffer+0x24>
2000088a:	2101      	movs	r1, #1
2000088c:	0020      	movs	r0, r4
2000088e:	f7ff feef 	bl	20000670 <prepare_ep_buffer>
20000892:	4305      	orrs	r5, r0
20000894:	4a04      	ldr	r2, [pc, #16]	@ (200008a8 <hw_endpoint_start_next_buffer+0x78>)
20000896:	4032      	ands	r2, r6
20000898:	23a0      	movs	r3, #160	@ 0xa0
2000089a:	05db      	lsls	r3, r3, #23
2000089c:	4313      	orrs	r3, r2
2000089e:	e7e3      	b.n	20000868 <hw_endpoint_start_next_buffer+0x38>
200008a0:	50110000 	.word	0x50110000
200008a4:	afffffff 	.word	0xafffffff
200008a8:	dfffffff 	.word	0xdfffffff

200008ac <hw_endpoint_xfer_continue>:
200008ac:	b570      	push	{r4, r5, r6, lr}
200008ae:	0004      	movs	r4, r0
200008b0:	7e85      	ldrb	r5, [r0, #26]
200008b2:	2d00      	cmp	r5, #0
200008b4:	d006      	beq.n	200008c4 <hw_endpoint_xfer_continue+0x18>
200008b6:	f7ff ff7b 	bl	200007b0 <_hw_endpoint_xfer_sync>
200008ba:	8aa3      	ldrh	r3, [r4, #20]
200008bc:	2b00      	cmp	r3, #0
200008be:	d105      	bne.n	200008cc <hw_endpoint_xfer_continue+0x20>
200008c0:	0028      	movs	r0, r5
200008c2:	bd70      	pop	{r4, r5, r6, pc}
200008c4:	7881      	ldrb	r1, [r0, #2]
200008c6:	4808      	ldr	r0, [pc, #32]	@ (200008e8 <hw_endpoint_xfer_continue+0x3c>)
200008c8:	f001 f8c2 	bl	20001a50 <__panic_veneer>
200008cc:	0020      	movs	r0, r4
200008ce:	f7ff ff1b 	bl	20000708 <e15_is_critical_frame_period>
200008d2:	1e05      	subs	r5, r0, #0
200008d4:	d003      	beq.n	200008de <hw_endpoint_xfer_continue+0x32>
200008d6:	2301      	movs	r3, #1
200008d8:	7723      	strb	r3, [r4, #28]
200008da:	2500      	movs	r5, #0
200008dc:	e7f0      	b.n	200008c0 <hw_endpoint_xfer_continue+0x14>
200008de:	0020      	movs	r0, r4
200008e0:	f7ff ffa6 	bl	20000830 <hw_endpoint_start_next_buffer>
200008e4:	e7ec      	b.n	200008c0 <hw_endpoint_xfer_continue+0x14>
200008e6:	46c0      	nop			@ (mov r8, r8)
200008e8:	10009628 	.word	0x10009628

200008ec <dcd_event_handler>:
200008ec:	b5f0      	push	{r4, r5, r6, r7, lr}
200008ee:	b085      	sub	sp, #20
200008f0:	0006      	movs	r6, r0
200008f2:	000d      	movs	r5, r1
200008f4:	7843      	ldrb	r3, [r0, #1]
200008f6:	2b06      	cmp	r3, #6
200008f8:	d812      	bhi.n	20000920 <dcd_event_handler+0x34>
200008fa:	009b      	lsls	r3, r3, #2
200008fc:	4a69      	ldr	r2, [pc, #420]	@ (20000aa4 <dcd_event_handler+0x1b8>)
200008fe:	58d3      	ldr	r3, [r2, r3]
20000900:	469f      	mov	pc, r3
20000902:	4b69      	ldr	r3, [pc, #420]	@ (20000aa8 <dcd_event_handler+0x1bc>)
20000904:	781a      	ldrb	r2, [r3, #0]
20000906:	2101      	movs	r1, #1
20000908:	438a      	bics	r2, r1
2000090a:	701a      	strb	r2, [r3, #0]
2000090c:	781a      	ldrb	r2, [r3, #0]
2000090e:	3101      	adds	r1, #1
20000910:	438a      	bics	r2, r1
20000912:	701a      	strb	r2, [r3, #0]
20000914:	2200      	movs	r2, #0
20000916:	705a      	strb	r2, [r3, #1]
20000918:	781a      	ldrb	r2, [r3, #0]
2000091a:	3102      	adds	r1, #2
2000091c:	438a      	bics	r2, r1
2000091e:	701a      	strb	r2, [r3, #0]
20000920:	4b62      	ldr	r3, [pc, #392]	@ (20000aac <dcd_event_handler+0x1c0>)
20000922:	681c      	ldr	r4, [r3, #0]
20000924:	0020      	movs	r0, r4
20000926:	3014      	adds	r0, #20
20000928:	f001 f88a 	bl	20001a40 <__critical_section_enter_blocking_veneer>
2000092c:	0031      	movs	r1, r6
2000092e:	0020      	movs	r0, r4
20000930:	f001 f876 	bl	20001a20 <__tu_fifo_write_veneer>
20000934:	6962      	ldr	r2, [r4, #20]
20000936:	69a3      	ldr	r3, [r4, #24]
20000938:	f3bf 8f5f 	dmb	sy
2000093c:	2100      	movs	r1, #0
2000093e:	6011      	str	r1, [r2, #0]
20000940:	f383 8810 	msr	PRIMASK, r3
20000944:	2800      	cmp	r0, #0
20000946:	d100      	bne.n	2000094a <dcd_event_handler+0x5e>
20000948:	e0a4      	b.n	20000a94 <dcd_event_handler+0x1a8>
2000094a:	7830      	ldrb	r0, [r6, #0]
2000094c:	7871      	ldrb	r1, [r6, #1]
2000094e:	002a      	movs	r2, r5
20000950:	f001 f84e 	bl	200019f0 <__tud_event_hook_cb_veneer>
20000954:	b005      	add	sp, #20
20000956:	bdf0      	pop	{r4, r5, r6, r7, pc}
20000958:	4b53      	ldr	r3, [pc, #332]	@ (20000aa8 <dcd_event_handler+0x1bc>)
2000095a:	781b      	ldrb	r3, [r3, #0]
2000095c:	07db      	lsls	r3, r3, #31
2000095e:	d5f9      	bpl.n	20000954 <dcd_event_handler+0x68>
20000960:	4a51      	ldr	r2, [pc, #324]	@ (20000aa8 <dcd_event_handler+0x1bc>)
20000962:	7813      	ldrb	r3, [r2, #0]
20000964:	2104      	movs	r1, #4
20000966:	430b      	orrs	r3, r1
20000968:	7013      	strb	r3, [r2, #0]
2000096a:	e7d9      	b.n	20000920 <dcd_event_handler+0x34>
2000096c:	4b4e      	ldr	r3, [pc, #312]	@ (20000aa8 <dcd_event_handler+0x1bc>)
2000096e:	781b      	ldrb	r3, [r3, #0]
20000970:	07db      	lsls	r3, r3, #31
20000972:	d5ef      	bpl.n	20000954 <dcd_event_handler+0x68>
20000974:	4a4c      	ldr	r2, [pc, #304]	@ (20000aa8 <dcd_event_handler+0x1bc>)
20000976:	7813      	ldrb	r3, [r2, #0]
20000978:	2104      	movs	r1, #4
2000097a:	438b      	bics	r3, r1
2000097c:	7013      	strb	r3, [r2, #0]
2000097e:	e7cf      	b.n	20000920 <dcd_event_handler+0x34>
20000980:	1a9b      	subs	r3, r3, r2
20000982:	015b      	lsls	r3, r3, #5
20000984:	4a4a      	ldr	r2, [pc, #296]	@ (20000ab0 <dcd_event_handler+0x1c4>)
20000986:	189b      	adds	r3, r3, r2
20000988:	69db      	ldr	r3, [r3, #28]
2000098a:	2b00      	cmp	r3, #0
2000098c:	d002      	beq.n	20000994 <dcd_event_handler+0xa8>
2000098e:	7830      	ldrb	r0, [r6, #0]
20000990:	6871      	ldr	r1, [r6, #4]
20000992:	4798      	blx	r3
20000994:	3401      	adds	r4, #1
20000996:	b2e4      	uxtb	r4, r4
20000998:	4b46      	ldr	r3, [pc, #280]	@ (20000ab4 <dcd_event_handler+0x1c8>)
2000099a:	781a      	ldrb	r2, [r3, #0]
2000099c:	0023      	movs	r3, r4
2000099e:	1c51      	adds	r1, r2, #1
200009a0:	42a1      	cmp	r1, r4
200009a2:	db0a      	blt.n	200009ba <dcd_event_handler+0xce>
200009a4:	42a2      	cmp	r2, r4
200009a6:	d9eb      	bls.n	20000980 <dcd_event_handler+0x94>
200009a8:	4b43      	ldr	r3, [pc, #268]	@ (20000ab8 <dcd_event_handler+0x1cc>)
200009aa:	681b      	ldr	r3, [r3, #0]
200009ac:	0162      	lsls	r2, r4, #5
200009ae:	189b      	adds	r3, r3, r2
200009b0:	2b00      	cmp	r3, #0
200009b2:	d1e9      	bne.n	20000988 <dcd_event_handler+0x9c>
200009b4:	e7ee      	b.n	20000994 <dcd_event_handler+0xa8>
200009b6:	2400      	movs	r4, #0
200009b8:	e7ee      	b.n	20000998 <dcd_event_handler+0xac>
200009ba:	4b3b      	ldr	r3, [pc, #236]	@ (20000aa8 <dcd_event_handler+0x1bc>)
200009bc:	781b      	ldrb	r3, [r3, #0]
200009be:	075b      	lsls	r3, r3, #29
200009c0:	d42a      	bmi.n	20000a18 <dcd_event_handler+0x12c>
200009c2:	4b39      	ldr	r3, [pc, #228]	@ (20000aa8 <dcd_event_handler+0x1bc>)
200009c4:	78db      	ldrb	r3, [r3, #3]
200009c6:	07db      	lsls	r3, r3, #31
200009c8:	d5c4      	bpl.n	20000954 <dcd_event_handler+0x68>
200009ca:	ac01      	add	r4, sp, #4
200009cc:	220c      	movs	r2, #12
200009ce:	2100      	movs	r1, #0
200009d0:	0020      	movs	r0, r4
200009d2:	f001 f845 	bl	20001a60 <____wrap_memset_veneer>
200009d6:	7833      	ldrb	r3, [r6, #0]
200009d8:	7023      	strb	r3, [r4, #0]
200009da:	2303      	movs	r3, #3
200009dc:	7063      	strb	r3, [r4, #1]
200009de:	6873      	ldr	r3, [r6, #4]
200009e0:	9302      	str	r3, [sp, #8]
200009e2:	4b32      	ldr	r3, [pc, #200]	@ (20000aac <dcd_event_handler+0x1c0>)
200009e4:	681e      	ldr	r6, [r3, #0]
200009e6:	0030      	movs	r0, r6
200009e8:	3014      	adds	r0, #20
200009ea:	f001 f829 	bl	20001a40 <__critical_section_enter_blocking_veneer>
200009ee:	0021      	movs	r1, r4
200009f0:	0030      	movs	r0, r6
200009f2:	f001 f815 	bl	20001a20 <__tu_fifo_write_veneer>
200009f6:	6972      	ldr	r2, [r6, #20]
200009f8:	69b3      	ldr	r3, [r6, #24]
200009fa:	f3bf 8f5f 	dmb	sy
200009fe:	2100      	movs	r1, #0
20000a00:	6011      	str	r1, [r2, #0]
20000a02:	f383 8810 	msr	PRIMASK, r3
20000a06:	2800      	cmp	r0, #0
20000a08:	d037      	beq.n	20000a7a <dcd_event_handler+0x18e>
20000a0a:	ab01      	add	r3, sp, #4
20000a0c:	7818      	ldrb	r0, [r3, #0]
20000a0e:	7859      	ldrb	r1, [r3, #1]
20000a10:	002a      	movs	r2, r5
20000a12:	f000 ffed 	bl	200019f0 <__tud_event_hook_cb_veneer>
20000a16:	e79d      	b.n	20000954 <dcd_event_handler+0x68>
20000a18:	4a23      	ldr	r2, [pc, #140]	@ (20000aa8 <dcd_event_handler+0x1bc>)
20000a1a:	7813      	ldrb	r3, [r2, #0]
20000a1c:	2104      	movs	r1, #4
20000a1e:	438b      	bics	r3, r1
20000a20:	7013      	strb	r3, [r2, #0]
20000a22:	af01      	add	r7, sp, #4
20000a24:	220c      	movs	r2, #12
20000a26:	2100      	movs	r1, #0
20000a28:	0038      	movs	r0, r7
20000a2a:	f001 f819 	bl	20001a60 <____wrap_memset_veneer>
20000a2e:	7833      	ldrb	r3, [r6, #0]
20000a30:	703b      	strb	r3, [r7, #0]
20000a32:	2305      	movs	r3, #5
20000a34:	707b      	strb	r3, [r7, #1]
20000a36:	4b1d      	ldr	r3, [pc, #116]	@ (20000aac <dcd_event_handler+0x1c0>)
20000a38:	681c      	ldr	r4, [r3, #0]
20000a3a:	0020      	movs	r0, r4
20000a3c:	3014      	adds	r0, #20
20000a3e:	f000 ffff 	bl	20001a40 <__critical_section_enter_blocking_veneer>
20000a42:	0039      	movs	r1, r7
20000a44:	0020      	movs	r0, r4
20000a46:	f000 ffeb 	bl	20001a20 <__tu_fifo_write_veneer>
20000a4a:	6962      	ldr	r2, [r4, #20]
20000a4c:	69a3      	ldr	r3, [r4, #24]
20000a4e:	f3bf 8f5f 	dmb	sy
20000a52:	2100      	movs	r1, #0
20000a54:	6011      	str	r1, [r2, #0]
20000a56:	f383 8810 	msr	PRIMASK, r3
20000a5a:	2800      	cmp	r0, #0
20000a5c:	d006      	beq.n	20000a6c <dcd_event_handler+0x180>
20000a5e:	ab01      	add	r3, sp, #4
20000a60:	7818      	ldrb	r0, [r3, #0]
20000a62:	7859      	ldrb	r1, [r3, #1]
20000a64:	002a      	movs	r2, r5
20000a66:	f000 ffc3 	bl	200019f0 <__tud_event_hook_cb_veneer>
20000a6a:	e7aa      	b.n	200009c2 <dcd_event_handler+0xd6>
20000a6c:	2266      	movs	r2, #102	@ 0x66
20000a6e:	4913      	ldr	r1, [pc, #76]	@ (20000abc <dcd_event_handler+0x1d0>)
20000a70:	4813      	ldr	r0, [pc, #76]	@ (20000ac0 <dcd_event_handler+0x1d4>)
20000a72:	32ff      	adds	r2, #255	@ 0xff
20000a74:	f000 ffa4 	bl	200019c0 <____wrap_printf_veneer>
20000a78:	e7a3      	b.n	200009c2 <dcd_event_handler+0xd6>
20000a7a:	2266      	movs	r2, #102	@ 0x66
20000a7c:	490f      	ldr	r1, [pc, #60]	@ (20000abc <dcd_event_handler+0x1d0>)
20000a7e:	4810      	ldr	r0, [pc, #64]	@ (20000ac0 <dcd_event_handler+0x1d4>)
20000a80:	32ff      	adds	r2, #255	@ 0xff
20000a82:	f000 ff9d 	bl	200019c0 <____wrap_printf_veneer>
20000a86:	e765      	b.n	20000954 <dcd_event_handler+0x68>
20000a88:	4a0e      	ldr	r2, [pc, #56]	@ (20000ac4 <dcd_event_handler+0x1d8>)
20000a8a:	7813      	ldrb	r3, [r2, #0]
20000a8c:	3301      	adds	r3, #1
20000a8e:	b2db      	uxtb	r3, r3
20000a90:	7013      	strb	r3, [r2, #0]
20000a92:	e745      	b.n	20000920 <dcd_event_handler+0x34>
20000a94:	2266      	movs	r2, #102	@ 0x66
20000a96:	4909      	ldr	r1, [pc, #36]	@ (20000abc <dcd_event_handler+0x1d0>)
20000a98:	4809      	ldr	r0, [pc, #36]	@ (20000ac0 <dcd_event_handler+0x1d4>)
20000a9a:	32ff      	adds	r2, #255	@ 0xff
20000a9c:	f000 ff90 	bl	200019c0 <____wrap_printf_veneer>
20000aa0:	e758      	b.n	20000954 <dcd_event_handler+0x68>
20000aa2:	46c0      	nop			@ (mov r8, r8)
20000aa4:	10009e68 	.word	0x10009e68
20000aa8:	20002570 	.word	0x20002570
20000aac:	200025c8 	.word	0x200025c8
20000ab0:	10009f88 	.word	0x10009f88
20000ab4:	20003136 	.word	0x20003136
20000ab8:	200023c0 	.word	0x200023c0
20000abc:	10009f04 	.word	0x10009f04
20000ac0:	10009688 	.word	0x10009688
20000ac4:	20003138 	.word	0x20003138

20000ac8 <__aeabi_idiv0>:
20000ac8:	4770      	bx	lr
20000aca:	46c0      	nop			@ (mov r8, r8)

20000acc <selfrel_offset31>:
20000acc:	6803      	ldr	r3, [r0, #0]
20000ace:	005a      	lsls	r2, r3, #1
20000ad0:	d504      	bpl.n	20000adc <selfrel_offset31+0x10>
20000ad2:	2280      	movs	r2, #128	@ 0x80
20000ad4:	0612      	lsls	r2, r2, #24
20000ad6:	4313      	orrs	r3, r2
20000ad8:	18c0      	adds	r0, r0, r3
20000ada:	4770      	bx	lr
20000adc:	005b      	lsls	r3, r3, #1
20000ade:	085b      	lsrs	r3, r3, #1
20000ae0:	e7fa      	b.n	20000ad8 <selfrel_offset31+0xc>
20000ae2:	46c0      	nop			@ (mov r8, r8)

20000ae4 <search_EIT_table>:
20000ae4:	b5f8      	push	{r3, r4, r5, r6, r7, lr}
20000ae6:	464e      	mov	r6, r9
20000ae8:	4645      	mov	r5, r8
20000aea:	46de      	mov	lr, fp
20000aec:	4657      	mov	r7, sl
20000aee:	4680      	mov	r8, r0
20000af0:	4691      	mov	r9, r2
20000af2:	b5e0      	push	{r5, r6, r7, lr}
20000af4:	2900      	cmp	r1, #0
20000af6:	d02a      	beq.n	20000b4e <search_EIT_table+0x6a>
20000af8:	1e4b      	subs	r3, r1, #1
20000afa:	469b      	mov	fp, r3
20000afc:	469a      	mov	sl, r3
20000afe:	2700      	movs	r7, #0
20000b00:	4653      	mov	r3, sl
20000b02:	18fb      	adds	r3, r7, r3
20000b04:	0fdc      	lsrs	r4, r3, #31
20000b06:	18e4      	adds	r4, r4, r3
20000b08:	4643      	mov	r3, r8
20000b0a:	1064      	asrs	r4, r4, #1
20000b0c:	00e5      	lsls	r5, r4, #3
20000b0e:	195e      	adds	r6, r3, r5
20000b10:	0030      	movs	r0, r6
20000b12:	f7ff ffdb 	bl	20000acc <selfrel_offset31>
20000b16:	45a3      	cmp	fp, r4
20000b18:	d010      	beq.n	20000b3c <search_EIT_table+0x58>
20000b1a:	4548      	cmp	r0, r9
20000b1c:	d809      	bhi.n	20000b32 <search_EIT_table+0x4e>
20000b1e:	3508      	adds	r5, #8
20000b20:	0028      	movs	r0, r5
20000b22:	4440      	add	r0, r8
20000b24:	f7ff ffd2 	bl	20000acc <selfrel_offset31>
20000b28:	3801      	subs	r0, #1
20000b2a:	4548      	cmp	r0, r9
20000b2c:	d208      	bcs.n	20000b40 <search_EIT_table+0x5c>
20000b2e:	1c67      	adds	r7, r4, #1
20000b30:	e7e6      	b.n	20000b00 <search_EIT_table+0x1c>
20000b32:	42a7      	cmp	r7, r4
20000b34:	d00b      	beq.n	20000b4e <search_EIT_table+0x6a>
20000b36:	1e63      	subs	r3, r4, #1
20000b38:	469a      	mov	sl, r3
20000b3a:	e7e1      	b.n	20000b00 <search_EIT_table+0x1c>
20000b3c:	4548      	cmp	r0, r9
20000b3e:	d8f8      	bhi.n	20000b32 <search_EIT_table+0x4e>
20000b40:	0030      	movs	r0, r6
20000b42:	bcf0      	pop	{r4, r5, r6, r7}
20000b44:	46bb      	mov	fp, r7
20000b46:	46b2      	mov	sl, r6
20000b48:	46a9      	mov	r9, r5
20000b4a:	46a0      	mov	r8, r4
20000b4c:	bdf8      	pop	{r3, r4, r5, r6, r7, pc}
20000b4e:	2600      	movs	r6, #0
20000b50:	e7f6      	b.n	20000b40 <search_EIT_table+0x5c>
20000b52:	46c0      	nop			@ (mov r8, r8)

20000b54 <__gnu_unwind_get_pr_addr>:
20000b54:	0003      	movs	r3, r0
20000b56:	2801      	cmp	r0, #1
20000b58:	d008      	beq.n	20000b6c <__gnu_unwind_get_pr_addr+0x18>
20000b5a:	2802      	cmp	r0, #2
20000b5c:	d004      	beq.n	20000b68 <__gnu_unwind_get_pr_addr+0x14>
20000b5e:	2000      	movs	r0, #0
20000b60:	2b00      	cmp	r3, #0
20000b62:	d100      	bne.n	20000b66 <__gnu_unwind_get_pr_addr+0x12>
20000b64:	4802      	ldr	r0, [pc, #8]	@ (20000b70 <__gnu_unwind_get_pr_addr+0x1c>)
20000b66:	4770      	bx	lr
20000b68:	4802      	ldr	r0, [pc, #8]	@ (20000b74 <__gnu_unwind_get_pr_addr+0x20>)
20000b6a:	e7fc      	b.n	20000b66 <__gnu_unwind_get_pr_addr+0x12>
20000b6c:	4802      	ldr	r0, [pc, #8]	@ (20000b78 <__gnu_unwind_get_pr_addr+0x24>)
20000b6e:	e7fa      	b.n	20000b66 <__gnu_unwind_get_pr_addr+0x12>
20000b70:	20001265 	.word	0x20001265
20000b74:	2000127d 	.word	0x2000127d
20000b78:	20001271 	.word	0x20001271

20000b7c <get_eit_entry>:
20000b7c:	b530      	push	{r4, r5, lr}
20000b7e:	4b21      	ldr	r3, [pc, #132]	@ (20000c04 <get_eit_entry+0x88>)
20000b80:	0005      	movs	r5, r0
20000b82:	b085      	sub	sp, #20
20000b84:	1e8c      	subs	r4, r1, #2
20000b86:	2b00      	cmp	r3, #0
20000b88:	d026      	beq.n	20000bd8 <get_eit_entry+0x5c>
20000b8a:	0020      	movs	r0, r4
20000b8c:	a903      	add	r1, sp, #12
20000b8e:	e000      	b.n	20000b92 <get_eit_entry+0x16>
20000b90:	bf00      	nop
20000b92:	2800      	cmp	r0, #0
20000b94:	d01d      	beq.n	20000bd2 <get_eit_entry+0x56>
20000b96:	9903      	ldr	r1, [sp, #12]
20000b98:	0022      	movs	r2, r4
20000b9a:	f7ff ffa3 	bl	20000ae4 <search_EIT_table>
20000b9e:	1e04      	subs	r4, r0, #0
20000ba0:	d017      	beq.n	20000bd2 <get_eit_entry+0x56>
20000ba2:	f7ff ff93 	bl	20000acc <selfrel_offset31>
20000ba6:	6863      	ldr	r3, [r4, #4]
20000ba8:	64a8      	str	r0, [r5, #72]	@ 0x48
20000baa:	2b01      	cmp	r3, #1
20000bac:	d027      	beq.n	20000bfe <get_eit_entry+0x82>
20000bae:	1d20      	adds	r0, r4, #4
20000bb0:	2b00      	cmp	r3, #0
20000bb2:	db22      	blt.n	20000bfa <get_eit_entry+0x7e>
20000bb4:	f7ff ff8a 	bl	20000acc <selfrel_offset31>
20000bb8:	2300      	movs	r3, #0
20000bba:	652b      	str	r3, [r5, #80]	@ 0x50
20000bbc:	6803      	ldr	r3, [r0, #0]
20000bbe:	64e8      	str	r0, [r5, #76]	@ 0x4c
20000bc0:	2b00      	cmp	r3, #0
20000bc2:	db0f      	blt.n	20000be4 <get_eit_entry+0x68>
20000bc4:	f7ff ff82 	bl	20000acc <selfrel_offset31>
20000bc8:	0003      	movs	r3, r0
20000bca:	2000      	movs	r0, #0
20000bcc:	612b      	str	r3, [r5, #16]
20000bce:	b005      	add	sp, #20
20000bd0:	bd30      	pop	{r4, r5, pc}
20000bd2:	2300      	movs	r3, #0
20000bd4:	2009      	movs	r0, #9
20000bd6:	e7f9      	b.n	20000bcc <get_eit_entry+0x50>
20000bd8:	4b0b      	ldr	r3, [pc, #44]	@ (20000c08 <get_eit_entry+0x8c>)
20000bda:	480c      	ldr	r0, [pc, #48]	@ (20000c0c <get_eit_entry+0x90>)
20000bdc:	1a1b      	subs	r3, r3, r0
20000bde:	10d9      	asrs	r1, r3, #3
20000be0:	9103      	str	r1, [sp, #12]
20000be2:	e7d9      	b.n	20000b98 <get_eit_entry+0x1c>
20000be4:	0118      	lsls	r0, r3, #4
20000be6:	0f00      	lsrs	r0, r0, #28
20000be8:	f7ff ffb4 	bl	20000b54 <__gnu_unwind_get_pr_addr>
20000bec:	0003      	movs	r3, r0
20000bee:	425a      	negs	r2, r3
20000bf0:	415a      	adcs	r2, r3
20000bf2:	2009      	movs	r0, #9
20000bf4:	4252      	negs	r2, r2
20000bf6:	4010      	ands	r0, r2
20000bf8:	e7e8      	b.n	20000bcc <get_eit_entry+0x50>
20000bfa:	2301      	movs	r3, #1
20000bfc:	e7dd      	b.n	20000bba <get_eit_entry+0x3e>
20000bfe:	2300      	movs	r3, #0
20000c00:	2005      	movs	r0, #5
20000c02:	e7e3      	b.n	20000bcc <get_eit_entry+0x50>
20000c04:	00000000 	.word	0x00000000
20000c08:	1000a370 	.word	0x1000a370
20000c0c:	1000a210 	.word	0x1000a210

20000c10 <restore_non_core_regs>:
20000c10:	6803      	ldr	r3, [r0, #0]
20000c12:	b510      	push	{r4, lr}
20000c14:	0004      	movs	r4, r0
20000c16:	07da      	lsls	r2, r3, #31
20000c18:	d405      	bmi.n	20000c26 <restore_non_core_regs+0x16>
20000c1a:	079b      	lsls	r3, r3, #30
20000c1c:	d50a      	bpl.n	20000c34 <restore_non_core_regs+0x24>
20000c1e:	3050      	adds	r0, #80	@ 0x50
20000c20:	f000 fca2 	bl	20001568 <__gnu_Unwind_Restore_VFP_D>
20000c24:	6823      	ldr	r3, [r4, #0]
20000c26:	075a      	lsls	r2, r3, #29
20000c28:	d50a      	bpl.n	20000c40 <restore_non_core_regs+0x30>
20000c2a:	071a      	lsls	r2, r3, #28
20000c2c:	d50f      	bpl.n	20000c4e <restore_non_core_regs+0x3e>
20000c2e:	06db      	lsls	r3, r3, #27
20000c30:	d515      	bpl.n	20000c5e <restore_non_core_regs+0x4e>
20000c32:	bd10      	pop	{r4, pc}
20000c34:	3050      	adds	r0, #80	@ 0x50
20000c36:	f000 fc93 	bl	20001560 <__gnu_Unwind_Restore_VFP>
20000c3a:	6823      	ldr	r3, [r4, #0]
20000c3c:	075a      	lsls	r2, r3, #29
20000c3e:	d4f4      	bmi.n	20000c2a <restore_non_core_regs+0x1a>
20000c40:	0020      	movs	r0, r4
20000c42:	30d8      	adds	r0, #216	@ 0xd8
20000c44:	f000 fc94 	bl	20001570 <__gnu_Unwind_Restore_VFP_D_16_to_31>
20000c48:	6823      	ldr	r3, [r4, #0]
20000c4a:	071a      	lsls	r2, r3, #28
20000c4c:	d4ef      	bmi.n	20000c2e <restore_non_core_regs+0x1e>
20000c4e:	0020      	movs	r0, r4
20000c50:	3059      	adds	r0, #89	@ 0x59
20000c52:	30ff      	adds	r0, #255	@ 0xff
20000c54:	f000 fc90 	bl	20001578 <__gnu_Unwind_Restore_WMMXD>
20000c58:	6823      	ldr	r3, [r4, #0]
20000c5a:	06db      	lsls	r3, r3, #27
20000c5c:	d4e9      	bmi.n	20000c32 <restore_non_core_regs+0x22>
20000c5e:	0020      	movs	r0, r4
20000c60:	30d9      	adds	r0, #217	@ 0xd9
20000c62:	30ff      	adds	r0, #255	@ 0xff
20000c64:	f000 fc8c 	bl	20001580 <__gnu_Unwind_Restore_WMMXC>
20000c68:	e7e3      	b.n	20000c32 <restore_non_core_regs+0x22>
20000c6a:	46c0      	nop			@ (mov r8, r8)

20000c6c <_Unwind_decode_typeinfo_ptr.constprop.0>:
20000c6c:	0003      	movs	r3, r0
20000c6e:	6800      	ldr	r0, [r0, #0]
20000c70:	2800      	cmp	r0, #0
20000c72:	d000      	beq.n	20000c76 <_Unwind_decode_typeinfo_ptr.constprop.0+0xa>
20000c74:	18c0      	adds	r0, r0, r3
20000c76:	4770      	bx	lr

20000c78 <_Unwind_DebugHook>:
20000c78:	4770      	bx	lr
20000c7a:	46c0      	nop			@ (mov r8, r8)

20000c7c <unwind_phase2>:
20000c7c:	b570      	push	{r4, r5, r6, lr}
20000c7e:	0004      	movs	r4, r0
20000c80:	000d      	movs	r5, r1
20000c82:	0020      	movs	r0, r4
20000c84:	6c29      	ldr	r1, [r5, #64]	@ 0x40
20000c86:	f7ff ff79 	bl	20000b7c <get_eit_entry>
20000c8a:	2800      	cmp	r0, #0
20000c8c:	d111      	bne.n	20000cb2 <unwind_phase2+0x36>
20000c8e:	6c2b      	ldr	r3, [r5, #64]	@ 0x40
20000c90:	002a      	movs	r2, r5
20000c92:	6163      	str	r3, [r4, #20]
20000c94:	0021      	movs	r1, r4
20000c96:	2001      	movs	r0, #1
20000c98:	6923      	ldr	r3, [r4, #16]
20000c9a:	4798      	blx	r3
20000c9c:	2808      	cmp	r0, #8
20000c9e:	d0f0      	beq.n	20000c82 <unwind_phase2+0x6>
20000ca0:	2807      	cmp	r0, #7
20000ca2:	d106      	bne.n	20000cb2 <unwind_phase2+0x36>
20000ca4:	2000      	movs	r0, #0
20000ca6:	6c29      	ldr	r1, [r5, #64]	@ 0x40
20000ca8:	f7ff ffe6 	bl	20000c78 <_Unwind_DebugHook>
20000cac:	1d28      	adds	r0, r5, #4
20000cae:	f000 fc41 	bl	20001534 <__restore_core_regs>
20000cb2:	f000 fead 	bl	20001a10 <__abort_veneer>
20000cb6:	46c0      	nop			@ (mov r8, r8)

20000cb8 <unwind_phase2_forced>:
20000cb8:	b5f0      	push	{r4, r5, r6, r7, lr}
20000cba:	46de      	mov	lr, fp
20000cbc:	464e      	mov	r6, r9
20000cbe:	4657      	mov	r7, sl
20000cc0:	4645      	mov	r5, r8
20000cc2:	b5e0      	push	{r5, r6, r7, lr}
20000cc4:	68c3      	ldr	r3, [r0, #12]
20000cc6:	4c31      	ldr	r4, [pc, #196]	@ (20000d8c <unwind_phase2_forced+0xd4>)
20000cc8:	4699      	mov	r9, r3
20000cca:	44a5      	add	sp, r4
20000ccc:	6983      	ldr	r3, [r0, #24]
20000cce:	0005      	movs	r5, r0
20000cd0:	0016      	movs	r6, r2
20000cd2:	3104      	adds	r1, #4
20000cd4:	2240      	movs	r2, #64	@ 0x40
20000cd6:	a803      	add	r0, sp, #12
20000cd8:	469a      	mov	sl, r3
20000cda:	f000 fea9 	bl	20001a30 <____wrap_memcpy_veneer>
20000cde:	2300      	movs	r3, #0
20000ce0:	9302      	str	r3, [sp, #8]
20000ce2:	ab7c      	add	r3, sp, #496	@ 0x1f0
20000ce4:	469b      	mov	fp, r3
20000ce6:	ac02      	add	r4, sp, #8
20000ce8:	e023      	b.n	20000d32 <unwind_phase2_forced+0x7a>
20000cea:	22f4      	movs	r2, #244	@ 0xf4
20000cec:	6c23      	ldr	r3, [r4, #64]	@ 0x40
20000cee:	0021      	movs	r1, r4
20000cf0:	616b      	str	r3, [r5, #20]
20000cf2:	0052      	lsls	r2, r2, #1
20000cf4:	4658      	mov	r0, fp
20000cf6:	f000 fe9b 	bl	20001a30 <____wrap_memcpy_veneer>
20000cfa:	465a      	mov	r2, fp
20000cfc:	0029      	movs	r1, r5
20000cfe:	692b      	ldr	r3, [r5, #16]
20000d00:	4640      	mov	r0, r8
20000d02:	4798      	blx	r3
20000d04:	465b      	mov	r3, fp
20000d06:	6b9b      	ldr	r3, [r3, #56]	@ 0x38
20000d08:	0007      	movs	r7, r0
20000d0a:	64a3      	str	r3, [r4, #72]	@ 0x48
20000d0c:	4653      	mov	r3, sl
20000d0e:	002a      	movs	r2, r5
20000d10:	9301      	str	r3, [sp, #4]
20000d12:	0031      	movs	r1, r6
20000d14:	002b      	movs	r3, r5
20000d16:	2001      	movs	r0, #1
20000d18:	9400      	str	r4, [sp, #0]
20000d1a:	47c8      	blx	r9
20000d1c:	2800      	cmp	r0, #0
20000d1e:	d12c      	bne.n	20000d7a <unwind_phase2_forced+0xc2>
20000d20:	22f4      	movs	r2, #244	@ 0xf4
20000d22:	4659      	mov	r1, fp
20000d24:	0020      	movs	r0, r4
20000d26:	0052      	lsls	r2, r2, #1
20000d28:	f000 fe82 	bl	20001a30 <____wrap_memcpy_veneer>
20000d2c:	2600      	movs	r6, #0
20000d2e:	2f08      	cmp	r7, #8
20000d30:	d121      	bne.n	20000d76 <unwind_phase2_forced+0xbe>
20000d32:	0028      	movs	r0, r5
20000d34:	6c21      	ldr	r1, [r4, #64]	@ 0x40
20000d36:	f7ff ff21 	bl	20000b7c <get_eit_entry>
20000d3a:	3609      	adds	r6, #9
20000d3c:	b2f3      	uxtb	r3, r6
20000d3e:	1e07      	subs	r7, r0, #0
20000d40:	4698      	mov	r8, r3
20000d42:	d0d2      	beq.n	20000cea <unwind_phase2_forced+0x32>
20000d44:	6ba3      	ldr	r3, [r4, #56]	@ 0x38
20000d46:	2110      	movs	r1, #16
20000d48:	64a3      	str	r3, [r4, #72]	@ 0x48
20000d4a:	4643      	mov	r3, r8
20000d4c:	430b      	orrs	r3, r1
20000d4e:	0019      	movs	r1, r3
20000d50:	4653      	mov	r3, sl
20000d52:	002a      	movs	r2, r5
20000d54:	9301      	str	r3, [sp, #4]
20000d56:	2001      	movs	r0, #1
20000d58:	002b      	movs	r3, r5
20000d5a:	9400      	str	r4, [sp, #0]
20000d5c:	47c8      	blx	r9
20000d5e:	2800      	cmp	r0, #0
20000d60:	d10b      	bne.n	20000d7a <unwind_phase2_forced+0xc2>
20000d62:	0038      	movs	r0, r7
20000d64:	23f7      	movs	r3, #247	@ 0xf7
20000d66:	009b      	lsls	r3, r3, #2
20000d68:	449d      	add	sp, r3
20000d6a:	bcf0      	pop	{r4, r5, r6, r7}
20000d6c:	46bb      	mov	fp, r7
20000d6e:	46b2      	mov	sl, r6
20000d70:	46a9      	mov	r9, r5
20000d72:	46a0      	mov	r8, r4
20000d74:	bdf0      	pop	{r4, r5, r6, r7, pc}
20000d76:	2f07      	cmp	r7, #7
20000d78:	d001      	beq.n	20000d7e <unwind_phase2_forced+0xc6>
20000d7a:	2709      	movs	r7, #9
20000d7c:	e7f1      	b.n	20000d62 <unwind_phase2_forced+0xaa>
20000d7e:	0030      	movs	r0, r6
20000d80:	6c21      	ldr	r1, [r4, #64]	@ 0x40
20000d82:	f7ff ff79 	bl	20000c78 <_Unwind_DebugHook>
20000d86:	a803      	add	r0, sp, #12
20000d88:	f000 fbd4 	bl	20001534 <__restore_core_regs>
20000d8c:	fffffc24 	.word	0xfffffc24

20000d90 <__gnu_Unwind_RaiseException>:
20000d90:	b5f0      	push	{r4, r5, r6, r7, lr}
20000d92:	6bcb      	ldr	r3, [r1, #60]	@ 0x3c
20000d94:	b0fb      	sub	sp, #492	@ 0x1ec
20000d96:	0005      	movs	r5, r0
20000d98:	640b      	str	r3, [r1, #64]	@ 0x40
20000d9a:	000f      	movs	r7, r1
20000d9c:	2240      	movs	r2, #64	@ 0x40
20000d9e:	3104      	adds	r1, #4
20000da0:	a801      	add	r0, sp, #4
20000da2:	f000 fe45 	bl	20001a30 <____wrap_memcpy_veneer>
20000da6:	2301      	movs	r3, #1
20000da8:	425b      	negs	r3, r3
20000daa:	466e      	mov	r6, sp
20000dac:	9300      	str	r3, [sp, #0]
20000dae:	e006      	b.n	20000dbe <__gnu_Unwind_RaiseException+0x2e>
20000db0:	0032      	movs	r2, r6
20000db2:	0029      	movs	r1, r5
20000db4:	692b      	ldr	r3, [r5, #16]
20000db6:	4798      	blx	r3
20000db8:	0004      	movs	r4, r0
20000dba:	2808      	cmp	r0, #8
20000dbc:	d108      	bne.n	20000dd0 <__gnu_Unwind_RaiseException+0x40>
20000dbe:	0028      	movs	r0, r5
20000dc0:	6c31      	ldr	r1, [r6, #64]	@ 0x40
20000dc2:	f7ff fedb 	bl	20000b7c <get_eit_entry>
20000dc6:	2800      	cmp	r0, #0
20000dc8:	d0f2      	beq.n	20000db0 <__gnu_Unwind_RaiseException+0x20>
20000dca:	2009      	movs	r0, #9
20000dcc:	b07b      	add	sp, #492	@ 0x1ec
20000dce:	bdf0      	pop	{r4, r5, r6, r7, pc}
20000dd0:	0030      	movs	r0, r6
20000dd2:	f7ff ff1d 	bl	20000c10 <restore_non_core_regs>
20000dd6:	2c06      	cmp	r4, #6
20000dd8:	d1f7      	bne.n	20000dca <__gnu_Unwind_RaiseException+0x3a>
20000dda:	0039      	movs	r1, r7
20000ddc:	0028      	movs	r0, r5
20000dde:	f7ff ff4d 	bl	20000c7c <unwind_phase2>
20000de2:	46c0      	nop			@ (mov r8, r8)

20000de4 <__gnu_Unwind_ForcedUnwind>:
20000de4:	b510      	push	{r4, lr}
20000de6:	6182      	str	r2, [r0, #24]
20000de8:	6bda      	ldr	r2, [r3, #60]	@ 0x3c
20000dea:	60c1      	str	r1, [r0, #12]
20000dec:	641a      	str	r2, [r3, #64]	@ 0x40
20000dee:	0019      	movs	r1, r3
20000df0:	2200      	movs	r2, #0
20000df2:	f7ff ff61 	bl	20000cb8 <unwind_phase2_forced>
20000df6:	bd10      	pop	{r4, pc}

20000df8 <__gnu_Unwind_Resume>:
20000df8:	6943      	ldr	r3, [r0, #20]
20000dfa:	b570      	push	{r4, r5, r6, lr}
20000dfc:	640b      	str	r3, [r1, #64]	@ 0x40
20000dfe:	68c3      	ldr	r3, [r0, #12]
20000e00:	0004      	movs	r4, r0
20000e02:	000d      	movs	r5, r1
20000e04:	2b00      	cmp	r3, #0
20000e06:	d113      	bne.n	20000e30 <__gnu_Unwind_Resume+0x38>
20000e08:	000a      	movs	r2, r1
20000e0a:	6903      	ldr	r3, [r0, #16]
20000e0c:	0001      	movs	r1, r0
20000e0e:	2002      	movs	r0, #2
20000e10:	4798      	blx	r3
20000e12:	2807      	cmp	r0, #7
20000e14:	d005      	beq.n	20000e22 <__gnu_Unwind_Resume+0x2a>
20000e16:	2808      	cmp	r0, #8
20000e18:	d10f      	bne.n	20000e3a <__gnu_Unwind_Resume+0x42>
20000e1a:	0029      	movs	r1, r5
20000e1c:	0020      	movs	r0, r4
20000e1e:	f7ff ff2d 	bl	20000c7c <unwind_phase2>
20000e22:	2000      	movs	r0, #0
20000e24:	6c29      	ldr	r1, [r5, #64]	@ 0x40
20000e26:	f7ff ff27 	bl	20000c78 <_Unwind_DebugHook>
20000e2a:	1d28      	adds	r0, r5, #4
20000e2c:	f000 fb82 	bl	20001534 <__restore_core_regs>
20000e30:	2201      	movs	r2, #1
20000e32:	f7ff ff41 	bl	20000cb8 <unwind_phase2_forced>
20000e36:	f000 fdeb 	bl	20001a10 <__abort_veneer>
20000e3a:	f000 fde9 	bl	20001a10 <__abort_veneer>
20000e3e:	46c0      	nop			@ (mov r8, r8)

20000e40 <__gnu_Unwind_Resume_or_Rethrow>:
20000e40:	68c3      	ldr	r3, [r0, #12]
20000e42:	b510      	push	{r4, lr}
20000e44:	2b00      	cmp	r3, #0
20000e46:	d005      	beq.n	20000e54 <__gnu_Unwind_Resume_or_Rethrow+0x14>
20000e48:	6bcb      	ldr	r3, [r1, #60]	@ 0x3c
20000e4a:	2200      	movs	r2, #0
20000e4c:	640b      	str	r3, [r1, #64]	@ 0x40
20000e4e:	f7ff ff33 	bl	20000cb8 <unwind_phase2_forced>
20000e52:	bd10      	pop	{r4, pc}
20000e54:	f7ff ff9c 	bl	20000d90 <__gnu_Unwind_RaiseException>
20000e58:	2009      	movs	r0, #9
20000e5a:	e7fa      	b.n	20000e52 <__gnu_Unwind_Resume_or_Rethrow+0x12>

20000e5c <_Unwind_VRS_Get>:
20000e5c:	2904      	cmp	r1, #4
20000e5e:	d808      	bhi.n	20000e72 <_Unwind_VRS_Get+0x16>
20000e60:	2902      	cmp	r1, #2
20000e62:	d81a      	bhi.n	20000e9a <_Unwind_VRS_Get+0x3e>
20000e64:	2900      	cmp	r1, #0
20000e66:	d00b      	beq.n	20000e80 <_Unwind_VRS_Get+0x24>
20000e68:	1e48      	subs	r0, r1, #1
20000e6a:	1e43      	subs	r3, r0, #1
20000e6c:	4198      	sbcs	r0, r3
20000e6e:	3001      	adds	r0, #1
20000e70:	4770      	bx	lr
20000e72:	2905      	cmp	r1, #5
20000e74:	d10f      	bne.n	20000e96 <_Unwind_VRS_Get+0x3a>
20000e76:	6c43      	ldr	r3, [r0, #68]	@ 0x44
20000e78:	9a00      	ldr	r2, [sp, #0]
20000e7a:	2000      	movs	r0, #0
20000e7c:	6013      	str	r3, [r2, #0]
20000e7e:	e7f7      	b.n	20000e70 <_Unwind_VRS_Get+0x14>
20000e80:	2b00      	cmp	r3, #0
20000e82:	d108      	bne.n	20000e96 <_Unwind_VRS_Get+0x3a>
20000e84:	2a0f      	cmp	r2, #15
20000e86:	d806      	bhi.n	20000e96 <_Unwind_VRS_Get+0x3a>
20000e88:	0092      	lsls	r2, r2, #2
20000e8a:	1880      	adds	r0, r0, r2
20000e8c:	6843      	ldr	r3, [r0, #4]
20000e8e:	9a00      	ldr	r2, [sp, #0]
20000e90:	2000      	movs	r0, #0
20000e92:	6013      	str	r3, [r2, #0]
20000e94:	e7ec      	b.n	20000e70 <_Unwind_VRS_Get+0x14>
20000e96:	2002      	movs	r0, #2
20000e98:	e7ea      	b.n	20000e70 <_Unwind_VRS_Get+0x14>
20000e9a:	2001      	movs	r0, #1
20000e9c:	e7e8      	b.n	20000e70 <_Unwind_VRS_Get+0x14>
20000e9e:	46c0      	nop			@ (mov r8, r8)

20000ea0 <_Unwind_GetGR>:
20000ea0:	b500      	push	{lr}
20000ea2:	b085      	sub	sp, #20
20000ea4:	ab03      	add	r3, sp, #12
20000ea6:	000a      	movs	r2, r1
20000ea8:	9300      	str	r3, [sp, #0]
20000eaa:	2100      	movs	r1, #0
20000eac:	2300      	movs	r3, #0
20000eae:	f7ff ffd5 	bl	20000e5c <_Unwind_VRS_Get>
20000eb2:	9803      	ldr	r0, [sp, #12]
20000eb4:	b005      	add	sp, #20
20000eb6:	bd00      	pop	{pc}

20000eb8 <_Unwind_VRS_Set>:
20000eb8:	2904      	cmp	r1, #4
20000eba:	d808      	bhi.n	20000ece <_Unwind_VRS_Set+0x16>
20000ebc:	2902      	cmp	r1, #2
20000ebe:	d81a      	bhi.n	20000ef6 <_Unwind_VRS_Set+0x3e>
20000ec0:	2900      	cmp	r1, #0
20000ec2:	d00b      	beq.n	20000edc <_Unwind_VRS_Set+0x24>
20000ec4:	1e48      	subs	r0, r1, #1
20000ec6:	1e43      	subs	r3, r0, #1
20000ec8:	4198      	sbcs	r0, r3
20000eca:	3001      	adds	r0, #1
20000ecc:	4770      	bx	lr
20000ece:	2905      	cmp	r1, #5
20000ed0:	d10f      	bne.n	20000ef2 <_Unwind_VRS_Set+0x3a>
20000ed2:	9b00      	ldr	r3, [sp, #0]
20000ed4:	681b      	ldr	r3, [r3, #0]
20000ed6:	6443      	str	r3, [r0, #68]	@ 0x44
20000ed8:	2000      	movs	r0, #0
20000eda:	e7f7      	b.n	20000ecc <_Unwind_VRS_Set+0x14>
20000edc:	2b00      	cmp	r3, #0
20000ede:	d108      	bne.n	20000ef2 <_Unwind_VRS_Set+0x3a>
20000ee0:	2a0f      	cmp	r2, #15
20000ee2:	d806      	bhi.n	20000ef2 <_Unwind_VRS_Set+0x3a>
20000ee4:	9b00      	ldr	r3, [sp, #0]
20000ee6:	0092      	lsls	r2, r2, #2
20000ee8:	681b      	ldr	r3, [r3, #0]
20000eea:	1880      	adds	r0, r0, r2
20000eec:	6043      	str	r3, [r0, #4]
20000eee:	2000      	movs	r0, #0
20000ef0:	e7ec      	b.n	20000ecc <_Unwind_VRS_Set+0x14>
20000ef2:	2002      	movs	r0, #2
20000ef4:	e7ea      	b.n	20000ecc <_Unwind_VRS_Set+0x14>
20000ef6:	2001      	movs	r0, #1
20000ef8:	e7e8      	b.n	20000ecc <_Unwind_VRS_Set+0x14>
20000efa:	46c0      	nop			@ (mov r8, r8)

20000efc <_Unwind_SetGR>:
20000efc:	b500      	push	{lr}
20000efe:	b085      	sub	sp, #20
20000f00:	ab03      	add	r3, sp, #12
20000f02:	9203      	str	r2, [sp, #12]
20000f04:	9300      	str	r3, [sp, #0]
20000f06:	000a      	movs	r2, r1
20000f08:	2300      	movs	r3, #0
20000f0a:	2100      	movs	r1, #0
20000f0c:	f7ff ffd4 	bl	20000eb8 <_Unwind_VRS_Set>
20000f10:	b005      	add	sp, #20
20000f12:	bd00      	pop	{pc}

20000f14 <__gnu_Unwind_Backtrace>:
20000f14:	b5f0      	push	{r4, r5, r6, r7, lr}
20000f16:	46c6      	mov	lr, r8
20000f18:	b500      	push	{lr}
20000f1a:	4c1b      	ldr	r4, [pc, #108]	@ (20000f88 <__gnu_Unwind_Backtrace+0x74>)
20000f1c:	6bd3      	ldr	r3, [r2, #60]	@ 0x3c
20000f1e:	44a5      	add	sp, r4
20000f20:	0007      	movs	r7, r0
20000f22:	6413      	str	r3, [r2, #64]	@ 0x40
20000f24:	000e      	movs	r6, r1
20000f26:	a817      	add	r0, sp, #92	@ 0x5c
20000f28:	1d11      	adds	r1, r2, #4
20000f2a:	2240      	movs	r2, #64	@ 0x40
20000f2c:	f000 fd80 	bl	20001a30 <____wrap_memcpy_veneer>
20000f30:	2301      	movs	r3, #1
20000f32:	425b      	negs	r3, r3
20000f34:	466d      	mov	r5, sp
20000f36:	9316      	str	r3, [sp, #88]	@ 0x58
20000f38:	ac16      	add	r4, sp, #88	@ 0x58
20000f3a:	e013      	b.n	20000f64 <__gnu_Unwind_Backtrace+0x50>
20000f3c:	210c      	movs	r1, #12
20000f3e:	0020      	movs	r0, r4
20000f40:	002a      	movs	r2, r5
20000f42:	f7ff ffdb 	bl	20000efc <_Unwind_SetGR>
20000f46:	0031      	movs	r1, r6
20000f48:	0020      	movs	r0, r4
20000f4a:	47b8      	blx	r7
20000f4c:	2800      	cmp	r0, #0
20000f4e:	d10f      	bne.n	20000f70 <__gnu_Unwind_Backtrace+0x5c>
20000f50:	0022      	movs	r2, r4
20000f52:	0029      	movs	r1, r5
20000f54:	692b      	ldr	r3, [r5, #16]
20000f56:	3008      	adds	r0, #8
20000f58:	4798      	blx	r3
20000f5a:	4680      	mov	r8, r0
20000f5c:	2805      	cmp	r0, #5
20000f5e:	d009      	beq.n	20000f74 <__gnu_Unwind_Backtrace+0x60>
20000f60:	2809      	cmp	r0, #9
20000f62:	d005      	beq.n	20000f70 <__gnu_Unwind_Backtrace+0x5c>
20000f64:	0028      	movs	r0, r5
20000f66:	6c21      	ldr	r1, [r4, #64]	@ 0x40
20000f68:	f7ff fe08 	bl	20000b7c <get_eit_entry>
20000f6c:	2800      	cmp	r0, #0
20000f6e:	d0e5      	beq.n	20000f3c <__gnu_Unwind_Backtrace+0x28>
20000f70:	2309      	movs	r3, #9
20000f72:	4698      	mov	r8, r3
20000f74:	0020      	movs	r0, r4
20000f76:	f7ff fe4b 	bl	20000c10 <restore_non_core_regs>
20000f7a:	4640      	mov	r0, r8
20000f7c:	2390      	movs	r3, #144	@ 0x90
20000f7e:	009b      	lsls	r3, r3, #2
20000f80:	449d      	add	sp, r3
20000f82:	bc80      	pop	{r7}
20000f84:	46b8      	mov	r8, r7
20000f86:	bdf0      	pop	{r4, r5, r6, r7, pc}
20000f88:	fffffdc0 	.word	0xfffffdc0

20000f8c <__gnu_unwind_pr_common>:
20000f8c:	b5f0      	push	{r4, r5, r6, r7, lr}
20000f8e:	4645      	mov	r5, r8
20000f90:	4657      	mov	r7, sl
20000f92:	464e      	mov	r6, r9
20000f94:	46de      	mov	lr, fp
20000f96:	b5e0      	push	{r5, r6, r7, lr}
20000f98:	000d      	movs	r5, r1
20000f9a:	2103      	movs	r1, #3
20000f9c:	6cec      	ldr	r4, [r5, #76]	@ 0x4c
20000f9e:	b08b      	sub	sp, #44	@ 0x2c
20000fa0:	0016      	movs	r6, r2
20000fa2:	cc04      	ldmia	r4!, {r2}
20000fa4:	af07      	add	r7, sp, #28
20000fa6:	4694      	mov	ip, r2
20000fa8:	46b8      	mov	r8, r7
20000faa:	4001      	ands	r1, r0
20000fac:	9408      	str	r4, [sp, #32]
20000fae:	2b00      	cmp	r3, #0
20000fb0:	d021      	beq.n	20000ff6 <__gnu_unwind_pr_common+0x6a>
20000fb2:	0c17      	lsrs	r7, r2, #16
20000fb4:	4642      	mov	r2, r8
20000fb6:	7257      	strb	r7, [r2, #9]
20000fb8:	4662      	mov	r2, ip
20000fba:	0412      	lsls	r2, r2, #16
20000fbc:	9207      	str	r2, [sp, #28]
20000fbe:	22ff      	movs	r2, #255	@ 0xff
20000fc0:	403a      	ands	r2, r7
20000fc2:	0092      	lsls	r2, r2, #2
20000fc4:	18a4      	adds	r4, r4, r2
20000fc6:	2202      	movs	r2, #2
20000fc8:	4647      	mov	r7, r8
20000fca:	723a      	strb	r2, [r7, #8]
20000fcc:	2902      	cmp	r1, #2
20000fce:	d100      	bne.n	20000fd2 <__gnu_unwind_pr_common+0x46>
20000fd0:	6bac      	ldr	r4, [r5, #56]	@ 0x38
20000fd2:	6d2a      	ldr	r2, [r5, #80]	@ 0x50
20000fd4:	07d2      	lsls	r2, r2, #31
20000fd6:	d513      	bpl.n	20001000 <__gnu_unwind_pr_common+0x74>
20000fd8:	4641      	mov	r1, r8
20000fda:	0030      	movs	r0, r6
20000fdc:	f000 fb66 	bl	200016ac <__gnu_unwind_execute>
20000fe0:	2800      	cmp	r0, #0
20000fe2:	d000      	beq.n	20000fe6 <__gnu_unwind_pr_common+0x5a>
20000fe4:	e0d6      	b.n	20001194 <__gnu_unwind_pr_common+0x208>
20000fe6:	2008      	movs	r0, #8
20000fe8:	b00b      	add	sp, #44	@ 0x2c
20000fea:	bcf0      	pop	{r4, r5, r6, r7}
20000fec:	46bb      	mov	fp, r7
20000fee:	46b2      	mov	sl, r6
20000ff0:	46a9      	mov	r9, r5
20000ff2:	46a0      	mov	r8, r4
20000ff4:	bdf0      	pop	{r4, r5, r6, r7, pc}
20000ff6:	0212      	lsls	r2, r2, #8
20000ff8:	9207      	str	r2, [sp, #28]
20000ffa:	727b      	strb	r3, [r7, #9]
20000ffc:	2203      	movs	r2, #3
20000ffe:	e7e3      	b.n	20000fc8 <__gnu_unwind_pr_common+0x3c>
20001000:	6822      	ldr	r2, [r4, #0]
20001002:	4693      	mov	fp, r2
20001004:	2a00      	cmp	r2, #0
20001006:	d0e7      	beq.n	20000fd8 <__gnu_unwind_pr_common+0x4c>
20001008:	2208      	movs	r2, #8
2000100a:	4002      	ands	r2, r0
2000100c:	9203      	str	r2, [sp, #12]
2000100e:	2200      	movs	r2, #0
20001010:	2701      	movs	r7, #1
20001012:	46aa      	mov	sl, r5
20001014:	46b1      	mov	r9, r6
20001016:	9204      	str	r2, [sp, #16]
20001018:	9102      	str	r1, [sp, #8]
2000101a:	9301      	str	r3, [sp, #4]
2000101c:	9b01      	ldr	r3, [sp, #4]
2000101e:	2b02      	cmp	r3, #2
20001020:	d048      	beq.n	200010b4 <__gnu_unwind_pr_common+0x128>
20001022:	8823      	ldrh	r3, [r4, #0]
20001024:	8865      	ldrh	r5, [r4, #2]
20001026:	469b      	mov	fp, r3
20001028:	3404      	adds	r4, #4
2000102a:	4653      	mov	r3, sl
2000102c:	002e      	movs	r6, r5
2000102e:	6c9b      	ldr	r3, [r3, #72]	@ 0x48
20001030:	210f      	movs	r1, #15
20001032:	4648      	mov	r0, r9
20001034:	43be      	bics	r6, r7
20001036:	18f6      	adds	r6, r6, r3
20001038:	f7ff ff32 	bl	20000ea0 <_Unwind_GetGR>
2000103c:	2300      	movs	r3, #0
2000103e:	4286      	cmp	r6, r0
20001040:	d805      	bhi.n	2000104e <__gnu_unwind_pr_common+0xc2>
20001042:	465b      	mov	r3, fp
20001044:	43bb      	bics	r3, r7
20001046:	199b      	adds	r3, r3, r6
20001048:	4298      	cmp	r0, r3
2000104a:	419b      	sbcs	r3, r3
2000104c:	425b      	negs	r3, r3
2000104e:	2202      	movs	r2, #2
20001050:	006d      	lsls	r5, r5, #1
20001052:	4015      	ands	r5, r2
20001054:	465a      	mov	r2, fp
20001056:	403a      	ands	r2, r7
20001058:	4315      	orrs	r5, r2
2000105a:	2d01      	cmp	r5, #1
2000105c:	d044      	beq.n	200010e8 <__gnu_unwind_pr_common+0x15c>
2000105e:	2d02      	cmp	r5, #2
20001060:	d02b      	beq.n	200010ba <__gnu_unwind_pr_common+0x12e>
20001062:	2d00      	cmp	r5, #0
20001064:	d000      	beq.n	20001068 <__gnu_unwind_pr_common+0xdc>
20001066:	e095      	b.n	20001194 <__gnu_unwind_pr_common+0x208>
20001068:	9a02      	ldr	r2, [sp, #8]
2000106a:	2a00      	cmp	r2, #0
2000106c:	d002      	beq.n	20001074 <__gnu_unwind_pr_common+0xe8>
2000106e:	2b00      	cmp	r3, #0
20001070:	d000      	beq.n	20001074 <__gnu_unwind_pr_common+0xe8>
20001072:	e0b8      	b.n	200011e6 <__gnu_unwind_pr_common+0x25a>
20001074:	3404      	adds	r4, #4
20001076:	6823      	ldr	r3, [r4, #0]
20001078:	469b      	mov	fp, r3
2000107a:	2b00      	cmp	r3, #0
2000107c:	d1ce      	bne.n	2000101c <__gnu_unwind_pr_common+0x90>
2000107e:	464e      	mov	r6, r9
20001080:	4641      	mov	r1, r8
20001082:	0030      	movs	r0, r6
20001084:	f000 fb12 	bl	200016ac <__gnu_unwind_execute>
20001088:	2800      	cmp	r0, #0
2000108a:	d000      	beq.n	2000108e <__gnu_unwind_pr_common+0x102>
2000108c:	e082      	b.n	20001194 <__gnu_unwind_pr_common+0x208>
2000108e:	9b04      	ldr	r3, [sp, #16]
20001090:	2b00      	cmp	r3, #0
20001092:	d0a8      	beq.n	20000fe6 <__gnu_unwind_pr_common+0x5a>
20001094:	210f      	movs	r1, #15
20001096:	0030      	movs	r0, r6
20001098:	f7ff ff02 	bl	20000ea0 <_Unwind_GetGR>
2000109c:	210e      	movs	r1, #14
2000109e:	0002      	movs	r2, r0
200010a0:	0030      	movs	r0, r6
200010a2:	f7ff ff2b 	bl	20000efc <_Unwind_SetGR>
200010a6:	0030      	movs	r0, r6
200010a8:	210f      	movs	r1, #15
200010aa:	4a6d      	ldr	r2, [pc, #436]	@ (20001260 <__gnu_unwind_pr_common+0x2d4>)
200010ac:	f7ff ff26 	bl	20000efc <_Unwind_SetGR>
200010b0:	2007      	movs	r0, #7
200010b2:	e799      	b.n	20000fe8 <__gnu_unwind_pr_common+0x5c>
200010b4:	6865      	ldr	r5, [r4, #4]
200010b6:	3408      	adds	r4, #8
200010b8:	e7b7      	b.n	2000102a <__gnu_unwind_pr_common+0x9e>
200010ba:	6825      	ldr	r5, [r4, #0]
200010bc:	006a      	lsls	r2, r5, #1
200010be:	0852      	lsrs	r2, r2, #1
200010c0:	4693      	mov	fp, r2
200010c2:	9a02      	ldr	r2, [sp, #8]
200010c4:	2a00      	cmp	r2, #0
200010c6:	d149      	bne.n	2000115c <__gnu_unwind_pr_common+0x1d0>
200010c8:	2b00      	cmp	r3, #0
200010ca:	d005      	beq.n	200010d8 <__gnu_unwind_pr_common+0x14c>
200010cc:	9b03      	ldr	r3, [sp, #12]
200010ce:	2b00      	cmp	r3, #0
200010d0:	d062      	beq.n	20001198 <__gnu_unwind_pr_common+0x20c>
200010d2:	465b      	mov	r3, fp
200010d4:	2b00      	cmp	r3, #0
200010d6:	d05f      	beq.n	20001198 <__gnu_unwind_pr_common+0x20c>
200010d8:	2d00      	cmp	r5, #0
200010da:	da00      	bge.n	200010de <__gnu_unwind_pr_common+0x152>
200010dc:	3404      	adds	r4, #4
200010de:	465b      	mov	r3, fp
200010e0:	3301      	adds	r3, #1
200010e2:	009b      	lsls	r3, r3, #2
200010e4:	18e4      	adds	r4, r4, r3
200010e6:	e7c6      	b.n	20001076 <__gnu_unwind_pr_common+0xea>
200010e8:	9a02      	ldr	r2, [sp, #8]
200010ea:	2a00      	cmp	r2, #0
200010ec:	d119      	bne.n	20001122 <__gnu_unwind_pr_common+0x196>
200010ee:	2b00      	cmp	r3, #0
200010f0:	d015      	beq.n	2000111e <__gnu_unwind_pr_common+0x192>
200010f2:	6825      	ldr	r5, [r4, #0]
200010f4:	6863      	ldr	r3, [r4, #4]
200010f6:	0fed      	lsrs	r5, r5, #31
200010f8:	1c9a      	adds	r2, r3, #2
200010fa:	d04b      	beq.n	20001194 <__gnu_unwind_pr_common+0x208>
200010fc:	4652      	mov	r2, sl
200010fe:	3258      	adds	r2, #88	@ 0x58
20001100:	9206      	str	r2, [sp, #24]
20001102:	3301      	adds	r3, #1
20001104:	d100      	bne.n	20001108 <__gnu_unwind_pr_common+0x17c>
20001106:	e09a      	b.n	2000123e <__gnu_unwind_pr_common+0x2b2>
20001108:	1d20      	adds	r0, r4, #4
2000110a:	f7ff fdaf 	bl	20000c6c <_Unwind_decode_typeinfo_ptr.constprop.0>
2000110e:	002a      	movs	r2, r5
20001110:	0001      	movs	r1, r0
20001112:	ab06      	add	r3, sp, #24
20001114:	4650      	mov	r0, sl
20001116:	e000      	b.n	2000111a <__gnu_unwind_pr_common+0x18e>
20001118:	bf00      	nop
2000111a:	2800      	cmp	r0, #0
2000111c:	d177      	bne.n	2000120e <__gnu_unwind_pr_common+0x282>
2000111e:	3408      	adds	r4, #8
20001120:	e7a9      	b.n	20001076 <__gnu_unwind_pr_common+0xea>
20001122:	4653      	mov	r3, sl
20001124:	210d      	movs	r1, #13
20001126:	4648      	mov	r0, r9
20001128:	6a1d      	ldr	r5, [r3, #32]
2000112a:	f7ff feb9 	bl	20000ea0 <_Unwind_GetGR>
2000112e:	4285      	cmp	r5, r0
20001130:	d1f5      	bne.n	2000111e <__gnu_unwind_pr_common+0x192>
20001132:	4653      	mov	r3, sl
20001134:	6a9b      	ldr	r3, [r3, #40]	@ 0x28
20001136:	429c      	cmp	r4, r3
20001138:	d1f1      	bne.n	2000111e <__gnu_unwind_pr_common+0x192>
2000113a:	4655      	mov	r5, sl
2000113c:	464e      	mov	r6, r9
2000113e:	0020      	movs	r0, r4
20001140:	f7ff fcc4 	bl	20000acc <selfrel_offset31>
20001144:	210f      	movs	r1, #15
20001146:	0002      	movs	r2, r0
20001148:	0030      	movs	r0, r6
2000114a:	f7ff fed7 	bl	20000efc <_Unwind_SetGR>
2000114e:	0030      	movs	r0, r6
20001150:	002a      	movs	r2, r5
20001152:	2100      	movs	r1, #0
20001154:	f7ff fed2 	bl	20000efc <_Unwind_SetGR>
20001158:	2007      	movs	r0, #7
2000115a:	e745      	b.n	20000fe8 <__gnu_unwind_pr_common+0x5c>
2000115c:	4653      	mov	r3, sl
2000115e:	210d      	movs	r1, #13
20001160:	4648      	mov	r0, r9
20001162:	6a1e      	ldr	r6, [r3, #32]
20001164:	f7ff fe9c 	bl	20000ea0 <_Unwind_GetGR>
20001168:	4286      	cmp	r6, r0
2000116a:	d1b5      	bne.n	200010d8 <__gnu_unwind_pr_common+0x14c>
2000116c:	4653      	mov	r3, sl
2000116e:	6a9b      	ldr	r3, [r3, #40]	@ 0x28
20001170:	429c      	cmp	r4, r3
20001172:	d1b1      	bne.n	200010d8 <__gnu_unwind_pr_common+0x14c>
20001174:	4653      	mov	r3, sl
20001176:	465a      	mov	r2, fp
20001178:	629a      	str	r2, [r3, #40]	@ 0x28
2000117a:	4652      	mov	r2, sl
2000117c:	2300      	movs	r3, #0
2000117e:	62d3      	str	r3, [r2, #44]	@ 0x2c
20001180:	3304      	adds	r3, #4
20001182:	6313      	str	r3, [r2, #48]	@ 0x30
20001184:	1d23      	adds	r3, r4, #4
20001186:	6353      	str	r3, [r2, #52]	@ 0x34
20001188:	6823      	ldr	r3, [r4, #0]
2000118a:	2b00      	cmp	r3, #0
2000118c:	db61      	blt.n	20001252 <__gnu_unwind_pr_common+0x2c6>
2000118e:	2301      	movs	r3, #1
20001190:	9304      	str	r3, [sp, #16]
20001192:	e7a4      	b.n	200010de <__gnu_unwind_pr_common+0x152>
20001194:	2009      	movs	r0, #9
20001196:	e727      	b.n	20000fe8 <__gnu_unwind_pr_common+0x5c>
20001198:	2358      	movs	r3, #88	@ 0x58
2000119a:	4453      	add	r3, sl
2000119c:	9305      	str	r3, [sp, #20]
2000119e:	465b      	mov	r3, fp
200011a0:	1d26      	adds	r6, r4, #4
200011a2:	46a3      	mov	fp, r4
200011a4:	2500      	movs	r5, #0
200011a6:	001c      	movs	r4, r3
200011a8:	e00e      	b.n	200011c8 <__gnu_unwind_pr_common+0x23c>
200011aa:	9b05      	ldr	r3, [sp, #20]
200011ac:	0030      	movs	r0, r6
200011ae:	9306      	str	r3, [sp, #24]
200011b0:	f7ff fd5c 	bl	20000c6c <_Unwind_decode_typeinfo_ptr.constprop.0>
200011b4:	2200      	movs	r2, #0
200011b6:	0001      	movs	r1, r0
200011b8:	ab06      	add	r3, sp, #24
200011ba:	4650      	mov	r0, sl
200011bc:	e000      	b.n	200011c0 <__gnu_unwind_pr_common+0x234>
200011be:	bf00      	nop
200011c0:	3501      	adds	r5, #1
200011c2:	3604      	adds	r6, #4
200011c4:	2800      	cmp	r0, #0
200011c6:	d135      	bne.n	20001234 <__gnu_unwind_pr_common+0x2a8>
200011c8:	42a5      	cmp	r5, r4
200011ca:	d1ee      	bne.n	200011aa <__gnu_unwind_pr_common+0x21e>
200011cc:	464e      	mov	r6, r9
200011ce:	210d      	movs	r1, #13
200011d0:	0030      	movs	r0, r6
200011d2:	f7ff fe65 	bl	20000ea0 <_Unwind_GetGR>
200011d6:	4655      	mov	r5, sl
200011d8:	465c      	mov	r4, fp
200011da:	9b06      	ldr	r3, [sp, #24]
200011dc:	6228      	str	r0, [r5, #32]
200011de:	626b      	str	r3, [r5, #36]	@ 0x24
200011e0:	2006      	movs	r0, #6
200011e2:	62ac      	str	r4, [r5, #40]	@ 0x28
200011e4:	e700      	b.n	20000fe8 <__gnu_unwind_pr_common+0x5c>
200011e6:	0020      	movs	r0, r4
200011e8:	f7ff fc70 	bl	20000acc <selfrel_offset31>
200011ec:	4655      	mov	r5, sl
200011ee:	3404      	adds	r4, #4
200011f0:	0007      	movs	r7, r0
200011f2:	63ac      	str	r4, [r5, #56]	@ 0x38
200011f4:	0028      	movs	r0, r5
200011f6:	464e      	mov	r6, r9
200011f8:	e000      	b.n	200011fc <__gnu_unwind_pr_common+0x270>
200011fa:	bf00      	nop
200011fc:	2800      	cmp	r0, #0
200011fe:	d0c9      	beq.n	20001194 <__gnu_unwind_pr_common+0x208>
20001200:	0030      	movs	r0, r6
20001202:	003a      	movs	r2, r7
20001204:	210f      	movs	r1, #15
20001206:	f7ff fe79 	bl	20000efc <_Unwind_SetGR>
2000120a:	2007      	movs	r0, #7
2000120c:	e6ec      	b.n	20000fe8 <__gnu_unwind_pr_common+0x5c>
2000120e:	464e      	mov	r6, r9
20001210:	4681      	mov	r9, r0
20001212:	210d      	movs	r1, #13
20001214:	0030      	movs	r0, r6
20001216:	f7ff fe43 	bl	20000ea0 <_Unwind_GetGR>
2000121a:	4655      	mov	r5, sl
2000121c:	464b      	mov	r3, r9
2000121e:	9f06      	ldr	r7, [sp, #24]
20001220:	6228      	str	r0, [r5, #32]
20001222:	2b02      	cmp	r3, #2
20001224:	d102      	bne.n	2000122c <__gnu_unwind_pr_common+0x2a0>
20001226:	62ef      	str	r7, [r5, #44]	@ 0x2c
20001228:	002f      	movs	r7, r5
2000122a:	372c      	adds	r7, #44	@ 0x2c
2000122c:	2006      	movs	r0, #6
2000122e:	626f      	str	r7, [r5, #36]	@ 0x24
20001230:	62ac      	str	r4, [r5, #40]	@ 0x28
20001232:	e6d9      	b.n	20000fe8 <__gnu_unwind_pr_common+0x5c>
20001234:	0023      	movs	r3, r4
20001236:	465c      	mov	r4, fp
20001238:	469b      	mov	fp, r3
2000123a:	6825      	ldr	r5, [r4, #0]
2000123c:	e74c      	b.n	200010d8 <__gnu_unwind_pr_common+0x14c>
2000123e:	464e      	mov	r6, r9
20001240:	210d      	movs	r1, #13
20001242:	0030      	movs	r0, r6
20001244:	4655      	mov	r5, sl
20001246:	4692      	mov	sl, r2
20001248:	f7ff fe2a 	bl	20000ea0 <_Unwind_GetGR>
2000124c:	4657      	mov	r7, sl
2000124e:	6228      	str	r0, [r5, #32]
20001250:	e7ec      	b.n	2000122c <__gnu_unwind_pr_common+0x2a0>
20001252:	4658      	mov	r0, fp
20001254:	3001      	adds	r0, #1
20001256:	0080      	lsls	r0, r0, #2
20001258:	4655      	mov	r5, sl
2000125a:	464e      	mov	r6, r9
2000125c:	1820      	adds	r0, r4, r0
2000125e:	e76f      	b.n	20001140 <__gnu_unwind_pr_common+0x1b4>
20001260:	00000000 	.word	0x00000000

20001264 <__aeabi_unwind_cpp_pr0>:
20001264:	b510      	push	{r4, lr}
20001266:	2300      	movs	r3, #0
20001268:	f7ff fe90 	bl	20000f8c <__gnu_unwind_pr_common>
2000126c:	bd10      	pop	{r4, pc}
2000126e:	46c0      	nop			@ (mov r8, r8)

20001270 <__aeabi_unwind_cpp_pr1>:
20001270:	b510      	push	{r4, lr}
20001272:	2301      	movs	r3, #1
20001274:	f7ff fe8a 	bl	20000f8c <__gnu_unwind_pr_common>
20001278:	bd10      	pop	{r4, pc}
2000127a:	46c0      	nop			@ (mov r8, r8)

2000127c <__aeabi_unwind_cpp_pr2>:
2000127c:	b510      	push	{r4, lr}
2000127e:	2302      	movs	r3, #2
20001280:	f7ff fe84 	bl	20000f8c <__gnu_unwind_pr_common>
20001284:	bd10      	pop	{r4, pc}
20001286:	46c0      	nop			@ (mov r8, r8)

20001288 <_Unwind_VRS_Pop>:
20001288:	b5f0      	push	{r4, r5, r6, r7, lr}
2000128a:	4646      	mov	r6, r8
2000128c:	46d6      	mov	lr, sl
2000128e:	464f      	mov	r7, r9
20001290:	b5c0      	push	{r6, r7, lr}
20001292:	0005      	movs	r5, r0
20001294:	0014      	movs	r4, r2
20001296:	001e      	movs	r6, r3
20001298:	b0c2      	sub	sp, #264	@ 0x108
2000129a:	2905      	cmp	r1, #5
2000129c:	d807      	bhi.n	200012ae <_Unwind_VRS_Pop+0x26>
2000129e:	4ba4      	ldr	r3, [pc, #656]	@ (20001530 <_Unwind_VRS_Pop+0x2a8>)
200012a0:	0089      	lsls	r1, r1, #2
200012a2:	585b      	ldr	r3, [r3, r1]
200012a4:	469f      	mov	pc, r3
200012a6:	191b      	adds	r3, r3, r4
200012a8:	2b10      	cmp	r3, #16
200012aa:	d800      	bhi.n	200012ae <_Unwind_VRS_Pop+0x26>
200012ac:	e0b2      	b.n	20001414 <_Unwind_VRS_Pop+0x18c>
200012ae:	2002      	movs	r0, #2
200012b0:	b042      	add	sp, #264	@ 0x108
200012b2:	bce0      	pop	{r5, r6, r7}
200012b4:	46ba      	mov	sl, r7
200012b6:	46b1      	mov	r9, r6
200012b8:	46a8      	mov	r8, r5
200012ba:	bdf0      	pop	{r4, r5, r6, r7, pc}
200012bc:	6b83      	ldr	r3, [r0, #56]	@ 0x38
200012be:	2a00      	cmp	r2, #0
200012c0:	d1f5      	bne.n	200012ae <_Unwind_VRS_Pop+0x26>
200012c2:	cb04      	ldmia	r3!, {r2}
200012c4:	6442      	str	r2, [r0, #68]	@ 0x44
200012c6:	6383      	str	r3, [r0, #56]	@ 0x38
200012c8:	2000      	movs	r0, #0
200012ca:	e7f1      	b.n	200012b0 <_Unwind_VRS_Pop+0x28>
200012cc:	2e00      	cmp	r6, #0
200012ce:	d1ee      	bne.n	200012ae <_Unwind_VRS_Pop+0x26>
200012d0:	2300      	movs	r3, #0
200012d2:	2701      	movs	r7, #1
200012d4:	0416      	lsls	r6, r2, #16
200012d6:	6b82      	ldr	r2, [r0, #56]	@ 0x38
200012d8:	0c36      	lsrs	r6, r6, #16
200012da:	1d01      	adds	r1, r0, #4
200012dc:	0038      	movs	r0, r7
200012de:	4098      	lsls	r0, r3
200012e0:	4206      	tst	r6, r0
200012e2:	d001      	beq.n	200012e8 <_Unwind_VRS_Pop+0x60>
200012e4:	ca01      	ldmia	r2!, {r0}
200012e6:	6008      	str	r0, [r1, #0]
200012e8:	3301      	adds	r3, #1
200012ea:	3104      	adds	r1, #4
200012ec:	2b10      	cmp	r3, #16
200012ee:	d1f5      	bne.n	200012dc <_Unwind_VRS_Pop+0x54>
200012f0:	04a4      	lsls	r4, r4, #18
200012f2:	d4e9      	bmi.n	200012c8 <_Unwind_VRS_Pop+0x40>
200012f4:	2000      	movs	r0, #0
200012f6:	63aa      	str	r2, [r5, #56]	@ 0x38
200012f8:	e7da      	b.n	200012b0 <_Unwind_VRS_Pop+0x28>
200012fa:	2e03      	cmp	r6, #3
200012fc:	d1d7      	bne.n	200012ae <_Unwind_VRS_Pop+0x26>
200012fe:	0414      	lsls	r4, r2, #16
20001300:	0c16      	lsrs	r6, r2, #16
20001302:	0c24      	lsrs	r4, r4, #16
20001304:	1933      	adds	r3, r6, r4
20001306:	2b10      	cmp	r3, #16
20001308:	d8d1      	bhi.n	200012ae <_Unwind_VRS_Pop+0x26>
2000130a:	2208      	movs	r2, #8
2000130c:	6803      	ldr	r3, [r0, #0]
2000130e:	421a      	tst	r2, r3
20001310:	d000      	beq.n	20001314 <_Unwind_VRS_Pop+0x8c>
20001312:	e0d6      	b.n	200014c2 <_Unwind_VRS_Pop+0x23a>
20001314:	af20      	add	r7, sp, #128	@ 0x80
20001316:	0038      	movs	r0, r7
20001318:	f000 f930 	bl	2000157c <__gnu_Unwind_Save_WMMXD>
2000131c:	6bab      	ldr	r3, [r5, #56]	@ 0x38
2000131e:	0061      	lsls	r1, r4, #1
20001320:	469c      	mov	ip, r3
20001322:	00f6      	lsls	r6, r6, #3
20001324:	1e4a      	subs	r2, r1, #1
20001326:	2900      	cmp	r1, #0
20001328:	d00a      	beq.n	20001340 <_Unwind_VRS_Pop+0xb8>
2000132a:	1af6      	subs	r6, r6, r3
2000132c:	3e04      	subs	r6, #4
2000132e:	19be      	adds	r6, r7, r6
20001330:	0018      	movs	r0, r3
20001332:	6800      	ldr	r0, [r0, #0]
20001334:	3304      	adds	r3, #4
20001336:	5198      	str	r0, [r3, r6]
20001338:	3a01      	subs	r2, #1
2000133a:	d2f9      	bcs.n	20001330 <_Unwind_VRS_Pop+0xa8>
2000133c:	00e4      	lsls	r4, r4, #3
2000133e:	44a4      	add	ip, r4
20001340:	4663      	mov	r3, ip
20001342:	0038      	movs	r0, r7
20001344:	63ab      	str	r3, [r5, #56]	@ 0x38
20001346:	f000 f917 	bl	20001578 <__gnu_Unwind_Restore_WMMXD>
2000134a:	2000      	movs	r0, #0
2000134c:	e7b0      	b.n	200012b0 <_Unwind_VRS_Pop+0x28>
2000134e:	0c13      	lsrs	r3, r2, #16
20001350:	0414      	lsls	r4, r2, #16
20001352:	4698      	mov	r8, r3
20001354:	0c24      	lsrs	r4, r4, #16
20001356:	2e01      	cmp	r6, #1
20001358:	d0a5      	beq.n	200012a6 <_Unwind_VRS_Pop+0x1e>
2000135a:	2e05      	cmp	r6, #5
2000135c:	d1a7      	bne.n	200012ae <_Unwind_VRS_Pop+0x26>
2000135e:	191f      	adds	r7, r3, r4
20001360:	2f20      	cmp	r7, #32
20001362:	d8a4      	bhi.n	200012ae <_Unwind_VRS_Pop+0x26>
20001364:	2b0f      	cmp	r3, #15
20001366:	d800      	bhi.n	2000136a <_Unwind_VRS_Pop+0xe2>
20001368:	e08c      	b.n	20001484 <_Unwind_VRS_Pop+0x1fc>
2000136a:	2c00      	cmp	r4, #0
2000136c:	d0ac      	beq.n	200012c8 <_Unwind_VRS_Pop+0x40>
2000136e:	2204      	movs	r2, #4
20001370:	6803      	ldr	r3, [r0, #0]
20001372:	46a2      	mov	sl, r4
20001374:	421a      	tst	r2, r3
20001376:	d004      	beq.n	20001382 <_Unwind_VRS_Pop+0xfa>
20001378:	4393      	bics	r3, r2
2000137a:	6003      	str	r3, [r0, #0]
2000137c:	30d8      	adds	r0, #216	@ 0xd8
2000137e:	f000 f8f9 	bl	20001574 <__gnu_Unwind_Save_VFP_D_16_to_31>
20001382:	46e9      	mov	r9, sp
20001384:	4668      	mov	r0, sp
20001386:	f000 f8f5 	bl	20001574 <__gnu_Unwind_Save_VFP_D_16_to_31>
2000138a:	6ba9      	ldr	r1, [r5, #56]	@ 0x38
2000138c:	4653      	mov	r3, sl
2000138e:	4647      	mov	r7, r8
20001390:	005c      	lsls	r4, r3, #1
20001392:	2f10      	cmp	r7, #16
20001394:	d200      	bcs.n	20001398 <_Unwind_VRS_Pop+0x110>
20001396:	2710      	movs	r7, #16
20001398:	3c01      	subs	r4, #1
2000139a:	0022      	movs	r2, r4
2000139c:	2300      	movs	r3, #0
2000139e:	3f10      	subs	r7, #16
200013a0:	00ff      	lsls	r7, r7, #3
200013a2:	444f      	add	r7, r9
200013a4:	58c8      	ldr	r0, [r1, r3]
200013a6:	50f8      	str	r0, [r7, r3]
200013a8:	3304      	adds	r3, #4
200013aa:	3a01      	subs	r2, #1
200013ac:	d2fa      	bcs.n	200013a4 <_Unwind_VRS_Pop+0x11c>
200013ae:	3104      	adds	r1, #4
200013b0:	00a4      	lsls	r4, r4, #2
200013b2:	1909      	adds	r1, r1, r4
200013b4:	af20      	add	r7, sp, #128	@ 0x80
200013b6:	2e01      	cmp	r6, #1
200013b8:	d100      	bne.n	200013bc <_Unwind_VRS_Pop+0x134>
200013ba:	e0a5      	b.n	20001508 <_Unwind_VRS_Pop+0x280>
200013bc:	4643      	mov	r3, r8
200013be:	63a9      	str	r1, [r5, #56]	@ 0x38
200013c0:	2b0f      	cmp	r3, #15
200013c2:	d800      	bhi.n	200013c6 <_Unwind_VRS_Pop+0x13e>
200013c4:	e0a7      	b.n	20001516 <_Unwind_VRS_Pop+0x28e>
200013c6:	4648      	mov	r0, r9
200013c8:	f000 f8d2 	bl	20001570 <__gnu_Unwind_Restore_VFP_D_16_to_31>
200013cc:	2000      	movs	r0, #0
200013ce:	e76f      	b.n	200012b0 <_Unwind_VRS_Pop+0x28>
200013d0:	2e00      	cmp	r6, #0
200013d2:	d000      	beq.n	200013d6 <_Unwind_VRS_Pop+0x14e>
200013d4:	e76b      	b.n	200012ae <_Unwind_VRS_Pop+0x26>
200013d6:	2a10      	cmp	r2, #16
200013d8:	d900      	bls.n	200013dc <_Unwind_VRS_Pop+0x154>
200013da:	e768      	b.n	200012ae <_Unwind_VRS_Pop+0x26>
200013dc:	2210      	movs	r2, #16
200013de:	6803      	ldr	r3, [r0, #0]
200013e0:	421a      	tst	r2, r3
200013e2:	d167      	bne.n	200014b4 <_Unwind_VRS_Pop+0x22c>
200013e4:	af20      	add	r7, sp, #128	@ 0x80
200013e6:	0038      	movs	r0, r7
200013e8:	f000 f8cc 	bl	20001584 <__gnu_Unwind_Save_WMMXC>
200013ec:	2601      	movs	r6, #1
200013ee:	0039      	movs	r1, r7
200013f0:	2300      	movs	r3, #0
200013f2:	6baa      	ldr	r2, [r5, #56]	@ 0x38
200013f4:	0030      	movs	r0, r6
200013f6:	4098      	lsls	r0, r3
200013f8:	4204      	tst	r4, r0
200013fa:	d001      	beq.n	20001400 <_Unwind_VRS_Pop+0x178>
200013fc:	ca01      	ldmia	r2!, {r0}
200013fe:	6008      	str	r0, [r1, #0]
20001400:	3301      	adds	r3, #1
20001402:	3104      	adds	r1, #4
20001404:	2b04      	cmp	r3, #4
20001406:	d1f5      	bne.n	200013f4 <_Unwind_VRS_Pop+0x16c>
20001408:	0038      	movs	r0, r7
2000140a:	63aa      	str	r2, [r5, #56]	@ 0x38
2000140c:	f000 f8b8 	bl	20001580 <__gnu_Unwind_Restore_WMMXC>
20001410:	2000      	movs	r0, #0
20001412:	e74d      	b.n	200012b0 <_Unwind_VRS_Pop+0x28>
20001414:	4643      	mov	r3, r8
20001416:	2b10      	cmp	r3, #16
20001418:	d100      	bne.n	2000141c <_Unwind_VRS_Pop+0x194>
2000141a:	e748      	b.n	200012ae <_Unwind_VRS_Pop+0x26>
2000141c:	6803      	ldr	r3, [r0, #0]
2000141e:	421e      	tst	r6, r3
20001420:	d006      	beq.n	20001430 <_Unwind_VRS_Pop+0x1a8>
20001422:	2203      	movs	r2, #3
20001424:	0028      	movs	r0, r5
20001426:	4393      	bics	r3, r2
20001428:	602b      	str	r3, [r5, #0]
2000142a:	3050      	adds	r0, #80	@ 0x50
2000142c:	f000 f89a 	bl	20001564 <__gnu_Unwind_Save_VFP>
20001430:	af20      	add	r7, sp, #128	@ 0x80
20001432:	0038      	movs	r0, r7
20001434:	f000 f896 	bl	20001564 <__gnu_Unwind_Save_VFP>
20001438:	6ba9      	ldr	r1, [r5, #56]	@ 0x38
2000143a:	2c00      	cmp	r4, #0
2000143c:	d064      	beq.n	20001508 <_Unwind_VRS_Pop+0x280>
2000143e:	2300      	movs	r3, #0
20001440:	469a      	mov	sl, r3
20001442:	4643      	mov	r3, r8
20001444:	0062      	lsls	r2, r4, #1
20001446:	00dc      	lsls	r4, r3, #3
20001448:	1e53      	subs	r3, r2, #1
2000144a:	4699      	mov	r9, r3
2000144c:	001a      	movs	r2, r3
2000144e:	2300      	movs	r3, #0
20001450:	193c      	adds	r4, r7, r4
20001452:	58c8      	ldr	r0, [r1, r3]
20001454:	50e0      	str	r0, [r4, r3]
20001456:	3304      	adds	r3, #4
20001458:	3a01      	subs	r2, #1
2000145a:	d2fa      	bcs.n	20001452 <_Unwind_VRS_Pop+0x1ca>
2000145c:	464b      	mov	r3, r9
2000145e:	3104      	adds	r1, #4
20001460:	009b      	lsls	r3, r3, #2
20001462:	1859      	adds	r1, r3, r1
20001464:	4653      	mov	r3, sl
20001466:	46e9      	mov	r9, sp
20001468:	2b00      	cmp	r3, #0
2000146a:	d18f      	bne.n	2000138c <_Unwind_VRS_Pop+0x104>
2000146c:	2e01      	cmp	r6, #1
2000146e:	d04b      	beq.n	20001508 <_Unwind_VRS_Pop+0x280>
20001470:	4643      	mov	r3, r8
20001472:	63a9      	str	r1, [r5, #56]	@ 0x38
20001474:	2b0f      	cmp	r3, #15
20001476:	d900      	bls.n	2000147a <_Unwind_VRS_Pop+0x1f2>
20001478:	e726      	b.n	200012c8 <_Unwind_VRS_Pop+0x40>
2000147a:	0038      	movs	r0, r7
2000147c:	f000 f874 	bl	20001568 <__gnu_Unwind_Restore_VFP_D>
20001480:	2000      	movs	r0, #0
20001482:	e715      	b.n	200012b0 <_Unwind_VRS_Pop+0x28>
20001484:	2201      	movs	r2, #1
20001486:	0011      	movs	r1, r2
20001488:	6803      	ldr	r3, [r0, #0]
2000148a:	4019      	ands	r1, r3
2000148c:	2f10      	cmp	r7, #16
2000148e:	d81f      	bhi.n	200014d0 <_Unwind_VRS_Pop+0x248>
20001490:	2900      	cmp	r1, #0
20001492:	d007      	beq.n	200014a4 <_Unwind_VRS_Pop+0x21c>
20001494:	4393      	bics	r3, r2
20001496:	2202      	movs	r2, #2
20001498:	0028      	movs	r0, r5
2000149a:	4313      	orrs	r3, r2
2000149c:	602b      	str	r3, [r5, #0]
2000149e:	3050      	adds	r0, #80	@ 0x50
200014a0:	f000 f864 	bl	2000156c <__gnu_Unwind_Save_VFP_D>
200014a4:	af20      	add	r7, sp, #128	@ 0x80
200014a6:	0038      	movs	r0, r7
200014a8:	f000 f860 	bl	2000156c <__gnu_Unwind_Save_VFP_D>
200014ac:	2c00      	cmp	r4, #0
200014ae:	d0e4      	beq.n	2000147a <_Unwind_VRS_Pop+0x1f2>
200014b0:	6ba9      	ldr	r1, [r5, #56]	@ 0x38
200014b2:	e7c4      	b.n	2000143e <_Unwind_VRS_Pop+0x1b6>
200014b4:	4393      	bics	r3, r2
200014b6:	6003      	str	r3, [r0, #0]
200014b8:	30d9      	adds	r0, #217	@ 0xd9
200014ba:	30ff      	adds	r0, #255	@ 0xff
200014bc:	f000 f862 	bl	20001584 <__gnu_Unwind_Save_WMMXC>
200014c0:	e790      	b.n	200013e4 <_Unwind_VRS_Pop+0x15c>
200014c2:	4393      	bics	r3, r2
200014c4:	6003      	str	r3, [r0, #0]
200014c6:	3059      	adds	r0, #89	@ 0x59
200014c8:	30ff      	adds	r0, #255	@ 0xff
200014ca:	f000 f857 	bl	2000157c <__gnu_Unwind_Save_WMMXD>
200014ce:	e721      	b.n	20001314 <_Unwind_VRS_Pop+0x8c>
200014d0:	2900      	cmp	r1, #0
200014d2:	d007      	beq.n	200014e4 <_Unwind_VRS_Pop+0x25c>
200014d4:	4393      	bics	r3, r2
200014d6:	2202      	movs	r2, #2
200014d8:	4313      	orrs	r3, r2
200014da:	6003      	str	r3, [r0, #0]
200014dc:	3050      	adds	r0, #80	@ 0x50
200014de:	f000 f845 	bl	2000156c <__gnu_Unwind_Save_VFP_D>
200014e2:	682b      	ldr	r3, [r5, #0]
200014e4:	075a      	lsls	r2, r3, #29
200014e6:	d41a      	bmi.n	2000151e <_Unwind_VRS_Pop+0x296>
200014e8:	2310      	movs	r3, #16
200014ea:	425b      	negs	r3, r3
200014ec:	469a      	mov	sl, r3
200014ee:	44ba      	add	sl, r7
200014f0:	af20      	add	r7, sp, #128	@ 0x80
200014f2:	0038      	movs	r0, r7
200014f4:	f000 f83a 	bl	2000156c <__gnu_Unwind_Save_VFP_D>
200014f8:	4668      	mov	r0, sp
200014fa:	f000 f83b 	bl	20001574 <__gnu_Unwind_Save_VFP_D_16_to_31>
200014fe:	2410      	movs	r4, #16
20001500:	4643      	mov	r3, r8
20001502:	6ba9      	ldr	r1, [r5, #56]	@ 0x38
20001504:	1ae4      	subs	r4, r4, r3
20001506:	e79c      	b.n	20001442 <_Unwind_VRS_Pop+0x1ba>
20001508:	3104      	adds	r1, #4
2000150a:	0038      	movs	r0, r7
2000150c:	63a9      	str	r1, [r5, #56]	@ 0x38
2000150e:	f000 f827 	bl	20001560 <__gnu_Unwind_Restore_VFP>
20001512:	2000      	movs	r0, #0
20001514:	e6cc      	b.n	200012b0 <_Unwind_VRS_Pop+0x28>
20001516:	a820      	add	r0, sp, #128	@ 0x80
20001518:	f000 f826 	bl	20001568 <__gnu_Unwind_Restore_VFP_D>
2000151c:	e753      	b.n	200013c6 <_Unwind_VRS_Pop+0x13e>
2000151e:	2204      	movs	r2, #4
20001520:	0028      	movs	r0, r5
20001522:	4393      	bics	r3, r2
20001524:	602b      	str	r3, [r5, #0]
20001526:	30d8      	adds	r0, #216	@ 0xd8
20001528:	f000 f824 	bl	20001574 <__gnu_Unwind_Save_VFP_D_16_to_31>
2000152c:	e7dc      	b.n	200014e8 <_Unwind_VRS_Pop+0x260>
2000152e:	46c0      	nop			@ (mov r8, r8)
20001530:	20001a80 	.word	0x20001a80

20001534 <__restore_core_regs>:
20001534:	0001      	movs	r1, r0
20001536:	3134      	adds	r1, #52	@ 0x34
20001538:	c938      	ldmia	r1!, {r3, r4, r5}
2000153a:	3b04      	subs	r3, #4
2000153c:	469c      	mov	ip, r3
2000153e:	601d      	str	r5, [r3, #0]
20001540:	46a6      	mov	lr, r4
20001542:	0001      	movs	r1, r0
20001544:	3120      	adds	r1, #32
20001546:	c93c      	ldmia	r1!, {r2, r3, r4, r5}
20001548:	4690      	mov	r8, r2
2000154a:	4699      	mov	r9, r3
2000154c:	46a2      	mov	sl, r4
2000154e:	46ab      	mov	fp, r5
20001550:	0001      	movs	r1, r0
20001552:	3108      	adds	r1, #8
20001554:	c9fc      	ldmia	r1!, {r2, r3, r4, r5, r6, r7}
20001556:	6841      	ldr	r1, [r0, #4]
20001558:	6800      	ldr	r0, [r0, #0]
2000155a:	46e5      	mov	sp, ip
2000155c:	bd00      	pop	{pc}
2000155e:	46c0      	nop			@ (mov r8, r8)

20001560 <__gnu_Unwind_Restore_VFP>:
20001560:	4770      	bx	lr
20001562:	46c0      	nop			@ (mov r8, r8)

20001564 <__gnu_Unwind_Save_VFP>:
20001564:	4770      	bx	lr
20001566:	46c0      	nop			@ (mov r8, r8)

20001568 <__gnu_Unwind_Restore_VFP_D>:
20001568:	4770      	bx	lr
2000156a:	46c0      	nop			@ (mov r8, r8)

2000156c <__gnu_Unwind_Save_VFP_D>:
2000156c:	4770      	bx	lr
2000156e:	46c0      	nop			@ (mov r8, r8)

20001570 <__gnu_Unwind_Restore_VFP_D_16_to_31>:
20001570:	4770      	bx	lr
20001572:	46c0      	nop			@ (mov r8, r8)

20001574 <__gnu_Unwind_Save_VFP_D_16_to_31>:
20001574:	4770      	bx	lr
20001576:	46c0      	nop			@ (mov r8, r8)

20001578 <__gnu_Unwind_Restore_WMMXD>:
20001578:	4770      	bx	lr
2000157a:	46c0      	nop			@ (mov r8, r8)

2000157c <__gnu_Unwind_Save_WMMXD>:
2000157c:	4770      	bx	lr
2000157e:	46c0      	nop			@ (mov r8, r8)

20001580 <__gnu_Unwind_Restore_WMMXC>:
20001580:	4770      	bx	lr
20001582:	46c0      	nop			@ (mov r8, r8)

20001584 <__gnu_Unwind_Save_WMMXC>:
20001584:	4770      	bx	lr
20001586:	46c0      	nop			@ (mov r8, r8)

20001588 <_Unwind_RaiseException>:
20001588:	b401      	push	{r0}
2000158a:	a801      	add	r0, sp, #4
2000158c:	b501      	push	{r0, lr}
2000158e:	b085      	sub	sp, #20
20001590:	b4ff      	push	{r0, r1, r2, r3, r4, r5, r6, r7}
20001592:	a808      	add	r0, sp, #32
20001594:	4641      	mov	r1, r8
20001596:	464a      	mov	r2, r9
20001598:	4653      	mov	r3, sl
2000159a:	465c      	mov	r4, fp
2000159c:	4665      	mov	r5, ip
2000159e:	c03e      	stmia	r0!, {r1, r2, r3, r4, r5}
200015a0:	a801      	add	r0, sp, #4
200015a2:	c83e      	ldmia	r0!, {r1, r2, r3, r4, r5}
200015a4:	980f      	ldr	r0, [sp, #60]	@ 0x3c
200015a6:	9000      	str	r0, [sp, #0]
200015a8:	2300      	movs	r3, #0
200015aa:	b40c      	push	{r2, r3}
200015ac:	a901      	add	r1, sp, #4
200015ae:	f7ff fbef 	bl	20000d90 <__gnu_Unwind_RaiseException>
200015b2:	9b10      	ldr	r3, [sp, #64]	@ 0x40
200015b4:	b012      	add	sp, #72	@ 0x48
200015b6:	4718      	bx	r3

200015b8 <_Unwind_Resume>:
200015b8:	b401      	push	{r0}
200015ba:	a801      	add	r0, sp, #4
200015bc:	b501      	push	{r0, lr}
200015be:	b085      	sub	sp, #20
200015c0:	b4ff      	push	{r0, r1, r2, r3, r4, r5, r6, r7}
200015c2:	a808      	add	r0, sp, #32
200015c4:	4641      	mov	r1, r8
200015c6:	464a      	mov	r2, r9
200015c8:	4653      	mov	r3, sl
200015ca:	465c      	mov	r4, fp
200015cc:	4665      	mov	r5, ip
200015ce:	c03e      	stmia	r0!, {r1, r2, r3, r4, r5}
200015d0:	a801      	add	r0, sp, #4
200015d2:	c83e      	ldmia	r0!, {r1, r2, r3, r4, r5}
200015d4:	980f      	ldr	r0, [sp, #60]	@ 0x3c
200015d6:	9000      	str	r0, [sp, #0]
200015d8:	2300      	movs	r3, #0
200015da:	b40c      	push	{r2, r3}
200015dc:	a901      	add	r1, sp, #4
200015de:	f7ff fc0b 	bl	20000df8 <__gnu_Unwind_Resume>
200015e2:	9b10      	ldr	r3, [sp, #64]	@ 0x40
200015e4:	b012      	add	sp, #72	@ 0x48
200015e6:	4718      	bx	r3

200015e8 <_Unwind_Resume_or_Rethrow>:
200015e8:	b401      	push	{r0}
200015ea:	a801      	add	r0, sp, #4
200015ec:	b501      	push	{r0, lr}
200015ee:	b085      	sub	sp, #20
200015f0:	b4ff      	push	{r0, r1, r2, r3, r4, r5, r6, r7}
200015f2:	a808      	add	r0, sp, #32
200015f4:	4641      	mov	r1, r8
200015f6:	464a      	mov	r2, r9
200015f8:	4653      	mov	r3, sl
200015fa:	465c      	mov	r4, fp
200015fc:	4665      	mov	r5, ip
200015fe:	c03e      	stmia	r0!, {r1, r2, r3, r4, r5}
20001600:	a801      	add	r0, sp, #4
20001602:	c83e      	ldmia	r0!, {r1, r2, r3, r4, r5}
20001604:	980f      	ldr	r0, [sp, #60]	@ 0x3c
20001606:	9000      	str	r0, [sp, #0]
20001608:	2300      	movs	r3, #0
2000160a:	b40c      	push	{r2, r3}
2000160c:	a901      	add	r1, sp, #4
2000160e:	f7ff fc17 	bl	20000e40 <__gnu_Unwind_Resume_or_Rethrow>
20001612:	9b10      	ldr	r3, [sp, #64]	@ 0x40
20001614:	b012      	add	sp, #72	@ 0x48
20001616:	4718      	bx	r3

20001618 <_Unwind_ForcedUnwind>:
20001618:	b401      	push	{r0}
2000161a:	a801      	add	r0, sp, #4
2000161c:	b501      	push	{r0, lr}
2000161e:	b085      	sub	sp, #20
20001620:	b4ff      	push	{r0, r1, r2, r3, r4, r5, r6, r7}
20001622:	a808      	add	r0, sp, #32
20001624:	4641      	mov	r1, r8
20001626:	464a      	mov	r2, r9
20001628:	4653      	mov	r3, sl
2000162a:	465c      	mov	r4, fp
2000162c:	4665      	mov	r5, ip
2000162e:	c03e      	stmia	r0!, {r1, r2, r3, r4, r5}
20001630:	a801      	add	r0, sp, #4
20001632:	c83e      	ldmia	r0!, {r1, r2, r3, r4, r5}
20001634:	980f      	ldr	r0, [sp, #60]	@ 0x3c
20001636:	9000      	str	r0, [sp, #0]
20001638:	2300      	movs	r3, #0
2000163a:	b40c      	push	{r2, r3}
2000163c:	ab01      	add	r3, sp, #4
2000163e:	f7ff fbd1 	bl	20000de4 <__gnu_Unwind_ForcedUnwind>
20001642:	9b10      	ldr	r3, [sp, #64]	@ 0x40
20001644:	b012      	add	sp, #72	@ 0x48
20001646:	4718      	bx	r3

20001648 <_Unwind_Backtrace>:
20001648:	b401      	push	{r0}
2000164a:	a801      	add	r0, sp, #4
2000164c:	b501      	push	{r0, lr}
2000164e:	b085      	sub	sp, #20
20001650:	b4ff      	push	{r0, r1, r2, r3, r4, r5, r6, r7}
20001652:	a808      	add	r0, sp, #32
20001654:	4641      	mov	r1, r8
20001656:	464a      	mov	r2, r9
20001658:	4653      	mov	r3, sl
2000165a:	465c      	mov	r4, fp
2000165c:	4665      	mov	r5, ip
2000165e:	c03e      	stmia	r0!, {r1, r2, r3, r4, r5}
20001660:	a801      	add	r0, sp, #4
20001662:	c83e      	ldmia	r0!, {r1, r2, r3, r4, r5}
20001664:	980f      	ldr	r0, [sp, #60]	@ 0x3c
20001666:	9000      	str	r0, [sp, #0]
20001668:	2300      	movs	r3, #0
2000166a:	b40c      	push	{r2, r3}
2000166c:	aa01      	add	r2, sp, #4
2000166e:	f7ff fc51 	bl	20000f14 <__gnu_Unwind_Backtrace>
20001672:	9b10      	ldr	r3, [sp, #64]	@ 0x40
20001674:	b012      	add	sp, #72	@ 0x48
20001676:	4718      	bx	r3

20001678 <next_unwind_byte>:
20001678:	7a02      	ldrb	r2, [r0, #8]
2000167a:	0003      	movs	r3, r0
2000167c:	2a00      	cmp	r2, #0
2000167e:	d10b      	bne.n	20001698 <next_unwind_byte+0x20>
20001680:	7a42      	ldrb	r2, [r0, #9]
20001682:	2a00      	cmp	r2, #0
20001684:	d00f      	beq.n	200016a6 <next_unwind_byte+0x2e>
20001686:	3a01      	subs	r2, #1
20001688:	7242      	strb	r2, [r0, #9]
2000168a:	6842      	ldr	r2, [r0, #4]
2000168c:	1d11      	adds	r1, r2, #4
2000168e:	6041      	str	r1, [r0, #4]
20001690:	2103      	movs	r1, #3
20001692:	6812      	ldr	r2, [r2, #0]
20001694:	7201      	strb	r1, [r0, #8]
20001696:	e002      	b.n	2000169e <next_unwind_byte+0x26>
20001698:	3a01      	subs	r2, #1
2000169a:	7202      	strb	r2, [r0, #8]
2000169c:	6802      	ldr	r2, [r0, #0]
2000169e:	0e10      	lsrs	r0, r2, #24
200016a0:	0212      	lsls	r2, r2, #8
200016a2:	601a      	str	r2, [r3, #0]
200016a4:	4770      	bx	lr
200016a6:	20b0      	movs	r0, #176	@ 0xb0
200016a8:	e7fc      	b.n	200016a4 <next_unwind_byte+0x2c>
200016aa:	46c0      	nop			@ (mov r8, r8)

200016ac <__gnu_unwind_execute>:
200016ac:	b5f0      	push	{r4, r5, r6, r7, lr}
200016ae:	2300      	movs	r3, #0
200016b0:	4645      	mov	r5, r8
200016b2:	4657      	mov	r7, sl
200016b4:	464e      	mov	r6, r9
200016b6:	46de      	mov	lr, fp
200016b8:	4698      	mov	r8, r3
200016ba:	b5e0      	push	{r5, r6, r7, lr}
200016bc:	0006      	movs	r6, r0
200016be:	000d      	movs	r5, r1
200016c0:	270f      	movs	r7, #15
200016c2:	b085      	sub	sp, #20
200016c4:	0028      	movs	r0, r5
200016c6:	f7ff ffd7 	bl	20001678 <next_unwind_byte>
200016ca:	0004      	movs	r4, r0
200016cc:	28b0      	cmp	r0, #176	@ 0xb0
200016ce:	d100      	bne.n	200016d2 <__gnu_unwind_execute+0x26>
200016d0:	e128      	b.n	20001924 <__gnu_unwind_execute+0x278>
200016d2:	0603      	lsls	r3, r0, #24
200016d4:	d537      	bpl.n	20001746 <__gnu_unwind_execute+0x9a>
200016d6:	0003      	movs	r3, r0
200016d8:	43bb      	bics	r3, r7
200016da:	b2db      	uxtb	r3, r3
200016dc:	2ba0      	cmp	r3, #160	@ 0xa0
200016de:	d100      	bne.n	200016e2 <__gnu_unwind_execute+0x36>
200016e0:	e08d      	b.n	200017fe <__gnu_unwind_execute+0x152>
200016e2:	d812      	bhi.n	2000170a <__gnu_unwind_execute+0x5e>
200016e4:	2b80      	cmp	r3, #128	@ 0x80
200016e6:	d069      	beq.n	200017bc <__gnu_unwind_execute+0x110>
200016e8:	2b90      	cmp	r3, #144	@ 0x90
200016ea:	d124      	bne.n	20001736 <__gnu_unwind_execute+0x8a>
200016ec:	230d      	movs	r3, #13
200016ee:	4003      	ands	r3, r0
200016f0:	2b0d      	cmp	r3, #13
200016f2:	d020      	beq.n	20001736 <__gnu_unwind_execute+0x8a>
200016f4:	220f      	movs	r2, #15
200016f6:	ac02      	add	r4, sp, #8
200016f8:	4002      	ands	r2, r0
200016fa:	2300      	movs	r3, #0
200016fc:	2100      	movs	r1, #0
200016fe:	0030      	movs	r0, r6
20001700:	9400      	str	r4, [sp, #0]
20001702:	f7ff fbab 	bl	20000e5c <_Unwind_VRS_Get>
20001706:	9400      	str	r4, [sp, #0]
20001708:	e033      	b.n	20001772 <__gnu_unwind_execute+0xc6>
2000170a:	2bb0      	cmp	r3, #176	@ 0xb0
2000170c:	d06d      	beq.n	200017ea <__gnu_unwind_execute+0x13e>
2000170e:	2bc0      	cmp	r3, #192	@ 0xc0
20001710:	d039      	beq.n	20001786 <__gnu_unwind_execute+0xda>
20001712:	2207      	movs	r2, #7
20001714:	0003      	movs	r3, r0
20001716:	4393      	bics	r3, r2
20001718:	b2db      	uxtb	r3, r3
2000171a:	2bd0      	cmp	r3, #208	@ 0xd0
2000171c:	d10b      	bne.n	20001736 <__gnu_unwind_execute+0x8a>
2000171e:	2380      	movs	r3, #128	@ 0x80
20001720:	4002      	ands	r2, r0
20001722:	3201      	adds	r2, #1
20001724:	031b      	lsls	r3, r3, #12
20001726:	431a      	orrs	r2, r3
20001728:	2101      	movs	r1, #1
2000172a:	2305      	movs	r3, #5
2000172c:	0030      	movs	r0, r6
2000172e:	f7ff fdab 	bl	20001288 <_Unwind_VRS_Pop>
20001732:	2800      	cmp	r0, #0
20001734:	d0c6      	beq.n	200016c4 <__gnu_unwind_execute+0x18>
20001736:	2009      	movs	r0, #9
20001738:	b005      	add	sp, #20
2000173a:	bcf0      	pop	{r4, r5, r6, r7}
2000173c:	46bb      	mov	fp, r7
2000173e:	46b2      	mov	sl, r6
20001740:	46a9      	mov	r9, r5
20001742:	46a0      	mov	r8, r4
20001744:	bdf0      	pop	{r4, r5, r6, r7, pc}
20001746:	23ff      	movs	r3, #255	@ 0xff
20001748:	0082      	lsls	r2, r0, #2
2000174a:	4013      	ands	r3, r2
2000174c:	3304      	adds	r3, #4
2000174e:	469a      	mov	sl, r3
20001750:	ab02      	add	r3, sp, #8
20001752:	220d      	movs	r2, #13
20001754:	9300      	str	r3, [sp, #0]
20001756:	4699      	mov	r9, r3
20001758:	2100      	movs	r1, #0
2000175a:	2300      	movs	r3, #0
2000175c:	0030      	movs	r0, r6
2000175e:	f7ff fb7d 	bl	20000e5c <_Unwind_VRS_Get>
20001762:	4653      	mov	r3, sl
20001764:	9a02      	ldr	r2, [sp, #8]
20001766:	189b      	adds	r3, r3, r2
20001768:	0664      	lsls	r4, r4, #25
2000176a:	d409      	bmi.n	20001780 <__gnu_unwind_execute+0xd4>
2000176c:	9302      	str	r3, [sp, #8]
2000176e:	464b      	mov	r3, r9
20001770:	9300      	str	r3, [sp, #0]
20001772:	2300      	movs	r3, #0
20001774:	220d      	movs	r2, #13
20001776:	2100      	movs	r1, #0
20001778:	0030      	movs	r0, r6
2000177a:	f7ff fb9d 	bl	20000eb8 <_Unwind_VRS_Set>
2000177e:	e7a1      	b.n	200016c4 <__gnu_unwind_execute+0x18>
20001780:	4653      	mov	r3, sl
20001782:	1ad3      	subs	r3, r2, r3
20001784:	e7f2      	b.n	2000176c <__gnu_unwind_execute+0xc0>
20001786:	28c6      	cmp	r0, #198	@ 0xc6
20001788:	d100      	bne.n	2000178c <__gnu_unwind_execute+0xe0>
2000178a:	e0ac      	b.n	200018e6 <__gnu_unwind_execute+0x23a>
2000178c:	28c7      	cmp	r0, #199	@ 0xc7
2000178e:	d100      	bne.n	20001792 <__gnu_unwind_execute+0xe6>
20001790:	e0cd      	b.n	2000192e <__gnu_unwind_execute+0x282>
20001792:	23f8      	movs	r3, #248	@ 0xf8
20001794:	4003      	ands	r3, r0
20001796:	2bc0      	cmp	r3, #192	@ 0xc0
20001798:	d100      	bne.n	2000179c <__gnu_unwind_execute+0xf0>
2000179a:	e0da      	b.n	20001952 <__gnu_unwind_execute+0x2a6>
2000179c:	28c8      	cmp	r0, #200	@ 0xc8
2000179e:	d100      	bne.n	200017a2 <__gnu_unwind_execute+0xf6>
200017a0:	e0dd      	b.n	2000195e <__gnu_unwind_execute+0x2b2>
200017a2:	28c9      	cmp	r0, #201	@ 0xc9
200017a4:	d1c7      	bne.n	20001736 <__gnu_unwind_execute+0x8a>
200017a6:	0028      	movs	r0, r5
200017a8:	f7ff ff66 	bl	20001678 <next_unwind_byte>
200017ac:	22f0      	movs	r2, #240	@ 0xf0
200017ae:	0303      	lsls	r3, r0, #12
200017b0:	0312      	lsls	r2, r2, #12
200017b2:	4013      	ands	r3, r2
200017b4:	220f      	movs	r2, #15
200017b6:	4002      	ands	r2, r0
200017b8:	3201      	adds	r2, #1
200017ba:	e7b4      	b.n	20001726 <__gnu_unwind_execute+0x7a>
200017bc:	0204      	lsls	r4, r0, #8
200017be:	0028      	movs	r0, r5
200017c0:	f7ff ff5a 	bl	20001678 <next_unwind_byte>
200017c4:	2380      	movs	r3, #128	@ 0x80
200017c6:	4304      	orrs	r4, r0
200017c8:	021b      	lsls	r3, r3, #8
200017ca:	429c      	cmp	r4, r3
200017cc:	d0b3      	beq.n	20001736 <__gnu_unwind_execute+0x8a>
200017ce:	0524      	lsls	r4, r4, #20
200017d0:	2300      	movs	r3, #0
200017d2:	2100      	movs	r1, #0
200017d4:	0030      	movs	r0, r6
200017d6:	0c22      	lsrs	r2, r4, #16
200017d8:	f7ff fd56 	bl	20001288 <_Unwind_VRS_Pop>
200017dc:	2800      	cmp	r0, #0
200017de:	d1aa      	bne.n	20001736 <__gnu_unwind_execute+0x8a>
200017e0:	4643      	mov	r3, r8
200017e2:	0fe4      	lsrs	r4, r4, #31
200017e4:	4323      	orrs	r3, r4
200017e6:	4698      	mov	r8, r3
200017e8:	e76c      	b.n	200016c4 <__gnu_unwind_execute+0x18>
200017ea:	0003      	movs	r3, r0
200017ec:	334f      	adds	r3, #79	@ 0x4f
200017ee:	b2db      	uxtb	r3, r3
200017f0:	2b04      	cmp	r3, #4
200017f2:	d900      	bls.n	200017f6 <__gnu_unwind_execute+0x14a>
200017f4:	e08b      	b.n	2000190e <__gnu_unwind_execute+0x262>
200017f6:	4a69      	ldr	r2, [pc, #420]	@ (2000199c <__gnu_unwind_execute+0x2f0>)
200017f8:	009b      	lsls	r3, r3, #2
200017fa:	58d3      	ldr	r3, [r2, r3]
200017fc:	469f      	mov	pc, r3
200017fe:	21ff      	movs	r1, #255	@ 0xff
20001800:	2307      	movs	r3, #7
20001802:	0109      	lsls	r1, r1, #4
20001804:	000a      	movs	r2, r1
20001806:	4383      	bics	r3, r0
20001808:	411a      	asrs	r2, r3
2000180a:	400a      	ands	r2, r1
2000180c:	0724      	lsls	r4, r4, #28
2000180e:	d502      	bpl.n	20001816 <__gnu_unwind_execute+0x16a>
20001810:	2380      	movs	r3, #128	@ 0x80
20001812:	01db      	lsls	r3, r3, #7
20001814:	431a      	orrs	r2, r3
20001816:	2300      	movs	r3, #0
20001818:	2100      	movs	r1, #0
2000181a:	0030      	movs	r0, r6
2000181c:	f7ff fd34 	bl	20001288 <_Unwind_VRS_Pop>
20001820:	2800      	cmp	r0, #0
20001822:	d100      	bne.n	20001826 <__gnu_unwind_execute+0x17a>
20001824:	e74e      	b.n	200016c4 <__gnu_unwind_execute+0x18>
20001826:	e786      	b.n	20001736 <__gnu_unwind_execute+0x8a>
20001828:	2300      	movs	r3, #0
2000182a:	2200      	movs	r2, #0
2000182c:	2105      	movs	r1, #5
2000182e:	0030      	movs	r0, r6
20001830:	f7ff fd2a 	bl	20001288 <_Unwind_VRS_Pop>
20001834:	2800      	cmp	r0, #0
20001836:	d100      	bne.n	2000183a <__gnu_unwind_execute+0x18e>
20001838:	e744      	b.n	200016c4 <__gnu_unwind_execute+0x18>
2000183a:	e77c      	b.n	20001736 <__gnu_unwind_execute+0x8a>
2000183c:	0028      	movs	r0, r5
2000183e:	f7ff ff1b 	bl	20001678 <next_unwind_byte>
20001842:	22f0      	movs	r2, #240	@ 0xf0
20001844:	0303      	lsls	r3, r0, #12
20001846:	0312      	lsls	r2, r2, #12
20001848:	4013      	ands	r3, r2
2000184a:	220f      	movs	r2, #15
2000184c:	4002      	ands	r2, r0
2000184e:	3201      	adds	r2, #1
20001850:	431a      	orrs	r2, r3
20001852:	2101      	movs	r1, #1
20001854:	2301      	movs	r3, #1
20001856:	0030      	movs	r0, r6
20001858:	f7ff fd16 	bl	20001288 <_Unwind_VRS_Pop>
2000185c:	2800      	cmp	r0, #0
2000185e:	d100      	bne.n	20001862 <__gnu_unwind_execute+0x1b6>
20001860:	e730      	b.n	200016c4 <__gnu_unwind_execute+0x18>
20001862:	e768      	b.n	20001736 <__gnu_unwind_execute+0x8a>
20001864:	ab02      	add	r3, sp, #8
20001866:	220d      	movs	r2, #13
20001868:	2100      	movs	r1, #0
2000186a:	9300      	str	r3, [sp, #0]
2000186c:	4699      	mov	r9, r3
2000186e:	0030      	movs	r0, r6
20001870:	2300      	movs	r3, #0
20001872:	f7ff faf3 	bl	20000e5c <_Unwind_VRS_Get>
20001876:	0028      	movs	r0, r5
20001878:	f7ff fefe 	bl	20001678 <next_unwind_byte>
2000187c:	b243      	sxtb	r3, r0
2000187e:	9c02      	ldr	r4, [sp, #8]
20001880:	2b00      	cmp	r3, #0
20001882:	db00      	blt.n	20001886 <__gnu_unwind_execute+0x1da>
20001884:	e087      	b.n	20001996 <__gnu_unwind_execute+0x2ea>
20001886:	2302      	movs	r3, #2
20001888:	469a      	mov	sl, r3
2000188a:	337d      	adds	r3, #125	@ 0x7d
2000188c:	469b      	mov	fp, r3
2000188e:	465b      	mov	r3, fp
20001890:	4018      	ands	r0, r3
20001892:	4653      	mov	r3, sl
20001894:	4098      	lsls	r0, r3
20001896:	2307      	movs	r3, #7
20001898:	469c      	mov	ip, r3
2000189a:	1824      	adds	r4, r4, r0
2000189c:	0028      	movs	r0, r5
2000189e:	9402      	str	r4, [sp, #8]
200018a0:	44e2      	add	sl, ip
200018a2:	f7ff fee9 	bl	20001678 <next_unwind_byte>
200018a6:	b243      	sxtb	r3, r0
200018a8:	2b00      	cmp	r3, #0
200018aa:	dbf0      	blt.n	2000188e <__gnu_unwind_execute+0x1e2>
200018ac:	4653      	mov	r3, sl
200018ae:	4098      	lsls	r0, r3
200018b0:	2381      	movs	r3, #129	@ 0x81
200018b2:	009b      	lsls	r3, r3, #2
200018b4:	469c      	mov	ip, r3
200018b6:	464b      	mov	r3, r9
200018b8:	4464      	add	r4, ip
200018ba:	1900      	adds	r0, r0, r4
200018bc:	9002      	str	r0, [sp, #8]
200018be:	9300      	str	r3, [sp, #0]
200018c0:	e757      	b.n	20001772 <__gnu_unwind_execute+0xc6>
200018c2:	0028      	movs	r0, r5
200018c4:	f7ff fed8 	bl	20001678 <next_unwind_byte>
200018c8:	1e43      	subs	r3, r0, #1
200018ca:	b2db      	uxtb	r3, r3
200018cc:	0002      	movs	r2, r0
200018ce:	2b0e      	cmp	r3, #14
200018d0:	d9a1      	bls.n	20001816 <__gnu_unwind_execute+0x16a>
200018d2:	e730      	b.n	20001736 <__gnu_unwind_execute+0x8a>
200018d4:	ab03      	add	r3, sp, #12
200018d6:	9300      	str	r3, [sp, #0]
200018d8:	220d      	movs	r2, #13
200018da:	2300      	movs	r3, #0
200018dc:	2100      	movs	r1, #0
200018de:	0030      	movs	r0, r6
200018e0:	f7ff fabc 	bl	20000e5c <_Unwind_VRS_Get>
200018e4:	e6ee      	b.n	200016c4 <__gnu_unwind_execute+0x18>
200018e6:	0028      	movs	r0, r5
200018e8:	f7ff fec6 	bl	20001678 <next_unwind_byte>
200018ec:	22f0      	movs	r2, #240	@ 0xf0
200018ee:	0303      	lsls	r3, r0, #12
200018f0:	0312      	lsls	r2, r2, #12
200018f2:	4013      	ands	r3, r2
200018f4:	220f      	movs	r2, #15
200018f6:	4002      	ands	r2, r0
200018f8:	3201      	adds	r2, #1
200018fa:	431a      	orrs	r2, r3
200018fc:	2103      	movs	r1, #3
200018fe:	2303      	movs	r3, #3
20001900:	0030      	movs	r0, r6
20001902:	f7ff fcc1 	bl	20001288 <_Unwind_VRS_Pop>
20001906:	2800      	cmp	r0, #0
20001908:	d100      	bne.n	2000190c <__gnu_unwind_execute+0x260>
2000190a:	e6db      	b.n	200016c4 <__gnu_unwind_execute+0x18>
2000190c:	e713      	b.n	20001736 <__gnu_unwind_execute+0x8a>
2000190e:	23fc      	movs	r3, #252	@ 0xfc
20001910:	4003      	ands	r3, r0
20001912:	2bb4      	cmp	r3, #180	@ 0xb4
20001914:	d100      	bne.n	20001918 <__gnu_unwind_execute+0x26c>
20001916:	e70e      	b.n	20001736 <__gnu_unwind_execute+0x8a>
20001918:	2307      	movs	r3, #7
2000191a:	2280      	movs	r2, #128	@ 0x80
2000191c:	4003      	ands	r3, r0
2000191e:	3301      	adds	r3, #1
20001920:	0312      	lsls	r2, r2, #12
20001922:	e795      	b.n	20001850 <__gnu_unwind_execute+0x1a4>
20001924:	4643      	mov	r3, r8
20001926:	2b00      	cmp	r3, #0
20001928:	d025      	beq.n	20001976 <__gnu_unwind_execute+0x2ca>
2000192a:	2000      	movs	r0, #0
2000192c:	e704      	b.n	20001738 <__gnu_unwind_execute+0x8c>
2000192e:	0028      	movs	r0, r5
20001930:	f7ff fea2 	bl	20001678 <next_unwind_byte>
20001934:	1e43      	subs	r3, r0, #1
20001936:	b2db      	uxtb	r3, r3
20001938:	0002      	movs	r2, r0
2000193a:	2b0e      	cmp	r3, #14
2000193c:	d900      	bls.n	20001940 <__gnu_unwind_execute+0x294>
2000193e:	e6fa      	b.n	20001736 <__gnu_unwind_execute+0x8a>
20001940:	2300      	movs	r3, #0
20001942:	2104      	movs	r1, #4
20001944:	0030      	movs	r0, r6
20001946:	f7ff fc9f 	bl	20001288 <_Unwind_VRS_Pop>
2000194a:	2800      	cmp	r0, #0
2000194c:	d100      	bne.n	20001950 <__gnu_unwind_execute+0x2a4>
2000194e:	e6b9      	b.n	200016c4 <__gnu_unwind_execute+0x18>
20001950:	e6f1      	b.n	20001736 <__gnu_unwind_execute+0x8a>
20001952:	22a0      	movs	r2, #160	@ 0xa0
20001954:	3bb1      	subs	r3, #177	@ 0xb1
20001956:	4003      	ands	r3, r0
20001958:	3301      	adds	r3, #1
2000195a:	0312      	lsls	r2, r2, #12
2000195c:	e7cd      	b.n	200018fa <__gnu_unwind_execute+0x24e>
2000195e:	0028      	movs	r0, r5
20001960:	f7ff fe8a 	bl	20001678 <next_unwind_byte>
20001964:	230f      	movs	r3, #15
20001966:	0002      	movs	r2, r0
20001968:	439a      	bics	r2, r3
2000196a:	b2d2      	uxtb	r2, r2
2000196c:	3210      	adds	r2, #16
2000196e:	4003      	ands	r3, r0
20001970:	0312      	lsls	r2, r2, #12
20001972:	3301      	adds	r3, #1
20001974:	e6d7      	b.n	20001726 <__gnu_unwind_execute+0x7a>
20001976:	ac02      	add	r4, sp, #8
20001978:	220e      	movs	r2, #14
2000197a:	2100      	movs	r1, #0
2000197c:	0030      	movs	r0, r6
2000197e:	9400      	str	r4, [sp, #0]
20001980:	f7ff fa6c 	bl	20000e5c <_Unwind_VRS_Get>
20001984:	2300      	movs	r3, #0
20001986:	220f      	movs	r2, #15
20001988:	2100      	movs	r1, #0
2000198a:	0030      	movs	r0, r6
2000198c:	9400      	str	r4, [sp, #0]
2000198e:	f7ff fa93 	bl	20000eb8 <_Unwind_VRS_Set>
20001992:	2000      	movs	r0, #0
20001994:	e6d0      	b.n	20001738 <__gnu_unwind_execute+0x8c>
20001996:	2302      	movs	r3, #2
20001998:	469a      	mov	sl, r3
2000199a:	e787      	b.n	200018ac <__gnu_unwind_execute+0x200>
2000199c:	20001a98 	.word	0x20001a98

200019a0 <__unaligned_memcpy_veneer>:
200019a0:	b401      	push	{r0}
200019a2:	4802      	ldr	r0, [pc, #8]	@ (200019ac <__unaligned_memcpy_veneer+0xc>)
200019a4:	4684      	mov	ip, r0
200019a6:	bc01      	pop	{r0}
200019a8:	4760      	bx	ip
200019aa:	bf00      	nop
200019ac:	10005349 	.word	0x10005349

200019b0 <__rp2040_chip_version_veneer>:
200019b0:	b401      	push	{r0}
200019b2:	4802      	ldr	r0, [pc, #8]	@ (200019bc <__rp2040_chip_version_veneer+0xc>)
200019b4:	4684      	mov	ip, r0
200019b6:	bc01      	pop	{r0}
200019b8:	4760      	bx	ip
200019ba:	bf00      	nop
200019bc:	10000e09 	.word	0x10000e09

200019c0 <____wrap_printf_veneer>:
200019c0:	b401      	push	{r0}
200019c2:	4802      	ldr	r0, [pc, #8]	@ (200019cc <____wrap_printf_veneer+0xc>)
200019c4:	4684      	mov	ip, r0
200019c6:	bc01      	pop	{r0}
200019c8:	4760      	bx	ip
200019ca:	bf00      	nop
200019cc:	10004929 	.word	0x10004929

200019d0 <____assert_func_veneer>:
200019d0:	b401      	push	{r0}
200019d2:	4802      	ldr	r0, [pc, #8]	@ (200019dc <____assert_func_veneer+0xc>)
200019d4:	4684      	mov	ip, r0
200019d6:	bc01      	pop	{r0}
200019d8:	4760      	bx	ip
200019da:	bf00      	nop
200019dc:	10004565 	.word	0x10004565

200019e0 <____wrap___aeabi_lmul_veneer>:
200019e0:	b401      	push	{r0}
200019e2:	4802      	ldr	r0, [pc, #8]	@ (200019ec <____wrap___aeabi_lmul_veneer+0xc>)
200019e4:	4684      	mov	ip, r0
200019e6:	bc01      	pop	{r0}
200019e8:	4760      	bx	ip
200019ea:	bf00      	nop
200019ec:	1000302d 	.word	0x1000302d

200019f0 <__tud_event_hook_cb_veneer>:
200019f0:	b401      	push	{r0}
200019f2:	4802      	ldr	r0, [pc, #8]	@ (200019fc <__tud_event_hook_cb_veneer+0xc>)
200019f4:	4684      	mov	ip, r0
200019f6:	bc01      	pop	{r0}
200019f8:	4760      	bx	ip
200019fa:	bf00      	nop
200019fc:	10005671 	.word	0x10005671

20001a00 <__time_us_64_veneer>:
20001a00:	b401      	push	{r0}
20001a02:	4802      	ldr	r0, [pc, #8]	@ (20001a0c <__time_us_64_veneer+0xc>)
20001a04:	4684      	mov	ip, r0
20001a06:	bc01      	pop	{r0}
20001a08:	4760      	bx	ip
20001a0a:	bf00      	nop
20001a0c:	10001d9d 	.word	0x10001d9d

20001a10 <__abort_veneer>:
20001a10:	b401      	push	{r0}
20001a12:	4802      	ldr	r0, [pc, #8]	@ (20001a1c <__abort_veneer+0xc>)
20001a14:	4684      	mov	ip, r0
20001a16:	bc01      	pop	{r0}
20001a18:	4760      	bx	ip
20001a1a:	bf00      	nop
20001a1c:	10007fd5 	.word	0x10007fd5

20001a20 <__tu_fifo_write_veneer>:
20001a20:	b401      	push	{r0}
20001a22:	4802      	ldr	r0, [pc, #8]	@ (20001a2c <__tu_fifo_write_veneer+0xc>)
20001a24:	4684      	mov	ip, r0
20001a26:	bc01      	pop	{r0}
20001a28:	4760      	bx	ip
20001a2a:	bf00      	nop
20001a2c:	1000758f 	.word	0x1000758f

20001a30 <____wrap_memcpy_veneer>:
20001a30:	b401      	push	{r0}
20001a32:	4802      	ldr	r0, [pc, #8]	@ (20001a3c <____wrap_memcpy_veneer+0xc>)
20001a34:	4684      	mov	ip, r0
20001a36:	bc01      	pop	{r0}
20001a38:	4760      	bx	ip
20001a3a:	bf00      	nop
20001a3c:	100032f9 	.word	0x100032f9

20001a40 <__critical_section_enter_blocking_veneer>:
20001a40:	b401      	push	{r0}
20001a42:	4802      	ldr	r0, [pc, #8]	@ (20001a4c <__critical_section_enter_blocking_veneer+0xc>)
20001a44:	4684      	mov	ip, r0
20001a46:	bc01      	pop	{r0}
20001a48:	4760      	bx	ip
20001a4a:	bf00      	nop
20001a4c:	10005485 	.word	0x10005485

20001a50 <__panic_veneer>:
20001a50:	b401      	push	{r0}
20001a52:	4802      	ldr	r0, [pc, #8]	@ (20001a5c <__panic_veneer+0xc>)
20001a54:	4684      	mov	ip, r0
20001a56:	bc01      	pop	{r0}
20001a58:	4760      	bx	ip
20001a5a:	bf00      	nop
20001a5c:	10000e5d 	.word	0x10000e5d

20001a60 <____wrap_memset_veneer>:
20001a60:	b401      	push	{r0}
20001a62:	4802      	ldr	r0, [pc, #8]	@ (20001a6c <____wrap_memset_veneer+0xc>)
20001a64:	4684      	mov	ip, r0
20001a66:	bc01      	pop	{r0}
20001a68:	4760      	bx	ip
20001a6a:	bf00      	nop
20001a6c:	100032ed 	.word	0x100032ed

20001a70 <__best_effort_wfe_or_timeout_veneer>:
20001a70:	b401      	push	{r0}
20001a72:	4802      	ldr	r0, [pc, #8]	@ (20001a7c <__best_effort_wfe_or_timeout_veneer+0xc>)
20001a74:	4684      	mov	ip, r0
20001a76:	bc01      	pop	{r0}
20001a78:	4760      	bx	ip
20001a7a:	bf00      	nop
20001a7c:	10001bc9 	.word	0x10001bc9
20001a80:	200012cc 	.word	0x200012cc
20001a84:	2000134e 	.word	0x2000134e
20001a88:	200012ae 	.word	0x200012ae
20001a8c:	200012fa 	.word	0x200012fa
20001a90:	200013d0 	.word	0x200013d0
20001a94:	200012bc 	.word	0x200012bc
20001a98:	200018c2 	.word	0x200018c2
20001a9c:	20001864 	.word	0x20001864
20001aa0:	2000183c 	.word	0x2000183c
20001aa4:	20001828 	.word	0x20001828
20001aa8:	200018d4 	.word	0x200018d4

20001aac <striped_spin_lock_num>:
20001aac:	00000010                                ....

20001ab0 <irq_handler_chain_slots>:
20001ab0:	00000000 	.word	0x00000000
20001ab4:	00010000 	.word	0x00010000
	...
20001ac0:	00020000 	.word	0x00020000
	...
20001acc:	00030000 	.word	0x00030000
	...
20001ad8:	00ff0000 	.word	0x00ff0000
20001adc:	00000000 	.word	0x00000000

20001ae0 <irq_handler_chain_first_slot>:
20001ae0:	b501      	push	{r0, lr}
20001ae2:	6848      	ldr	r0, [r1, #4]
20001ae4:	3101      	adds	r1, #1
20001ae6:	468e      	mov	lr, r1
20001ae8:	4700      	bx	r0

20001aea <irq_handler_chain_remove_tail>:
20001aea:	4670      	mov	r0, lr
20001aec:	3809      	subs	r0, #9
20001aee:	4901      	ldr	r1, [pc, #4]	@ (20001af4 <irq_handler_chain_remove_tail+0xa>)
20001af0:	4788      	blx	r1
20001af2:	bd01      	pop	{r0, pc}
20001af4:	10001351 	.word	0x10001351

20001af8 <default_alarm_pool>:
	...
20001b0c:	200020d0                                . . 

20001b10 <aeabi_bits_funcs>:
20001b10:	00003350 	.word	0x00003350
20001b14:	0000334c 	.word	0x0000334c
20001b18:	00003354 	.word	0x00003354
20001b1c:	00003352 	.word	0x00003352

20001b20 <aeabi_bits_funcs_end>:
20001b20:	0000534d 	.word	0x0000534d
20001b24:	0000434d 	.word	0x0000434d
20001b28:	00003453 	.word	0x00003453
20001b2c:	00003443 	.word	0x00003443

20001b30 <stdio_usb>:
20001b30:	10004dd9 10004a75 10004d41 10004a61     .M..uJ..AM..aJ..
20001b40:	00000000 00000100                       ........

20001b48 <_usbd_qdef>:
20001b48:	200025cc 000c0010 00000000 00000000     .%. ............
	...

20001b64 <_usbd_rhport>:
20001b64:	000000ff                                ....

20001b68 <i2c0_inst>:
20001b68:	40044000 00000000                       .@.@....

20001b70 <__malloc_sbrk_base>:
20001b70:	ffffffff                                ....

20001b74 <__malloc_trim_threshold>:
20001b74:	00020000                                ....

20001b78 <__malloc_av_>:
	...
20001b80:	20001b78 20001b78 20001b80 20001b80     x.. x.. ... ... 
20001b90:	20001b88 20001b88 20001b90 20001b90     ... ... ... ... 
20001ba0:	20001b98 20001b98 20001ba0 20001ba0     ... ... ... ... 
20001bb0:	20001ba8 20001ba8 20001bb0 20001bb0     ... ... ... ... 
20001bc0:	20001bb8 20001bb8 20001bc0 20001bc0     ... ... ... ... 
20001bd0:	20001bc8 20001bc8 20001bd0 20001bd0     ... ... ... ... 
20001be0:	20001bd8 20001bd8 20001be0 20001be0     ... ... ... ... 
20001bf0:	20001be8 20001be8 20001bf0 20001bf0     ... ... ... ... 
20001c00:	20001bf8 20001bf8 20001c00 20001c00     ... ... ... ... 
20001c10:	20001c08 20001c08 20001c10 20001c10     ... ... ... ... 
20001c20:	20001c18 20001c18 20001c20 20001c20     ... ...  ..  .. 
20001c30:	20001c28 20001c28 20001c30 20001c30     (.. (.. 0.. 0.. 
20001c40:	20001c38 20001c38 20001c40 20001c40     8.. 8.. @.. @.. 
20001c50:	20001c48 20001c48 20001c50 20001c50     H.. H.. P.. P.. 
20001c60:	20001c58 20001c58 20001c60 20001c60     X.. X.. `.. `.. 
20001c70:	20001c68 20001c68 20001c70 20001c70     h.. h.. p.. p.. 
20001c80:	20001c78 20001c78 20001c80 20001c80     x.. x.. ... ... 
20001c90:	20001c88 20001c88 20001c90 20001c90     ... ... ... ... 
20001ca0:	20001c98 20001c98 20001ca0 20001ca0     ... ... ... ... 
20001cb0:	20001ca8 20001ca8 20001cb0 20001cb0     ... ... ... ... 
20001cc0:	20001cb8 20001cb8 20001cc0 20001cc0     ... ... ... ... 
20001cd0:	20001cc8 20001cc8 20001cd0 20001cd0     ... ... ... ... 
20001ce0:	20001cd8 20001cd8 20001ce0 20001ce0     ... ... ... ... 
20001cf0:	20001ce8 20001ce8 20001cf0 20001cf0     ... ... ... ... 
20001d00:	20001cf8 20001cf8 20001d00 20001d00     ... ... ... ... 
20001d10:	20001d08 20001d08 20001d10 20001d10     ... ... ... ... 
20001d20:	20001d18 20001d18 20001d20 20001d20     ... ...  ..  .. 
20001d30:	20001d28 20001d28 20001d30 20001d30     (.. (.. 0.. 0.. 
20001d40:	20001d38 20001d38 20001d40 20001d40     8.. 8.. @.. @.. 
20001d50:	20001d48 20001d48 20001d50 20001d50     H.. H.. P.. P.. 
20001d60:	20001d58 20001d58 20001d60 20001d60     X.. X.. `.. `.. 
20001d70:	20001d68 20001d68 20001d70 20001d70     h.. h.. p.. p.. 
20001d80:	20001d78 20001d78 20001d80 20001d80     x.. x.. ... ... 
20001d90:	20001d88 20001d88 20001d90 20001d90     ... ... ... ... 
20001da0:	20001d98 20001d98 20001da0 20001da0     ... ... ... ... 
20001db0:	20001da8 20001da8 20001db0 20001db0     ... ... ... ... 
20001dc0:	20001db8 20001db8 20001dc0 20001dc0     ... ... ... ... 
20001dd0:	20001dc8 20001dc8 20001dd0 20001dd0     ... ... ... ... 
20001de0:	20001dd8 20001dd8 20001de0 20001de0     ... ... ... ... 
20001df0:	20001de8 20001de8 20001df0 20001df0     ... ... ... ... 
20001e00:	20001df8 20001df8 20001e00 20001e00     ... ... ... ... 
20001e10:	20001e08 20001e08 20001e10 20001e10     ... ... ... ... 
20001e20:	20001e18 20001e18 20001e20 20001e20     ... ...  ..  .. 
20001e30:	20001e28 20001e28 20001e30 20001e30     (.. (.. 0.. 0.. 
20001e40:	20001e38 20001e38 20001e40 20001e40     8.. 8.. @.. @.. 
20001e50:	20001e48 20001e48 20001e50 20001e50     H.. H.. P.. P.. 
20001e60:	20001e58 20001e58 20001e60 20001e60     X.. X.. `.. `.. 
20001e70:	20001e68 20001e68 20001e70 20001e70     h.. h.. p.. p.. 
20001e80:	20001e78 20001e78 20001e80 20001e80     x.. x.. ... ... 
20001e90:	20001e88 20001e88 20001e90 20001e90     ... ... ... ... 
20001ea0:	20001e98 20001e98 20001ea0 20001ea0     ... ... ... ... 
20001eb0:	20001ea8 20001ea8 20001eb0 20001eb0     ... ... ... ... 
20001ec0:	20001eb8 20001eb8 20001ec0 20001ec0     ... ... ... ... 
20001ed0:	20001ec8 20001ec8 20001ed0 20001ed0     ... ... ... ... 
20001ee0:	20001ed8 20001ed8 20001ee0 20001ee0     ... ... ... ... 
20001ef0:	20001ee8 20001ee8 20001ef0 20001ef0     ... ... ... ... 
20001f00:	20001ef8 20001ef8 20001f00 20001f00     ... ... ... ... 
20001f10:	20001f08 20001f08 20001f10 20001f10     ... ... ... ... 
20001f20:	20001f18 20001f18 20001f20 20001f20     ... ...  ..  .. 
20001f30:	20001f28 20001f28 20001f30 20001f30     (.. (.. 0.. 0.. 
20001f40:	20001f38 20001f38 20001f40 20001f40     8.. 8.. @.. @.. 
20001f50:	20001f48 20001f48 20001f50 20001f50     H.. H.. P.. P.. 
20001f60:	20001f58 20001f58 20001f60 20001f60     X.. X.. `.. `.. 
20001f70:	20001f68 20001f68 20001f70 20001f70     h.. h.. p.. p.. 

20001f80 <_impure_ptr>:
20001f80:	20001f88 00000000                       ... ....

20001f88 <_impure_data>:
20001f88:	00000000 20002288 200022f0 20002358     .....". .". X#. 
	...
20002020:	00000001 00000000 abcd330e e66d1234     .........3..4.m.
20002030:	0005deec 0000000b 00000000 00000000     ................
	...

200020c8 <print_mutex>:
	...
