:020000041000EA
:1000000000B5324B212058609868022188439860DF
:10001000D860186158612E4B002199600221596106
:100020000121F02299502B49196001219960352056
:1000300000F044F80222904214D00621196600F024
:1000400034F8196E01211966002018661A6600F04E
:100050002CF8196E196E196E052000F02FF8012189
:100060000842F9D1002199601B49196000215960AB
:100070001A491B48016001219960EB211966A021F2
:10008000196600F012F800219960164914480160C1
:100090000121996001BC002800D000471248134993
:1000A000086003C880F30888084703B5996A0420EC
:1000B0000142FBD001200142F8D103BD02B5186610
:1000C0001866FFF7F2FF186E186E02BD00000240BE
:1000D000000000180000070000035F00212200005C
:1000E000F4000018222000A00001001008ED00E03C
:1000F00000000000000000000000000074B24E7A12
:1001000000200420F7010010C3010010C5010010F9
:10011000C1010010C1010010C1010010C101001097
:10012000C1010010C1010010C1010010C701001081
:10013000C1010010C1010010C9010010CB01001065
:10014000CD010010CD010010CD010010CD01001037
:10015000CD010010CD010010CD010010CD01001027
:10016000CD010010CD010010CD010010CD01001017
:10017000CD010010CD010010CD010010CD01001007
:10018000CD010010CD010010CD010010CD010010F7
:10019000CD010010CD010010CD010010CD010010E7
:1001A000CD010010CD010010CD010010CD010010D7
:1001B000CD010010CD010010CD010010CD010010C7
:1001C00000BE00BE00BE00BE00BE00BEEFF3058054
:1001D000103800BEF2EB887170A3001094A30010D9
:1001E0003802001090A31AE71E481F49086006C88D
:1001F00081F3088810471D480068002801D019487D
:10020000F3E70DA40ECC002902D000F012F8F9E7B4
:100210001749184A002000E001C19142FCD116495B
:100220008847164988471649884700BEFDE701C937
:1002300001C29A42FBD3704794A30010C000002073
:10024000D0200020A4C300100000042000000420DF
:10025000A4C30010001004200010042000000000BF
:10026000704700000000000008ED00E0000000D032
:10027000D0200020403100209D4500105104001086
:100280005F450010F8B5C04606480749091A8B10AB
:10029000C90FC91810B5491003D0044B002B00D06A
:1002A000984710BDD0200020D02000200000000082
:1002B000054B10B5002B03D00449054800E000BFF2
:1002C000FFF7E2FF10BDC04600000000DC2E00205A
:1002D0009C85001030B585B00500204804F0F4FA84
:1002E0001F4804F0F1FA002410E01E48210004F039
:1002F0001BFB0FE01C4804F017FBE217120FA118BC
:100300000F230B409B1A0F2B1FD001347F2C20DCB6
:100310002307EAD078231A0022402342EAD0782A21
:10032000E8D0E1B228680023009301330F226A4429
:1003300007F098FB002804DB0C48210004F0F4FAD5
:10034000DBE70B4804F0F0FAD7E70A2004F0AEFA36
:10035000DBE7084804F0B8FA05B030BDA08500100E
:10036000B8850010EC850010F4850010FC850010A5
:10037000F88500100486001000B585B000680023E1
:10038000009301330F226A4407F06CFBC043C00F97
:1003900005B000BDF0B583B004000F0000F080FA96
:1003A00000220021200000F0BBFA7023FB5C002B30
:1003B0003FD02249200000F0CDFA01220021200088
:1003C00000F0AEFA7E69B86E1D4D02F0C9FE0090D5
:1003D000019132002900200000F0C9FA0222002118
:1003E000200000F09DFA380000F08DFC02F0B8FE0D
:1003F00005000E00380000F097FC02F0B1FE0090FE
:1004000001912A0033000F49200000F0B0FA0322C6
:100410000021200000F084FAF8693D6A02F0A0FE95
:1004200002000B0008490095200000F0A0FA03B07C
:10043000F0BD0649200000F08DFABEE714860010DA
:100440003C8600105086001064860010288600103C
:10045000F0B5C64600B5AAB004F0FAF9AF4804F00A
:1004600033FAAF4804F030FAFA20C00001F0A2FBE2
:10047000AC4DAD4C2900200007F0BEFA0321082046
:1004800000F080FC0321092000F07CFC0022012107
:10049000082000F091FC00220121092000F08CFCD2
:1004A000A2482B000922082104F03EFA299429AC25
:1004B0002000FFF70FFF27212000FFF75DFF002836
:1004C0006FD09B48272104F02FFA974927AC2722A9
:1004D000200000F079F9974804F0F6F9200000F0C8
:1004E000E8F9200000F058FA934804F0EDF90AAE5C
:1004F00001230393FA256D000295FE239B050193CA
:100500000B230093013B00228C49300000F01AFBC2
:10051000300000F0D3FA8A480B220A2104F004FAD2
:100520000026884F8848009532003B0004F0FCF913
:10053000200000F0B5F900220021200000F0F0F9C1
:100540008249200000F006FA01220021200000F07C
:10055000E7F97F49200000F0FDF902220021200088
:1005600000F0DEF97B49009532003B00200000F0EE
:10057000FEF903220021200000F0D2F97649200084
:1005800000F0E8F9754804F09FF9754801F012FB96
:10059000744804F099F9744804F096F9002500268F
:1005A00046E07248272104F0BFF9714804F08CF945
:1005B0008BE7FA21890001F0FDFE040042E00022F1
:1005C0000F926C4804F080F90F9FA31BBD4200D12D
:1005D0009EE00AA927A8FFF7DDFEBD4200D19AE000
:1005E0000AAD280000F08FFB02F0BAFD06900791DB
:1005F000249802F0B5FD08900991280000F094FBC2
:100600005D4D00225D4B0492059302F0A9FD02901E
:1006100003910899099A00910192069A079B390063
:10062000280004F081F92600012001F0C3FA3D0002
:1006300001F0B4FB0029BCD0FA229200002301F0A3
:10064000F7FE04000AA800F00DFB002004F004F9F6
:1006500048382E28B8D88000494B1B589F4629A8F7
:10066000FFF738FEB0E7474804F02EF9464804F09B
:100670002BF9464804F028F9454804F025F9454887
:1006800004F022F9444804F01FF99DE70AAF7023F3
:100690009846FB5C012253404246BB54380000F0B0
:1006A0000DFA4346FB5C002B04D03C493C4804F067
:1006B0003BF989E73B49F9E73B4804F005F90AAF04
:1006C000249802F04DFD02000B00384804F02CF98C
:1006D000380000F029FB02F043FD02000B00344813
:1006E00004F022F93349380000F034FB02F038FD01
:1006F00002000B00304804F017F97023FB5C002B5C
:1007000004D02E492E4804F00FF95DE72D49F9E792
:10071000312B89D95DE7260086E7C046A086001008
:10072000C8860010801A0600681B0020E4860010AE
:100730001C870010AC870010D087001000002050EC
:10074000F08700100000F03F208800105088001053
:100750006488001074880010808800108C88001055
:10076000B80B0000B8880010E48800104087001023
:100770007087001030890010708A001000408F4090
:1007800074970010488900105C8900107889001067
:100790008C890010A8890010C08900107486001090
:1007A000D489001078860010EC890010048A0010AB
:1007B000288A0010000020413C8A0010808600102A
:1007C000648A001090860010016002710823437152
:1007D000704770B584B0040004230B430F226A44B1
:1007E0001370042399430E256D4429700179006824
:1007F00000260096033B07F029F90120002101F0B3
:10080000C7F921792068009601232A0007F01EF914
:100810003220002101F0BCF904B070BD30B585B0C4
:10082000040043790B430F256D442B700179006858
:100830000023009301332A0007F008F929782000EB
:10084000FFF7C7FF05B030BDF0B585B004000F233A
:100850000800984303001343607903430F256D4458
:100860002B7009010A4310430E266E443070217923
:1008700020680027009701232A0007F0E7F829786D
:100880002000FFF7A6FF217920680097012332009E
:1008900007F0DCF831782000FFF79BFF05B0F0BDD2
:1008A00010B500220121FFF7CFFF022001F082F9ED
:1008B00010BD10B50400322001F07CF93021200079
:1008C000FFF7ACFF052001F075F930212000FFF79C
:1008D000A5FF6420002101F05BF930212000FFF723
:1008E0009DFF6420002101F053F920212000FFF733
:1008F00095FF002228212000FFF7A6FF00220C21EF
:100900002000FFF7A1FF2000FFF7CAFF0022062109
:100910002000FFF799FF022001F04CF910BD000004
:1009200000B583B00A4B0193032A00D903220F2993
:1009300000D90F2101AB9B5C5B18DBB280214942DF
:100940001943C9B20022FFF77FFF03B000BDC046C4
:100950000040145470B505000C0004E0013401227D
:100960002800FFF771FF21780029F7D170BD0EB480
:1009700030B5A2B0040025AB04CB019302AD8021B9
:10098000280003F0A9FD29002000FFF7E3FF22B0B3
:1009900030BC08BC03B018470823437170470000FF
:1009A00070B500231360002544680E00083601234B
:1009B000B340234212D10B0008339B001B58032481
:1009C00023400A4C24789C42EED0A4001C43E4B29D
:1009D000074E34572D19054C2370E5E7002D01D142
:1009E000002070BD15600120FBE7C04635310020B6
:1009F0006C980010F0B5D6464F464646C0B586B056
:100A00000600884691461F0002AD102200212800F2
:100A100002F06CFC80235B020293F8235B020393D9
:100A20008023DB020493C0231B0304934B465A1C10
:100A3000DB01120313430393FB03F8221203134059
:100A4000059380231B0304931A4B04931A4BF41849
:100A5000240DE4B20634E4B22100380000F092F92B
:100A60007B1C9A462100180000F08CF900230093AB
:100A700002333A004146300007F0CEF8002201214F
:100A8000380000F099F900220121504600F094F955
:100A90002B004A464146300007F018F9336801221E
:100AA00041468A401343336006B0E0BCBA46B146C3
:100AB000A846F0BD000008800000E0AF70B582B02D
:100AC00004007023C35C002B0DD01D49406807F063
:100AD0008BF80200E368A168606824690094FFF75E
:100AE00089FF02B070BDC06800F082F9206900F093
:100AF0007FF9E36801252A009A40D0263606B262C3
:100B000023692A009A40B262E0680022012100F0C5
:100B100053F920690022012100F04EF9236972681F
:100B2000290099400B0013405A1E9341E1687268F6
:100B30008D4015406A1E95415B001D432576D0E728
:100B40007C98001070B5040007A800781A4D256045
:100B50006160A260E360049B2361002363612376EC
:100B6000059AE261069A22627022A0540022A266CF
:100B70006422A35401F012F9002907D0FA2292004E
:100B8000002301F055FCE066002210E0FA21890004
:100B900001F010FCF7E7130008339B00E318002175
:100BA0005960130010339B00E31859600132072A83
:100BB000F1DD200070BDC0465498001030B56425AA
:100BC000435D1C000834A400041961601900103151
:100BD000890041184A60013307221340435530BD54
:100BE00070B504000022002500200CE0130008333B
:100BF0009B00E3185B68C018130010339B00E318D8
:100C00005B68ED180132072AF0DD002D1AD002F0E2
:100C100085FA061C280002F07CFA011C301C02F048
:100C20002CFA0A4902F03FFA011CE06902F03BFA93
:100C3000051C206A02F06DFA011C281C02F01DFA46
:100C4000A06670BD0023A366FBE7C04600007A449F
:100C5000037E9B001943C9B2014B58567047C046EA
:100C60005C980010F0B583B0040001F097F80029FB
:100C700028D0FA229200002301F0DAFB0500666911
:100C80007023E35C002B27D12269D0210906486834
:100C900001273B0093401A000240501E8241E06849
:100CA000496887400F407B1E9F4152001743237EB7
:100CB000BB4218D039002000FFF7CAFF80196061DD
:100CC000277610E0FA21890001F074FB0500D6E7D1
:100CD0006269019B9B186361A168606801AAFFF7C4
:100CE0005FFE0028F4D16169B14204D12000FFF712
:100CF00077FF03B0F0BD891BE26EAA1A2000FFF750
:100D00005DFFE566F2E770B50400406902F006FA9F
:100D1000E16902F0C8F9051C206A02F0FAF9011C29
:100D2000281C02F0AAF970BD70B50400C569002145
:100D3000281C02F0E9F9002801D1002070BDA06E46
:100D4000291C02F09AF9024902F0ADF9F6E7C04613
:100D50000000704270B505000C1C0021201C02F040
:100D6000D3F9002801D1002070BDA86E40004008D2
:100D7000211C02F082F9024902F095F9F4E7C0461D
:100D80000000C84210B58300084A9A18146840222F
:100D9000544080322240064CA44663441A60C0008E
:100DA000044B9C466044416010BDC04604C00140F5
:100DB00004D001400040014080000C4B9C46604440
:100DC00000290ED00823002A0DD004221343026804
:100DD00053400C2213408022520194466044036029
:100DE00070470023EFE70022F0E7C04604C001404F
:100DF00010B501238340D02212069362936105212E
:100E0000FFF7C0FF10BD000010B58023DB05186898
:100E100003051B0D0B4A934207D10B4B0340802265
:100E20009201934207D1000F10BD084B084A0948B0
:100E3000222103F097FB084B054A0648232103F0C3
:100E400091FBC0462709000000F0FF0FB88A001090
:100E500088980010DC8A0010248B00100FB400B5B5
:100E600083B0084803F030FD049B002B07D005A990
:100E70000191180003F038FD034803F025FD01201F
:100E800003F04AFB388B00104C880010EFF3108001
:100E900072B6034B1B68002BFBD0BFF35F8F70470C
:100EA0002C0100D0BFF35F8F024B00221A6080F349
:100EB000108870472C0100D0F8B506000C00150012
:100EC000FFF7E4FFE308F718F15C07222240012353
:100ED00093400B4205D1DBB20B433B70FFF7E2FFBF
:100EE000F8BD21002800FFF7B9FFF0B583B0060078
:100EF000019114001F00FFF7C9FF00E00134BC425C
:100F00000CD8E308F518F35C0721214001228A4040
:100F10001A42F3D1D2B21A432A7001E0012464428A
:100F2000FFF7C0FF002C02DB200003B0F0BD019BE7
:100F3000002BF9D00898FFF791FF0000054A1078C0
:100F4000431CDBB21370172B02D9130010221A7046
:100F50007047C046AC1A002010B582B00100054CA5
:100F6000054B00931F2318222000FFF7BEFF02B09D
:100F700010BDC046682A0020488B0010002307E0FF
:100F8000054A9A189200BFF35F8F00211160013368
:100F90001F2BF5D97047C04640000034074B9B68B3
:100FA000103080001950BFF35F8FBFF35F8F044B89
:100FB0000021196082F310887047C04600ED00E000
:100FC000240100D00048704700E400E010B5FFF7AE
:100FD000F9FF002302E0034A04C00133072BFAD9CA
:100FE00010BDC0468080808010B50388DA0A1C2AB4
:100FF00005D15B055B1502335B00C01810BD034BC8
:10100000034A16210348FF3103F0ACFA648B001049
:10101000C49800107C8B001010B5091A0B1F0A4AE7
:1010200088180A4A904208D8C90706D45B105B05A5
:101030005B0D0748184380B210BD064B064A0821D5
:101040000648FF3103F08EFAFC070000FE0F000097
:1010500000E0FFFFC08B0010B89800107C8B0010E0
:1010600001238340034A10681840431E9841C0B2D0
:101070007047C04600E100E0002A05D0044BC022C2
:101080005200995019607047014A8023D150FAE705
:1010900000E100E010B50A001F2303400121994040
:1010A0004009FFF7E9FF10BD01238340014A1360A7
:1010B0007047C04600E200E0024B9B6810308000A1
:1010C000C058704700ED00E010B5FFF7F5FF044B86
:1010D000C31A00202F229A424041C0B210BDC04620
:1010E000B01A002070B504000D00EFF3108672B640
:1010F0000C4B1B68002BFBD0BFF35F8F2000FFF76A
:10110000DBFF094B984201D0A84205D132002900EB
:101110002000FFF743FF70BD044B054A0548E72157
:1011200003F020FA240100D0CD010010F08B001054
:10113000EC9800107C8B0010F0B5DE4657464E460A
:101140004546E0B589B0814601911500EFF3108B5B
:1011500072B66F4B1B68002BFBD0BFF35F8F6D4BDC
:1011600000269E57002E40DB7400A419A4006A4894
:1011700024180622A256674B1A70684B9A684B4691
:1011800010339B00D35898461B1A2F2B3BD9644B26
:10119000984531D105AF634B3B80634973009A4654
:1011A000981980005C4B984640440230FFF734FFAA
:1011B00078805E4BBB80FF23BB71FD71019B079361
:1011C000330053449B00434407CF07C301231C4310
:1011D000A0465A4641464846FFF7E0FE09B0F0BC3B
:1011E000BB46B246A946A046F0BD514B514A7421B8
:1011F0005148FF3103F0B6F9504B4E4ABD214E48DD
:10120000490003F0AFF9012342469A439246101A6F
:101210000C2101F0CFF800290FD153460027DA79CD
:10122000AA4212D90621595600290DDB4A0052184C
:10123000920039491F008B18F1E7414B3D4A8C2140
:101240003D48FF3103F08EF91F00002F2ED005AB73
:101250003C4A1A80813A5A800623FB560293002B9F
:1012600017DA394805AB9A469880029A9A71DD716F
:10127000019A0792381D2100FFF7CEFEB880BE719B
:10128000254B7200921992009B18524613CA13C341
:101290009FE7381DFFF7A8FE01007000801980004D
:1012A0001D4BC0180430FFF7B7FEDBE705AF1D4B41
:1012B0003B801D49730002939B199B00164A904680
:1012C0001A0042440392901CFFF7A6FE7880039A0E
:1012D000101D5146FFF7A0FEB8801C4B52464146F8
:1012E000521A524153431B0DBB71FD71019A079273
:1012F000029B9B199B00434407CF07C3114B5246E7
:101300001380813B538001231C43A04661E7C04604
:10131000240100D03A310020B01A002000ED00E096
:10132000CD01001000A1FFFFE01A002001BDFFFF6A
:10133000288C0010D49800107C8B0010508C00106A
:10134000788C00100148000001BD0000AAAA00002E
:10135000F8B5012202432D4BD31A2F2B28D8EFF3D7
:101360000583002B2BD0EFF3108472B6284909684F
:101370000029FBD0BFF35F8F244D26490600761B62
:1013800076417143090D4DB2234989689B00C958C4
:1013900091421AD00021032931D81C4B4A0052181F
:1013A00092009B189B795BB2AB421ED00131F2E7F1
:1013B0001A4B1B4A9D211B48890003F0D3F81A4B96
:1013C000174A1848194903F0CDF8134A926818498A
:1013D000D150184B1A7882711D70BFF35F8F0C4B80
:1013E00000221A6084F31088F8BD084B4A00561892
:1013F000B6009E19FF27B7710F4AB280E9E70F4B7D
:10140000074AA2210748890003F0ACF8B01A00206F
:10141000240100D0AAAA000000ED00E0FC8C00101E
:101420009C9800107C8B0010248D00107702000027
:10143000CD0100103A31002001BDFFFF308D0010BA
:1014400010B582B00100074C074B00930523002222
:101450002000FFF74AFD002801DB1F23181A02B005
:1014600010BDC0463E310020388D0010024B9C4616
:1014700061448900016070474000003410B50400E9
:10148000FFF75CFD01002000FFF7F0FFFF23237151
:10149000BFF35F8F10BD10B50400FFF74FFD0100D3
:1014A0002000FFF7E3FFFF23237100236371BFF3E5
:1014B0005F8F10BD10B50D4C09E00D4B0D4A0E4865
:1014C0001A2103F04FF82000FFF7D8FF08340B4B28
:1014D0009C4209D22368002BF5D0012BEDD12000CE
:1014E000FFF7D9FF0834F2E710BDC046C82000203E
:1014F000548D00102C990010748D0010D020002005
:10150000034B9C46614489000160BFF35F8F7047C5
:101510004000003410B504000120FFF71DFD01005C
:101520002000FFF7EDFF10BD30B5846A151B0B1DC1
:101530009B001B581B1B9D4204D3046A01238B4054
:10154000234202D1043189000A5030BD000408430F
:10155000704700000A4B1968EFF3108372B60A68EF
:10156000002AFCD0BFF35F8F054A1268BFF35F8F7C
:101570000021116083F3108840BF002000217047D4
:1015800018310020F0B5DE4657464E464546E0B5D8
:1015900087B0EFF3058303221A409246AE4B9200C8
:1015A000D7583B78534507D101235246934099467B
:1015B000AA4B4A461A6025E1A94BAA4AAA48922199
:1015C00002F0D0FF7A6973009B19DB0090469844C3
:1015D00043469C68DD68A54800F0AEFB001BA941AE
:1015E000002900DA16E1002D74DB43461B699B4697
:1015F0009F4B9B454FD00823F85E4346598889B2DC
:10160000FFF7A4FF43465969D84702900391029916
:10161000039A0B00100013435CD013000A0000284B
:1016200047DAA41A9D41009401954346009C019D10
:101630009C60DD600021595E002900DAEAE07869EB
:101640004B005B18DB00C3189A68DB68A41A9D4145
:10165000002D00DADEE039813D0008358446049132
:101660002A000597B346009E019F049B002B2ADBAE
:101670000023D45E63001B19DB0063449C68DD68B3
:1016800030003900001BA94100291CDB1A00002191
:10169000595E0491E9E743465B699B461B695846DE
:1016A0009847002816D05B461A685B68029203933D
:1016B000ADE76E4800F040FB029B039C1B184C41B9
:1016C00000930194B1E70499059F5E464346198053
:1016D00016809FE0434600229B5E3B813A69EFF310
:1016E000108372B611680029FCD0BFF35F8F02210E
:1016F0007A5E41460A807E803A69BFF35F8F00219F
:10170000116083F3108885E03969EFF3108372B6B6
:101710000A68002AFCD0BFF35F8FB88800B20122AC
:101720005242BA803A69BFF35F8F0021116083F3A0
:1017300010880500BC461CE0049300229A5E002A33
:101740000EDB049B0021595E4B005B18DB006344F9
:101750009868D96834003D00241A8D41002DEBDAD9
:1017600004995D46009B9C4644460D800023E55E3F
:101770002280002D12DB634658696C006419E40076
:101780000419A668E7686146083108229A5EAB46EC
:10179000049163460093A0468446D0E767463EE046
:1017A0000023BB71390008310823F85E0EE00124E4
:1017B0006442E5179460D56008243B5F834204D0FF
:1017C0000E8008243B5F138038813000431C29D0F1
:1017D0007C6943001B18DB00E218E65E53881BB2ED
:1017E000002BE4DB1100F0E722002B0051461F48DC
:1017F000FFF79AFE1D4800F09FFA241A8D41002D34
:1018000022DC1FD0194B4A465A630823FE5E002E85
:1018100000DBD7E6BB881BB2002B00DB74E7BB798B
:10182000002BBDD10823FA5E002A0DDB7969530035
:101830009B18DB00CB189C68DD68631CD4D16B1C43
:10184000D8D0D1E7002CDDD040BF07B0F0BCBB46FC
:10185000B246A946A046F0BDFC2E00203C700540D3
:10186000088E001058990010348E0010004005407A
:101870008515001070B504000D0011000126AE4062
:1018800006622800FFF72EFC01212800FFF702FC6A
:10189000024B9C466444266070BDC0463820000060
:1018A000F8B5CE46474680B50600894690461F00EB
:1018B000C160FFF743FB154B9C46604480003061DC
:1018C00043463370BBB27381D02212061278727015
:1018D000012252423281B2809B187380002406E0BC
:1018E000621E736965002D19ED005A530134BC4224
:1018F000F6D3074B42469200D650064A4146484628
:10190000FFF7B8FFC0BCB946B046F8BD4000003490
:10191000FC2E00208515001010B5064B1B69002B0E
:1019200001D0044810BD044B044A0548652102F06B
:1019300019FEC046F81A0020748E0010409900105D
:10194000348E0010F8B504000569EFF3108072B60C
:1019500029680029FCD0BFF35F8F0221665E6569AC
:1019600071008919C9006D18002E02DB0027E95F9C
:1019700061802169BFF35F8F00270F6080F31088BB
:10198000002E2CDB0699296107996961AA60EB603A
:101990006B8801335B04590C002B00D10121698055
:1019A0003000FFF7D3FD2169EFF3108372B60A68A8
:1019B000002AFCD0BFF35F8FA2882A80A68022690C
:1019C000BFF35F8F0021116083F31088E3682178F3
:1019D00001228A4003498C4663441A60F8BD012005
:1019E0004042FBE73C20000070B582B006001400C6
:1019F0001D0008AB1B78002B07D100F0CFF92200A7
:101A00002B00121A8B41002B0ADB079B0193069BCC
:101A1000009322002B003000FFF794FF02B070BD4E
:101A20000020FBE7F0B5C64600B584B00500884647
:101A300016001F000AAB1C78FFF76EFF0294019797
:101A400000962A004346FFF7CFFF04B080BCB8469B
:101A5000F0BD000030B504000A1443899A422EDA22
:101A6000406953009B18DB00C3182569EFF310820F
:101A700072B628680028FCD0BFF35F8F588885B203
:101A80000904090C884212D000202369BFF35F8F3C
:101A90000021196082F31088002811D0E3682178B2
:101AA00001228A4007498C4663441A6008E00649CF
:101AB000294389B259800123A3710120E5E7002061
:101AC00030BDC0463C2000000080FFFF10B5040080
:101AD000FFF722FF2100FFF7BDFF10BD40787047E0
:101AE000F0B583B006000F00EFF30583002B1AD189
:101AF00006246442E517A4197D418D4202D803D122
:101B0000844201D90024002500F048F922002B006E
:101B1000121A8B41002B0BDC08D03000390000F08A
:101B20004FF903B0F0BD1648FFF798F9002AF4D03A
:101B3000144A0023009320002900FFF773FF0028B8
:101B400013DAEAE7104B1968EFF3108372B60A68EC
:101B5000002AFCD0BFF35F8F0B4A1268BFF35F8F80
:101B60000021116083F3108820BF084B5B6A9D42FF
:101B7000E8D80649896AA142CFD29D42CDD1E1E79A
:101B8000988E0010551500101831002000400540B7
:101B900070B504000D0000F001F900196941002939
:101BA00002DBFFF79DFF70BD012040420049F8E7CE
:101BB000FFFFFF7F10B5FA2292000023002101F001
:101BC00035FAFFF7E5FF10BDF0B5CE46474680B5C4
:101BD00083B005000C00EFF30583002B15D03F4BBD
:101BE0005B6A8B4209D33D4A926A82420BD28B4296
:101BF00001D0012002E0002000E0002003B0C0BCC2
:101C0000B946B046F0BD0120F8E7FFF785FEC3688E
:101C10009946037898462E002700484600F08CF835
:101C200002000B00B61A9F41434604339B004A460C
:101C30009B581B1A0022BA420FDC0CD020BF274B46
:101C40005B6A9C422DD8254A926AAA422BD29C42BA
:101C500025D00120D2E7B342F0D9214A00230093D6
:101C600028002100FFF7DEFE00281EDD1B4B5B6A0B
:101C70009C4205D8194A926AAA4202D29C4200D1DB
:101C800020BFFFF723FF154B5B6A9C4221D8134A04
:101C9000926AAA421FD29C4219D00120AEE70020CE
:101CA000ACE70020AAE70120A8E70C4B5B6A9C4246
:101CB00009D80A4A926AAA4207D29C4201D001205E
:101CC0009CE700209AE7002098E7012096E7002093
:101CD00094E7002092E7012090E7C04600400540CD
:101CE00055150010004870470040054010B50B4BDB
:101CF0001B69002B04D00A480A21FFF7B7FB10BD6F
:101D0000FFF7F0FF0400032100F00CF80348102354
:101D100003222100FFF7C4FDEDE7C046F81A0020BA
:101D20001831002010B5024A0248FFF7C5F810BD6F
:101D3000E88E00106C2A00200200436A906A1900A5
:101D4000536A9942FAD17047416A00E0416A994268
:101D5000FCD300E0416A994202D1816A9142F9D3F1
:101D60007047F0B5C64600B5804614001D00FFF769
:101D7000E3FF06000F0022002B0092197B419942DD
:101D800002D804D1904202D901225242D3174046D0
:101D9000FFF7DAFF80BCB846F0BD000010B502487E
:101DA000FFF7CAFF10BDC0460040054010B5020055
:101DB0000B000248FFF7D5FF10BDC04600400540AC
:101DC00010B502000B000248FFF7BEFF10BDC04671
:101DD00000400540F8B5D646474680B506000D00E0
:101DE0001700984644002418A400294B9C466444DC
:101DF0006368089A934200D26260331FDBB29A464E
:101E0000012B2ED980221201C0239B01E3181A60F6
:101E1000204BB200D158002907D0586900F0CAFA07
:101E2000013043001B18033BFDD27F0123685F4054
:101E3000E0233B4080225201A21813605346012B3D
:101E40001AD980239B01E318802212011A60089B93
:101E50006360104BB6004246F250C0BCBA46B04672
:101E6000F8BD012DCED10322C0239B01E3181A60D7
:101E7000A368DB07FCD5D8E72168694003230B4042
:101E80001360A3680122AA401A42FAD0D9E7C046DB
:101E900000800040702A0020F0B583B005000E00DD
:101EA00017001800089900F085FA0300089A140238
:101EB00000943A0031002800FFF78CFF03B0F0BD1A
:101EC00010B582B0802464000094FFF783FF02B055
:101ED00010BD0000014B8000C0587047702A0020E0
:101EE000F0B5C64600B504000E0017001D003748C7
:101EF00000F060FA8046364BFA18364B9A4239D8D1
:101F00000100380000F056FA0200103A98235B00F6
:101F10009A4235D86B1E062B38D8069B013B062B00
:101F200034D83F09474537D32D04069B1B031D4377
:101F30002368002B36DB284B9C4244D00C22012323
:101F40009340264A1360264A1360264A12681900F5
:101F500091430A1EF9D12660A060234BE318213279
:101F60001A602268002AFCDAE56008221A6080BC48
:101F7000B846F0BD1D4B1E4A1E48112102F0F2FA70
:101F80001D4B1B4A1B48192102F0ECFA1B4B184A47
:101F900018481C2102F0E6FA194B154A154823216E
:101FA00002F0E0FA22683F231340B342C3D1A36892
:101FB0001B051B0D8342BED1E368EE22D202134003
:101FC000AB42B8D1D3E70D22B9E7C046001BB7003A
:101FD00080E84BD380F8A93200C0024000E0004006
:101FE00000F0004008C00040043000000C8F0010DA
:101FF000709900105C8F0010A08F0010BC8F001033
:1020000008900010024B1A68024B5A607047C04695
:10201000D42E00200080054010B5184B8022D20538
:102020001A60174B174A1A6000290AD0164BE02293
:10203000D2041A60002809D1134B802212061A60BC
:1020400010BD0E4BE022D2041A60F3E743011B1AC5
:102050009B001A18D2000D490A6018180001086088
:1020600080235B04984201D3094A0A60FFF7CAFF44
:10207000054B8022D2051A60E2E7C04600B0054059
:1020800008200140FCFF010000A00540D42E0020E4
:10209000FFFFFF0010B5030010000C4A8024E40588
:1020A0001460002B0DD001221343094A094CD4615E
:1020B000094C5C401462516293620021FFF7ACFF4F
:1020C00010BD034B0022DA61F7E7C04600B00540BF
:1020D00000800540D3C007B02D3FF84F80239B0000
:1020E0000B43014AD36270470080054010B50100E0
:1020F00018231B8814221088984710BD10B50100C2
:1021000018231B8816221088984710BDF0B5C646C4
:1021100000B507000E0000250123984600E00135B8
:10212000B5420AD2AC003C192068FFF7DFFF2060FF
:102130000028F4D100239846F1E7404680BCB84619
:10214000F0BD000070B504000D000648FFF7CEFF9B
:102150000300002C03DB0120A04029009847002049
:10216000FBE7C04655420000074BAA2212011A6045
:102170008D225200DA60054B054A1A60024B5B68FB
:10218000002BFBDA7047C04600400240006002406E
:1021900000B0FA0010B5040001E008CC9847024BEB
:1021A0009C42FAD310BDC0469485001070470000D1
:1021B00010B50248FFF7EEFF10BDC046588500106D
:1021C000054B064A1A60064B064A1A60064B1A6807
:1021D000044B9343FAD1704700E00040BFCDFBFEB3
:1021E00000F00040FE7F3C0008C00040044BDB6C68
:1021F000002B03D1034B8022D2021A607047C046E5
:10220000000011504C201150044B054A1A60054B38
:102210001B68DB43DB01FAD17047C04600F0004089
:10222000FFFFFF0108C00040034B40229A675A6736
:102230001A67DA667047C04600F0014010B5FEF735
:102240009DFE10BD70B5044DA968044CC02220004D
:1022500001F052F8AC6070BD00ED00E0000000201D
:1022600070B50420FFF736FE064900F0A3F805001C
:102270000024002C00DD70BDE0B22900FFF72EFF26
:102280000134F6E740420F0030B583B0274B0022FF
:102290009A67FFF769FF264B01221A60234B5B6C9C
:1022A000012BFBD1234B03221A60204B9B6B012B8C
:1022B000FBD10133009304331F4A01211F48FFF76C
:1022C0000FFE052300931E4A01211E48FFF708FE5A
:1022D0001D4B002202210420FFF7F2FD1B4D2B00B5
:1022E000002201210520FFF7EBFD194C23000022FD
:1022F00000210720FFF7E4FD230000220021082031
:10230000FFF7DEFD8023DB00009323000022002185
:102310000920FFF7C1FD2B00002200210620FFF756
:10232000CFFDFFF79DFF03B030BDC04600800040E9
:102330003CB0004030B00040002F6859008002409F
:10234000008C864700C00240001BB700405973074D
:10235000006CDC0201480421014B1847101B0020CF
:102360000D210010124A936F9B0815D29066D1661A
:10237000002905D0FFE7FFE7FFE7516F106F7047B7
:1023800004B580210906C2175140002800D0C84377
:1023900006F09AF8002104BDF0B5146E556E576F23
:1023A000166FFFF7E3FF1466556657671667F0BDB3
:1023B000000000D0114A936F9B0813D2106651663B
:1023C000002905D0FFE7FFE7FFE7516F106F704767
:1023D00004B5002801D00020C04306F075F80021A4
:1023E00004BDC046F0B5146E556E576F166FFFF7FB
:1023F000E5FF1466556657671667F0BD000000D00C
:1024000094464A4A926F9208624601D228E0C0463A
:10241000F0B5464E346E756E776F366F00F020F86B
:102420009446424A14665566576716676246F0BD81
:1024300094463E4A926F9208624601D254E0C046EA
:10244000F0B53A4E346E756E776F366F00F04CF81B
:102450009446364A14665566576716676246F0BD5D
:10246000002B24DB11D000293EDA00B5C9434042DD
:1024700000D1013100F038F8C943404200D10131A8
:10248000DB43524200D1013300BD002AEBD10028CA
:1024900001D1002905D00020C90FC90701D1C043CF
:1024A000410800B506F000F80022002300BD00B589
:1024B00000290ADBDB43524200D1013300F014F85B
:1024C000C943404200D1013100BDC943404200D15F
:1024D0000131DB43524200D1013300F005F8DB4308
:1024E000524200D1013300BD002923D1002B18D165
:1024F000002A0CD0BC460D4F38667A6600210023B6
:10250000FFE7FFE7FFE77A6F386F674670470028FD
:1025100001D00748010000B505F0C6FF00220023E6
:1025200000BD02000B00002000217047000000D019
:10253000FFFFFFFF002B00D0BFE0130C28D1002AC3
:10254000E7D080B4114F39667A66FFE7FFE730B411
:10255000040C7B6F396F1B0423433B667A66FFE7ED
:10256000FFE7FFE7C04684B27B6F3D6F1B04234348
:102570003B667A66FFE7FFE7C04600232C042D0C7C
:102580007A6F386F00196941B0BC7047000000D005
:10259000F0B594460025140E01D112020835140F2F
:1025A00001D112010435940F01D192000235D40FEC
:1025B00001D152000135D40B0134254F7C66254CE6
:1025C0003C660E0C93B2FFE7FFE7FFE73C6F664304
:1025D000360C7703BE467343DF0B5B04C01AB94168
:1025E000130C7343DB18C91ACE086643360CB64485
:1025F00093B273431F0F1B01C01AB941130C7343ED
:102600001F0B1B05C01AB941860D8F023E4366435E
:10261000360C092D24DB520A7243801A7703460ACE
:102620006643360C16235B1BDE40DF40BF19644651
:102630006643821B7046043506330100D940A8402A
:10264000C01900D30131A24206D20023F0BD000020
:10265000000000D0FFFFFFFF121B0130F3D3F1E7B2
:1026600009277F1BFE406446A2B27243801A00D243
:102670000139220C7243130C1204821A99410B0087
:102680007046043513370100F940A840801900D383
:102690000131002B02D1A2420AD2F0BD013000D399
:1026A0000131121BFAD2013BF8D1A24200D2F0BD97
:1026B000013000D30131121BF7E7F0B51C0C00D03C
:1026C00080E00CB400251C0A04D11B02160E334313
:1026D000120208351C0B04D11B01160F33431201E3
:1026E00004359C0B04D19B00960F334392000235B6
:1026F000DC0B02D192185B4101351C009718644134
:102700000134464F7C66464C3C660E0CFFE7FFE703
:10271000FFE7C0463C6F6643360C7703BE4697B270
:102720007743C01B00D20139C01B00D201399FB2D0
:102730007743C91BC91B170C77437E04FF0B801B13
:10274000B941CE086643360C0C2D33DBB644120B70
:102750001F053A431B0B97B27743C01B00D20139C8
:102760009FB27743C91B170C77433E043F0C801B75
:10277000B941860D8F023E43664329277F1BFE40E9
:102780000C3D7746AF40BF1930BCA2B2ABB272432A
:102790007343801A9941220C7243130C1204801A5D
:1027A000994102000B000137001BA941F9D2781EA4
:1027B0000021F0BD0C277F1BFE4077467F0BAF400A
:1027C000FF19E0E700245D1C07D0144F7D663966D1
:1027D000FFE7FFE7FFE7FFE73C6F95B29EB2654377
:1027E0006643401BB141150C1E0C6543664336041D
:1027F0002F0C3E432D04401BB141994204D20200EC
:102800000B0020000021F0BD01D19042F7D3801AC7
:10281000994101349942F2D3F6E70000000000D05C
:10282000FFFFFFFF48404140484018B41B4B5B6826
:10283000FC46019308BD04DFFF2A001018B4174BB3
:102840001B68FC46019308BD00DF092B001094466D
:10285000134A926F920809D2624618B40F4BDB6894
:10286000FC46019308BD0CDFC12D00100C4AF0B5E9
:10287000146E556E576F166F6246FFF7EEFF084AEB
:102880001466556657671667F0BD18B4034B9B680E
:10289000FC46019308BD08DF652C0010142F0020B2
:1028A000000000D0FFB550404240504059404B40DE
:1028B000594000E0FFB5154F4C00640D03D0BC42F9
:1028C00004D10C0314D80020090D09055C00640D27
:1028D00003D0BC4204D11C030AD800221B0D1B05E7
:1028E00001264B4009D44B4003D58B4200D1824294
:1028F000FFBD9942FCD19042FFBD0B43DB1803435F
:102900001343F5D0C9434918FFBD0000FF0700007D
:1029100000B5FFF7CFFF804100BDC04600B5FFF70F
:10292000C9FF01D9002000BD012000BD00B5FFF79F
:10293000B9FF01D9002000BD012000BD00B5FFF79F
:10294000B1FF804100BD012040054A00121804D8A3
:102950005A00121801D8002070470120704700006B
:102960000021002805D17047C1174840401AFAD00D
:10297000C90713B5064B1B6898470CBC441CA24002
:102980001005120B0349091B09051943114310BD1A
:10299000143000201F04000010B54C00620D80238D
:1029A000D218DB00D21A5B057E2A10DD9E3A13DABC
:1029B000CC170903490819435242D140640001343D
:1029C0001532202A05DAD0400843604310BD0020AC
:1029D00010BD0846604310BDC80FC018013810BDB7
:1029E00018B4044B5B6AFC46019308BD24DF712FC9
:1029F00000100000142F002070B513231C78012C48
:102A000012D0012C12DC214B214A93642148FFF79C
:102A10006DFB214B186070BD1C491D4A9800815008
:102A200001331F2BF8D9ECE70023FAE71B48FFF727
:102A300065FB05001A48FFF761FB023803789B002D
:102A40007F2B09DD12488022290000F055FC022C62
:102A500008D0022CDADCD6E7124B134A1348332194
:102A600001F080FD124B1A88B5231B029A4209D14E
:102A7000104B1A88104B9A4204D1104B1A88104BF5
:102A80009A42E6D00020FEF7E9F9C046C52A0010B8
:102A9000142F00204C330000143000205344000059
:102AA00053460000249000107C990010689000109C
:102AB00054380000D8380000494600009C38000017
:102AC0005946000007B56046002800D100BE0188C5
:102AD0000A0A0230DF2AFAD1C9B2820804D3028876
:102AE00040880004104300E00068024A5050039000
:102AF00007BD0000142F00200FB403BC0CBCF0B5C0
:102B00000124E407634000E0F0B50C0DCF0F661E12
:102B10003605891B640503D3C943404200D3013104
:102B2000640D03D0661CF60A07D0E41B00207F006A
:102B3000791C89078912803C24031D0DDF0F6E1E4E
:102B400036059B1B6D0503D3DB43524200D3013393
:102B50006D0D03D06E1CF60A07D0ED1B00227F001E
:102B60007B1C9B079B12803D2D032F1B661B58D49B
:102B7000A446202E46DA20371400BC401D00BD407C
:102B8000F24033412A4380185941CB0F05D0C94345
:102B9000C043002264425041514162464D0D28D14C
:102BA0000D0D07D100281FD0241940414941013A99
:102BB0000D0DF9D0640006D3013000D30131002C93
:102BC00001D140084000013A0BD4941CE40A04D11E
:102BD00012051144DB071944F0BDD907204B1943F6
:102BE00000E0D9070020F0BD0029DDD1002CDBD1A9
:102BF000F0BD0132C6074008CD0728434908002E22
:102C0000E1D0D9E73C2E29DA203E40371400BC4001
:102C100000D00124F24014431A00BB401C43D317D8
:102C2000ACE7AC46202F08DA20360400B4400D0093
:102C3000B540F84039412843A5E73C2F0CDA203F46
:102C400040360400B44000D00124F840044308009A
:102C5000B1400C43C117EAE710001900002494E7C3
:102C60000000F07FF0B50C0D661E3605891BE60AE4
:102C70006405640D02D0651CED0A04D0002001211A
:102C80000905803C2403A4461C0D671E3F05DB1B81
:102C9000E70A6405640D02D0651CED0A04D0002229
:102CA00001231B05803C24037740644497B484B21D
:102CB00096B27443070C7E43150C6F4380B2684391
:102CC000361802D3012000043F183004350C0019D7
:102CD0007D41844688B29AB250430C0C62431F0C6B
:102CE0007C438EB27E43921902D301263604A41986
:102CF0001604170C3618674101BC81B29AB25143D1
:102D0000040C62431B0C5C4380B25843121802D37C
:102D10000120000424181004130C401863412D18DE
:102D20005E410020474106BC88B293B258430C0C68
:102D30006343120C544389B251435B1802D30121FF
:102D40000904641819041A0C091862416D185641D7
:102D50000020474118BCF902720D1143F0026A0DC0
:102D60001043ED020A0D03D16D1940414941013B69
:102D7000124E9B1B7600B3420ED26D0007D301307A
:102D8000002671416646354301D1400840001B05CD
:102D9000C918E4072144F0BD0BDA013306D1013034
:102DA00004D101314F0D01D04908F2E7E1070020BD
:102DB000F0BD013631050020EBE70000FF03000005
:102DC000F0B51C0D671E3F05DB1BE70A6405640DAB
:102DD00002D0661CF60A04D0002201231B05803CA9
:102DE0002403D0252D060026F6432E661E096E66A6
:102DF000CE0FF619B44649004F0D02D07E1CF60ADC
:102E000003D000200021403F3F033E1BB600B444E6
:102E1000013F7F05C91B49082E6F013676089C02C9
:102E2000950D25437543ED137543AD1301356D10B5
:102E3000F603761B0CB4CC02450D2C43A2B2B3B200
:102E40005A43270C7B43350C6F43A4B26C431B19C8
:102E500002D3012424043F191C041D0CA4187D4135
:102E600024196D41009A91B2ACB26143170C7C43B6
:102E70002B0C5F4392B25A43A41802D301221204CE
:102E8000BF182204230C52187B41019C6C431B1970
:102E9000520ED9010A434401A01A81B2B2B2514381
:102EA00003145A43360C734387B27743D617D219AB
:102EB00000277E4136049B191704160C7F185E41CB
:102EC0007316ED18F301002680337541A90F06D162
:102ED0006400690AE8055B0A184309D22FE004225E
:102EE000944480337541A90AA8059B0A184326D348
:102EF000404149412404009A019B0D005543641B45
:102F00004343E41A95B286B27543170C7E43030C13
:102F10005F4392B25A43B61802D301221204BF187B
:102F20003204330C52197B4152429C41002C02D492
:102F30000022013051414008CA071043490802B03D
:102F40006246D7079210084BD218084B9A4203D218
:102F500012058918C919F0BD0020002A01DC3900CA
:102F6000F0BD01331905F5E7FD030000FE07000081
:102F7000002200B5203200F004F8080000BD000077
:102F800000220B150AD410B5944600F031F8141441
:102F9000013400DA0021CB17144C20470020002117
:102FA00070476244343A0CD40C2A07DA040091408A
:102FB000904052422032D440214310BDD843D943DF
:102FC00010BD203207D40C469440524220321141A9
:102FD000D040204310BD0800C917203203D452420C
:102FE0002032104110BD1800190010BDA32F001091
:102FF0000A0DCC0F531E1B05C91A520503D3C94332
:10300000404200D30131520D03D0531CDB0A07D0DC
:10301000121B00206400611C89078912803A120388
:10302000014BD21A70470000FF0300005143434395
:10303000C9188C46110C83B24B4310B4040C614385
:1030400092B280B2504362431C041B0C001910BCA6
:1030500059411304120CC0185141614470470000DB
:1030600048404140484000239C46114B5B6818474C
:1030700000239C460E4B1B6818470E4A936F9B0813
:1030800004D200239C460A4BDB681847F0B5146E47
:10309000556E576F166FFFF7F4FF064A14665566B4
:1030A00057671667F0BD00239C46014B9B68184785
:1030B00018300020000000D007B54840414048408B
:1030C00001E0C04607B54200120E03D0FF2A03D12B
:1030D000420218D8C00DC0054A00120E03D0FF2AC4
:1030E00003D14A020FD8C90DC9050122414005D4B8
:1030F000414001D5814207BD884207BD01434918BF
:1031000001D0C043001807BD00B5FFF7D5FF8041CF
:1031100000BD491A002807D108467047C10FC907EA
:1031200000D54042002817D0F44603B40B4B1B686F
:10313000984706BC81409E384042803107D20B063A
:1031400007D04900490AC0051043084360470130D1
:10315000F8E7490A8902F5E77047000014300020BB
:10316000034BDB6FFC4618477CDFA53200100000E4
:103170001830002070B513231E782A48FEF7BEFFD2
:103180000500012E11D0012E09DDAB1E1B789B001E
:103190007F2B40DD24488022290000F0ADF8234831
:1031A000FEF7A4FF224B186070BD1F48542229006F
:1031B00000F0A2F81F4B1A881F4B9A421CD1A7237C
:1031C0009B011A881D4B9A4216D11D4B1A881D4B24
:1031D0009A4211D11C4B1A8894239B019A420BD11D
:1031E0001A4B1A881A4B9A4206D11A4B1A681A4B74
:1031F0009A4201D1152307E01848FDF72FFE184C1D
:10320000094A99008C5001331F2BF8D9144B064AF8
:103210001362D361B7E7134B134A1448422101F0FC
:10322000A1F9C04653460000183000204C3300007E
:1032300014300020EE290000C40F0000C20D000071
:10324000962B0000C0B50000182B0000CC2A00000F
:1032500010B50000FC2C000051ED8764608A00105E
:1032600071320010C090001090990010F49000107E
:1032700007B56046002800D100BE01880A0A023066
:10328000DF2AFAD1C9B2820804D302884088000438
:10329000104300E00068024A5050039007BD000050
:1032A00018300020C30FDB0741000A0E07D0FF2AA9
:1032B00008D00909054A89181943400770471900C1
:1032C000002070470249C918FAE7000000000038E2
:1032D0000000F07F10B504F085FE10BD0148042108
:1032E000014B1847201B00200D210010014B1B68CB
:1032F00018470000201B0020014B5B6818470000A6
:10330000201B00209A4200D288547047704710B5A5
:10331000002802D00B684968984710BD01000020C2
:1033200007E083001B185B00501C08601078C01871
:1033300030380A681378303BDBB2092BF1D970477B
:10334000F0B5DE4657464E464546E0B583B0934657
:103350001F000C9B9A460D9C0E9B99460F9B9B074A
:1033600017D0B8460F00060022E0551C4B464146D8
:103370002020B84701342A00B442F6D33D004F461E
:103380005C46019B9B46B1464646B84637002E0038
:103390000EE00192A34688464E46B9460700EBE789
:1033A000013C551C5346185D43463900B0472A007E
:1033B000002CF5D135003E0047460F9B9B0711D4EA
:1033C000100003B0F0BCBB46B246A946A046F0BD13
:1033D000541C4B4641462020B8472200531BB342A1
:1033E000F6D3EDE7B0464E46B9462F005D46F5E709
:1033F000F0B5CE46474680B585B0944698460C9DBC
:103400000D9C0EAB1B789946109A119B129EB70724
:103410001CD4002B0CD0F7070AD54F46002F02D141
:103420000C37374204D0013B02E030272F550134DE
:10343000944201D21F2CF8D9F70707D59C4205D238
:103440001F2C03D830272F550134F5E7F70612D586
:10345000770505D4002C03D0944221D09C421FD084
:103460000F9A102A2FD00F9A022A36D01F2C0AD872
:1034700030222A5501341F2C05D84A46002A32D062
:103480002D222A5501340396029301940095434658
:103490006246FFF755FF05B0C0BCB946B046F0BD67
:1034A000621E012C17D00F9F102F0BD014000F9A03
:1034B000102AD8D1B206D6D51F2CD4D858222A55D6
:1034C0000134D3E7023CB206F1D41F2CEFD87822A6
:1034D0002A550134CAE71400C2E71F2CD3D8603242
:1034E0002A550134C2E7720703D52B222A5501342D
:1034F000C9E73207C7D520222A550134C3E7F0B502
:10350000DE4657464E464546E0B593B081468A466C
:10351000089209931CAB10CB1B789B461E9D219BE8
:103520009846002C03D1102342469A4390468023AC
:10353000DB0046461E4042461A4218D0002C22D0DC
:10354000002614E0424692061BD54121C918C9B293
:103550000A39C9B2771C0AAB995529002000FEF739
:1035600029FFAC4210D31F2F0ED83E0004002900C3
:103570002000FEF71FFFCBB2092BE3D83033D9B2BE
:10358000E8E76121E2E7270043460693209B059385
:103590001F9B049303955B46029301970AAB00932C
:1035A000099B089A51464846FFF722FF13B0F0BC2A
:1035B000BB46B246A946A046F0BDF0B5DE4657462A
:1035C0004E464546E0B597B00A900B910C929A464C
:1035D000209B9946219F22AA13789B46249B0993FE
:1035E000259C289B98464A463A4302D11032934381
:1035F00098468022D20045461540434613420AD0E1
:103600004A463A4341D000252E0053460D934D467D
:10361000099B9A4621E02E0053460D934D46099B87
:103620009A461AE04246920623D54122D218D2B2D7
:103630000A3AD2B2731C99460EAB9A5552462300F1
:1036400028003900FEF7F4FEBC4220D813D04B46C8
:103650001F2B16D84E4605000F00524623002800A7
:103660003900FEF7E5FED3B2092BDBD83033DAB2EE
:10367000E0E76122DAE7AA45E9D94E460D9B9A4672
:1036800008E04E460D9B9A4604E0002602E04E46B6
:103690000D9B9A4643460693279B0593269B0493CE
:1036A000099B03935B46029301960EAB009353462E
:1036B0000C9A0B990A98FFF79BFE17B0F0BCBB461B
:1036C000B246A946A046F0BDF0B5DE4657464E4686
:1036D0004546E0B591B0804689460C929A461A9CC0
:1036E0001B9D22002B0020002900FFF72CF9002849
:1036F00000D0F2E001225242D54B20002900FFF712
:103700001DF9002800D0E8E001225242D14B2000F0
:103710002900FFF7FDF8002800D0DEE0002200239A
:1037200020002900FFF7F4F8002800D0EAE0069412
:1037300007958023DB001E9A1A400D921E9A1A42AA
:1037400001D106231C930698079902000B000892EA
:10375000099303000A00024300D1DFE0080D400591
:10376000400DBD4EB4466044079E3203120B1E004E
:10377000BA4B13431F00FFF7F7F8B94AB94BFFF7ED
:1037800084F8B94AB94BFFF759F80890099100221B
:10379000B74B30003900FFF748F8B64AB64BFFF791
:1037A00074F802000B0008980999FFF747F8FFF733
:1037B000F3F88346FFF7D8F806000F00AF4AB04B86
:1037C000FFF763F80022AF4BFFF738F8FFF7E4F894
:1037D0000890AD4AAD4B30003900FFF756F80600AF
:1037E0000F000898FFF7C0F8A94AAA4BFFF74DF859
:1037F00002000B0030003900FFF717F806000F0039
:1038000002000B00FFF741F80A900B91089BA24AB7
:103810009446634400210022089109921B050993F4
:103820000023089332003B0030003900FFF706F810
:103830000E900F9132003B0000208021C905FEF759
:10384000F4FF06000F000022944B0A980B99FEF734
:10385000FEFF0022924BFEF7F1FF02000B000A98D8
:103860000B99FEF7F4FF00228E4BFEF7E7FF0200F4
:103870000B000A980B99FEF7EAFF02000B003000DC
:103880003900FEF7DBFF02000B000E980F99FEF7E0
:10389000DEFF0022714BFEF7D1FF089A099BFEF76D
:1038A000F4FF06000F0008960997069A079BFFF79A
:1038B00045F800280BD001235B429C46E3440022DC
:1038C000774B30003900FEF7C2FF089009915B4644
:1038D0006333C62B45D8042623E01E9B04931D9B0F
:1038E00003931C9B02930094019553460C9A4946FE
:1038F000404600F0FBF811B0F0BCBB46B246A9460A
:10390000A046F0BD00210022069107920694802374
:103910001B069C46AC44634607930AE700239B467C
:1039200004261E9B1B0528D5089A099B19001143E4
:103930000FD05D4A5D4B06980799FEF7F7FF002808
:103940007AD000225A4B06980799FEF7E1FF00282B
:1039500072D01C9B5B4506DD5A469B1A013B1C93AB
:1039600003E00526DDE700231C938023DB001E9A7D
:103970001A431E92002600239B461D9B9E4265D241
:103980009F1B02231E9A1A400A921E9A134202D0CB
:10399000002E00D000275B46002B07D0089A099B19
:1039A00006980799FEF753FF06900791002200231F
:1039B00020002900FEF7ACFF002800D07CE03D4B42
:1039C0001E9A1340049303971C9B0293069B079C2B
:1039D0000093019453460C9A4946404600F086F8FD
:1039E000002E00D187E71E9B9B0671D54525441C00
:1039F0005346020049462800C0475A46D317D218FA
:103A00005A4005230593013E0496002303930A338D
:103A100002935B46DB0F0193009253462200494616
:103A20004046FFF76CFD0A9B002B00D163E70200C4
:103A300047460C9E1D9D53E01C9B002B9DD00D9B6B
:103A4000002B9AD01C9B013B1C9396E7002798E71C
:103A5000FFFFEF7FFFFFEFFF01FCFFFF0000F03FE4
:103A6000FB799F501344D33FB3C8608B288AC63F6D
:103A70000000F83F61436F63A787D23F71A37909C4
:103A80004F930A400000E03F1655B5BBB16B0240B2
:103A9000EF39FAFE422EE63FFF03000000002C4003
:103AA00000002440000018402D431CEBE2361A3F72
:103AB00080842E41FFF7FFFF069C079D220029000E
:103AC00080200006844661440B000692079376E747
:103AD00065258CE7541C534649462020B8472200F0
:103AE000931BAB42F6D3100005E7C046F0B5DE46A7
:103AF00057464E464546E0B595B006900791934629
:103B00009946209F1E9A1F9B10001900FEF71BFF6D
:103B1000002831D101225242BC4B1E981F99FEF75A
:103B2000F7FE002837D101225242B94B1E981F9947
:103B3000FEF704FF00283DD10022B64B1E981F99C6
:103B4000FEF7FCFE00284AD10022B34B1E981F99B5
:103B5000FEF7DEFE002842D1002200231E981F99A6
:103B6000FEF7D6FE00284AD100239846229B5B052B
:103B700000D4B0E0002452E0229B0393219B0293E7
:103B800003230193A54B00934B465A460799069889
:103B9000FFF7D6FB08E1229B0393219B02930423AA
:103BA00001939F4B00934B465A4607990698FFF79F
:103BB000C7FBF9E0229B5B070ED59A4B04222299A2
:103BC000039121990291019200934B465A4607991D
:103BD0000698FFF7B5FBE7E0934B0322EFE7229B44
:103BE0000493219B039302971E9B1F9C00930194B7
:103BF0004B465A4607990698FFF766FDD4E01E9A91
:103C00001F9B00200021FEF710FE1E901F91012334
:103C10009846ABE70CAB30221A55013F01341F2CFC
:103C200001D8092FF6D81E981F99FEF7B5FE05009A
:103C3000FEF79AFE02000B001E981F99FEF7F5FD95
:103C40007A4BFA009B181A685B680A920B93FEF78E
:103C50001CFE08900991FEF7C3FE0600FEF780FEE9
:103C600002000B0008980999FEF7DFFD0890099102
:103C700000226F4BFEF762FE00282ED00136300086
:103C8000FEF76EFE02000B000A980B99FEF746FE47
:103C9000002801D001350026002F2CD12800FEF786
:103CA00063FE02000B001E981F99FEF7BEFD060082
:103CB0000F0000225E4BFEF72BFE002846D10022AB
:103CC0005B4B30003900FEF739FE00283ED1EB0790
:103CD0003CD501353AE006274CE70022544B0898C2
:103CE0000999FEF715FE0028D6D1002E01D0F30762
:103CF000D2D50136D0E7AA461F2C11D8013F0A21A0
:103D00003000FEF757FB651C30310CAB19550A210A
:103D10003000FEF74FFB092E0ED906002C00EBE712
:103D200055461F2C0CD87B1E002F09D00CAA302121
:103D300011551F000134F4E72B0055461C00F0E735
:103D40001F2C03D80CAB2E221A5501341F2C10D86F
:103D50000A212800FEF706FB661C30310CAB195512
:103D60000A212800FEF7FEFA051E01D03400EDE717
:103D700034000323229A1340012B1CD01F2C06D899
:103D80004346002B32D00CAB2D221A550134229B16
:103D90000393219B029301940CAB00934B465A462C
:103DA00007990698FFF7CCFA15B0F0BCBB46B246AF
:103DB000A946A046F0BD219B002B13D04346002B03
:103DC00002D10C3313420FD0219B013B21931900E8
:103DD00003E00CAB30221A5501348C42CED21F2C9A
:103DE000F7D9CBE72199F8E72199F6E7229B5B0702
:103DF00004D50CAB2B221A550134C8E7229B1B07B4
:103E0000C5D50CAB20221A550134C0E7FFFFEFFFE8
:103E1000FFFFEF7F65CDCD4165CDCDC198910010FD
:103E20009C9100108C91001094910010A09B0010A8
:103E30000000E03FF0B5DE4657464E464546E0B549
:103E400093B007008A4693461193002900D12CE3D2
:103E5000002508E06C1C5B462A005146B847119BC0
:103E6000013311932500119B1878002800D11EE31F
:103E70002528EFD1013311930023180020E00123FE
:103E8000184301321192012418E002231843013231
:103E90001192012412E004231843013211920124EB
:103EA0000CE00823184301321192012406E010238C
:103EB000184301321192012400E00024002C09D0A3
:103EC000119A1378203BD9B21029F6D88B00C44937
:103ED000CB589F468146119B1A781300303BDBB2CA
:103EE000092B10D92A2A13D00B94119B1A782E2A49
:103EF00020D0119A1378683BD9B2122965D88B006B
:103F0000B849CB589F4611A8FFF708FA0B90ECE789
:103F10001C9B1A1D1C921B68002B04DB0B93119B2E
:103F200001331193E1E702220100114389465B420C
:103F30000B93F4E78022D2004946114389465A1C6C
:103F400011925A781300303BDBB2092B0BD92A2A85
:103F5000CFD11C9B1A1D1C921C68002C08DB119BE6
:103F600001331193C5E711A8FFF7D8F90400C0E7A2
:103F70000024F4E780235B0049460B43511C119158
:103F800051786C2901D099461FE0C0239B00494617
:103F9000194389460232119217E0802349460B43A8
:103FA000511C11915178682901D099460DE0C02328
:103FB0004946194389460232119206E080235B008C
:103FC00049461943894601321192119B1878672896
:103FD0001CD8252800D25EE20300253BDAB2422A33
:103FE00000D958E29300804AD3589F4680239B0013
:103FF00049461943894601321192E6E780235B0066
:1040000049461943894601321192DEE7782800D9E2
:1040100041E2692800D23EE20200693AD2B20123AD
:104020009340724A134210D11A0600D50CE25B0588
:1040300000D430E21C9B1A1D1C921E68002C00D07C
:10404000BAE101225242330096E16F2842D005D8EE
:10405000582841D0622803D1022606E078283DD0B6
:1040600010234A469A4391460A26582838D0692890
:1040700005D0642803D00C224B46934399464B4607
:104080005A0502D501229343994669282DD0642808
:104090002BD04B469A0500D5AAE0DA0500D5C2E040
:1040A0005A0600D4D3E01C9A111D1C911168FF22FE
:1040B0000A404B4605930B9B0493039402960023FE
:1040C000019300925B462A0051463800FFF717FA29
:1040D00005002AE00826C8E71026C6E71026C4E730
:1040E00020224B4613439946C1E74B469A0520D4FC
:1040F000DA0551D45A0666D51C9A111D1C91116817
:10410000FF220A40D017111841404B4605930B9BE4
:10411000049303940296D20F019200915B462A0009
:1041200051463800FFF7EBF90500119B013311935D
:1041300099E61C9A073207218A43110008311C9125
:10414000116853689C46DB170C930D930C9A0D9BDA
:10415000100048400E900D9B61464B400F930E9807
:104160000F990C9A0D9B801A99410E900F914B4616
:1041700008930B9B079306940496002305936346CC
:10418000DA0F0292009001915B462A0051463800F6
:10419000FFF713FA0500C8E71C9A111D1C9112685D
:1041A000D0171118414005930B9B0493039402967A
:1041B000D20F019200915B462A0051463800FFF76A
:1041C0009EF90500B1E71A0605D51C9A111D1C9130
:1041D0000023D25E96E71C9A111D1C91126891E78C
:1041E000049A0010489A0010949A00104190000020
:1041F0001C9A073207218A43110008311C91089349
:104200000B9B07930694049600230593029353682F
:104210001268009201935B462A0051463800FFF76E
:10422000CCF9050081E71C9A111D1C9105930B9B8D
:1042300004930394029600230193136800935B4652
:104240002A0051463800FFF75AF905006DE71A06B3
:1042500006D51C9A111D1C9112681204120C28E735
:104260001C9A111D1C91126823E746281AD01C9B2A
:104270000733072293431A0008321C924A460492DD
:104280000B9A039202941A685B68009201935B4652
:104290002A0051463800FFF729FC0500119B013325
:1042A0001193E0E520234A461A439146DFE7672849
:1042B00001D0472804D180231B014A461A43914666
:1042C000452801D0472803D120234A461A43914666
:1042D0001C9B0733072293431A0008321C924A465C
:1042E00004920B9A039202941A685B6800920193FD
:1042F0005B462A0051463800FFF7E6F90500119B9E
:1043000001331193AFE502234E461E404A46134245
:104310001ED001241C9B1A1D1C926A1C9046187802
:104320005B462A005146B847002E14D1119B013339
:104330001193454697E5551C5B4651462020B847EA
:1043400023002A005C1C0B999942F4D81500E1E780
:1043500001232A00F6E7424606E0561C5B4651461A
:104360002020B8472C003200651C0B9BA342F4D8D8
:104370009046DBE701330A001978002902D0511E6C
:10438000002AF7D19B1B8022D20049461140884663
:104390004946114202D0A34200D9230002224946D5
:1043A0001140109149460A4208D02A00250099463A
:1043B0003B004746984626E0220044E6A1462A00F4
:1043C0005146B2460E0006E0551C5B4631002020E7
:1043D000B84723002A005C1C0B999942F4D81500B9
:1043E00022004C46330056469A4691462A00250044
:1043F0003B004746984606E01D000136541C5B46CC
:104400005146C04722003078002804D0002FF4D055
:104410006B1E002DF0D115004B464746109A002A1E
:1044200003D1119B013311931DE50B9E2A0006E079
:10443000551C5B4651462020B84723002A005C1CCF
:104440009E42F5D81500ECE721234A461A43130093
:104450001C9A111D1C911268059308230493039460
:10446000083302930023019300925B462A005146D1
:104470003800FFF744F80500119B01331193F2E473
:104480006C1C5B462A0051462520B847119B01331E
:1044900011932500E7E46C1C5B462A005146B8479F
:1044A000119B013311932500DDE40A4FD0E45D45F3
:1044B0000DD35B465A1E5B4651460020B847280084
:1044C00013B0F0BCBB46B246A946A046F0BD2A00D8
:1044D000F1E7C0460D33001010B582B0044C0093D4
:1044E00013000A0001002000FFF7A4FC02B010BD79
:1044F0000533001010B584B00C0002A902904C6086
:1045000001240448009313006242FFF793FC04B0B7
:1045100010BDC0460F33001000BEFDE703000A4A7D
:104520001268002A08D0084A1068C318074A9A423D
:1045300006D3054A13607047034A05491160F2E744
:1045400001204042F7E7C046D02A002000000420A6
:10455000403100200020704701204042704710B5D4
:10456000FFF7DAFF30B583B00D001900002A0BD039
:10457000074B084C019200932B000200200000F032
:10458000D3F90120FFF7C8FF034B1A00F1E7C0463B
:10459000A4910010B4910010608A001010B5EFF3E0
:1045A0000583002B00D000BEFDF702FE034C01E0A6
:1045B00008CC9847024B9C42FAD310BD948500105A
:1045C0009C85001010B50300080011001B68984777
:1045D00010BD0000F8B507000D001600437D002B4C
:1045E00002D0002400200CE0036811002800984746
:1045F0002DE03B7D10E03B68154802219847601C88
:104600000134B44214DA002CF3DD2B19013B1B7882
:104610000D3B5A425341DBB22A5D0A2AF0D1002BEE
:10462000EED1A042E7DA3B68211A28189847E2E762
:10463000B04203DA3B68311A28189847002E06DD8D
:10464000AD19013D2B780D3B5A4253413B75F8BDE6
:104650000C9C001070B505000368002B16D00C4BA5
:104660001C6805E0290004C92000FFF7B3FF246996
:10467000002C09D02368002BF9D0064B1B68002BB7
:10468000F0D0A342F3D1EDE700232B6070BDC0460C
:10469000C02A0020CC2A002070B505000C000B6851
:1046A000802B05D023685A1C2260E418257170BD48
:1046B0000800FFF7CFFFF5E710B5FDF76FFB074ADE
:1046C000002312184B41002B03DB054803F014FFB5
:1046D00010BD01225242034BF7E7C04640420F0093
:1046E000C8200020FFFFFF7F10B5024803F0D4FE72
:1046F00010BDC046C8200020F0B5CE46474680B564
:1047000083B006000D0090461C00FFF7D5FF8146E0
:104710006B1C05D0002C08D0184F194B1C6807E003
:10472000300003F02DFD0500F4E7164FF5E724698E
:10473000002C17D02368002BF9D0134B1B68002BDB
:1047400001D0A342F3D12A0031002000B8474346EC
:10475000002BECD06B46D91D0A230B7001222000E0
:10476000B847E4E74B46002B05D1280003B0C0BC96
:10477000B946B046F0BDFFF7B7FFF6E7D5450010E4
:10478000C02A0020C5450010CC2A0020F0B583B017
:1047900006000F0001920093164B1C6808E0A36806
:1047A000002B04D0390030009847002820DC246911
:1047B000002C06D0104B1D68002DF0D0A542F6D17C
:1047C000EDE700990A000D4B5B6A994209D80B4945
:1047D000896A0198814209D29A4202D0022040425D
:1047E00006E001200021FDF7E1FAD5E70220404272
:1047F00003B0F0BDC02A0020CC2A002000400540B4
:104800000A4A136802E01A0010321B69002B09D013
:1048100013688342F7D1002907D10369136000238D
:10482000036102E0002900D010607047C02A002018
:1048300010B5064B1C6800E02469002C04D06368A6
:10484000002BF9D09847F7E710BDC046C02A0020DA
:1048500010B500F0FFF910BD30B583B0040000259D
:10486000FDF79CFA22002B0012184B41002B0ADBAB
:10487000012101A8FFF78AFF002802DB07D001AB66
:10488000187803B030BD01225242044BF0E7044BCC
:10489000044A04210448FF31FFF764FEFFFFFF7F55
:1048A000E4910010F09B0010E891001010B582B068
:1048B00004006B46D81D0470012300220121FFF77C
:1048C0001BFF200002B010BD70B5050003F058FCBE
:1048D00004000123012201002800FFF70DFFFFF76C
:1048E000A7FF200070BD0000F0B5A3B004000E00CB
:1048F000FFF7E2FE050001AF0023019309483300F2
:1049000022003900FFF7F6FD04003800FFF7A2FE91
:10491000FFF78EFF002D02D1200023B0F0BDFFF77E
:10492000E3FEF9E7994600100FB400B583B004A97F
:1049300001C90191FFF7D8FF03B008BC04B01847C4
:1049400070470000014B00221A7070473B31002075
:104950004B79FF2B0CD18B79002B0BD1CB79012B11
:104960000AD1082A0AD98A78054B1A70092000E072
:10497000002070470020FCE70020FAE70020F8E75D
:104980003B3100200120704710B5012927D1117952
:1049900053791B020B43134909788B4201D0002045
:1049A0001EE05378012B03D0022B11D0002017E01A
:1049B0009178D3781B021943DB0506D5480A8A058E
:1049C000D20F7F231940FDF7BDFB01204042F6E7DF
:1049D000642200210020FDF75DFB012000E00120A2
:1049E00010BDC0463B31002000487047D89C0010E5
:1049F00010B51400012910D15378012B0FD1127971
:104A000063791B021343072B01D0002006E0054AFF
:104A10009F33210001F058FB00E0012010BD002071
:104A2000FCE7C046309C001001230370004870472B
:104A3000109C001010B50A784B781B0213438A783B
:104A400012041A43CB781B0613439622D2009342DA
:104A500000D010BD0120002211004042FDF772FB82
:104A6000024B1860024B19607047C046602A002054
:104A7000642A002010B5FDF791F90E4A00231218A0
:104A80004B41002B12DB0C4803F036FD00280CD004
:104A900001200021404201F0E3F9002001F07CFCFC
:104AA0000028F5D1044803F0F7FC10BD0122524262
:104AB000024BE8E740420F001C310020FFFFFF7F60
:104AC00010B5024B1878FCF7EFFA10BD3C3100200E
:104AD0000268EFF3108172B61368002BFCD0BFF3AD
:104AE0005F8F41607047000070B5144B1B68002B4E
:104AF0001AD0124C2000FFF7EBFF114B00221A7066
:104B000021686368BFF35F8F0A6083F31088002415
:104B100000250C4B1878FCF7A3FA002808D10024D4
:104B200000252000290070BDFA24A4000025F0E72C
:104B3000044B1878FCF7B8FAF3E7C046F42E0020CF
:104B40003D3100203C310020F0B585B00600140056
:104B50001D000CAB1F78FDF721F922002B00121865
:104B60004B41002B09DB02970B9901910A990091A7
:104B70003000FCF739FF05B0F0BD01225242014B75
:104B8000F1E7C046FFFFFF7FF0B5C64600B584B031
:104B90000500884616001F000AAB1C78FCF7BCFE17
:104BA0000294019700962A004346FFF7CDFF04B018
:104BB00080BCB846F0BD000010B582B01F4800218F
:104BC00003F08AFC002818D11D4B1B68002B12D063
:104BD0001B4C2000FFF77CFF1A4A1378DBB201213F
:104BE000117021686268BFF35F8F0020086082F354
:104BF0001088002B17D002B010BD012000214042C8
:104C000001F02EF9002001F09FFB04000B4803F097
:104C100043FC002CEFD00C4B1B68002BEBD00B4A55
:104C200010689847E7E70A4A013300930023FA2007
:104C300080000021FFF7A8FFDDE7C0461C310020FF
:104C4000F42E00203D310020602A0020642A00203C
:104C5000E94A001010B582B0D0231B061C68FCF78F
:104C60005BFEFCF73BFFA04230D1274B1B780021B5
:104C7000002002F053F8254B1B68002B2CD001209C
:104C8000FCF7DEFB224C20702249FF231840FCF782
:104C900029FA20780121FCF7FDF90520FCF714FA28
:104CA000041E1DD00120FCF757F901001A4B180013
:104CB000FCF726FC194900220520FCF73DFA1848AC
:104CC0000121FFF79DFD200002B010BD154B164AD3
:104CD0001648C121FFF746FC0C48FCF7CFFBCEE796
:104CE0000D4808220021FEF701FB114A0123009321
:104CF0000023FA2080000021FFF746FFC043C40FC5
:104D00000028E0DADBE7C04690A300101C31002049
:104D10003C310020B94B0010F42E0020C14A001095
:104D2000301B00202C920010089D001034920010BF
:104D3000E94A001010B5002001F0EAFA10BD0000A9
:104D400070B505000C00FFF7F5FF002834D00020F7
:104D500001F0FAFA002832D0FDF720F81B4A0023B0
:104D600012184B41002B19DB194803F0C5FB002832
:104D700028D0FFF7DFFF002804D0002001F0E4FA7C
:104D800000280FD101200021404201F069F80324DE
:104D900064420F4803F080FB200070BD01225242A4
:104DA0000C4BE1E722002900002001F0D9FA041E93
:104DB000EFD103246442ECE703246442ECE70324CC
:104DC0006442E9E703246442E6E7C04640420F003C
:104DD0001C310020FFFFFF7FF0B5C64600B58046BE
:104DE0000C00FCF7DBFF314A002312184B41002B6B
:104DF00007DB2F4803F080FB002806D180BCB846B3
:104E0000F0BD012252422B4BF3E7FFF793FF00283E
:104E100049D1294B0020002118605960244803F033
:104E20003BFBEBE701200021404201F019F8002094
:104E300001F0B2FAFFF77EFF0028EFD0002001F06A
:104E400027FB002820D0A542E8DA661B002001F0ED
:104E50001FFB0200864200DC3200002AE2D04346FB
:104E60005919002001F0F0FA06000120002140420B
:104E700000F0F6FF002001F08FFAAD19FCF78EFF6D
:104E80000D4B18605960DEE7FCF788FF0A4B1E687F
:104E90005F680A4A002392197B419942BED8D2D159
:104EA0009042D0D9BAE70025CDE7C04640420F0076
:104EB0001C310020FFFFFF7F5022002020A10700AF
:104EC00000487047849D001000487047309D0010D6
:104ED00010B50400154B1B78002B0ED0002C11D1FF
:104EE000134B144A5A80012301335B009BB21048D4
:104EF000C02292001343038010BD0C48112100F022
:104F000025F8EBE7052C0ED80B4BA400E458002342
:104F1000122BE9D8E15C0029E6D00133044A58009D
:104F20008152DBB2F4E70020E6E7C04624310020DE
:104F3000982A002009040000189D001010B50248AE
:104F400000F030F810BDC0460C2F002010B500292D
:104F500001D0002308E00F4B0F4A10483531FFF70E
:104F600001FB3732C25401334A1E9A420ED90F2B2D
:104F70000CD85A080A4CA45C01229A4392001441AE
:104F80000F222240092AECDC3032EBE7C018002364
:104F9000037010BDC0920010989D0010C8920010C0
:104FA0000C2F002070B588B0040004AD0D22002144
:104FB0002800FEF79BF90D2200216846FEF796F9BE
:104FC0004B232B700D226946280003F05DFA002365
:104FD00004E05A1D69468A5CE2540133072BF8DD70
:104FE00008B070BD70B582B07F230340C509274C5F
:104FF0005E0076197601A419A0706842684160705D
:105000000020E0702183E276012D1ED0D800204AD6
:10501000944660441D4A590049194901521890604C
:105020001A4A590049194901521892680021116021
:10503000002B10D1154A5B005B195B01D3180022CD
:105040005A60144ADA6002B070BDD800124A944621
:105050006044A060E4E7012D0BD0591EC9000F4A3F
:1050600094466144094A5B005B195B01D2185160A8
:10507000E9E7591EC9000A4A94466144034A5B00A5
:105080005B195B01D2185160DDE7C046D42A0020CD
:105090008400105000011050800010500C0010507F
:1050A0000800105010B5038B3F333F229343C27E5C
:1050B000022A08D008490A68C260D3180B60074A60
:1050C000934202D810BD5B00F4E7054B054A064841
:1050D0005221FFF747FAC046D82E0020FF0F10508C
:1050E000AC940010F89D0010F0940010F8B57F25E6
:1050F0000540C6096B009B195B010E4C1C19FFF79C
:1051000071FF002D00D1F8BD0A4B6D00AD196D0186
:105110005D19298B2000FFF7C5FFEB7E9B06E96830
:10512000054A4A4013438022120613436A681360FB
:10513000E9E7C046D42A00200000105010B5040052
:105140007F202040E409400000194001024BC018B4
:1051500000F026F910BDC046D42A002010B5002862
:1051600004D101210520FBF795FF10BD034B044A34
:1051700098210448FF31FFF7F5F9C046609500100B
:10518000E89D0010F094001010B5002805D1002211
:1051900000218020FFF7D2FF10BD034B034AA2215C
:1051A0000348FF31FFF7DEF960950010D89D00102D
:1051B000F0940010024B80225202DA647047C0461D
:1051C0000020115070B5041E27D100F0C7F8164D0D
:1051D0000C23AB671549FF220520FBF7ADFF1448F0
:1051E00040220021FEF782F8002240210020FFF734
:1051F0007DFF002240218020FFF778FF03F0A4F913
:1052000001232B6480239B05EB649023094AEA5019
:105210002000FFF7CFFF012070BD074B074A642134
:105220000748FF31FFF79EF9000011506D04002080
:10523000D42A002010D00100609500100C9E0010B0
:10524000F0940010044B1970002904D0034A9023F5
:1052500080218902D1507047373100200020115041
:105260000B785B0602D14B78052B00D070478A780B
:10527000014B1A60FAE7C0460000115010B5CA7819
:105280009207920F012A0AD088780B79497909028E
:1052900019434905490DFFF729FF012010BD0020E2
:1052A000FCE710B503F050F910BD000010B5040084
:1052B000080011001A00002C03D1FFF73FFF012066
:1052C00010BD034B034A812103488900FFF74AF9C7
:1052D00060950010C89D0010F094001010B57F2359
:1052E000180008400B4205D1CB09012B0ED0022239
:1052F000074B9A66C909400040184001054BC01889
:1053000080221201002103F017F910BD0122EFE7FE
:1053100000201150D42A002010B57F221000084030
:105320000A4200D110BDC909400040184001044B99
:10533000C0180023C3700022024903F0FDF8F1E712
:10534000D42A0020FFF7FFFF04E00A780270013141
:1053500001301A00531E002AF7D1704710B5802380
:105360005B040A4A13600A4A13600A4B1A688023D6
:105370005B049343F9D18022520100210648FDF7D6
:10538000B5FF064B09225A6710BDC04600E0004039
:1053900000F0004008C00040000010500000115014
:1053A00070B504000D001600837E002B17D1A68275
:1053B0000023E3820133A3762561200003F0B4F8D3
:1053C000002804D00C4A902380218902D15020006B
:1053D00003F072F800280AD00123237770BD81788A
:1053E0000648FFF7A1FA200003F096F8DFE7200057
:1053F00003F08AF8F2E7C0460020115050960010E2
:1054000070B50500002408E09B1A5B01164A9B1842
:10541000DB68280098470134E4B2144B1A78230063
:10542000511CA1420DDBA242EED9114B1B68620157
:105430009B18002BECD10F490F48104AFFF774FA64
:1054400010E00F4C542200212000FDF74FFF201DDB
:105450001022FF21FDF74AFF200014302022FF21F7
:10546000FDF744FF70BDC046889F00103631002014
:10547000C0230020549F00108896001025020000D1
:10548000702500200268EFF3108172B61368002BBC
:10549000FCD0BFF35F8F4160704710B5FFF7B0FFDE
:1054A00000F05EFE10BD70B505000C0016004869E6
:1054B00000F060FE6369320001212800984770BD4A
:1054C000F0B5DE4657464E464546E0B583B08246C7
:1054D0000139C8B2FFF7F8FC002803D04378994699
:1054E000022B0CD056495748574AFFF71DFA0020A7
:1054F00003B0F0BCBB46B246A946A046F0BDC57994
:105500006C110122514B1440240119781026B1432B
:1055100021431970AD112A405201C9B22024A14380
:105520000A431A70060009368278C3781B021343B7
:1055300083469B444B460193370066E0FB789946CF
:105540003A78BF1868E03E493E48414AFFF7ECF917
:105550000020CDE7009AD31A5B013E4E9E193369B5
:105560002200390050469847082801D9844216D2B3
:105570000135EDB2384B1B7800955A1CAA423EDB30
:10558000AB42E7D9354B1B686E019E19002EE6D160
:105590002B492C48324AFFF7C7F90020A8E734000E
:1055A000009E00904B46012B11D0002049468142BD
:1055B0001BD9BB781B18DBB2244AD2181279FF2AF8
:1055C0000CD1224AD3181D710130C0B2EFE7216916
:1055D000244A9142E9D1019B9946E6E718491948C6
:1055E000214AFFF7A1F9002082E720482B00009C08
:1055F0002200390001F068FCA446674400E02E0058
:10560000154B1B7801339E420FDC5F4515D27B782A
:105610000B2B93D0012399467A78042A93D15B46C9
:10562000DA1B93B200251C00A4E785220449054833
:10563000D200FFF779F900205AE7012058E7C04669
:10564000289F001088960010D603000070250020C7
:10565000F1030000889F001036310020C023002095
:10566000FA0300000D6600101904000084250020D4
:1056700070477047002070470020704770B50500E4
:105680000C00CB7888780F2B53D89A002E498A5873
:105690009746FFF715FC021E05D0122321002800B3
:1056A00000F012FD46E0294929482A4AFFF73CF953
:1056B00000203FE0FFF798F9021E3CD08178C378C4
:1056C0001B020B432100280000F0FEFC32E0022BFD
:1056D0000CD0FFF7D1FF021E2FD09178D3781B0298
:1056E0000B432100280000F0EFFC23E0FFF7ECFB68
:1056F000021EF2D115491648174AFFF715F9002086
:1057000018E02379617909021943FFF7E1FB021ED2
:1057100015D003782100280000F0D6FC0AE0FFF73E
:10572000A9FF021E0DD003782100280000F0CCFC58
:1057300000E0002070BD0020FCE70020FAE7002018
:10574000F8E70020F6E7C046289E0010109F0010E2
:10575000889600103A04000061040000704770470A
:1057600070477047024B5878431E9841C0B270474B
:1057700070250020024B18784007C00F7047C046C4
:1057800070250020034B1878FF38431E9841C0B2A3
:105790007047C046641B0020F8B505000F00FFF7F6
:1057A000F1FF061E48D1002F21D02E48542200219F
:1057B000FDF79CFD2C4B00221A702C4C2000FBF7AF
:1057C0005DFE2B4B1C602B4C2000FBF7A3FE143C12
:1057D000200001F013FF284B1C60284B002B04D045
:1057E0002748FFF721F9274B1860002410E0E92231
:1057F000254926485200FFF797F81DE09B1A5B01E8
:10580000234A9B185B68002B10D098470134E4B200
:105810001B4B1A782300511CA1420FDBA242EDD989
:10582000184B1B6862019B18002BEBD1F82216491C
:1058300016485200FFF778F83000F8BD154B1D7080
:1058400039002800FFF7BEFC061E03D02800FFF732
:1058500085FCF1E7FC220C490C485200FFF764F884
:10586000EAE7C04670250020383100206825002076
:10587000C42500205C1B0020C8250020294A0010F8
:1058800036310020C0230020789F00108896001039
:10589000889F0010641B002070B50D00104B1E780F
:1058A0008B7870221A420DD10E4B9978280001F0A6
:1058B000B5FA041E0DD029003000FFF7DFFC04000C
:1058C000200070BD08490948094AFFF72DF8002457
:1058D000F6E705490548074AFFF726F8F0E7C0460E
:1058E000641B002070250020E09E001088960010A8
:1058F0000B0500000C050000F0B5D6464F464646A5
:10590000C0B581460C0017009846089B9A460025B2
:1059100017E018491848194AFFF706F80026300022
:10592000E0BCBA46B146A846F0BD9D2211491248D6
:10593000D200FEF7F9FFF2E7099A13702378E41812
:105940000135AF4214DD6378052BE2D1E178890798
:10595000890F4145DDD121004846FFF79DFF061E16
:10596000E3D0A378DA09012AE6D052461370E5E7BE
:105970000126D4E7F09E001088960010E70400008E
:1059800010B57F200840C909400040183030044B52
:10599000C0180430034B196801F0FCF910BDC04673
:1059A00070250020C425002010B57F200840C909BB
:1059B000400040183030044BC0180430034B1968C5
:1059C00001F010FA10BDC04670250020C42500204B
:1059D000F0B5C64600B582B001931A4800787F251D
:1059E0000D40CE09184C6F00E419A4193034247905
:1059F000E4071DD4144C6F00E419A4193034237942
:105A00000127BC4667463B432371019BFFF74EFCD1
:105A1000002813D10C4B6D005B199B1930331A7998
:105A200001218A431A711A7903318A431A7105E0F8
:105A300006490748074AFEF777FF002002B080BCFE
:105A4000B846F0BD641B002070250020D09E0010D9
:105A5000889600103905000070B50A4B18787F242D
:105A60000C40CD09FFF73AFC074A640013195B1993
:105A700030331A7902210A431A711A7901210A4333
:105A80001A7170BD641B00207025002070B50A4B90
:105A900018787F240C40CD09FFF73EFC074A6400CC
:105AA00013195B1930331A7902218A431A711A7952
:105AB00001398A431A7170BD641B002070250020D3
:105AC0007F220A40C909044B52009B185B183033EF
:105AD00018798007C00F704770250020F0B585B099
:105AE00005000C00002000F045FB237860221A40DE
:105AF000602A1AD0402A20D02378DB06DB0E012B47
:105B000000D1D6E0022B00D116E1002B00D07CE1C1
:105B1000202A1CD0002A00D07FE16378092B00D90D
:105B20007DE19B00C54AD3589F465532C449C548BC
:105B30009200FEF7F9FE002668E1C34800F01AFB68
:105B4000220001212800FEF753FF06005EE12379C1
:105B50000F2B00D95DE1BD4AD3181B79BC4A1278DE
:105B6000934207D2BB4A11685B01C918002909D1C9
:105B700000264BE1511C994200DA4CE19B1A5B0173
:105B8000B549591822002800FFF78DFC06003DE1B9
:105B9000200000F0F5FAA1782800FFF7F5FAAB4AEB
:105BA000137802210B43137001262FE1A74B5B787A
:105BB00002AA0632137001232100280000F084FAA3
:105BC000012623E1A678A14B5B78B3422CD09F4BF2
:105BD0005B78002B0CD19D4B5E70002E22D03100E3
:105BE0002800FFF76DFC061E12D0FFF7B7FD1BE083
:105BF00000212800FFF726FB2800FFF752FB934FF8
:105C0000BB7801932800FFF7FBFB019BBB70E2E729
:105C1000C9228B498B489200FEF786FE8B4B0022EF
:105C20005A70F3E0FFF79BFD2100280000F038FADE
:105C30000126EBE021002800FFF720FD0600E5E04B
:105C4000A278E3781B021343012B01D00026DDE08C
:105C50007E4A137808210B4313702100280000F0BE
:105C60001FFA0126D2E0A278E3781B021343012B2E
:105C700001D00026CAE0754A137808218B431370BF
:105C80002100280000F00CFA0126BFE06F4B1A78C3
:105C9000510992080223134001220A40134302AA29
:105CA0000632138002232100280000F00DFA01269D
:105CB000ACE023790F2B00D9B3E0644AD3181B79E9
:105CC000634A1278934223D2624A11685B01C91871
:105CD000002900D1A7E022002800FFF7E4FB061E00
:105CE00000D093E0237860221A4200D08EE06378DF
:105CF0000A3B012B00D989E0002000F03BFA6378D1
:105D00000A2B0ED02100280000F0CAF901267DE000
:105D1000511C994200DA88E09B1A5B014E495918E0
:105D2000D9E702AB9A1D002313700133210028002C
:105D300000F0CAF9013669E021797F200840CE09D8
:105D400070230B4217D1414B40001B189B191B7D40
:105D50003F480078834215D23E4806685B01F6183A
:105D6000002A19D0002E62D0220031002800FFF74F
:105D70009AFB06004AE032493248384AFEF7D4FD21
:105D8000002643E0461C9E4204DB1B1A5B01324E98
:105D90009E19E5E70026E3E76378012B10D0032B7B
:105DA0000ED0002B45D12800FFF78AFE02AB9A1DCA
:105DB000108002232100280000F086F9012625E04A
:105DC000A078E2781202024304D1012B19D02800F6
:105DD000FFF742FE002E2ED0220031002800FFF7F0
:105DE00062FB002000F0C6F9184B35229B5CDB07F4
:105DF000DE0F002B0AD12100280000F051F9012606
:105E000004E02800FFF742FEE4E70026300005B07A
:105E1000F0BD0026FAE70026F8E70026F6E70026A0
:105E2000F4E70026F2E70026F0E70026EEE700267A
:105E3000ECE70026EAE70126E8E7C046849E00106A
:105E40003C9F001088960010F1490010702500203A
:105E500036310020C0230020889F001095030000E9
:105E600030B585B0FFF78EFC002808D105B030BDF5
:105E700001AC2078FFF711FB2279604B9A70604BE0
:105E80001C6820001430FFF7FDFA01A9200001F082
:105E900058FB6269A369BFF35F8F0021116083F330
:105EA00010880028E2D001AB5B78082BE7D89B0074
:105EB000544AD3589F4601AB1878FFF7EEFAFFF724
:105EC0004EFCDCE7504B1B78002B2DD04E4A13784C
:105ED000013BDBB213701378002BD0D1474B1A78FB
:105EE000012401210A431A703422995CA143995478
:105EF000995C0420814399540132995CA1439954DF
:105F0000995C8143995401AB187802A9FFF7E6FD2B
:105F10000028B4D101AC20780021FFF7DFF9207808
:105F20008021FFF7DBF9AAE738493948394AFEF7FB
:105F3000FBFC9BE701AB19797F220A40CC092F4B70
:105F400050001B181B19303318790125A84318710C
:105F500018790335A8431871002A15D0274B520031
:105F60009B181B191B7D2C4A1278934213D22B4A83
:105F700012685B01D318002B15D09C6901A84279E7
:105F8000039B0078A0477AE701A84279039B007839
:105F900000F004F973E7501C984204DB9B1A5B0184
:105FA0001F4A9B18E9E7A422184919489200FEF7F6
:105FB000BBFC5BE7114B1B78DB0700D45FE70F4BA3
:105FC00018780007C00FFFF7CBFB58E70B4B1B7887
:105FD000DB0700D453E7FFF7C4FB50E7029B002B1D
:105FE00000D14CE70398984749E7044BDB78DB077F
:105FF00000D444E70298FFF73CFB40E770250020FF
:10600000C8250020AC9E001038310020689F001089
:10601000889600106502000036310020C023002061
:10602000889F001010B50023CB56002B05DB802184
:1060300000230022FFF7CCFC10BD0021F8E7000090
:10604000F8B50500144B9F89DE89BB1B9BB21C1C55
:10605000402B00D94024A4B20F4B1B785BB2002B1D
:1060600008DB0021B74213D00C4A23002800FFF7B9
:10607000AFFCF8BDB74209D0074B9968402C09D84E
:1060800006482200FDF738F98021EBE78021E9E797
:106090000022EAE70020ECE7502500201025002030
:1060A00070B506000D00074C08222000FDF724F90A
:1060B0000023A360E381A38129003000FFF7B2FF32
:1060C00070BDC04650250020F0B5C64600B58046DC
:1060D0000C0016001D001F4B08221F001800FDF7C2
:1060E0000BF9BE600023FB81A379E1790902194312
:1060F0000B1CA94200D92B1C99B2164A9381A27994
:10610000E3791B02134319D0002901D0002E08D0D7
:106110004046FFF795FF041E0AD0200080BCB84619
:10612000F0BD0D490D487222FEF7FEFB0024F4E796
:1061300009490A487422FEF7F7FBEEE721004046C2
:10614000FFF770FF041EE8D1034904487622FEF7EA
:10615000EBFBE2E750250020E09F0010889600103E
:1061600010B5034814220021FDF7C0F810BDC04649
:1061700050250020014B18617047C0465025002073
:1061800010B50100044C08222000FDF7B5F80023EB
:10619000A360E381A38110BD5025002070B50500E8
:1061A0001C00C909314B1B78DB098B4216D0002C2F
:1061B00007D02F492F489D22FEF7B6FB0024200070
:1061C00070BD2A4C2100FFF74BF82369002B03D048
:1061D000264A0321280098470124F0E7234B1B7827
:1061E0005BB2002B07DB214B986800283CD022498A
:1061F0002200FDF781F81D4AD389A1B25B189BB23A
:10620000D381916809199160D288934201D03F2CC3
:106210001FD8164B1B69002B05D0144A02212800F9
:10622000984700280BD011492800FFF7FBFE041EF9
:10623000C5D10F490F48C522FEF776FBBFE7002105
:106240002800FFF74BF880212800FFF747F80124CA
:10625000B5E72800FFF7F4FE041EB0D10449054855
:10626000CD22FEF761FBAAE70024A8E75025002015
:10627000C89F0010889600101025002070B50500FA
:10628000FFF770FA002802D10024200070BDFFF74C
:1062900071FA041EF8D11C4BC8226A439B18DB78A4
:1062A000002BF1D0C8266E431036174BF61830007D
:1062B00001F030F93F28E8D9134BC8226A439B18F4
:1062C000D9780020FFF75CFB002801D10400DCE74F
:1062D000300001F01FF93F280DD9EA010B4BD2180D
:1062E000094BC82169435B18D97840230020FFF788
:1062F0006FFB0400C9E7044BC8226A439B18D97896
:106300000020FFF751FBC0E748240020C4230020F1
:1063100010B50400FFF726FA002801D1002010BDB7
:10632000FFF728FA002808D1064BC82262439B18C1
:106330001B79DB0703D50130F1E70020EFE70020F0
:10634000EDE7C0464824002010B5C823434310336E
:106350000248181801F0ACF810BDC04648240020CF
:1063600070B50400C82060430300103307481818B4
:10637000074B9A4208D892B201F004F905002000B8
:10638000FFF77CFF280070BD024AF5E74824002093
:10639000FEFF0000FFFF000070B50500FFF7E2F907
:1063A000002801D1002070BDFFF7E4F90028F9D1E1
:1063B000C8246C432034204BE4180434200001F03E
:1063C00077F8002801D10020EDE71B4BC8226A4373
:1063D0009B1899780020FFF7D3FA002801D10020FC
:1063E000E1E7EE014036154BF6184022310020005F
:1063F00001F0C8F8041E14D00F4BC8226A439B1842
:106400009978030032000020FFF7E2FA002801D05B
:106410002000C8E70A490B48D522FEF785FA00207C
:10642000C1E7054BC8226A439B1899780020FFF703
:10643000BBFA0020B7E7C04648240020C423002050
:1064400010A000108896001070B50500C8244443C1
:1064500020340C4BE41804340B4B9A420BD892B204
:10646000200001F0C6F80600200001F021F83F28C6
:1064700003D8300070BD054AF2E72800FFF78CFF13
:10648000F7E7C04648240020FEFF0000FFFF0000A1
:1064900010B5C82358432030024BC018043001F017
:1064A00039F810BD48240020F0B5CE46474680B5E7
:1064B00083B02648C8220021FCF718FF244B002295
:1064C0001A700027002F04D003B0C0BCB946B046F4
:1064D000F0BD1E4EC8247C433519FF236B71E123A8
:1064E0005B02AB60002398462B736B730833AB736E
:1064F000210038318919200010308019434600935B
:106500000133402200F096FF2100783189192000E4
:1065100020308019043001230093402200F08AFFCC
:106520002300B8339946B1444846FAF7A7FFC03470
:10653000A4192000FAF7A2FF4346EB614B462B62F9
:106540002C6343466B630137FFB2BBE7482400204E
:106550004424002010B50023002B01D0012010BDE1
:1065600019000D4AC82058431218106A146B0028ED
:1065700006D0094AC820584312180020D061106282
:10658000002C06D0044AC820414352180021116350
:1065900051630133DBB2DFE74824002070B50024EB
:1065A000002C00D070BD2500C8206043154BC018DA
:1065B00005220021FCF79AFE134B1B78DB070FD551
:1065C000114B1B789B0713D5C820684320300D4B17
:1065D000C0180430012101F030F80134E4B2DFE7E3
:1065E000C82060431030074BC01801F007F8E7E7F8
:1065F000C82068432030034BC018043000F0FEFF71
:10660000E2E7C0464824002044240020F0B585B0CD
:1066100003904B79022B63D18B79022B64D1002735
:10662000002F07D0002F0FD18B7833700C780C1906
:10663000092515E0C8237B432C4E9E19B378002B07
:10664000F0D00137FFB2EBE7422229492948FF3257
:10665000FEF76AF9002544E023785D19ADB2E4182D
:106660006378242B01D19542F6D9052B09D06378A4
:10667000042B02D163790A2B18D03800FFF7FEFDF6
:106680002FE021000398FFF707F9002806D0A37830
:10669000737023785D19ADB2E418E8E75422144909
:1066A0001448FF32FEF740F900251AE021784D1911
:1066B000ADB26118B31C0193F31C009302230222B4
:1066C0000398FFF719F9002802D00E35ADB2D4E7D0
:1066D000B122074907485200FEF726F9002500E0DD
:1066E0000025280005B0F0BD0025FAE74824002069
:1066F00004A0001088960010F8B5140012786023EA
:106700001340202B00D082E00025002D0ED0002D5C
:1067100000D07EE06378222B42D017D8202B1FD0E8
:10672000212B11D1012933D0012071E0C8236B4303
:106730003C4A9E18D25C277963791B023B439A42FC
:10674000E5D00135EDB2E0E7002061E0232B05D173
:1067500001294BD003294ED0012059E0002057E0F9
:10676000012903D0032909D0012051E03200083269
:1067700007232100FFF7A8FC012049E02A4B002B4A
:1067800049D0310008312800FEF754F901203FE0DC
:106790003200083207232100FFF796FC012037E082
:1067A000012903D0032906D0012031E02100FFF7A1
:1067B00077FC01202CE0A278E3781B02134301242C
:1067C00027001F405A081440337101217940C9B293
:1067D0003000243000F031FF144B002B1DD022007C
:1067E0003900280000E000BF012011E02100FFF780
:1067F00057FC01200CE00E4B002B10D0A378E17861
:1068000009021943280000E000BF012000E0002039
:10681000F8BD0020FCE70120FAE70120F8E701209D
:10682000F6E7C04648240020354A0010000000006A
:1068300000000000F0B5D646474680B583B0019011
:106840000F0000930024002C0FD0002C1AD1A0467A
:10685000EB78BB421ED0AB78BB4254D00124200061
:1068600003B0C0BCBA46B046F0BDC82565433C4B3A
:10687000ED18EB78BB42E8D0AB78BB42E5D00134F1
:10688000E4B2E0E7E622374937485200FEF74CF819
:106890000024E4E710239A46AA44E101334BC918C7
:1068A0006B461A88504600F0A4FE314B002B1AD0DC
:1068B0006B79FF2B17D0002600E00136009B9E422B
:1068C00011D26A79294B4146C9015B189B5D9A42F6
:1068D000F3D1504600F002FE0028EED16979200085
:1068E00000E000BFE9E7234B002B04D0504600F046
:1068F000F5FD002803D02000FFF7C0FCABE7200027
:1069000000E000BFF7E71C4B002B02D0200000E0A6
:1069100000BF2000FFF740FD002801D001249EE7C2
:106920002800243000F0C4FD002815D1009B002B66
:1069300014D09E0601D0012491E7A9780198FFF7B1
:106940001FF8041E01D1012489E7A9780023002241
:106950000198FFF73DF882E7012480E701247EE7F4
:1069600048240020F49F001088960010C4230020C3
:10697000000000000000000000000000002817D107
:106980000C4B9322920042439B182A33FF331B780F
:10699000002B09D1074B9322920042439B185B794D
:1069A000002B03D0013004E0012002E0002000E0D1
:1069B000002070471427002010B5002801D00020C7
:1069C00010BD932189004143024BC918043100F0E6
:1069D00001FBF5E714270020F0B5D6464F464646A2
:1069E000C0B584B02148932292000021FCF77EFCC0
:1069F0000025002D05D004B0E0BCBA46B146A8463B
:106A0000F0BD9324A4006C4323004933FF33174A9D
:106A100091464B440433EE01154A9246B2182000C9
:106A20002930FF3048444021884603910292802754
:106A30007F000197009300230022002100F057FA05
:106A4000230020334B44083340365644200048444A
:106A500004304246039202960197009300233F3A86
:106A6000002100F044FA0135EDB2C2E714270020FE
:106A70009426002070B50025002D01D0012070BDA6
:106A80009324A4006C4320002930FF30054E801968
:106A900000F05EFAA019043000F05AFA0135EDB2A8
:106AA000EAE7C04614270020F0B5C64600B5002529
:106AB000002D02D080BCB846F0BD9324A4006C43E6
:106AC0000C4B9846E6180027377020003130FF3015
:106AD000404400F093FD083420004044043000F0AE
:106AE0008DFD33002A33FF331F7077710135EDB20E
:106AF000DEE7C04614270020F0B5C64600B582B0D8
:106B000001900F004B79FF2B00D08CE00C780C1912
:106B1000A5180026002E01D0002085E03000FFF7E8
:106B20002DFF002802D00136F6B2F3E793239B0035
:106B300073433F4A98469044BB784246137033E013
:106B4000AC426DD221000198FEF7A6FE002836D097
:106B50000136F6B2A378DB09012B37D0404631303D
:106B6000FF3000F04BFDA1789422520043469B1861
:106B70005970217963791B020B435B055B0D2D492D
:106B80008C46634459424B415B004146895C02207C
:106B900081430B4341468B548918019800F05CFAFD
:106BA000002836D02378E4183B79B34238D963788B
:106BB000052BC5D0AC42C3D22378E418F7E71E49B1
:106BC0001E48E022FDF7B0FE00202DE040460C30CC
:106BD00000F014FDA37842465371227963791B02B9
:106BE00013435B055B0D134A944663445A42534179
:106BF0005B004246127902218A43134342461371D5
:106C00000B4BD31A9B100E485843C0B2FFF7D4FE6B
:106C1000C8E709490948E822FDF786FE002003E09D
:106C2000E01B80B200E0002002B080BCB846F0BD9E
:106C30001427002000FEFFFF28A0001088960010F7
:106C40009B1DB508F0B583B006001D000024002C84
:106C50000CD0002C57D101942A23FF33FB5C8B42CC
:106C600015D07B798B4236D001204DE093239B00D9
:106C70006343264FDF193B002A33FF331B788B42D7
:106C8000E7D07B798B42E4D00134E4B2DFE73B000C
:106C90003133FF339B88002B12D11D4B002B07D0C3
:106CA000019BD9011B4BC918AAB2200000E000BF0C
:106CB00039002931FF31300000F0CEF9012023E006
:106CC0003B002933FF335968AAB238003130FF3016
:106CD00000F08FFCE1E7104B002B04D02904090CD5
:106CE000200000E000BF3C1D2100300000F072F9E0
:106CF000002801D0012007E02A002100300000F028
:106D000029F9012000E0002003B0F0BD1427002085
:106D100000000000942600200000000010B582B0A2
:106D200000290AD001281CD80B78002B19D0164A4C
:106D30001354012B1ED0012419E001A901230B706B
:106D400000234B700020FEF727FD041E03D00E4BDE
:106D500001221A700BE00D490D484722FDF7E4FDB2
:106D600005E00A490A485A22FDF7DEFD002420000A
:106D700002B010BDFEF710FD041EF8D1034904480F
:106D80005F22FDF7D1FDF2E764250020A8A00010E6
:106D90008896001070B504000D000378DB07D80F4B
:106DA000002B1DD123785B07DE0F002B19DB01219F
:106DB0004942280001F098FB2378DB07DA0F002B0B
:106DC00007D123785B0709D4237804221343237067
:106DD0000126280001F060FB300002E01600F8E711
:106DE000002070BD70B506000C0001214942200052
:106DF00001F07AFB33785B07DD0F002B04DB20000A
:106E000001F04AFB280070BD3378DB0704D43378E7
:106E1000042293433370F2E70025F0E710B50279BE
:106E200043791B0213435B055B0DC2789207920FF7
:106E3000022A14D0032A2DD0012A3CD1022904D0E1
:106E40001E4A9A4204D3012036E08022D200F8E79D
:106E50001B491C48D122FDF767FD00202CE00229C8
:106E600003D0402B0FD8012026E0802292009342CD
:106E700001D1012020E012491248293AFF3AFDF7DA
:106E800053FD002018E00E490E48DB22FDF74CFDB3
:106E9000002011E0022904D040229A4204D30120AC
:106EA0000AE08022D200F8E705490648E122FDF712
:106EB0003BFD002000E0002010BDC046FF030000A5
:106EC00094A000108896001030B58A1801E00C7864
:106ED000091991420AD24C78052CF8D18D787A3470
:106EE0002C4064000419ED096355F0E730BDF0B59E
:106EF00085B0040003920AAA40CA17880DAA158813
:106F000001220A40017801208143114321702000B1
:106F10000830009301233A00310000F08BFA002E74
:106F200001D0002F05D10C9B63606580012005B066
:106F3000F0BD26001C363000FAF7A0FA039B002BA8
:106F400004D0330000266361A661ECE70023FAE772
:106F500001207047F8B506000C0015000B789B0760
:106F600011D58027BF002000083000F0A1FA0028CA
:106F700025D1002D25D0013F3D4224D12378DB07C8
:106F800003D500201CE04027EDE761783000FEF7D4
:106F9000F7FC0028F5D02378DB0707D5B5220B498D
:106FA0000B485200FDF7C0FC002009E06178002387
:106FB00000223000FEF70CFD002801D1EEE7002092
:106FC000F8BD0020FCE70020FAE7C04670A00010E2
:106FD0008896001070B505000C000E0008363000D1
:106FE00000F066FA002830D02378DB0701D50020B6
:106FF00070BD61782800FEF7C3FC0028F7D06168F7
:107000006288300000F0BEFA061E14D02378DB0739
:1070100007D5BC220E490F485200FDF785FC002021
:10702000E6E76268617803002800FEF7D1FC0028DB
:10703000EFD03000DCE72378DB0701D50020D7E76D
:1070400061782800FEF7B0FCF8E70020D0E7C046E2
:1070500054A0001088960010F8B505000C008B892C
:10706000002B22D10B78DB0701D50020F8BD497831
:10707000FEF786FC0028F8D063882278D20707D56F
:10708000D922304930485200FDF74EFC0020EDE790
:107090006178002B07D062682800FEF799FC002871
:1070A000EED06088E2E70022F6E70B789B070DD56B
:1070B0008026B60027000837380000F02BFA8642F9
:1070C0003DD82378DB0703D50020CFE74026F1E742
:1070D00061782800FEF754FC0028F5D0380000F055
:1070E00019FA864221D87642B6B262883040031C33
:1070F000904200D9131C9EB22378DB0707D5C82223
:1071000010491148FF32FDF70FFC0020AEE761780F
:10711000002E08D0626833002800FEF759FC0028D2
:10712000EDD03000A2E70022F5E72378DB0701D598
:1071300000209BE761782800FEF736FCF8E7002086
:1071400094E7C04638A000108896001003008A1803
:1071500090B2814202D85A00904203DB5B009BB29E
:10716000C01A80B2704770B505000800AC889A421A
:107170000BD3D11A89B200291ED08C4210D294426E
:1071800009D8121B93B26B810AE0D11A89B266004A
:10719000891989B2EFE7A21893B2F4E71B1B9BB2DF
:1071A0009C42FBD92968EA885204520C5343C918FF
:1071B000FCF7A2F8012070BD0020FCE7F8B5CE4630
:1071C000474680B505008C4608A909788488E01AEE
:1071D00080B21C1B1419A4B2EF887F047E0C070038
:1071E0007743BFB27443A4B2A1462C68A046734350
:1071F0004344002906D1904208D3724319006046E7
:10720000FCF77AF8C0BCB946B046F8BD3A001900A0
:1072100064462000FCF770F82968E0194A46FCF73C
:107220006BF8EFE7F0B5C64600B582B01E0008ABBC
:107230001B8809AC277884889E420FD3F51AADB21B
:10724000002D1FD0AC4205D2B44210D8331B9BB2E4
:107250004381250095420FD315000DE0F51AADB21C
:10726000A8466500AC4645466544ADB2E8E7A619B8
:10727000B3B2EDE71B1B9BB29C42FBD900972A00DF
:10728000FFF79CFF280002B080BCB846F0BDF0B507
:1072900083B004000D0016001F000069002803D011
:1072A0000121494201F020F923899BB262890197AB
:1072B0000092320029002000FFF7B4FF0500618929
:1072C00089B2A0882A00FFF741FF60812069002869
:1072D00001D001F0E1F8280003B0F0BDF8B5CE46CA
:1072E000474680B505008C4608A90878AC88E11AA5
:1072F00089B21C1B1419A4B2EF887F047E0C0F0006
:107300007743BFB27443A4B2A1462C68A04673432E
:107310004344002806D1914208D3724361461800C5
:10732000FBF7EAFFC0BCB946B046F8BD3A00644678
:1073300021001800FBF7E0FF2868E1194A46FBF737
:10734000DBFFEFE7F0B585B006000391171E02934F
:1073500000D16DE0C068002803D00121494201F04E
:10736000C3F83489A4B2718989B2F379DB0918D1E1
:10737000B3888C420FD3611A89B28B4256D95B1AFB
:107380009BB23A1C9F4200D91A1C95B2002D45D0E1
:10739000B288230033E0611A89B25A00891889B291
:1073A000EBE7B588BD420ED8029B002B21D17B1B99
:1073B000F7887F047F0C5F43039B9C46BC44634675
:1073C00003930C00E2E78C420DD3631A9BB2DB19E6
:1073D0006A0093420FDBEA1B92B22800FFF7B6FE69
:1073E00004003D00D2E7631A9BB26A009B189BB26F
:1073F000EDE70C00CAE73D00C8E79B1A9BB29A4232
:10740000FBD9029A00922A0003993000FFF766FF29
:10741000B0882A002100FFF799FE3081F06800282B
:1074200001D001F039F8280005B0F0BD0025F5E7DE
:107430001500F8E7F0B583B00400019116001D00B7
:1074400008AB1F7880231B029A422DD8C068002801
:1074500003D00121494201F047F82069002803D0F8
:107460000121494201F040F8019B2360A6806D0490
:107470006B0CE588ED0BED031D43E580FB01E27924
:107480007F2717401F43E771002363812381E06852
:10749000002801D001F000F82069002806D000F093
:1074A000FBFF012003B0F0BD0020FBE70120F9E75E
:1074B00010B5828801898BB2408984B2884207D88E
:1074C0001B1B9BB2101C9A4200D9181C80B210BD25
:1074D0001B1B9BB251005B189BB2F3E703894089E9
:1074E000181A43425841C0B2704710B584880289C7
:1074F00093B2418988B2914206D81B1A9BB20020F0
:10750000A3424041C0B210BD1B1A9BB262009B183F
:107510009BB2F4E710B5828801898BB2408984B2AE
:10752000884206D81B1B9BB29A4208D9D01A80B257
:1075300010BD1B1B9BB251005B189BB2F4E70020EF
:10754000F6E770B504000D000069002803D00121A2
:10755000494200F0C9FF228992B263899BB2290097
:107560002000FFF700FE0500618989B2A0882A008B
:10757000FFF7ECFD60812069002801D000F08CFF4E
:10758000280070BD10B50023FFF781FE10BDF8B5CF
:1075900004000E00C068002803D00121494200F019
:1075A000A3FF2589ADB22000FFF79FFF002802D07E
:1075B000E779FF0916D0A2882B0001E09B1A9BB245
:1075C0009A42FBD92068E2885204520C5343C018F7
:1075D0003100FBF791FEA08801222900FFF7B6FDDC
:1075E00020810127E068002801D000F055FF380015
:1075F000F8BD10B50023FFF7A5FE10BD10B50400BF
:10760000C068002803D00121494200F06DFF2069C5
:10761000002803D00121494200F066FF0023638166
:107620002381E068002801D000F036FF206900289F
:1076300001D000F031FF012010BD70B504000D0035
:10764000C068002803D00121494200F04DFF2069A5
:10765000002803D00121494200F046FFED01E37903
:107660007F2119402943E171E068002801D000F032
:1076700013FF2069002801D000F00EFF012070BD2B
:10768000074B83420AD0042301229A40054B1A601B
:10769000054B1B6811009943FAD170470323F3E7A8
:1076A000681B002000F0004008C00040F0B5DE4636
:1076B00057464E464546E0B587B00700934618004A
:1076C000039310AB1A780592119D129A90463B686D
:1076D0000022DA663B6859603B680132DA66029044
:1076E000002399460493002600242DE03B79002BCB
:1076F00039D0012337E0059A002A01D0002236E074
:10770000012234E0002E0CD13B685B6BDB0608D411
:10771000002DF7D000214046A84706000443E4B2FC
:10772000F0E7002E09D13B6880229A580492002A83
:1077300028D1002C39D1CA4527D0002C3DD10123B6
:107740009C46E144019B9B46029B994535DA039B8D
:10775000013B9A46002D02D001214046A8474B46E6
:10776000002BC3D000239B02CA45C4D00022520282
:1077700013435A46013201925A4611783A680B4334
:107780001361C5E75B6D01240FE0059B002BD4D18D
:107790000BE000214046A84706000443E4B2002E57
:1077A00006D13B685B6B9B0502D4002DF1D1F6E757
:1077B000002EC2D13B681B6EBFE7002C08D0002E04
:1077C00010D1049A002A11D0D30713D4130715D56A
:1077D000059B3B71484607B0F0BCBB46B246A94684
:1077E000A046F0BD02235B429946F1E701235B42CC
:1077F0009946EDE701235B429946E9E701235B42A5
:107800009946E5E7F0B5DE4657464E464546E0B5B3
:1078100085B005009246180003930EAB1A78914686
:107820000F9E109A90462B680022DA662B685960EA
:107830002B680132DA6602900027002301930024AE
:107840004346B8461F00029B984545DA039B013B1F
:107850009B46002E02D001213800B0472B685A6F9A
:10786000102AFBD04246002A0BD000229202C345C8
:107870000CD0002149020A43802149000A431A61C1
:1078800019E02A79002AF1D00122EFE749460029C0
:1078900001D00021EEE70121ECE7002E05D0002108
:1078A0003800B04701900443E4B2002C16D12B6895
:1078B0009A6F002A08D12B6880229A585A6B520678
:1078C000EBD55B6D0124E8E71B6952461370012379
:1078D0009C46E044E244B6E7474600E04746002CB9
:1078E00004D0019B002B0BD002277F424B462B710B
:1078F000380005B0F0BCBB46B246A946A046F0BD74
:1079000001277F42F2E70000F0B5D6464F464646D3
:10791000C0B505000C000520FAF7DCFA0600600887
:1079200080192100FAF746FD07004300994681447B
:1079300005214846FAF73EFD80463B1A9A46274BFA
:107940009C423CD8700080192549FAF733FD441C4D
:107950004346023BA34239D32B680022DA662B68E8
:1079600019680432514002320A40802149018C4694
:1079700063441A602B685246DA612B6842461A62E9
:107980004B464F2B28D950214846FAF713FD2A6859
:10799000A023D0502B68DA6F54402404240C114AE1
:1079A000944663441C602B680122DA66390030007B
:1079B000FAF700FDE0BCBA46B146A846F0BD70003B
:1079C00080190949FAF7F6FC441CC1E7074B084A3D
:1079D00008485D21FCF7C6FD0120D8E73F420F00B3
:1079E000809698007C10000040787D01A0960010E1
:1079F000BCA00010C096001070B504000D00114B23
:107A000098421DD00422012393400F4A13602000A6
:107A1000FFF736FE002323712268D36622686621B1
:107A2000FF3111602268D363226893632268883330
:107A30006339FF39D15029002000FFF765FF70BD81
:107A40000322E0E7681B002000E0004030B585B06D
:107A500008AC25780024029401940095FFF726FED7
:107A600005B030BD30B585B008AC2578002402944F
:107A700001940095FFF7C6FE05B030BD10B50400B7
:107A800010220021FBF732FC80235B022360F823E5
:107A90005B0263608023DB02A360C0231B03A3603F
:107AA000200010BD0120704770B504000E001500C5
:107AB0008B79002B1CD1FFF7F5FF00281BD0052385
:107AC000F356002B01DBAB4218D10E4B9C466444AD
:107AD000240D0D4BA400E258317901238B40013B6A
:107AE000AB401A4201D1002070BD09204042FBE7A3
:107AF00014204042F8E70B204042F5E70B204042BB
:107B0000F2E7C0460000E0AF8C260020F8B5060082
:107B10000D001700FFF7C8FF002822D1002405E060
:107B2000DA19E31912339B009A5101342B79A342DD
:107B300008D92A686300D35A802292019342EFD376
:107B40001A00EEE701229A401300013B054A9446D1
:107B50006644360D0449B6007258BB401343735057
:107B60003800F8BD0000E0AF8C26002070B50A791F
:107B7000202A18D8174B9C466044000D164B8000F5
:107B8000C45801239340013B497949B2002910DBD5
:107B900008002025AA1A914218DC8B401C4201D013
:107BA0000120404270BD0D4B0D4A0E484321FCF7A9
:107BB000D9FC2020801A002805DB1A0082401442DC
:107BC000F0D00138F7E709204042EBE701204042BE
:107BD000E8E7C0460000E0AF8C26002004970010C4
:107BE000D0A0001030970010F8B505000E00F9F78E
:107BF0004DF9070031002800FFF7B8FF041E04DA32
:107C00003800F9F74FF92000F8BD020031002800D4
:107C1000FFF77CFF0400F3E7F0B5CE46474680B59A
:107C200007AC25781F2A4AD84C006618F60086193A
:107C30003700DC373F68BC46CC363668B04664183F
:107C4000E400C83404191F4EB1464C448026B602E5
:107C50002660002D01D01F2614E0002612E05401FA
:107C6000A0256D0525434C006418E4000419270085
:107C7000DC373D60144D3543D8342560053B053273
:107C80001F242240052BEAD89B06520113434C00C7
:107C90006218D20082181500DC352B600A4B334382
:107CA000D832136063462B606418E4000019CC30AE
:107CB000434603600020C0BCB946B046F0BD052075
:107CC0004042F8E70430000080E00000F0B585B0E5
:107CD00004000D00160002680121A9408A430260D9
:107CE000002B36D018686A005219D200A218110071
:107CF000C83108609868083108605868043908601D
:107D0000DB68DC3213606A005319DB00D033E31800
:107D1000802149018C46634480210906196019605D
:107D2000164BAB40A360291D012318008840802119
:107D30008901611808602800083083400B601F2308
:107D400033405219D200A418D8342360002005B063
:107D5000F0BD6846FFF792FE00996B005B19DB00EF
:107D6000E3181A00C83211600299083211600199B3
:107D7000043A1160039ADC331A60C4E7010101017F
:107D8000002370B51500102284B000930193039373
:107D900003686C469E6902926B462A68B0470623C8
:107DA000227900201340062B02D1009B01302B606A
:107DB00004B070BD009B05209A1A53425A415242AA
:107DC000104001307047C04610B50400024B0360FC
:107DD00000F0E0F8200010BD20A1001010B5040054
:107DE000044B036000F0D6F82000082100F044F8AE
:107DF000200010BD20A1001070B516001D00069ACD
:107E0000049B040093420ED02900200000F0C6F825
:107E1000002806D0079B049A1E711A600123079A56
:107E20009371002070BD059900F0B8F80028EBD0E0
:107E3000079B5E71F5E7C04670B515001C0000F0A9
:107E4000ADF8002804D00823E360023B25602371CD
:107E500070BDC046F8B505000C0017001E0000F00C
:107E60009DF8002807D1032E05D823683A00290081
:107E700020005B699847F8BD10B500F0A7F810BD69
:107E800010B50400024B0360FFF79EFF200010BDF9
:107E900080A1001010B50400044B0360FFF794FFAD
:107EA00020000C21FFF7E8FF200010BD80A100108A
:107EB000F0B583B01E00089B05000F00140093422C
:107EC0000AD0A868089A036800921D6A220033004D
:107ED0003900A84703B0F0BD310000F05FF800287A
:107EE000EFD00620F6E7C046F0B50E0085B01900C9
:107EF000040017001D0000F051F8002814D10A9B5F
:107F00000C9A93422AD0A0680D9A036803920C9AA7
:107F1000310002920B9A01920A9A0092DC693A00AF
:107F20002B00A04705B0F0BD0D9B0A9A1F711A6087
:107F3000002E0CDB93190C9AD31A5A1E934104227B
:107F40005B4293430D9A063393710020EAE70236B1
:107F5000FBD101230D9A00209371E3E720000B99D8
:107F600000F01CF80028CED00D9B00205F71D9E7EF
:107F7000F8B507000C0015001E00FFF75DFF002894
:107F800006D1B8682A00036821009F693300B8470A
:107F9000F8BDC0467047C0460020704710B581420A
:107FA00011D0406803782A2B0BD049680B782A3B04
:107FB0005A425341C91800F09FF843425841C0B299
:107FC00010BD0020FCE70120FAE7C04610B5FBF722
:107FD00081F910BD062010B500F01EF80120FCF755
:107FE0009BFAC04610B5034B0100186800F050F929
:107FF00010BDC046801F002010B5024800F06AF88E
:1080000010BDC0465822002010B5024800F064F8A8
:1080100010BDC04658220020154B70B504001D68E5
:108020001F281FD89C235B00EB58002B0DD082002B
:108030009B181A68002A08D0012A04D0511C0DD0C0
:10804000002119609047002007E0280000F026F882
:1080500022000100280000F00DF870BD1623012059
:108060002B60FAE7162301202B604042F5E7C0465B
:10807000801F0020002370B5074D04000800110088
:108080002B60FCF769FA431C00D070BD2B68002BF5
:10809000FBD02360F9E7C046C82A002010B5FCF7E2
:1080A00059FA10BD002370B5064C05000800236086
:1080B000FCF734FA431C00D070BD2368002BFBD0C2
:1080C0002B60F9E7C82A0020014B18687047C046AA
:1080D000801F00207047C0467047C046802310B5FF
:1080E0005B01082801D1180010BDFFF7EDFF162332
:1080F0000360173BF7E7C046024670B50A43920794
:108100002AD11E4DEE0104C808C9541B94433440C3
:1081100017D0D0B2D9B2401A2106014310D190B283
:1081200099B2401A210401430AD110021902000A2F
:10813000090A401A2102014302D1100E190E401AF9
:1081400070BD9A42DFD010BA19BA884201D9012015
:1081500070BD0020C04370BD02780B780130013142
:10816000002A09D09A4207D102780B7801300131F8
:10817000002A01D09A42EFD0D01A70BD010101014E
:1081800010B583070AD00300032102E001330B423C
:1081900005D01A78002AF9D1181A10BD0300196801
:1081A0000C4A0D4C8A188A4322420FD15968094A59
:1081B00004338A188A43224208D15968054A043395
:1081C0008A188A432242F1D000E001331A78002A4B
:1081D000FBD1E1E7FFFEFEFE80808080F0B5C64661
:1081E000060000B508200D00FFF778FF04003000FE
:1081F000FFF702FF234B210098469B685F6803232B
:108200009F4338001138401B0019FAF7D3F8451E78
:108210006543AC4208DC00213000FFF743FF4346D2
:108220009B68DB19984206D03000FFF7EDFE002076
:1082300080BCB846F0BD30006942FFF733FF013023
:108240000ED0012243467F1B9B6817430E4A5F6096
:10825000136830005B1B1360FFF7D6FE0120E7E7D1
:1082600000213000FFF71EFF43469A68831A0F2B48
:10827000DADD064C04492468001B086001210B4329
:108280005360D1E7781B00205C220020701B002087
:10829000F0B5D6464F46464605000C00C0B500294D
:1082A00048D0FFF7A9FE2100012708394B680320B9
:1082B0009C46BB43CE187268824360463840804675
:1082C0006A4891468468B44200D17CE07260B41878
:1082D00064683C40A2464446002C30D10C68A44659
:1082E000091B8C686344A4460824A0468044C44506
:1082F0005CD0CC68A04664464246E2609460524638
:10830000002A1FD01F434F603360802292009342A7
:1083100030D2DA085C090123A34044682343436058
:10832000D3001B189A68CB608A609960D1602800DE
:10833000FFF76AFEE0BCBA46B146A846F0BD524619
:10834000002A0FD101224B44CF18BC46B468484FD5
:108350001A43BC425BD0F668E660B4604A6062468D
:108360001360D2E762463A434A608022336092004B
:108370009342CED35C0A042C3FD89C0926003934A2
:108380003836E40004192268083C0327944203D1DC
:108390004EE09268944203D05068B8439842F8D8AF
:1083A000D468CC608A60A160D160C0E75246002AE0
:1083B00035D14B441A00B068F3681743C360986026
:1083C0004F608A50B3E74B441A004346002B06D156
:1083D0000B68C91A8C68D218CB68E3609C600123D3
:1083E00013434B60234B81601B6893429FD8224B01
:1083F00028001968FFF7F2FE99E7142C13D9542CC2
:108400001DD81C0B26006F346E36E400BAE7E1601D
:10841000A1604A606246CC608C60136087E71F43AE
:108420004F60336083E726005C345B36E400A9E7E5
:108430000123B610B340466833434360B1E7AA2234
:108440005200944205D8DC0B260078347736E400DD
:1084500098E70A4A944205D89C0C26007D347C3665
:10846000E4008FE7FE247E26A4008BE7781B002023
:10847000801B0020741B0020842200205405000073
:10848000F8B5C0460000000001B40248844601BCB3
:10849000604700BFB902002001B40248844601BC15
:1084A000604700BF0902002001B40248844601BCB5
:1084B000604700BFC90A002001B40248844601BCDD
:1084C000604700BF0907002001B40248844601BC90
:1084D000604700BFC90A002001B40248844601BCBD
:1084E000604700BFC100002001B40248844601BCBF
:1084F000604700BFCD01002001B40248844601BCA2
:10850000604700BF9901002001B40248844601BCC5
:10851000604700BF3108002001B40248844601BC16
:10852000604700BFD907002001B40248844601BC5F
:10853000604700BFDD06002001B40248844601BC4C
:10854000604700BFE507002001B40248844601BC33
:10855000604700BF91030020C1210010ED210010F1
:1085600055230010DD320010F9290010753100107C
:108570008922001009220010292200103D2200103B
:10858000B514001045220010ED1C0010AD210010A4
:0C859000CD0F0010B10200103D4F001094
:1085A0000A5363616E6E696E6720493243206275BB
:1085B000732E2E2E000000002020202020302020AE
:1085C0003120203220203320203420203520203636
:1085D0002020372020382020392020412020422010
:1085E000204320204420204520204600253032789A
:1085F0003A00000020202000202D2D0020253032C0
:10860000580000000A5363616E20636F6D706C65E3
:1086100074652E00504F5320446973706C6179204B
:108620005B50494F5D000000504F53204469737008
:108630006C6179205B4750494F5D0000436E743A8E
:1086400025366C6420563A252B2E32660000000039
:108650004473743A25372E34662025342E30665202
:10866000504D0000503A252E316620523A256C7547
:108670000000000050494F004750494F00000000E3
:1086800050494F20486172647761726500000000B4
:108690004750494F20536F66747761726500000040
:1086A0000A3D3D3D20506F736974696F6E204469C7
:1086B00073706C61792053797374656D2076312EF7
:1086C00030203D3D3D0000005374617274696E6757
:1086D00020696E697469616C697A6174696F6E2E64
:1086E0002E2E000049324320696E697469616C69FD
:1086F0007A6564206F6E2070696E7320256420286F
:108700005344412920616E64202564202853434C42
:108710002920617420256420487A0A004C434420B3
:10872000666F756E64206174206164647265737332
:108730002030782530325820E29C930A0000000057
:108740005741524E494E473A204E6F206465766934
:10875000636520666F756E64206174204C4344200D
:1087600061646472657373203078253032580A0072
:10877000436865636B20776972696E67206F72204A
:1087800074727920646966666572656E74206164CE
:1087900064726573732028636F6D6D6F6E3A20305D
:1087A0007832372C203078334629000041747465C4
:1087B0006D7074696E67204C434420696E697469FA
:1087C000616C697A6174696F6E2E2E2E0000000054
:1087D0004C434420696E697469616C697A656420F0
:1087E0007375636365737366756C6C790000000064
:1087F000456E636F64657220696E697469616C6946
:108800007A6564206F6E2070696E7320256420285D
:10881000412920616E64202564202842290A000035
:10882000436F6E66696775726174696F6E3A205046
:10883000697463683D252E32662C205265736F6C17
:108840007574696F6E3D2564205050520A00000017
:10885000506F736974696F6E20446973706C6179CD
:108860000000000053797374656D2052656164796E
:1088700021000000503A252E316620523A2564002E
:1088800057616974696E672E2E2E000044697370FB
:108890006C6179696E672073746172747570206D94
:1088A00065737361676520666F722033207365633B
:1088B0006F6E64732E2E2E005374617274696E672E
:1088C000206D61696E20706F736974696F6E206DC1
:1088D0006F6E69746F72696E67206C6F6F702E2E89
:1088E0002E000000436F6D6D616E64733A20523D3F
:1088F00072657365742C20533D7363616E20493239
:10890000432C20503D746F67676C652050494F2F92
:108910004750494F2C20563D76656C6F63697479DA
:1089200020696E666F2C20483D68656C700A0000F7
:10893000506F736974696F6E20726573657420740B
:108940006F207A65726F00000A3D3D3D20436F6DD8
:108950006D616E6473203D3D3D00000052202D206E
:10896000526573657420706F736974696F6E2074DB
:108970006F207A65726F000053202D205363616E63
:1089800020493243206275730000000050202D20E2
:10899000546F67676C652050494F2F4750494F20EF
:1089A0006D6F64650000000056202D2053686F77BE
:1089B0002076656C6F6369747920696E666F00005C
:1089C00048202D2053686F7720746869732068658C
:1089D0006C700A00537769746368656420746F2053
:1089E0002573206D6F64650A000000000A3D3D3D5F
:1089F0002056656C6F6369747920496E666F203DFF
:108A00003D3D000043757272656E742056656C6F53
:108A1000636974793A20252E346620756E69747303
:108A20002F7365630A00000043757272656E7420CF
:108A300052504D3A20252E32660A0000537065656B
:108A4000642025253A20252E3166252520286D61B4
:108A50007820313020756E6974732F736563290A2D
:108A6000000000004D6F64653A2025730A0A00007B
:108A7000506F733A2025366C64207C2044697374EF
:108A80003A2025382E3466207C2056656C3A202505
:108A90002B362E336620752F73207C2052504D3A92
:108AA0002025362E3166207C20526174653A2025BF
:108AB0002E316620487A0A006D616E7566616374B6
:108AC00075726572203D3D204D414E5546414354DF
:108AD000555245525F52504900000000433A2F550D
:108AE000736572732F7365616E2F2E7069636F2DBE
:108AF00073646B2F73646B2F322E312E312F737290
:108B0000632F7270323034302F7069636F5F706C16
:108B10006174666F726D2F706C6174666F726D2E0A
:108B20006300000070617274203D3D20504152543A
:108B30005F525032000000000A2A2A2A2050414E7B
:108B40004943202A2A2A0A004E6F207370696E6CEE
:108B50006F636B732061726520617661696C61621D
:108B60006C65000030783163203D3D20282A696E15
:108B70007374293E3E31317500000000433A2F5591
:108B8000736572732F7365616E2F2E7069636F2D1D
:108B900073646B2F73646B2F322E312E312F7372EF
:108BA000632F7270325F636F6D6D6F6E2F686172CD
:108BB00064776172655F6972712F6972712E6300EB
:108BC00064656C7461203E3D202D3230343820269F
:108BD000262064656C7461203C3D203230343620A0
:108BE000262620212864656C746120262031290006
:108BF00063757272656E74203D3D205F5F756E68AF
:108C0000616E646C65645F757365725F6972712013
:108C10007C7C2063757272656E74203D3D206861B6
:108C20006E646C65720000006972715F68616E64E9
:108C30006C65725F636861696E5F667265655F73BC
:108C40006C6F745F68656164203E3D2030000000F9
:108C5000767461626C655F68616E646C6572203DFC
:108C60003D205F5F756E68616E646C65645F7573EF
:108C700065725F6972710000212828282875696E65
:108C8000747074725F742972656D6F76655F746855
:108C9000756D625F62697428767461626C655F6885
:108CA000616E646C65722929202D20282875696EF3
:108CB000747074725F74296972715F68616E646C3C
:108CC00065725F636861696E5F736C6F7473292985
:108CD00020252073697A656F6628737472756374D2
:108CE000206972715F68616E646C65725F63686150
:108CF000696E5F736C6F74292900000069735F737C
:108D000068617265645F6972715F7261775F6861E3
:108D10006E646C657228736C6F745F68616E646CEE
:108D200065722900657863657074696F6E00000074
:108D3000666F756E640000004E6F2075736572205B
:108D4000495251732061726520617661696C61627C
:108D50006C65000031203D3D202875696E7470748B
:108D6000725F74296C2D3E7370696E5F6C6F636BFC
:108D700000000000433A2F55736572732F736561CD
:108D80006E2F2E7069636F2D73646B2F73646B2F5E
:108D9000322E312E312F7372632F636F6D6D6F6EB4
:108DA0002F7069636F5F73796E632F6D757465786B
:108DB0002E630000746F74616C0000006D74782D78
:108DC0003E636F72652E7370696E5F6C6F636B00CC
:108DD0006C6F636B5F69735F6F776E65725F6964F9
:108DE0005F76616C6964286D74782D3E6F776E656F
:108DF000722900006D74782D3E656E7465725F6334
:108E00006F756E7400000000706F6F6C2D3E74699A
:108E10006D65725F616C61726D5F6E756D203D3D59
:108E20002074696D65725F616C61726D5F6E756DE6
:108E300000000000433A2F55736572732F7365610C
:108E40006E2F2E7069636F2D73646B2F73646B2F9D
:108E5000322E312E312F7372632F636F6D6D6F6EF3
:108E60002F7069636F5F74696D652F74696D652E0E
:108E70006300000064656661756C745F616C6172AB
:108E80006D5F706F6F6C5F696E697469616C697A30
:108E90006564282900000000417474656D70746574
:108EA0006420746F20736C65657020696E736964EB
:108EB00065206F6620616E20657863657074696FE8
:108EC0006E2068616E646C65723B2075736520620C
:108ED0007573795F7761697420696620796F752091
:108EE0006D7573740000000048617264776172658B
:108EF00020616C61726D20256420616C7265616413
:108F00007920636C61696D656400000076636F5F52
:108F100066726571203E3D205049434F5F504C4C76
:108F20005F56434F5F4D494E5F465245515F485A29
:108F30002026262076636F5F66726571203C3D2097
:108F40005049434F5F504C4C5F56434F5F4D415823
:108F50005F465245515F485A00000000433A2F5582
:108F6000736572732F7365616E2F2E7069636F2D39
:108F700073646B2F73646B2F322E312E312F73720B
:108F8000632F7270325F636F6D6D6F6E2F686172E9
:108F900064776172655F706C6C2F706C6C2E63000F
:108FA0006662646976203E3D2031362026262066A2
:108FB00062646976203C3D203332300028706F7344
:108FC000745F64697631203E3D2031202626207072
:108FD0006F73745F64697631203C3D203729202609
:108FE000262028706F73745F64697632203E3D20BE
:108FF0003120262620706F73745F64697632203CBE
:109000003D203729000000007265665F6672657159
:10901000203C3D202876636F5F66726571202F20AB
:10902000313629002A282875696E74385F74202A21
:1090300029282828766F6964202A29726F6D5F7449
:1090400061626C655F666C6F6174292D322929201D
:109050002A2034203E3D2053465F5441424C455F18
:1090600056325F53495A4500433A2F557365727320
:109070002F7365616E2F2E7069636F2D73646B2F74
:1090800073646B2F322E312E312F7372632F7270F7
:10909000325F636F6D6D6F6E2F7069636F5F646FAA
:1090A00075626C652F646F75626C655F696E69745B
:1090B0005F726F6D5F7270323034302E630000006B
:1090C0002A282875696E74385F74202A29726F6D9A
:1090D0005F7461626C652D3229202A2034203E3D68
:1090E0002053465F5441424C455F56325F53495AC4
:1090F00045000000433A2F55736572732F73656105
:109100006E2F2E7069636F2D73646B2F73646B2FDA
:10911000322E312E312F7372632F7270325F636F74
:109120006D6D6F6E2F7069636F5F666C6F61742F0A
:10913000666C6F61745F696E69745F726F6D5F7288
:1091400070323034302E6300446562756700000071
:10915000626F6F74325F77323571303830000000E3
:10916000302E3100322E312E310000007069636FD5
:109170000000000042675F52656164657200000094
:10918000417567202034203230323500666E692BFD
:1091900000000000666E69006E616E00666E692DEB
:1091A000000000002C2066756E6374696F6E3A20B3
:1091B00000000000617373657274696F6E20222570
:1091C0007322206661696C65643A2066696C65206B
:1091D000222573222C206C696E6520256425732559
:1091E000730A000072630000433A2F55736572736F
:1091F0002F7365616E2F2E7069636F2D73646B2FF3
:1092000073646B2F322E312E312F7372632F727075
:10921000325F636F6D6D6F6E2F7069636F5F737414
:1092200064696F2F737464696F2E630066616C7379
:1092300065000000433A2F55736572732F736561A3
:109240006E2F2E7069636F2D73646B2F73646B2F99
:10925000322E312E312F7372632F7270325F636F33
:109260006D6D6F6E2F7069636F5F737464696F5F8C
:109270007573622F737464696F5F7573622E630018
:1092800055534220737464696E202F207374646F89
:109290007574000052617370626572727920506952
:1092A000000000005069636F00000000426F6172AF
:1092B000642043444300000052657365740000005D
:1092C0006C656E203E203000433A2F5573657273F3
:1092D0002F7365616E2F2E7069636F2D73646B2F12
:1092E00073646B2F322E312E312F7372632F727095
:1092F000325F636F6D6D6F6E2F7069636F5F756E38
:10930000697175655F69642F756E697175655F69EF
:10931000642E6300666C6173685F6F666673202BF2
:1093200020636F756E74203C3D205049434F5F466B
:109330004C4153485F53495A455F42595445530085
:10934000433A2F55736572732F7365616E2F2E70BC
:1093500069636F2D73646B2F73646B2F322E312E04
:10936000312F7372632F7270325F636F6D6D6F6E2A
:109370002F68617264776172655F666C6173682FD4
:10938000666C6173682E6300636F6E6E6563745FF5
:10939000696E7465726E616C5F666C6173685F663E
:1093A000756E6320262620666C6173685F65786938
:1093B000745F7869705F66756E6320262620666C20
:1093C0006173685F72616E67655F65726173655F27
:1093D00066756E6320262620666C6173685F666C16
:1093E0007573685F63616368655F66756E630000CF
:1093F000636F6E6E6563745F696E7465726E616CC7
:109400005F666C6173685F66756E632026262066F2
:109410006C6173685F657869745F7869705F6675A1
:109420006E6320262620666C6173685F72616E67CA
:10943000655F70726F6772616D5F66756E6320261F
:109440002620666C6173685F666C7573685F636124
:109450006368655F66756E6300000000636F6E6E23
:109460006563745F696E7465726E616C5F666C6172
:1094700073685F66756E6320262620666C6173686C
:109480005F657869745F7869705F66756E632026C2
:109490002620666C6173685F666C7573685F6361D4
:1094A0006368655F66756E63000000006E657874C2
:1094B0005F6275666665725F707472203C207573BA
:1094C000625F647072616D2D3E6570785F64617477
:1094D00061202B2073697A656F66287573625F64FB
:1094E0007072616D2D3E6570785F646174612900F2
:1094F000433A2F55736572732F7365616E2F2E700B
:1095000069636F2D73646B2F73646B2F322E312E52
:10951000312F6C69622F74696E797573622F737263
:10952000632F706F727461626C652F726173706209
:109530006572727970692F7270323034302F6463C3
:10954000645F7270323034302E630000556E686193
:109550006E646C65642049525120307825780A0089
:109560007268706F7274203D3D2030002128627552
:10957000665F6374726C2026205553425F425546E5
:109580005F4354524C5F46554C4C2900433A2F558B
:10959000736572732F7365616E2F2E7069636F2D03
:1095A00073646B2F73646B2F322E312E312F6C69E5
:1095B000622F74696E797573622F7372632F706F87
:1095C000727461626C652F72617370626572727918
:1095D00070692F7270323034302F72703230343004
:1095E0005F7573622E6300006275665F6374726CF0
:1095F0002026205553425F4255465F4354524C5FEC
:1096000046554C4C00000000657020253032582033
:1096100077617320616C726561647920617661693C
:109620006C61626C6500000043616E277420636F9B
:109630006E74696E75652078666572206F6E20693C
:109640006E6163746976652065702025303258003C
:109650005741524E3A207374617274696E67206E7E
:109660006577207472616E73666572206F6E20611B
:109670006C726561647920616374697665206570D8
:1096800020253032580D0A0025732025643A2041E8
:109690005353455254204641494C45440D0A00005D
:1096A0007364615F74785F686F6C645F636F756E1D
:1096B00074203C3D206C636E74202D20320000002D
:1096C000433A2F55736572732F7365616E2F2E7039
:1096D00069636F2D73646B2F73646B2F322E312E81
:1096E000312F7372632F7270325F636F6D6D6F6EA7
:1096F0002F68617264776172655F6932632F6932C6
:10970000632E630070726F6772616D2D3E6C656EC3
:10971000677468203C3D2050494F5F494E53545276
:10972000554354494F4E5F434F554E54000000007F
:10973000433A2F55736572732F7365616E2F2E70C8
:1097400069636F2D73646B2F73646B2F322E312E10
:10975000312F7372632F7270325F636F6D6D6F6E36
:109760002F68617264776172655F70696F2F7069CD
:109770006F2E630066060010C8050010C8050010B3
:10978000C8050010C8050010C8050010C805001065
:10979000C80500108C060010C8050010BE0500109A
:1097A0005E060010C8050010C8050010B8060010BD
:1097B000C8050010C8050010C8050010C805001035
:1097C000C8050010C8050010C8050010C805001025
:1097D000C8050010C8050010C8050010C805001015
:1097E000C8050010C8050010C8050010C805001005
:1097F000C805001066060010C8050010C805001056
:10980000C8050010C8050010C8050010C8050010E4
:10981000C80500108C060010C8050010BE05001019
:109820005E060010C8050010C8050010B80600103C
:10983000313751756164726174757265456E636F1D
:109840006465720020A10010309800100000000034
:1098500044980010BD0A0010650C001000FF0100C4
:10986000010000FFFF0000010001FF0000FF0100F8
:10987000010000FFFF0000010001FF0084980010BC
:1098800002FF0000024000807270323034305F63AB
:109890006869705F76657273696F6E006972715F77
:1098A0006164645F7461696C5F746F5F6672656543
:1098B0005F6C6973740000006D616B655F6A5F3196
:1098C000360000007265736F6C76655F6A5F3136D3
:1098D000000000006972715F6164645F73686172A7
:1098E00065645F68616E646C657200006972715FC7
:1098F0007365745F6578636C75736976655F6861BD
:109900006E646C65720000006D757465785F6578D3
:10991000697400006D757465785F656E7465725F5B
:10992000626C6F636B5F756E74696C0072756E74D8
:10993000696D655F696E69745F6D75746578000047
:10994000616C61726D5F706F6F6C5F6765745F648F
:10995000656661756C740000616C61726D5F706F3B
:109960006F6C5F6972715F68616E646C6572000034
:10997000706C6C5F696E6974000000005F5F616508
:109980006162695F646F75626C655F696E697400BE
:109990005F5F61656162695F666C6F61745F696E6C
:1099A0006974000006005250D3F0754248910010CF
:1099B00006005250E182887F5091001006005250FC
:1099C0003ABCA9116091001006005250ABB360532D
:1099D0006491001006005250BBFF3CB66C91001021
:1099E00006005250861C030274910010060052506B
:1099F0005422A29D8091001005005250DE65F4684B
:109A0000A4C30010A23E0010BA3E0010BA3E0010DF
:109A1000AE3E0010BA3E0010BA3E0010BA3E001032
:109A2000BA3E0010BA3E0010BA3E0010BA3E001016
:109A3000963E0010BA3E00108A3E0010BA3E00105A
:109A4000BA3E00107E3E00109A3F0010CA3F001040
:109A5000EC3F0010CA3F0010743F0010CA3F0010D6
:109A6000CA3F0010CA3F0010CA3F0010CA3F001092
:109A7000CA3F0010CA3F0010BC3F0010CA3F001090
:109A8000CA3F0010CA3F0010CA3F0010CA3F001072
:109A9000FC3F0010804400109644001096440010D3
:109AA000964400109644001096440010964400100E
:109AB00096440010964400109644001096440010FE
:109AC00096440010964400109644001096440010EE
:109AD00096440010964400109644001096440010DE
:109AE00096440010964400109644001096440010CE
:109AF00096440010964400109644001096440010BE
:109B000096440010964400109644001096440010AD
:109B100096440010AE4200106A420010AE4200109F
:109B2000964400109644001096440010964400108D
:109B3000964400109644001096440010964400107D
:109B4000964400109644001096440010964400106D
:109B5000964400109644001096440010964400105D
:109B60004A4000109644001096440010964400109D
:109B7000964400109644001096440010964400103D
:109B800096440010964400104A400010064300100E
:109B90004A400010AE4200106A420010AE4200106F
:109BA000000000000000F03F000000000000244022
:109BB00000000000000059400000000000408F40FD
:109BC000000000000088C34000000000006AF84068
:109BD0000000000080842E4100000000D01263418C
:109BE0000000000084D797410000000065CDCD4102
:109BF000737464696F5F676574636861725F7469C9
:109C00006D656F75745F7573000000000D0A0000CC
:109C1000000000004149001000000000454900100C
:109C200051490010894900108549001000000000CA
:109C30000A00000000000306A6000800020002005F
:109C40009C001400030057494E5553420000000089
:109C50000000000000008000040001002800440013
:109C60006500760069006300650049006E007400BD
:109C700065007200660061006300650047005500E2
:109C80004900440000004E007B0062006300370082
:109C9000330039003800630031002D0037003300F5
:109CA000630064002D0034006300620037002D0063
:109CB00039003800620038002D00390031003300CF
:109CC00061003800660063006100370062006600D2
:109CD00036007D0000000000050F2100011C10056A
:109CE00000DF60DDD88945C74C9CD2659D9E648AA3
:109CF0009F00000306A6000100000000060052506D
:109D000053B4F4A180920010737464696F5F75732B
:109D1000625F696E69740000000000009492001098
:109D2000A492001024310020AC920010B8920010D0
:109D300009025400030100807D080B0002020200AA
:109D400000090400000102020004052400200105AE
:109D500024010001042402060524060001070581F0
:109D60000308001009040100020A000000070502B0
:109D700002400000070582024000000904020000C2
:109D8000FF00010512011002EF0201408A2E0A00B5
:109D900000010102030100007069636F5F67657471
:109DA0005F756E697175655F626F6172645F69642A
:109DB0005F737472696E6700666C6173685F646F6D
:109DC0005F636D64000000006463645F65647074C9
:109DD0005F786665720000006463645F7365745F3A
:109DE00061646472657373006463645F696E745F59
:109DF000656E61626C65000068775F656E64706FA8
:109E0000696E745F616C6C6F630000006463645F13
:109E1000696E69740000000073796E635F65705F3E
:109E20006275666665720000325700109256001027
:109E3000CE56001002570010325700103257001053
:109E40001E570010CE560010325700103257001027
:109E5000325700103257001032570010325700109E
:109E600032570010B45600102009002020090020AD
:109E700002090020B6090020580900206C090020C2
:109E8000880A00208C5C0010665C00101E5E0010CA
:109E9000405C00101E5E0010905B0010345C0010EF
:109EA0001E5E0010AC5B0010C45B00107E5E0010F4
:109EB000705E0010B65E0010EA5F0010B45F001024
:109EC000CC5F0010C45E0010345F0010DC5F001037
:109ED000757362645F656470745F786665720000B4
:109EE000757362645F656470745F6F70656E0000A7
:109EF000757362645F6F70656E5F656470745F70C8
:109F00006169720071756575655F6576656E74006F
:109F100070726F636573735F6765745F64657363A5
:109F2000726970746F72000070726F636573735F33
:109F30007365745F636F6E666967000070726F634C
:109F40006573735F636F6E74726F6C5F726571754A
:109F500065737400636F6E66696775726174696FAB
:109F60006E5F7265736574007475645F7461736BA2
:109F70005F657874000000007475645F7268706FCC
:109F800072745F696E69740000000000A9640010BB
:109F9000556500109D6500100D660010F9660010F3
:109FA000356800100000000000000000D9690010B2
:109FB000756A0010A96A0010F96A0010F1490010D2
:109FC000456C001000000000757362645F636F6E83
:109FD00074726F6C5F786665725F63620000000088
:109FE0007475645F636F6E74726F6C5F78666572B0
:109FF00000000000636463645F786665725F63629B
:10A0000000000000636463645F6F70656E000000B1
:10A010007475645F6364635F6E5F77726974655FB4
:10A02000666C75736800000076656E646F72645FBD
:10A030006F70656E0000000074755F656470745F1A
:10A0400073747265616D5F726561645F7866657275
:10A050000000000074755F656470745F73747265EE
:10A06000616D5F77726974655F7866657200000084
:10A0700074755F656470745F73747265616D5F772A
:10A08000726974655F7A6C705F69665F6E6565643E
:10A090006564000074755F656470745F76616C69F7
:10A0A0006461746500000000747573625F726870AB
:10A0B0006F72745F696E6974000000006932635FDB
:10A0C0007365745F6261756472617465000000009D
:10A0D00066696E645F6F66667365745F666F725FF4
:10A0E00070726F6772616D004E31305F5F637878B8
:10A0F000616269763131375F5F636C6173735F747E
:10A100007970655F696E666F4500000080A1001080
:10A11000E8A00010B4A10010000000000CA1001085
:10A12000C97D0010DD7D0010997F0010997F00101F
:10A13000557E0010817D0010397E0010F97D0010E1
:10A14000B57D00104E31305F5F637878616269766B
:10A150003132305F5F73695F636C6173735F747911
:10A1600070655F696E666F450000000080A1001099
:10A1700044A100100CA10010000000006CA1001010
:10A18000817E0010957E0010997F0010997F00104D
:10A19000557E0010817D0010717F0010E97E001057
:10A1A000B17E0010537439747970655F696E666FA3
:0CA1B0000000000020A10010A4A100107D
:10A1BC0080290181B0B0AB10000000008005018146
:10A1CC00B0B0AB700000000076B20181B0ABF08093
:10A1DC00000000000FB20181B0AB10800000000045
:10A1EC00800A0181B0B0ABF0000000003F0101819A
:10A1FC00B0AB70800000000080040181B0B0ABF007
:04A20C00000000004E
:10A21000C460FF7FB0A904806061FF7F0084048078
:10A220007461FF7FB0AB02802862FF7F90FFFF7FE9
:10A230009865FF7F010000009A65FF7FB0AA038048
:10A24000DC65FF7FB0A904800066FF7FB0AB0480AF
:10A250005066FF7FB0B0A880C866FF7F0084028090
:10A26000F466FF7FB0B0AA800667FF7F02A9218055
:10A270002867FF7F010000007C67FF7F4CFFFF7FA6
:10A280003C68FF7FB0AA0180BC68FF7FB0B0AA80A5
:10A290002C69FF7F01000000CC69FF7FB0AB02801A
:10A2A000666AFF7F01000000D8DAFF7FB0AA038052
:10A2B00004DBFF7F010000009CDBFF7FAB08B18067
:10A2C000B8DBFF7F01000000E8DBFF7FB0AB02805E
:10A2D00018DCFF7FB0AB048098DCFF7FAB08B18057
:10A2E000B4DCFF7F010000009468FF0FB0A9048078
:10A2F0002069FF0FB0B0A8807469FF0F0100000053
:10A300007C69FF0FB0B0AA80B069FF0FC8FEFF7F65
:10A31000806AFF0FAB3F3A80CC6AFF0FB0B0A880D5
:10A32000D86AFF0FB0B0AA80186BFF0FB0B0A8803A
:10A330002C6BFF0F01000000DC6BFF0FA4FEFF7F02
:10A340004C6CFF0FA8FEFF7F1C6FFF0FB0B0A88002
:10A35000386FFF0FA4FEFF7FDC71FF0F01000000CC
:10A360004C73FF0FA0FEFF7F3876FF0F0100000047
:10A37000A4990010B0990010BC990010C899001061
:10A38000D4990010E0990010EC990010F899001091
:04A39000FC9C001021
:10A3940010B503000468EFF3108272B62068002839
:10A3A400FCD0BFF35F8F0420185600280BDB002974
:10A3B40010D0086000201B68BFF35F8F0021196074
:10A3C40082F3108810BDD0210906097849B21971A9
:10A3D4000120F0E70020EEE7F0B5D6464F464646AA
:10A3E400C0B50500904699460368002B20D0D023C1
:10A3F4001B061B785BB29A462F68EFF3108472B683
:10A404003E68002EFCD0BFF35F8F0423EB56002B75
:10A4140014DB2B68BFF35F8F00221A6084F310886B
:10A424004046494601F08CFC0028E5D000200FE0AE
:10A434000A4B0B4A0B48A62101F032FC53462B7100
:10A444002B68BFF35F8F00221A6084F31088012009
:10A45400E0BCBA46B146A846F0BDC046BC8D00106B
:10A4640014990010748D001070B582B006001500A8
:10A474001C0001A9FFF78CFF002807D1019B5BB2E8
:10A48400D0221206127852B2934201D102B070BDAA
:10A494002A0023003000FFF79FFFF7E7F8B5060016
:10A4A4000F0001F015FC04000D00FA2292000023B5
:10A4B4003800002101F0FCFB22002B0012184B4154
:10A4C400002B03DB3000FFF787FFF8BD0122524267
:10A4D400004BF7E7FFFFFF7F10B50168EFF3108330
:10A4E40072B60A68002AFCD0BFF35F8F042282563A
:10A4F400002A0ADBFF2202710268BFF35F8F00218A
:10A50400116083F3108840BF10BD034B034A044815
:10A51400D52101F0C5FBC046D08D0010089900106C
:10A52400748D0010094B1B78002B08D00CE09A00A6
:10A5340080214905511808680549505001333F2BC3
:10A54400F5DD024B01221A707047C04639310020F4
:10A554006029002010B5014B984710BD61290020E7
:10A5640000280AD003231B02054A12685340C02264
:10A5740092001340034A136070470223F3E7C04676
:10A584000C8001400C900140F0B5D6464F4646463B
:10A59400C0B507000E00150018239A461B88142224
:10A5A4009046108828499847814653461B8842465E
:10A5B400108826499847040053461B884246108851
:10A5C4002349984780464B46002B0CD0002C0AD0D8
:10A5D400002808D0FFF7A6FFC847A0470020FFF7D0
:10A5E400BFFF2A000FE01B4B1B4A1C48D12101F07E
:10A5F40057FB002B07D0002A05D0C0235B051B6E38
:10A604003370013A01362B00134312D0C0235B058B
:10A614009C6A08232340A407EBD5002DE9D0511BE5
:10A624000D29E6D83878C02149050866013D01376F
:10A63400DFE70120FFF794FFC047FFF78BFFE0BC83
:10A64400BA46B146A846F0BD494600004558000048
:10A65400464300005C940010B89D00104093001025
:10A6640010B5002308E00133DA0000210848115036
:10A67400844662445160DBB20E2BF4D90548F022C3
:10A684009200002101F054FB034B044A1A6010BDF0
:10A6940000001050142B0020D82E002080011050F0
:10A6A400F0B5CE46474680B585B0214B9F6D00245A
:10A6B400012603E0B74376000134E4B2002F31D021
:10A6C4001F2C2FD83E42F6D01A4B9E65630899463C
:10A6D4000123234001225340DBB298464B465D00E0
:10A6E40045446D01144BED18280000F047FA00288A
:10A6F400E0D0114A4B465B0043445B01D318997880
:10A70400DA8A01A800239846037007334370017165
:10A71400826043464371012100F050FA280000F0A2
:10A72400C3F9C7E705B0C0BCB946B046F0BDC046E2
:10A734000000115000301150D42A0020F0B5CE464C
:10A74400474680B585B0754A9823D55880239B0227
:10A754002F001F401D4245D0714B9A6A714B1A60FD
:10A764000024002109E0704B5B183C3300221A706E
:10A7740000F0C6F931000134E4B20F2C18D8A60158
:10A7840030002030684BC0189B193B331B78022BD8
:10A79400F1D1654B9B193A331E78002EEBD0624BF6
:10A7A400A1015B183C331B78002BDCD13100E2E7BC
:10A7B400002908D15D4B1B78002B04D15C4A9033EF
:10A7C40080218902D150554B9B6C5B055B0D01A820
:10A7D40000220270033242704360012100F0EEF95E
:10A7E4008027BF02EB0606D4EB0351D580235B021E
:10A7F4001F43002419E010231F43FFF751FFF3E721
:10A80400022399461EE04B4B4A461A66434B5B6E45
:10A814004A4613409945F9D118E0434B4246520148
:10A824009B180122DA700134E4B2012C20D8A0462E
:10A8340066013D4BF618B37E002BEED0002CDFD022
:10A844000123994601F01CFA0128DCD8C0229201A8
:10A854000021300000F02EF9300000F025F901F05D
:10A864000FFA0128D9D9324B4A465A661A66D4E7F8
:10A8740001A800230370063343702F4A02AB12CAA7
:10A8840012C3012100F09AF9294B802292021A6521
:10A89400EB040AD46B041DD42B042AD4AF4238D160
:10A8A40005B0C0BCB946B046F0BD80235B011F4370
:10A8B40000241A4B1C60FFF7D3FE01A80470012387
:10A8C40043700471012100F079F9194B80221203BD
:10A8D4001A65DFE78023DB011F4301A8002303700F
:10A8E40004334370012100F069F9114B10221A65F9
:10A8F400D2E780231B021F4301A800230370053302
:10A904004370012100F05AF9094B802212011A65A3
:10A91400C4E739006940094801F002FA0000115007
:10A9240000400540C42A0020D42A002037310020EA
:10A934000030115000201150000010504C950010B0
:10A94400F8B504000F00838A028B1E1C934200D9C1
:10A95400161CB6B29B1BA3828022D2003243E3783A
:10A96400002B13D08025AD01154301225340E37021
:10A974006378002B0CD0A38A002B02D18023DB0147
:10A984001D43002F00D02D042800F8BD0025EBE75F
:10A99400E068BB01C0182169320001F069F923693C
:10A9A4009B19236180231B021D43E4E7094B1B6CA5
:10A9B4009B070CD48378DB09012B01D0002007E02E
:10A9C400C37E022B01D0002002E0012000E0002021
:10A9D4007047C0460000115010B5FFF7E7FF00288C
:10A9E40009D0064B9B6A064A12689B1A054A94468C
:10A9F4006344C62B00D810BD0020FCE7004005408E
:10AA0400C42A0020E0FCFFFF70B5040083681B68C3
:10AA1400002900D01B0C9D05AD0D6278002A11D1D0
:10AA24001B0409D4E38A5B19E382238BAB4201D96B
:10AA34000023A382280070BD0D4B0E4A0E48E82166
:10AA440001F02EF91B040DD52069E368890159181A
:10AA54002A0001F00DF9E38A5B19E38223695B198B
:10AA64002361E2E7054B034A0348EE2101F018F99C
:10AA74006C950010189E00108C950010E89500103D
:10AA840010B5040083681B680021FFF7BDFF6368ED
:10AA94001B685B0002D5238B834200D010BD0121CB
:10AAA4002000FFF7B1FFF9E7002383768382C38296
:10AAB4000361704710B5002902D083681B681940F0
:10AAC400002A10D0114352050DD5826813685B0526
:10AAD4000CD4084B0B401360074B1B6C9B0702D430
:10AAE4000C23033BFDD28368196010BD81780348B1
:10AAF40001F016F9FFFBFFFF00001150089600104B
:10AB040070B5040043681E680021FFF719FF802513
:10AB14006D010543164B1B6C9B0715D5A3785B068B
:10AB240017D10023A28A002A01D0002B15D0114B83
:10AB34001E4080239B053343626813602A00002172
:10AB44002000FFF7B7FF70BDA378DB0903D1013301
:10AB5400E8E70123E6E70023E4E701212000FFF70B
:10AB6400EFFE0543044A3240A023DB051343E3E729
:10AB740000001150FFFFFFAFFFFFFFDF70B50400BF
:10AB8400857E002D06D0FFF77BFFA38A002B05D11D
:10AB9400280070BD8178084801F0C2F82000FFF752
:10ABA4001BFF051E03D0012323770025F0E72000B7
:10ABB400FFF7A6FFECE7C04628960010F0B585B075
:10ABC40006000D004378062B12D89B00694AD3581F
:10ABD4009F46694B1A7801218A431A701A78013109
:10ABE4008A431A7000225A701A7802318A431A7002
:10ABF400624B1C682000143001F08AF831002000F8
:10AC040001F076F86269A369BFF35F8F00211160D8
:10AC140083F31088002800D1A4E0307871782A00EA
:10AC240001F04EF805B0F0BD534B1B78DB07F9D5A6
:10AC3400514A137804210B431370D9E74E4B1B7808
:10AC4400DB07EFD54C4A137804218B431370CFE70D
:10AC54009B1A5B014A4A9B18DB69002B02D03078AF
:10AC6400716898470134E4B2464B1A782300511CAA
:10AC7400A1420ADBA242EBD9434B1B6862019B1839
:10AC8400002BE9D1EEE70024EEE73B4B1B785B0792
:10AC94002AD4394BDB78DB07C4D501AC0C22002164
:10ACA400200001F045F83378237003236370736840
:10ACB4000293324B1E683000143001F029F8210051
:10ACC400300001F015F87269B369BFF35F8F00219A
:10ACD400116083F31088002837D001AB18785978B5
:10ACE4002A0000F0EDFF9DE7234A137804218B43EB
:10ACF400137001AF0C220021380001F019F83378E9
:10AD04003B7005237B701D4B1C682000143000F041
:10AD1400FFFF3900200000F0EBFF6269A369BFF375
:10AD24005F8F0021116083F31088002806D001ABE7
:10AD3400187859782A0000F0C3FFAAE7662213495D
:10AD44001348FF3200F0A4FFA3E766220F4910481E
:10AD5400FF3200F09DFF65E70E4A13780133DBB242
:10AD6400137045E7662209490948FF3200F090FF55
:10AD740058E7C046689E001070250020C8250020B2
:10AD8400889F001036310020C0230020049F00104B
:10AD940088960010383100207047C04603685A0076
:10ADA40004D5802212061343C01870475B005B0869
:10ADB400FAE7C046F8B54E464546DE465746804655
:10ADC4009146E0B500292AD04B1E9B469A4600279F
:10ADD4005346FB18DC0FE41843466410E5005E1983
:10ADE4003000FFF7DBFFA34510D0484509D80835EC
:10ADF40028004044FFF7D2FF0138484508D2671CB9
:10AE0400E6E7A7420BD0631E9A46E1E74845F8D827
:10AE14003000F0BCBB46B246A946A046F8BD0026A9
:10AE2400F6E7C0460300012808D0022804D0002019
:10AE3400002B00D1024870470248FCE70248FAE7B9
:10AE4400651200207D1200207112002030B5214BC4
:10AE5400050085B08C1E002B26D0200003A900E03D
:10AE640000BF00281DD003992200FFF7A3FF041E92
:10AE740017D0FFF793FF6368A864012B27D0201D28
:10AE8400002B22DBFFF78AFF00232B650368E864AD
:10AE9400002B0FDBFFF782FF030000202B6105B0BE
:10AEA40030BD00230920F9E70B4B0C481B1AD910BD
:10AEB4000391D9E71801000FFFF7B4FF03005A42CA
:10AEC4005A41092052421040E8E70123DDE70023FC
:10AED4000520E3E70000000070A3001010A200109A
:10AEE400036810B50400DA0705D49B070AD550306F
:10AEF40000F0A2FC23685A070AD51A070FD5DB060F
:10AF040015D510BD503000F093FC23685A07F4D4D3
:10AF14002000D83000F094FC23681A07EFD42000F6
:10AF24005930FF3000F090FC2368DB06E9D42000A0
:10AF3400D930FF3000F08CFCE3E7C0460300006822
:10AF4400002800D0C01870477047C04670B5040090
:10AF54000D002000296CFFF779FF002811D12B6C1C
:10AF64002A00636121000120236998470828F0D052
:10AF7400072806D10020296CFFF7E6FF281D00F002
:10AF840041FC00F0ADFEC046F0B5DE464E465746E5
:10AF94004546E0B5C368314C9946A544836905002C
:10AFA40016000431402203A89A4600F0A9FE0023AB
:10AFB40002937CAB9B4602AC23E0F422236C210079
:10AFC4006B615200584600F09BFE5A4629002B69DB
:10AFD400404698475B469B6B0700A36453462A0090
:10AFE400019331002B0001200094C84700282CD184
:10AFF400F42259462000520000F082FE0026082F59
:10B0040021D12800216CFFF721FF0936F3B2071E76
:10B014009846D2D0A36B1021A36443460B43190076
:10B0240053462A00019301202B000094C8470028AE
:10B034000BD13800F7239B009D44F0BCBB46B246BD
:10B04400A946A046F0BD072F01D00927F1E730003B
:10B05400216CFFF779FF03A800F0D4FB24FCFFFF69
:10B06400F0B5CB6BFBB005000B640F00402204313C
:10B0740001A800F045FE01235B426E46009306E002
:10B08400320029002B6998470400082808D12800B9
:10B09400316CFFF7DBFE0028F2D009207BB0F0BD55
:10B0A4003000FFF71DFF062CF7D139002800FFF709
:10B0B4004DFFC04610B58261DA6BC1601A64190095
:10B0C4000022FFF761FF10BD436970B50B64C368CC
:10B0D40004000D00002B13D10A00036901000220B3
:10B0E4009847072805D008280FD129002000FFF72A
:10B0F4002DFF0020296CFFF727FF281D00F082FB9D
:10B104000122FFF741FF00F0EBFD00F0E9FDC0462E
:10B11400C36810B5002B05D0CB6B00220B64FFF77E
:10B1240033FF10BDFFF79CFF0920FAE7042908D874
:10B1340002291AD800290BD0481E431E9841013019
:10B14400704705290FD1436C009A00201360F7E77C
:10B15400002B08D10F2A06D8920080184368009A61
:10B1640000201360ECE70220EAE70120E8E7C0468C
:10B1740000B585B003AB0A00009300210023FFF75C
:10B18400D5FF039805B000BD042908D802291AD8B0
:10B1940000290BD0481E431E9841013070470529F1
:10B1A4000FD1009B1B6843640020F7E7002B08D1F4
:10B1B4000F2A06D8009B92001B6880184360002069
:10B1C400ECE70220EAE70120E8E7C04600B585B0D5
:10B1D40003AB039200930A0000230021FFF7D4FF7E
:10B1E40005B000BDF0B5C64600B51B4CD36BA544F5
:10B1F400070013640E0017A8111D402200F080FD03
:10B2040001235B426D46169316AC13E00C2120001B
:10B214002A00FFF7DBFF31002000B84700280FD1D8
:10B22400220029002B69083098478046052809D058
:10B23400092805D02800216CFFF708FE0028E5D076
:10B24400092398462000FFF74BFE404690239B00BD
:10B254009D4480BCB846F0BDC0FDFFFFF0B5454637
:10B2640057464E46DE46E0B50D000321EC6C8BB02C
:10B27400160004CC07AF9446B84601400894002B4E
:10B2840021D0170C42465772624612040792FF22DD
:10B294003A409200A418022247463A72022900D189
:10B2A400AC6B2A6DD20713D54146300000F066FB23
:10B2B400002800D0D6E008200BB0F0BCBB46B24654
:10B2C400A946A046F0BD120207927B720322E3E76F
:10B2D40022689346002AE7D0082202400392002203
:10B2E4000127AA46B146049202910193019B022BC5
:10B2F40048D0238865889B46043453462E009B6CB3
:10B304000F214846BE43F618FFF732FF002386425A
:10B3140005D85B46BB439B1998429B415B42022282
:10B324006D0015405A463A401543012D44D0022D74
:10B334002BD0002D00D095E0029A002A02D0002BD9
:10B3440000D0B8E0043423689B46002BCED14E468F
:10B354004146300000F012FB002800D082E0049B3C
:10B36400002BA8D00F213000FFF702FF0E210200AE
:10B374003000FFF72BFF30000F216D4AFFF726FF47
:10B38400072099E765680834B7E725686A0052081A
:10B394009346029A002A49D1002B05D0039B002B27
:10B3A40062D05B46002B5FD0002D00DA04345B468C
:10B3B40001339B00E418C6E7029A002A19D1002B36
:10B3C40015D025686368ED0F9A1C4BD0524658324D
:10B3D4000692013300D19AE0201DFFF7AFFD2A0049
:10B3E400010006AB504600E000BF002877D10834C6
:10B3F400A9E753460D2148461D6AFFF7B9FE854269
:10B40400F5D153469B6A9C42F1D155464E462000E5
:10B41400FFF7C4FC0F2102003000FFF7D7FE300015
:10B424002A000021FFF7D2FE072045E753460D21ED
:10B4340048461E6AFFF79CFE8642B5D153469B6A76
:10B444009C42B1D153465A469A6252460023D36273
:10B4540004331363231D53632368002B61DB01232F
:10B464000493A4E7092027E75823534405935B4634
:10B47400261DA34600251C000EE0059B3000069304
:10B48400FFF75CFD0022010006AB504600E000BF60
:10B4940001350436002835D1A542EED14E460D21A2
:10B4A4003000FFF765FE55465C46069B28626B62DA
:10B4B4000620AC6200E72000FFF770FC5546043418
:10B4C4000700AC6328004E4600E000BF0028C9D046
:10B4D40030003A000F21FFF779FE0720ECE64E46D4
:10B4E40081460D213000FFF743FE55464B46069F2B
:10B4F4002862022B02D1EF622F002C3706206F62E4
:10B50400AC62D9E623005C469B4625684CE74E4670
:10B514000D21300055469246FFF72AFE5746286211
:10B52400ECE758460130800055464E4620186FE738
:10B534000000000010B50023FFF790FE10BDC046C8
:10B5440010B50123FFF78AFE10BDC04610B50223D3
:10B55400FFF784FE10BDC046F0B54646D6464F46BA
:10B56400C0B5050014001E00C2B0052907D8A44BBD
:10B5740089005B589F461B19102B00D8B2E00220AB
:10B5840042B0E0BCBA46B146A846F0BD836B002A7F
:10B59400F5D104CB426483630020F1E7002EEED1A1
:10B5A400002301271604826B360C011D38009840D5
:10B5B400064201D001CA086001330431102BF5D1D1
:10B5C400A404E9D40020AA63DAE7032ED7D1140433
:10B5D400160C240C3319102BD1D8082203681A42F4
:10B5E40000D0D6E020AF380000F030F9AB6B61003A
:10B5F4009C46F6004A1E00290AD0F61A043EBE19DB
:10B604001800006804339851013AF9D2E400A444C4
:10B6140063463800AB6300F017F90020B0E7130C61
:10B6240014049846240C012EA5D0052EA7D11F1969
:10B63400202FA4D80F2B00D88CE0002CACD00422EF
:10B644000368A2461A4204D093430360D83000F042
:10B65400F9F8E946684600F0F5F8A96B5346474601
:10B664005C00102F00D21027013C22000023103F61
:10B67400FF004F44C858F8500433013AFAD2043159
:10B68400A400091920AF012E00D1A5E04346A96307
:10B694000F2B00D8A7E0484600F0D2F800206FE74F
:10B6A400002E00D06BE7102A00D968E71022036847
:10B6B4001A4267D120AF380000F0CCF801263900D7
:10B6C4000023AA6B30009840044201D001CA0860EC
:10B6D40001330431042BF5D13800AA6300F0B8F823
:10B6E40000204DE74346102B00D148E703681E4273
:10B6F40006D00322280093432B60503000F09AF8C0
:10B7040020AF380000F096F8A96B002C64D0002319
:10B714009A4643466200DC00531E99461A000023F1
:10B724003C19C858E0500433013AFAD24B4604316C
:10B734009B0059185346E946002B8FD1012E4BD05C
:10B744004346A9630F2B00D926E7380000F074F8AC
:10B75400002015E70122110003681940102F1FD89B
:10B76400002907D093430222280013432B60503052
:10B7740000F064F820AF380000F060F8002CE4D04A
:10B78400A96BC4E793430360D930FF3000F062F83B
:10B7940090E7934303605930FF3000F057F821E7F6
:10B7A400002907D09343022213430360503000F072
:10B7B40045F82B685A071AD410235B429A46BA44B8
:10B7C40020AF380000F03AF8684600F03BF8102447
:10B7D4004346A96BE41A9CE704313800A96300F0DE
:10B7E40027F80020CCE620A800F026F853E704222E
:10B7F400280093432B60D83000F024F8DCE7C046DF
:10B80400801A00200100343138C9043B9C461D6075
:10B81400A646010020313CC990469946A246AB4653
:10B8240001000831FCC941680068E54600BDC04616
:10B834007047C0467047C0467047C0467047C04610
:10B844007047C0467047C0467047C0467047C04600
:10B854007047C0467047C04601B401A801B585B021
:10B86400FFB408A841464A4653465C4665463EC076
:10B8740001A83EC80F98009000230CB401A9FFF75B
:10B88400EFFB109B12B0184701B401A801B585B0B5
:10B89400FFB408A841464A4653465C4665463EC046
:10B8A40001A83EC80F98009000230CB401A9FFF72B
:10B8B4000BFC109B12B0184701B401A801B585B068
:10B8C400FFB408A841464A4653465C4665463EC016
:10B8D40001A83EC80F98009000230CB401A9FFF7FB
:10B8E40017FC109B12B0184701B401A801B585B02C
:10B8F400FFB408A841464A4653465C4665463EC0E6
:10B9040001A83EC80F98009000230CB401ABFFF7C8
:10B91400D1FB109B12B0184701B401A801B585B042
:10B92400FFB408A841464A4653465C4665463EC0B5
:10B9340001A83EC80F98009000230CB401AAFFF799
:10B9440051FC109B12B01847027A0300002A0BD155
:10B95400427A002A0FD0013A42724268111D4160B6
:10B9640003211268017202E0013A02720268100EA9
:10B9740012021A607047B020FCE7C046F0B50023FD
:10B98400454657464E46DE469846E0B506000D004D
:10B994000F2785B02800FFF7D7FF0400B02800D197
:10B9A40028E1030637D50300BB43DBB2A02B00D14B
:10B9B4008DE012D8802B69D0902B24D10D23034025
:10B9C4000D2B20D00F2202AC0240002300213000B6
:10B9D4000094FFF7ABFB009433E0B02B6DD0C02B89
:10B9E40039D0072203009343DBB2D02B0BD1802341
:10B9F400024001321B031A43012105233000FFF7E3
:10BA0400ABFD0028C6D0092005B0F0BCBB46B24649
:10BA1400A946A046F0BDFF238200134004339A4692
:10BA240002AB0D2200939946002100233000FFF75A
:10BA34007DFB5346029A9B18640609D402934B4635
:10BA4400009300230D2200213000FFF79DFBA1E7A6
:10BA54005346D31AF2E7C62800D1ACE0C72800D178
:10BA6400CDE0F8230340C02B00D1DAE0C82800D190
:10BA7400DDE0C928C7D12800FFF766FFF0220303E1
:10BA8400120313400F2202400132B4E704022800DB
:10BA9400FFF75AFF802304431B029C42B3D02405C2
:10BAA400002300213000220CFFF756FD0028AAD104
:10BAB4004346E40F234398466CE703004F33DBB25D
:10BAC400042B00D98BE0694A9B00D3589F46FF2181
:10BAD400072309010A0083431A410A40240702D5B7
:10BAE4008023DB011A43002300213000FFF734FDDB
:10BAF400002800D14EE786E700230022052130000C
:10BB0400FFF72AFD002800D144E77CE72800FFF76F
:10BB14001BFFF0220303120313400F2202400132E1
:10BB24001A43012101233000FFF716FD002800D13C
:10BB340030E768E702AB0D220021009399463000FC
:10BB44000023FFF7F3FA2800FFF7FEFE43B2029C3E
:10BB5400002B00DB87E002239A467D339B465B463D
:10BB640018405346984007239C4624182800029402
:10BB7400E244FFF7E9FE43B2002BF0DB5346984062
:10BB840081239B009C464B46644400190290009319
:10BB940057E72800FFF7D8FE431EDBB202000E2B46
:10BBA400A1D930E703AB00930D220023002130001C
:10BBB400FFF7BCFAEEE62800FFF7C6FEF022030307
:10BBC400120313400F22024001321A4303210323BC
:10BBD4003000FFF7C1FC002800D1DBE613E7FC23AB
:10BBE4000340B42B00D10EE7072380220340013326
:10BBF400120395E74346002B25D0002004E72800D4
:10BC0400FFF7A2FE431EDBB202000E2B00D9FAE6B8
:10BC1400002304213000FFF79FFC002800D1B9E67F
:10BC2400F1E6A022B13B034001331203CDE7280023
:10BC3400FFF78AFE0F2302009A43D2B21032034068
:10BC440012030133D7E602AC0E2200213000009427
:10BC5400FFF76CFA00230F22002130000094FFF755
:10BC640093FA0020D0E602239A4687E7981A002028
:10BC740001B40248844601BC604700BF4953001028
:10BC840001B40248844601BC604700BF090E00109D
:10BC940001B40248844601BC604700BF2949001032
:10BCA40001B40248844601BC604700BF65450010EA
:10BCB40001B40248844601BC604700BF2D30001027
:10BCC40001B40248844601BC604700BF71560010AD
:10BCD40001B40248844601BC604700BF9D1D0010AA
:10BCE40001B40248844601BC604700BFD57F001000
:10BCF40001B40248844601BC604700BF8F75001040
:10BD040001B40248844601BC604700BFF932001008
:10BD140001B40248844601BC604700BF855400104A
:10BD240001B40248844601BC604700BF5D0E0010A8
:10BD340001B40248844601BC604700BFED320010E4
:10BD440001B40248844601BC604700BFC91B00100F
:10BD5400CC1200204E130020AE120020FA12002054
:10BD6400D0130020BC120020C21800206418002048
:10BD74003C18002028180020D418002010000000CF
:10BD840000000000000001000000000000000000AE
:10BD9400000002000000000000000000000003009A
:10BDA40000000000000000000000FF000000000090
:10BDB40001B5486801318E4600477046093801498B
:10BDC400884701BD5113001000000000000000006E
:10BDD400000000000000000000000000D02000204F
:10BDE400503300004C330000543300005233000041
:10BDF4004D5300004D430000533400004334000011
:10BE0400D94D0010754A0010414D0010614A0010D0
:10BE14000000000000010000CC25002010000C00F0
:10BE2400000000000000000000000000000000000E
:10BE340000000000FF00000000400440000000007B
:10BE4400FFFFFFFF000002000000000000000000F0
:10BE5400781B0020781B0020801B0020801B002002
:10BE6400881B0020881B0020901B0020901B0020B2
:10BE7400981B0020981B0020A01B0020A01B002062
:10BE8400A81B0020A81B0020B01B0020B01B002012
:10BE9400B81B0020B81B0020C01B0020C01B0020C2
:10BEA400C81B0020C81B0020D01B0020D01B002072
:10BEB400D81B0020D81B0020E01B0020E01B002022
:10BEC400E81B0020E81B0020F01B0020F01B0020D2
:10BED400F81B0020F81B0020001C0020001C002080
:10BEE400081C0020081C0020101C0020101C00202E
:10BEF400181C0020181C0020201C0020201C0020DE
:10BF0400281C0020281C0020301C0020301C00208D
:10BF1400381C0020381C0020401C0020401C00203D
:10BF2400481C0020481C0020501C0020501C0020ED
:10BF3400581C0020581C0020601C0020601C00209D
:10BF4400681C0020681C0020701C0020701C00204D
:10BF5400781C0020781C0020801C0020801C0020FD
:10BF6400881C0020881C0020901C0020901C0020AD
:10BF7400981C0020981C0020A01C0020A01C00205D
:10BF8400A81C0020A81C0020B01C0020B01C00200D
:10BF9400B81C0020B81C0020C01C0020C01C0020BD
:10BFA400C81C0020C81C0020D01C0020D01C00206D
:10BFB400D81C0020D81C0020E01C0020E01C00201D
:10BFC400E81C0020E81C0020F01C0020F01C0020CD
:10BFD400F81C0020F81C0020001D0020001D00207B
:10BFE400081D0020081D0020101D0020101D002029
:10BFF400181D0020181D0020201D0020201D0020D9
:10C00400281D0020281D0020301D0020301D002088
:10C01400381D0020381D0020401D0020401D002038
:10C02400481D0020481D0020501D0020501D0020E8
:10C03400581D0020581D0020601D0020601D002098
:10C04400681D0020681D0020701D0020701D002048
:10C05400781D0020781D0020801D0020801D0020F8
:10C06400881D0020881D0020901D0020901D0020A8
:10C07400981D0020981D0020A01D0020A01D002058
:10C08400A81D0020A81D0020B01D0020B01D002008
:10C09400B81D0020B81D0020C01D0020C01D0020B8
:10C0A400C81D0020C81D0020D01D0020D01D002068
:10C0B400D81D0020D81D0020E01D0020E01D002018
:10C0C400E81D0020E81D0020F01D0020F01D0020C8
:10C0D400F81D0020F81D0020001E0020001E002076
:10C0E400081E0020081E0020101E0020101E002024
:10C0F400181E0020181E0020201E0020201E0020D4
:10C10400281E0020281E0020301E0020301E002083
:10C11400381E0020381E0020401E0020401E002033
:10C12400481E0020481E0020501E0020501E0020E3
:10C13400581E0020581E0020601E0020601E002093
:10C14400681E0020681E0020701E0020701E002043
:10C15400781E0020781E0020801E0020801E0020F3
:10C16400881E0020881E0020901E0020901E0020A3
:10C17400981E0020981E0020A01E0020A01E002053
:10C18400A81E0020A81E0020B01E0020B01E002003
:10C19400B81E0020B81E0020C01E0020C01E0020B3
:10C1A400C81E0020C81E0020D01E0020D01E002063
:10C1B400D81E0020D81E0020E01E0020E01E002013
:10C1C400E81E0020E81E0020F01E0020F01E0020C3
:10C1D400F81E0020F81E0020001F0020001F002071
:10C1E400081F0020081F0020101F0020101F00201F
:10C1F400181F0020181F0020201F0020201F0020CF
:10C20400281F0020281F0020301F0020301F00207E
:10C21400381F0020381F0020401F0020401F00202E
:10C22400481F0020481F0020501F0020501F0020DE
:10C23400581F0020581F0020601F0020601F00208E
:10C24400681F0020681F0020701F0020701F00203E
:10C25400881F002000000000000000008822002049
:10C26400F0220020582300200000000000000000FD
:10C2740000000000000000000000000000000000BA
:10C2840000000000000000000000000000000000AA
:10C29400000000000000000000000000000000009A
:10C2A400000000000000000000000000000000008A
:10C2B400000000000000000000000000000000007A
:10C2C400000000000000000000000000000000006A
:10C2D400000000000000000000000000000000005A
:10C2E400000000000000000000000000000000004A
:10C2F40001000000000000000E33CDAB34126DE6E7
:10C30400ECDE05000B00000000000000000000004F
:10C314000000000000000000000000000000000019
:10C324000000000000000000000000000000000009
:10C3340000000000000000000000000000000000F9
:10C3440000000000000000000000000000000000E9
:10C3540000000000000000000000000000000000D9
:10C3640000000000000000000000000000000000C9
:10C3740000000000000000000000000000000000B9
:10C3840000000000000000000000000000000000A9
:10C394000000000000000000000000000000000099
:04000005100001E9FD
:00000001FF
