:020000041000EA
:1000000000B5324B212058609868022188439860DF
:10001000D860186158612E4B002199600221596106
:100020000121F02299502B49196001219960352056
:1000300000F044F80222904214D00621196600F024
:1000400034F8196E01211966002018661A6600F04E
:100050002CF8196E196E196E052000F02FF8012189
:100060000842F9D1002199601B49196000215960AB
:100070001A491B48016001219960EB211966A021F2
:10008000196600F012F800219960164914480160C1
:100090000121996001BC002800D000471248134993
:1000A000086003C880F30888084703B5996A0420EC
:1000B0000142FBD001200142F8D103BD02B5186610
:1000C0001866FFF7F2FF186E186E02BD00000240BE
:1000D000000000180000070000035F00212200005C
:1000E000F4000018222000A00001001008ED00E03C
:1000F00000000000000000000000000074B24E7A12
:1001000000200420F7010010C3010010C5010010F9
:10011000C1010010C1010010C1010010C101001097
:10012000C1010010C1010010C1010010C701001081
:10013000C1010010C1010010C9010010CB01001065
:10014000CD010010CD010010CD010010CD01001037
:10015000CD010010CD010010CD010010CD01001027
:10016000CD010010CD010010CD010010CD01001017
:10017000CD010010CD010010CD010010CD01001007
:10018000CD010010CD010010CD010010CD010010F7
:10019000CD010010CD010010CD010010CD010010E7
:1001A000CD010010CD010010CD010010CD010010D7
:1001B000CD010010CD010010CD010010CD010010C7
:1001C00000BE00BE00BE00BE00BE00BEEFF3058054
:1001D000103800BEF2EB887194C40110B8C401104D
:1001E0003802001090A31AE71E481F49086006C88D
:1001F00081F3088810471D480068002801D019487D
:10020000F3E70DA40ECC002902D000F012F8F9E7B4
:100210001749184A002000E001C19142FCD116495B
:100220008847164988471649884700BEFDE701C937
:1002300001C29A42FBD37047B8C40110C00000202D
:1002400000270020F8EA011000000420000004202C
:10025000F8EA011000100420001004200000000043
:10026000704700000000000008ED00E0000000D032
:1002700000270020743B00203D960010B1030010C1
:1002800035960010F8B5C04606480749091A8B1084
:10029000C90FC91810B5491003D0044B002B00D06A
:1002A000984710BD00270020002700200000000014
:1002B000054B10B5002B03D00449054800E000BFF2
:1002C000FFF7E2FF10BDC04600000000003B002029
:1002D000B47A0110F0B5D6464F464646C0B5070081
:1002E00084B02C4809F0C4FB2B4809F0C1FB2B4B10
:1002F000002499462A4B9A462A4B98460F23782584
:100300001E0025402640234214D0002D2DD0782DEC
:1003100016D1404609F030FC0F2E36D00134802C27
:10032000ECD1214809F0A4FB04B0E0BCBA46B146C8
:10033000A846F0BD21001D4809F01EFC002D1ED06E
:1003400000230F223868E1B200936A4401330CF0B5
:10035000C7F900280FDB2100484609F00DFC0F2EDD
:10036000DCD10A2009F03AFBD8E70E4D280009F04D
:1003700003FC0134C2E7504609F0FEFBEFE7094DEC
:100380000124280009F0F8FBF0E70A2009F026FB19
:10039000C7E7C046B87A0110D07A0110147B01106B
:1003A000107B01100C7B01101C7B0110047B0110E1
:1003B000F0B5DE46574645464E46E0B5E5B009F095
:1003C000BDFAB74BB7481900079309F0D5FBB648FB
:1003D00009F04EFBB54BB64A1900B648099308928E
:1003E00009F0CAFBB44809F043FBFA20C00006F04C
:1003F0001BF8B24CB24920000CF040F90321042054
:1004000004F0D0FF0321052004F0CCFF00220121DD
:10041000042004F0E1FF00220121052004F0DCFFAC
:10042000A74B05220421A74809F0A6FB272221009B
:100430000CA800F033FCA44D280009F019FB0CA80F
:1004400000F0A0FC0CA800F029FE002200210CA85E
:1004500000F08AFD9D490CA800F0A2FDFA20C00022
:1004600005F0E2FF9A4809F003FB9A4B18009A4600
:1004700004F040FB002800D009E3974809F0F8FA9F
:10048000964809F0F5FA0CA90EA803F0D3FC3C231A
:100490005246D35C002B00D094E30AA80A94FFF7DD
:1004A00019FF002325AE00933200272120000133DD
:1004B0000CF016F9002800DAEDE22721884809F04F
:1004C0005BFB3C235246D35C002B00D095E3280015
:1004D00009F0CEFA0CA800F055FC0CA800F0DEFDE7
:1004E0003C235246D35C002B00D080E31BAD0E238F
:1004F0000D220C21280001F041FA280001F058FAE1
:100500003C235246D35C002B09D0012275490EA82A
:1005100003F0DCFD282274490EA803F019FD0CA994
:100520000BA801F03BF90BA801F03AF915AC20003B
:100530000CA901F045F96D4B2000636101F04EF903
:100540006B4809F095FA3C235246D35C002B09D046
:10055000012268490EA803F0B9FD3C2266490EA8A5
:1005600003F0F6FC654F38000CF0D8FE644B9B4658
:10057000002812D052462423D35C58460393D369F3
:1005800060490293136A002201930B230093013BFD
:1005900001F052F838000CF0E1FE584600F00EFE73
:1005A000594B1800984605F09DFB58480BF012FF78
:1005B0003C235246D35C002B09D0012254490EA89B
:1005C00003F084FD502253490EA803F0C1FC5B46A2
:1005D0002A00300000940CA901F0D0FB300001F09B
:1005E00029FC4D4809F044FA3C235246D35C002BC9
:1005F0000CD0012247490EA803F068FD6422474948
:100600000EA803F0A5FC0EA803F0B0FD53469B6AAC
:100610004348069309F02CFA424809F029FA424867
:1006200009F026FA00230493059306F013F8002935
:1006300000D1CBE1FA220023920006F0A7FB0400D0
:10064000504604F099FC280001F01CFA280001F043
:10065000FBF9337F002800D1AAE1002B00D1A0E1F3
:100660002B7DDFB2002B00D0E6E1304B1F60304B1A
:100670001F700023994631692E4809F07DFA4A46D9
:100680003900300003F088FA002009F05BF94238A5
:10069000342800D9B2E0284B80001B589F46C04642
:1006A0007C7B0110847B0110987B0110C87B0110BA
:1006B000BC7B0110D47B0110E47B01107821002069
:1006C000801A0600007C0110387C01105C7C01104F
:1006D000647C0110483500208C7C0110007D0110E5
:1006E000407D0110E07D0110F07D011000002041EF
:1006F000007E0110287E0110347E0110982A00200F
:10070000D82A002000002050BC2A0020410C0010F4
:10071000447E0110547E0110607E0110847E011021
:10072000987E0110C47E0110307F0110D42A002071
:10073000613B0020E07F011060A40110404617F0EB
:1007400083F9DE4809F094F95B46986E07F0A6F944
:1007500002000B00DA4809F00FFA584600F0BCFF1F
:1007600007F09CF902000B00D64809F005FA58463C
:10077000D54900F0C7FF07F091F902000B00D348FC
:1007800009F0FAF95B46586F07F088F902000B0090
:10079000CF4809F0F1F95B46CE48196F09F0ECF942
:1007A000584600F0C7FF07F079F902000B00CA486D
:1007B00009F0E2F9C94809F05BF9C94BC948196861
:1007C00009F0DAF9C84BC948196809F0D5F984234A
:1007D0005A46D35CC649002B00D0C649C64809F02A
:1007E000CBF98C235A46D35CC449002B00D0C449B2
:1007F000C44809F0C1F9404617F06EF8404617F0BA
:1008000023F9C14B40461F68C04B1B689946B44B47
:100810001B68B54B1B6817F05FF8049BBB4200D107
:10082000E7E0337F002B00D1EDE0012005F0FCFD77
:10083000FBE60AA8FFF74EFDE0E7404617F004F993
:1008400000235A465361B04A404613600022AF4B22
:100850001A6017F041F8AE4809F00AF9CEE74046B1
:1008600017F0F2F88C225B4601219B5C58464B4006
:1008700059468B5400F0A2FC404617F02DF88C230B
:100880005A46D35CA349002B00D0A349A34809F0E2
:1008900073F9B3E7A24809F0EBF8280001F012F968
:1008A000A04B0100180009F067F929699E4809F07A
:1008B00063F92B7D9D49002B00D09D499D4809F08F
:1008C0005BF9E9699C4809F057F9337F8849002BA7
:1008D00000D08849994809F04FF9994809F0C8F8BB
:1008E0008CE7984809F0C4F8974809F0C1F8974890
:1008F000079909F041F99648099909F03DF9954899
:10090000089909F039F9944809F0B2F8934809F0C8
:10091000AFF873E7924809F0ABF8924809F0A8F8ED
:10092000914809F0A5F8914809F0A2F8904809F01B
:100930009FF8904809F09CF88F4809F099F88F4883
:1009400009F096F88E4809F093F88E4809F090F86F
:100950008D4809F08DF88D4809F08AF84EE78C48EB
:1009600009F086F84AE7404617F06EF8584600F05E
:10097000FDFE00225A4B40461A605B4B1A6016F08F
:10098000ABFF844809F074F838E7834809F070F841
:10099000642005F049FD01220020804905F0EEFFAA
:1009A000FEE77F4809F064F8300003F0F1F9337F87
:1009B0002A7DD7B2002A0FD17A4A17607A4A177077
:1009C00000229146002B00D15EE654E6FA21890010
:1009D00006F09EF9040033E672490A68002A37D10E
:1009E0000C6071490A70002CEAD01F003B000127FF
:1009F000E6E7059B069AE31A934200D215E7337F98
:100A0000002B00D011E70CA800F0A4FA002200216E
:100A10000CA800F0A9FA484607F040F8634A009095
:100A20000191102111A808F06FFD11A90CA800F088
:100A3000B7FA04970594F8E65A4B1A68002A20D1B1
:100A40001C60594B1A70002CD0D10023994612E635
:100A5000554908780028B3D1FA200127A21A80004E
:100A60008242ADD90F7099461F1E00D003E6504850
:100A700008F0FEFF300002F00DFE0137B946337F6B
:100A8000A0E749490B78002BDFD13B00E4E7494858
:100A900008F0EEFFF4E42721474809F06DF84748D5
:100AA00008F0E6FF3C235246D35C002B00D10EE554
:100AB000002243490EA803F009FBA3E0B481011012
:100AC000DC8101100082011000002041148201101D
:100AD0003C82011058820110708201108C8201103A
:100AE000C82A0020A8820110D02A0020C08201104C
:100AF000908F0110447B0110DC820110587B0110A3
:100B0000487B0110F8820110CC2A0020C42A002062
:100B1000348001103C7B0110387B01109C81011056
:100B20001C840110408401104C840110707B011062
:100B3000687B01105C840110688401107C840110C2
:100B40009084011004830110288301105483011044
:100B5000648301107483011084830110C083011029
:100B60004C800110608001107C8001109080011089
:100B7000AC800110D4800110EC8001100C810110B8
:100B80002C810110448101105881011074810110E1
:100B9000C0840110FC830110148001100020042087
:100BA0007C7F0110D42A0020613B00202C7B0110A7
:100BB000B47F0110D07C0110687D0110987D011078
:100BC000647D01100EA803F03BF90EA803F06EF946
:100BD0000A2217490EA803F0BBF9FA20400005F0DD
:100BE00023FC142213490EA803F0B2F955E41E2287
:100BF00011490EA803F0ACF978E401220F490EA8C0
:100C000003F064FA3C235246D35C002B00D15EE42F
:100C10001E2209490EA803F09BF958E402E03800AF
:100C20000CF098FB280000F0B9FE0BF007FFC0465F
:100C3000207D0110307D0110D47D0110647D0110F4
:100C4000F8B5104B4746CE4699460F4B80B59846AF
:100C50000E4C0F4D0F4F104E200000F037FB2800B8
:100C600016F0F2FE4A4663692000136000F022FD90
:100C700043461860A36F28003B60E36F336016F0B3
:100C80002BFEE9E7CC2A0020C42A0020D82A002025
:100C9000BC2A0020C82A0020D02A00200823016096
:100CA000027143717047C046F0B5D6464F4646467E
:100CB000C0B5437904001A4308000F23984303008A
:100CC0000D27002584B0090103AE6F4413430A4386
:100CD00033703A70217932002068012300950BF0BF
:100CE000F5FC0E226A4490460422914692464A46FA
:100CF000414633780F261A430A7052466E44934396
:100D00003370424621790123206800950BF0DEFC08
:100D10000120002105F012FB320021790123206817
:100D200000950BF0D3FC3220002105F007FB217960
:100D30003A002068012300950BF0C8FC4A46414662
:100D40003B7820681A430A705246934333704246F8
:100D50002179012300950BF0B9FC0120002105F059
:100D6000EDFA217901233200206800950BF0AEFCEA
:100D70003220002105F0E2FA04B0E0BCBA46B146E8
:100D8000A846F0BDF0B5DE4657464E464546E0B5AE
:100D9000040085B0322005F047FB30239B460D262A
:100DA0005A46002563796E4413433370217932002B
:100DB0002068012300950BF089FC0E226A449046BE
:100DC0000422914692464A46414633780F271A43F9
:100DD0000A7052466F4493433B7042462179012387
:100DE000206800950BF072FC0120002105F0A6FAA6
:100DF0003A0001232179206800950BF067FC00215F
:100E0000322005F09BFA052005F00EFB5A46637967
:100E100020681343337021793200012300950BF0D1
:100E200055FC4A464146337820681A430A705246B8
:100E300093433B7042462179012300950BF046FC19
:100E40000120002105F07AFA3A0001232179206877
:100E500000950BF03BFC3220002105F06FFA642076
:100E6000002105F06BFA5A4663792068134333700A
:100E700021793200012300950BF028FC4A464146B7
:100E8000337820681A430A70524693433B704246B7
:100E90002179012300950BF019FC0120002105F0B8
:100EA0004DFA3A0001232179206800950BF00EFCE1
:100EB0003220002105F042FA6420002105F03EFABC
:100EC0002022637920681343337021793200012393
:100ED00000950BF0FBFB4B464146327820681343EC
:100EE0000B7053469A433A7021794246033B009572
:100EF0000BF0ECFB0120002105F020FA01233A0061
:100F00002179206800950BF0E1FB3220002105F0EB
:100F100015FA200000222821FFF7C6FE200000223B
:100F20000C21FFF7C1FE002201212000FFF7BCFECB
:100F3000022005F079FA002206212000FFF7B4FE16
:100F4000022005F071FA05B0F0BCBB46B246A946D6
:100F5000A046F0BD10B500220121FFF7A5FE02203A
:100F600005F062FA10BDC04600B50C4B83B001938A
:100F7000131C032A00D90323DBB20A1C0F2900D952
:100F80000F2201A9CB5C80219B1849421943002202
:100F9000C9B2FFF789FE03B000BDC046004014543B
:100FA000F0B5DE4657464E464546E0B58B460978D5
:100FB000040085B000296AD003AB9A460D236B4428
:100FC00099460E230F276B44984600256F44012352
:100FD0000A000F2056469C46637982431A430E3816
:100FE000024332704A4609010B43034313702179CF
:100FF0000123524620680095E3440BF067FB3378E9
:1010000004261A00414632430A70042293433B707F
:10101000424601232179206800950BF057FB0120FF
:10102000002105F08BF901233A0021792068009511
:101030000BF04CFB3220002105F080F921790123CF
:101040004A46206800950BF041FB4B46042241467E
:101050001B7820681E4393433B700E700123424669
:10106000217900950BF032FB0120002105F066F993
:10107000012321793A00206800950BF027FB00211D
:10108000322005F05BF95B46197800299FD105B045
:10109000F0BCBB46B246A946A046F0BD082343714A
:1010A0007047C046CB003821F0B5DE46574645466E
:1010B0004E4619404023E0B5194387B0170000227F
:1010C0000400FFF7F1FD08239C46BC44634602AAD6
:1010D000039305AB94469A460D2363449B460E2327
:1010E000634499460F2363449846002539780F20BE
:1010F0000A005646637982431A430E38024332701F
:101100005A4609010B4303431370217901235246C8
:10111000206800950BF0DAFA337804261A00494665
:1011200032430A700422414693430B704A4601231E
:101130002179206800950BF0C9FA0120002105F003
:10114000FDF8012342462179206800950BF0BEFA94
:101150003220002105F0F2F8217901235A46206857
:1011600000950BF0B3FA5B4604221B7849461E43F8
:10117000934342460E701370217901234A4620683A
:1011800000950BF0A3FA0120002105F0D7F8012308
:1011900021794246206800950BF098FA3220002110
:1011A00005F0CCF8039B0137BB429FD107B0F0BCE0
:1011B000BB46B246A946A046F0BDC046F0B5CE46F5
:1011C00047468C2380B5C35C040087B0002B4BD00E
:1011D0003B4940680BF08EFAE368C20198468023D1
:1011E0005B020293030009331B0313430393F822AA
:1011F00043461203DB0313400593324B65680493A7
:10120000314BA668EC18240D0634E4B20700210027
:10121000404604F0C7F801234344180021009946D2
:1012200004F0C0F800234246310000932800023346
:101230000BF0DCFA00220121404604F0CDF8002238
:101240000121484604F0C8F83A0002AB31002800FA
:101250000BF026FB0123B3402A6813432B6007B031
:10126000C0BCB946B046F0BD0125C06804F05CF9C9
:10127000206904F059F92B00E068D02683402A0049
:101280003606B362236901219A40B262002204F05B
:10129000A3F800220121206904F09EF828002169AA
:1012A000726888400240511E8A41E16873688D402F
:1012B0002B40591E8B41520013432376CFE7C04683
:1012C00070A50110000008800000E0AFF0B54546B1
:1012D000DE4657464E46E0B591B0050005F0BAF936
:1012E000002900D148E1FA220023920005F04EFDCA
:1012F0000C906B690B938C23EB5C9846002B00D110
:1013000019E101263000C44BAA681F6890400E976F
:101310000B9F0F9203970E9F083204970027BA463F
:101320000797019705970337BC46BC4F08901000FC
:10133000BB464746BA4C9640226869689146B94A0E
:1013400080000D92127809940A934B68089C1C4205
:1013500007D001239846C1444B683342FCD143581F
:1013600001974B681C0034400294334200D032E1B4
:1013700000231024984606951300624645582A40DB
:101380009A4209D05D469B001343DBB2EB56002B1B
:1013900000D1BAE09844BA464B68334202D1013CCE
:1013A000002CE9D1A04B049C9B6A069D1C1B069354
:1013B0009E4B9C4200D9B9E04B4602934346002B1A
:1013C00000D0A7E00798099C0A9B002801D0049848
:1013D00018605346002B01D00D9B1A70019B002B07
:1013E00001D0029B2360059B0A2B00D1E5E04B68EE
:1013F000089A1A4225D0AB6F0133AB674B68334272
:101400001FD1059804281CD80F9B9B00CB181A6A83
:101410004A68324215D1042813D01A6A4A68324207
:101420000FD103280DD01A6A4A68324209D1022826
:1014300007D01A6A4A68324203D1002801D11B6AD8
:101440004B680B9B039A93421BD06420D41A8823C9
:10145000E9582B5C0C9E9A00AA18711A54625164C8
:10146000072201331340FA222B54EB6E286FF31A34
:101470009200934200D385E0E317E4185C402418FF
:101480002C6788230C9AAC6CEA506B6C0020E41833
:10149000EB6CE4182B6DE4186B6DE418AB6DE4187D
:1014A000EB6DE4182B6EE418002C26D06B6AA86A4A
:1014B000C018EB6AC0182B6BC0186B6BC018AB6BF5
:1014C000C018EB6BC0182B6CC01806F0C5FA061CD0
:1014D000200006F0BCFA011C301C06F060FA5449EA
:1014E00006F071FAE96906F06EFA041C286A06F043
:1014F000AEFA011C201C06F052FAA86611B0F0BC2E
:10150000BB46B246A946A046F0BD01239A460197C4
:10151000D14440E7059B0A2B3ED0039C0133059341
:10152000029B4444994603946C610EE7069B07971F
:101530000493019742E701210C00D02328691B0680
:1015400084405A685B682240501E8241E86852001D
:1015500081400B40591E8B4113432A7E9A4290D002
:10156000920034491A43D2B28A560B992B768C4694
:10157000624403926A6164E7FA21890005F0C8FBBE
:101580000C90B6E606F063FAFA21890506F01BFA1C
:10159000EE66686700206FE70798099C0A9B0028A1
:1015A00001D0049818605346002B01D00D9B1A708F
:1015B000019B002B01D0029B2360AB6F0122013302
:1015C000AB678423EA547A3B0593089A4B681A4226
:1015D00000D136E70FE70798099C0A9B002817D02F
:1015E000049818605046002801D00D980270019AA6
:1015F000002A01D04A4622600B4A0498926A171AC0
:101600000A48874200D8EEE600201A602060EAE629
:101610000E980490E6E7C0466C2B002060A50110F0
:10162000682B0020623B0020004005408096980017
:1016300000007A4460A5011070B50400A260059A0C
:10164000E360E261049B069A6846236122620023FC
:101650008C22007F164D6160256063612376A05463
:101660000022A2666422A35404F0F4FF002919D0DA
:10167000FA220023920005F089FB88230022E05023
:10168000002362678022E0662367A367E367A050B8
:1016900020000432A3540021443A243006F0BEFA5C
:1016A000200070BDFA21890005F032FBE5E7C04655
:1016B00058A5011070B50400406906F0CDF9E16944
:1016C00006F081F9051C206A06F0C1F9011C281CEE
:1016D00006F065F970BDC04670B5C569040000210B
:1016E000281C06F0AFF9002801D1002070BD291C8C
:1016F000A06E06F054F9024906F065F9F6E7C04617
:101700000000704270B50C1C05000021201C06F082
:1017100099F9002801D1002070BDA86E211C40005D
:10172000400806F03CF9024906F04DF9F4E7C046DE
:101730000000C84270B5046A002C06D0456F002135
:10174000281C06F07FF9002801D1002070BD064951
:10175000281C06F038F9051C200006F078F9011C59
:10176000281C06F01CF9F1E70000704200238422D7
:1017700010B58367C3678354040004F06BFF00292E
:1017800007D0FA220023920005F000FB8023E050EE
:1017900010BDFA21890005F0BBFAF7E70160704738
:1017A00070B506000024054D2A00E1B2306801340E
:1017B000FFF778FC0835082CF6D170BD8CA5011018
:1017C000054B016043610023037183600023C36004
:1017D000012303747047C0460000204110B5040087
:1017E000032200210068FFF7BFFB02492068FFF7D2
:1017F000D7FB10BDF8840110F0B5C64600B5544DB6
:1018000004002B681A7D002A07D1D02212065168E5
:10181000012298688240114208D01A68A2420CD076
:101820009B68A34235D080BCB846F0BD494808F05B
:101830001FF92B68002BF6D0EFE7474808F018F99E
:10184000464B9C6A2B6801252A001868596A824019
:101850004348611A814263D9D0200006416840683C
:101860000A4011004E1EB141C9B2002A0AD11A7BAA
:10187000002A07D05A6895401A69284261D001327F
:101880001A615C62197319693648DA6908F074F9EB
:10189000C9E70126344808F0EBF832002F4BD0217D
:1018A0009B6A090698462B684C68986882402242D9
:1018B0002AD137004C68A4461C68A7403C00674604
:1018C000274236D037004C6859688F403C4230D0B0
:1018D00044469969611A254CA14215D942464146B0
:1018E0001E759A611A6A8A1A21498A422DD8DA69C4
:1018F0000132DA6142461A62D9691E4808F03CF9A1
:1019000001222B6898688240D021090649680A4262
:1019100001D000221A750122042103F071FD82E733
:10192000D021090649680A40511E8A41D2B21A7371
:1019300079E7114808F09CF801222B6898688240EA
:10194000E2E7013A1A615C629CE7DE61D2E7C046D9
:101950009C2A0020088501102085011000400540C8
:10196000B70B000044850110788501101F4E000060
:101970001FA10700E08501109C85011083600023F2
:101980000373036103758361C36103624362024BA6
:1019900001604260186070479C2A0020034B1A685F
:1019A000824200D0704700221A60FBE79C2A002088
:1019B00070B50400012581681D4808F0DDF8206835
:1019C00003F0B2FD606803F0AFFDA06803F0ACFD6A
:1019D0002B002068D02683402A003606B362636855
:1019E00001219A40B2622A00A3689A40B2620022A2
:1019F00003F0F2FC60680022012103F0EDFC0022FC
:101A0000A068012103F0E8FC2068736885402B4042
:101A10005A1E9341DBB223730122064B0C2103F0C3
:101A20001BFDA0680122042103F0EAFC012070BD27
:101A300008860110F9170010024B026918681A6035
:101A4000101A7047702B00200B4B9B6AC269022A48
:101A500004D9026A09499A1A8A4209D9026A9B1A68
:101A6000074A934201D8002070470023C361FAE778
:101A70000023C3610120F7E7004005401FA10700D4
:101A800020A107000122D02310B584681B06A240C4
:101A900059680A4B9B6A114202D0027D002A0AD182
:101AA000026A9B1A064A934204D9C369002B01D0EB
:101AB0000023C36110BD00220275F1E7004005401C
:101AC00020A1070010B50369027D82B0002A0CD066
:101AD0000749C069074C0190009120006421064A23
:101AE00007F012FD200002B010BD0449F1E7C04626
:101AF0002C860110502C00203486011030860110F5
:101B000070B5040088B000680E1CFFF723FA0022AD
:101B100020680021FFF728FA20681549FFF740FAEE
:101B2000012220680021FFF71FFA20681149FFF702
:101B300037FA022220680021FFF716FA301C05F060
:101B4000ADFF0D4D009001912A00142103A807F06C
:101B5000DBFC206803A9FFF723FA03222068002199
:101B6000FFF702FA05492068FFF71AFA08B070BDBE
:101B7000508601106486011078860110808601105D
:101B800070B5040088B000680E1CFFF7E3F900226E
:101B900020680021FFF7E8F920681549FFF700FAEF
:101BA000012220680021FFF7DFF920681149FFF7C3
:101BB000F7F9022220680021FFF7D6F9301C05F062
:101BC0006DFF0D4D009001912A00142103A807F02C
:101BD0009BFC206803A9FFF7E3F90322206800219A
:101BE000FFF7C2F905492068FFF7DAF908B070BDC0
:101BF000C486011064860110788601108086011069
:101C000030B504008BB00068FFF7A4F9002220680B
:101C10000021FFF7A9F920681549FFF7C1F9012252
:101C200020680021FFF7A0F920681249FFF7B8F9F2
:101C3000022220680021FFF797F9A823E05805F059
:101C40002DFF0D4D009001912A00202102A807F0E0
:101C50005BFC206802A9FFF7A3F90322206800219A
:101C6000FFF782F905492068FFF79AF90BB030BDFC
:101C7000D8860110EC860110FC860110088701103F
:101C800030B504008BB00068FFF764F900222068CB
:101C90000021FFF769F920681149FFF781F9012256
:101CA00020680021FFF760F9A823E05805F0F6FE50
:101CB0000C4D009001912A00202102A807F024FC7D
:101CC000206802A9FFF76CF9022220680021FFF7C3
:101CD0004BF905492068FFF763F90BB030BDC046EA
:101CE0001C870110FC8601103087011010B504001C
:101CF00090B00068FFF72EF9002220680021FFF75E
:101D000033F920681749FFF74BF9206801220021B9
:101D1000FFF72AF9144B154A2021684607F0F4FB17
:101D200069462068FFF73CF9206802220021FFF78E
:101D30001BF90F4B0F4A202108A807F0E5FB20688C
:101D400008A9FFF72DF9032220680021FFF70CF9FD
:101D500009492068FFF724F9FA20C00004F064FB69
:101D600010B010BD84870110C87B0110948701104A
:101D70007C7B0110A0870110A887011070B58360DB
:101D8000049B0025C360264B05610362D023456197
:101D900085610577456201604260C5500433C554D2
:101DA0000433C5500433C5500433C5541D4BFE26BF
:101DB000038596239B00C36234231B4AB605066342
:101DC000C554828701220400303383630364203BBF
:101DD000C252164B210083644C23FF32C252013B96
:101DE0000365413B4365124B28318365CC3A5C3037
:101DF00005F01AFF9023E5540433E5500433E55011
:101E00000833E5509C220023A3500832A35004322B
:101E1000A3500832A350CC232000E65070BDC0462A
:101E200060EA0000D20400003250000010270000D9
:101E30000000C842134B10B5038596239B00C36274
:101E4000FE239B05036300223423C2540E4A303321
:101E50008287012283630364203BC2520B4B010043
:101E600083644C23FF32C252013B0365413B43650F
:101E7000074B28318365CC3A5C3005F0D5FE012054
:101E800010BDC046D20400003250000010270000F0
:101E90000000C84210B504000068FFF75BF800229C
:101EA00020680021FFF760F820680F49FFF778F8F5
:101EB000012220680021FFF757F820680B49FFF73F
:101EC0006FF8022220680021FFF74EF820680849C9
:101ED000FFF766F8032220680021FFF745F805495F
:101EE0002068FFF75DF810BDB8870110C4870110A6
:101EF000D4870110E8870110F8B5DE4657464546FD
:101F00004E46E0B505000F000168324807F034FE88
:101F10002868FFF71FF8002200212868FFF724F83F
:101F20002D492868FFF73CF82C4B002498462C4B91
:101F300099462C4B9A462C4B9B46661C28680021E0
:101F4000F2B2FFF711F82868A7423AD04946FFF7E6
:101F500027F82868092C38D84346A4001B599F4607
:101F60002249FFF71DF8F0BCBB46B246A946A04681
:101F7000F8BD1F49FFF714F83400DEE71D49FFF7ED
:101F80000FF83400D9E71C49FFF70AF83400D4E70A
:101F90001A49FFF705F83400CFE71949FFF700F8B1
:101FA0003400CAE71749FEF7FBFF3400C5E71649BE
:101FB000FEF7F6FF3400C0E71449FEF7F1FF3400E6
:101FC000BBE75146FEF7ECFFC3E75946FEF7E8FFD3
:101FD0003400B2E7F887011030880110CCA5011059
:101FE000448801104088011048880110CC880110F5
:101FF000C0880110B0880110A088011094880110D9
:10200000888801107C880110708801105C8801109C
:10201000F8B5904E040033680D00052B09D88E4AA0
:102020009B00D3589F46032900D1EDE0042900D13D
:1020300080E0F8BD032900D1BEE00429F9D10323D3
:102040003360864B1968FFF79BFDF2E7032900D147
:10205000F3E005230429ECD12361814B20001968AA
:10206000FFF74AFFE5E743681A697E4B18681A6074
:10207000101A05F0F1FC7C4905F0A5FC7B4F39688E
:1020800005F08AFC3860012D00D18CE0022D00D1D2
:10209000B0E0032D77D0042D00D088E0002320008D
:1020A0003360FFF7F7FEC4E7032900D1B9E0042944
:1020B000BFD1012333606D4B1968FFF721FDB8E7ED
:1020C00043681A69674B18681A60101A05F0C4FC57
:1020D000654905F078FC614F396805F05DFC3860B2
:1020E000012D57D0022D00D189E0032D3FD0042DC2
:1020F00054D1022320683360FEF72CFF00222068B1
:102100000021FEF731FF20685949FEF749FF0122FF
:1021100020680021FEF728FF20685649FEF740FF9F
:10212000206802220021FEF71FFF53492068FEF7B6
:1021300037FF7EE70068FEF70DFF002100222068D0
:10214000FEF712FF4D492068FEF72AFF0122002109
:102150002068FEF709FF4A492068FEF721FFFA20B0
:10216000800004F061F900233360053374E7A3684D
:102170005A69A023E2500433E050A03B20003360B2
:10218000FFF73EFD55E7A3685A699823E2500433F0
:10219000E050AEE7344905F0FFFB3860011C200039
:1021A000FFF7EEFC45E7304905F0F6FB3860011C0F
:1021B0002000FFF7A5FC3CE7A023C258083BC3580A
:1021C0000020D71A9A420DD09C23E1580833E058DA
:1021D00005F0DFFB051C380005F03EFC011C281C47
:1021E00005F0DDFBA823E050A33B20003360FFF7A0
:1021F00047FD1EE71C4905F0CCFB3860D7E71A49BC
:1022000005F0C7FB3860C9E7A823C358036300681B
:10221000FEF7A0FE002100222068FEF7A5FE194966
:1022200091E7A4233160C1580C4B196043681A69C7
:102230000C4B1A60FFF7A4FCFBE6012333609B33D1
:10224000C1580A4B196043681A69064B1A60FFF7B8
:1022500057FCEEE6402C0020F4A50110482C00208D
:102260004C2C00203C2C00200AD7233C442C00207E
:1022700094860110A4860110B48601105C870110B9
:102280007487011048870110F0B54546DE46574671
:102290004E46E0B52A4B8DB002AE8846320019009A
:1022A0000400A1C9A1C221C921C21433914623CB84
:1022B00023C203CB03C22068FEF74CFE002200219C
:1022C0002068FEF751FE1F492068FEF769FE1E4B8D
:1022D00000259A461D4B0193012343449B466F1CE6
:1022E00020680021FAB2FEF73FFE2068A8451CD006
:1022F0005146FEF755FE02CE2068FEF751FE3D0026
:10230000052FECD1206804220021FEF72DFE434664
:102310004A469B00D1582068FEF742FE0DB0F0BC43
:10232000BB46B246A946A046F0BD5D460199FEF700
:1023300037FE02CE2068FEF733FE052DCFD1E1E750
:1023400038A70110D8880110448801104088011076
:1023500010B5040088B00068FEF7FCFD00220021E3
:102360002068FEF701FE1A492068FEF719FE0122D7
:1023700000212068FEF7F8FD20681649FEF710FEE0
:1023800063692068092B21D8134A9B009958FEF7EE
:1023900007FE022220680021FEF7E6FD20680F49B3
:1023A000FEF7FEFD206803220021FEF7DDFD0A2175
:1023B00063690B4A0133009103A80A3107F0A4F8BE
:1023C000206803A9FEF7ECFD08B010BD0549DEE763
:1023D000EC880110CC9F011010A70110F8880110A3
:1023E000548F0110E488011070B5204D04002B7843
:1023F000002B23D0032902D0042915D070BD210061
:1024000034225C31283005F00FFC2068FEF7A2FD75
:10241000002200212068FEF7A7FD20681449FEF77E
:10242000BFFD144804F000F800232B70053323612E
:10243000114B20001968FFF75FFDDFE70068FEF72A
:1024400089FD002200212068FEF78EFD0B492068DF
:10245000FEF7A6FD012200212068FEF785FD084950
:102460002068FEF79DFD01232B70C7E7653B002028
:1024700058890110DC0500004C2C00202C8901102B
:1024800044890110F0B5CE464746040080B5006887
:1024900087B0FEF75FFD002200212068FEF764FD93
:1024A0002E492068FEF77CFD2D4B002598462D4BCC
:1024B000D02799466E1C20680021F2B2FEF754FD29
:1024C000E3592068AB4214D04146FEF769FD022D66
:1024D00014D0032D31D0012D1ED01021E36A224AE1
:1024E00002A807F011F8206802A9FEF759FD35008F
:1024F000E0E74946FEF754FD022DEAD120681B496A
:10250000FEF74EFD3423E35C2068002B24D11849EC
:10251000FEF746FD3500CDE7206B05F0BFFA154DFF
:10252000009001912A00102102A806F0EDFF20681A
:1025300002A9FEF735FD3500BCE7A36B0E4A10215A
:1025400002A806F0E1FF206802A9FEF729FD07B006
:10255000C0BCB946B046F0BD0849D9E7788901103A
:102560004488011040880110888901109C8901105D
:102570007089011090890110A48901106C890110E3
:1025800010B504008AB0042932D00068FEF7E2FCDE
:10259000002200212068FEF7E7FC19492068FEF7B9
:1025A000FFFC012200212068FEF7DEFC154A1649D7
:1025B000684606F093FF69462068FEF7F1FC0222A8
:1025C00000212068FEF7D0FC104A114905A806F04A
:1025D00085FF206805A9FEF7E3FC0021206803229F
:1025E000FEF7C2FC0B492068FEF7DAFC0AB010BD0A
:1025F00005230361084B0362FFF7AAFEF6E7C04616
:10260000B08901107C7B0110A0870110C87B0110EC
:10261000BC8901101C89011060EA000010B504009B
:1026200086B0042936D00068FEF794FC0022002111
:102630002068FEF799FC1B492068FEF7B1FC0122D7
:1026400000212068FEF790FC3C23174AE35C14212C
:1026500001A806F059FF206801A9FEF7A1FC02229B
:1026600000212068FEF780FC3D23104AE35C142122
:1026700001A806F049FF206801A9FEF791FC00219E
:1026800020680322FEF770FC09492068FEF788FCE9
:1026900006B010BD05230361064B0362FFF758FE29
:1026A000F6E7C046D4890110E8890110F8890110C5
:1026B0001C89011060EA000070B5204D0B00040079
:1026C0002968032B16D008DC012B0ED0022B08D171
:1026D000032906DC0131296003E0042B01D1052325
:1026E00023612000FFF7D0FD70BD0029F9DD01391D
:1026F0002960F6E70429F4D8114A8B00D3589F4685
:1027000015230361EDE7FFF7BDFE2968E9E7002126
:10271000FFF784FF2968E4E70068FEF71BFC00224E
:1027200000212068FEF720FC06492068FEF738FCEF
:10273000FA20800003F078FE2968D2E7382C0020C8
:102740000CA60110088A011010B5040086B00429F7
:102750002CD00369042B25D00068FEF7FBFB002278
:1027600000212068FEF700FC14492068FEF718FCE1
:10277000012200212068FEF7F7FBA368002B13D08D
:102780005B690F4A142101A806F0BEFE206801A96A
:10279000FEF706FC206802220021FEF7E5FBFA2086
:1027A00003F042FE06B010BD0023EAE705230361F3
:1027B000044B0362FFF7CCFDF4E7C046248A011006
:1027C000308A011060EA000010B5040086B00429C8
:1027D00034D00068FEF7BEFB002200212068FEF71F
:1027E000C3FB1A492068FEF7DBFB012200212068A9
:1027F000FEF7BAFB236D164A142101A806F084FEE9
:10280000206801A9FEF7CCFB022200212068FEF718
:10281000ABFB636D0F4A142101A806F075FE20681A
:1028200001A9FEF7BDFB002120680322FEF79CFBF7
:1028300009492068FEF7B4FB06B010BD052303610B
:10284000064B0362FFF784FDF6E7C0463C8A0110A1
:10285000488A0110588A01101C89011060EA0000A2
:10286000A023C258083BC35870B50400D61A9A4238
:1028700020D09C23C1580833C05805F08AF8F317BC
:10288000051CF018584005F0E7F8011C061C281C30
:1028900005F085F8A823E0500433E158301C05F01A
:1028A00092F8291C05F075F8B0230A22E050942311
:1028B000E25070BD0068FEF74DFB00220021206849
:1028C000FEF752FB09492068FEF76AFB012200214E
:1028D0002068FEF749FB06492068FEF761FBFA20F5
:1028E000C00003F0A1FD0522E1E7C046948A011073
:1028F000A88A011030B5040095B00068FEF72AFBE5
:10290000002220680021FEF72FFB20684049FEF7D7
:1029100047FB012220680021FEF726FBAC23E0588C
:1029200005F0BCF80B0002003A49684606F0D6FDF7
:1029300069462068FEF734FB022220680021FEF77A
:1029400013FBA823E05805F0A9F8B0250B000200FE
:10295000314905A806F0C2FD206805A9FEF720FB55
:10296000032220680021FEF7FFFA605905F096F86F
:1029700002000B000AA8294906F0B0FD20680AA948
:10298000FEF70EFB9C23E1580833E05805F001F8F0
:10299000011C605905F003F840002149400805F08A
:1029A00012F8051C1F4803F03FFD2068FEF7D2FA1D
:1029B000002220680021FEF7D7FA20681A49FEF7A6
:1029C000EFFA012220680021FEF7CEFA281C05F05C
:1029D00065F80B00020015490FA806F07FFD20687E
:1029E0000FA9FEF7DDFA022220680021FEF7BCFAEB
:1029F00020680F49FEF7D4FA032220680021FEF771
:102A0000B3FA0C492068FEF7CBFA15B030BDC046CA
:102A1000B48A0110C88A0110D48A0110E08A01101A
:102A20000000C842B80B0000EC8A0110FC8A0110BB
:102A30000C8B01101C8B011030B504008BB00068AA
:102A4000FEF788FA9423E3580C2B15D8D74A9B003D
:102A5000D3589F46002200212068FEF785FA20689F
:102A6000D349FEF79DFA012220680021FEF77CFA87
:102A7000D0492068FEF794FA0BB030BD00222068E0
:102A80000021FEF771FA2068CB49FEF789FA01228E
:102A900020680021FEF768FA2068C849FEF780FA2E
:102AA000022220680021FEF75FFAA823E05804F014
:102AB000F5FF0B000200C24905A806F00FFD2068D3
:102AC00005A9FEF76DFA206803220021FEF74CFAF3
:102AD000BC492068FEF764FACEE700222068002196
:102AE000FEF742FA2068B849FEF75AFA2068012238
:102AF0000021FEF739FAB5492068FEF751FABBE725
:102B0000002100222068FEF72FFAB1492068FEF765
:102B100047FA012220680021FEF726FACC23E0586C
:102B200004F0BCFF0B000200AA49684606F0D6FC80
:102B300069462068FEF734FA206802220021FEF779
:102B400013FAA368A4495A6905A806F0C7FC2068CF
:102B500005A9FEF725FA206803220021FEF704FAF2
:102B60009E492068FEF71CFA86E7002200212068B3
:102B7000FEF7FAF99A492068FEF712FA01220021BD
:102B80002068FEF7F1F99C23E05804F087FF0B0062
:102B90000200944905A806F0A1FC206805A9FEF7EB
:102BA000FFF9B823E35C002B12D005A814F086F9D6
:102BB000C023E35CC11F002B01D0043B191820681F
:102BC000C9B20122FEF7D0F987492068FEF7E8F97B
:102BD000022220680021FEF7C7F920688349FEF72A
:102BE000DFF9206803220021FEF7BEF98049206842
:102BF000FEF7D6F940E7002200212068FEF7B4F97D
:102C00007C492068FEF7CCF9012200212068FEF7FC
:102C1000ABF979492068FEF7C3F902220021206848
:102C2000FEF7A2F920687549FEF7BAF90322206879
:102C30001BE7002220680021FEF796F92068704902
:102C4000FEF7AEF9206801220021FEF78DF9A36896
:102C50006C495A699823E35805A8D21AD317D21899
:102C60005A4006F03BFC206805A9FEF799F9206858
:102C700002220021FEF778F963492068FEF790F9F7
:102C8000FAE6002100222068FEF76EF95F493DE771
:102C9000002200212068FEF767F951492068FEF7FD
:102CA0007FF9012200212068FEF75EF9A423E05895
:102CB00004F0F4FE0B0002004A49684606F00EFCE0
:102CC00069462068FEF76CF9B823E35C002B12D04C
:102CD000684614F0F3F8C023E35CC11F002B01D059
:102CE000043B19182068C9B20122FEF73DF93E499C
:102CF0002068FEF755F9022220680021FEF734F91A
:102D00009C23E1580833E05804F043FE45006D0869
:102D1000281C04F0C3FE02000B0005A83C4906F085
:102D2000DDFB206805A9FEF73BF92068002103229E
:102D3000FEF71AF93749281C246804F07BFE0028A6
:102D40002ED020003449FEF72BF995E600222068AA
:102D50000021FEF709F920683049FEF721F92068C3
:102D600001220021FEF700F92D492068FEF718F92D
:102D700082E62000FFF7BEFD7EE6002220680021EB
:102D8000FEF7F2F820682749FEF70AF920680122C9
:102D90000021FEF7E9F824492068FEF701F96BE607
:102DA00020002249FEF7FCF866E6C04620A6011086
:102DB000508B0110648B011088880110D48C011095
:102DC000E08C0110EC8C01102C8B01103C8B01105D
:102DD000788B01108C8B01109C8B0110A88B01103B
:102DE000BC8B0110CC8B0110D48B0110D88B01103F
:102DF000E88B0110FC8B01100C8C01101C8C011055
:102E00002C8C0110408C0110548C0110648C01102A
:102E1000748C01100000C842888C0110EC860110EF
:102E2000A88C0110B48C0110C48C0110988C011076
:102E300070B59425435904000E00012B00D070BDDD
:102E4000042929D00068FEF785F8002200212068B7
:102E5000FEF78AF87A492068FEF7A2F801220021DD
:102E60002068FEF781F877492068FEF799F8764BDD
:102E70001B78002BE3D06359043B082B08D8734A16
:102E80009B00D3589F46032E02D194230622E25082
:102E90002000FFF7D1FDD2E7043303616C4B0362DE
:102EA000FFF756FACBE7033E012EF1D8002390221C
:102EB000A3540432A3500432A3500832A350002379
:102EC000043AA3500832A3500432A3500832A3504E
:102ED000FE22CC239205E250C73B23615C4B2000CD
:102EE0002362FFF735FAD3E7032ED1D1A823E358A5
:102EF0000C22236394232068E250FEF72BF8002273
:102F000020680021FEF730F820685249FEF748F8A3
:102F1000012220680021FEF727F820684E49FEF7BD
:102F20003FF84E4803F080FAB2E7032E52D0731EEA
:102F3000012BADD8012E7FD049494A48A423E5583A
:102F40001C33E35C022B05D8474A9B00995804F0D8
:102F50003AFD011C281C04F01FFDA423E05097E754
:102F6000032E95D108229423E2500833E0583F49BC
:102F700004F012FDA4230022E0501C33E25487E742
:102F8000032E85D194230722E250A3685A69A02317
:102F9000E2507DE7032E19D0731E012B00D977E78D
:102FA000012E45D02E492F489C23E5582433E35C5D
:102FB000022B05D82C4A9B00995804F004FD011CF3
:102FC000281C04F0E9FC9C23E05061E794230522CF
:102FD000E2505DE79C23E1580833E05804F0D9FC47
:102FE00040002249400804F025FD002806D0942323
:102FF00009222000E250FFF733FC49E72068FDF783
:10300000A9FF002220680021FDF7AEFF20681849C3
:10301000FDF7C6FF012220680021FDF7A5FF20680B
:103020001449FDF7BDFFFA20C00003F0FDF92FE7BA
:10303000FE2011498005B7E7FE200F4980057DE796
:10304000688A0110788A01106B3B002054A6011099
:1030500060EA000088880110288D0110DC0500005E
:103060000AD723BC000080BFF8A601100000C842A8
:10307000008D0110148D01100AD7233C902310B548
:103080000400C25C04292DD0032904D0002A48D0B2
:10309000FFF7CEFE10BD002A59D10239C154942346
:1030A000C1502033C250FE220433C1549205143360
:1030B000C25003F0CFFA00294DD0FA22002392002B
:1030C00003F064FEC423E050636820681A69C823D3
:1030D000E250226B1C3BE250FDF73CFF2000FFF763
:1030E000ABFCD7E7002A14D00022C2540433C250EC
:1030F0000433C2500833C25000239C32835008323C
:1031000083500432835008328350FE22CC23920530
:10311000C25005232361124B20002362FFF718F9E8
:10312000B8E70068FDF716FF002220680021FDF7D0
:103130001BFF20680B49FDF733FF206802220021A6
:10314000FDF712FF08492068FDF72AFFA2E70321D7
:10315000FFF76EFE9EE7FA21890003F0D9FDB1E783
:1031600060EA00000C8901101C890110F0B5DE46F0
:1031700057464E4645460400E0B5284883B006F061
:1031800077FC2068FDF7E6FE002200212068FDF7AD
:10319000EBFE234B206819009A46FDF701FF012240
:1031A00000212068FDF7E0FE1E492068FDF7F8FECB
:1031B000022200212068FDF7D7FEDD2398461A4B36
:1031C00000259946194BD4269B46194FA0444346E7
:1031D000A25D5B5DAA421FD04A46042101A806F009
:1031E00093F9206801A9FDF7DBFE0135390020685D
:1031F000FDF7D6FE042DEAD1032220680021FDF759
:10320000B3FE51462068FDF7CBFE03B0F0BCBB46D1
:10321000B246A946A046F0BD5A46DEE7348D0110FD
:1032200038820110588D0110708D0110688D0110C9
:10323000F8910110F0B5DE4657464E464546E0B5DA
:1032400006008BB01F0014AB1C7800688A469146BC
:10325000FDF780FE306800220021FDF785FE306812
:10326000002C52D000254B49FDF79AFE0122002187
:103270003068FDF779FE48493068FDF791FE05ABEF
:10328000180014220021984604F0C8FC434B03ACFC
:103290009A46434B9B46434B01934A466B00D25A96
:1032A000BD4217D05146200006F018F9032D27D053
:1032B000200013F003FE02225946201804F0B4FC4B
:1032C0002100404613F040FC4A4601356B00D25ABB
:1032D000BD42E7D10199200006F000F90135210037
:1032E000404613F031FC042DD7D141463068FDF73C
:1032F00057FE0BB0F0BCBB46B246A946A046F0BD97
:103300002100404613F020FCEFE700252649FDF799
:1033100047FE012200213068FDF726FE1E49306875
:10332000FDF73EFE05AB180014220021984604F07C
:1033300075FC1A4B03AC9946194B9B46194B0193EC
:1033400052466B00D25ABD4217D04946200006F0C3
:10335000C5F8032DD4D0200013F0B0FD0222594649
:10336000201804F061FC2100404613F0EDFB5246AA
:1033700001356B00D25ABD42E7D10199200006F019
:10338000ADF801352100404613F0DEFB042DD7D106
:10339000ABE7C046008E0110108E0110648A011048
:1033A000F8910110688D0110188E0110F0B5CE460D
:1033B000474680B5040083B0032937D020DC0129BB
:1033C00000D184E0022916D1804A814B12781B7803
:1033D000002A00D195E07F4E5A00B15A09200029F9
:1033E00001D0013988B2B0520122200000927A49FE
:1033F0003200FFF71FFF03B0C0BCB946B046F0BDB6
:103400000429F8D1724A714913780878002B00D04A
:10341000A5E0002853D00B70032120001170009309
:103420006C4A03236C49FFF705FFE4E7684F674ADE
:103430003B7890461078022B00D886E0002800D117
:10344000B9E0654D634E2B88328894469A4200D08D
:1034500089E072886B8891469A4200D083E0AA88FE
:10346000B388934200D07EE0E988F28820688A42DF
:103470007AD1FA216546890069434E466425754331
:103480004919521899005B185B00D2182285FDF784
:1034900061FD002200212068FDF766FD4F4920688C
:1034A000FDF77EFD012200212068FDF75DFD20680B
:1034B0004B49FDF775FDFA20C00002F0B5FF05236A
:1034C0002361484B20002362FEF742FF93E73F4A07
:1034D0003F4B10781B78002824D0092500203D4E52
:1034E0005F00F25B013292B295424041404202409D
:1034F0003948F2530091320001002000FFF79AFE94
:1035000079E7354D5A00A95A0920002901D001391F
:1035100088B20021A8520091200029002D4AFFF70F
:1035200089FE68E7092106002B4D5F00EA5B013246
:1035300092B29142464171420A40EA5329000090FA
:10354000244A2000FFF776FE55E70133DBB23B70DB
:103550000090204A20002049FFF76CFE4BE7013B1A
:10356000DBB21370F4E72068FDF7F4FC002220685A
:103570000021FDF7F9FC20681B49FDF711FD012230
:1035800020680021FDF7F0FC18492068FDF708FDD0
:10359000FA20C00002F048FF002342463B7013703F
:1035A0002B606B6033607360320029002000009351
:1035B000FFF740FE1FE701233870137020000093CF
:1035C000044A00230449FFF735FE14E7643B00205A
:1035D000633B00200827002000270020248E0110D4
:1035E000388E011060EA0000488E01105C8E0110D8
:1035F00010B5040088B001681F4806F0BDFA2068C5
:10360000FDF7A8FC002200212068FDF7ADFC1B4956
:103610002068FDF7C5FC012200212068FDF7A4FC0D
:1036200020681749FDF7BCFCA3692068022B21D84C
:10363000144A9B009958FDF7B3FC02222068002130
:10364000FDF792FC20681049FDF7AAFC20680322D0
:103650000021FDF789FC0321A3690C4A0133009185
:1036600003A8113105F050FF206803A9FDF798FC6D
:1036700008B010BD0649DEE7708E01109C8E011067
:10368000CC9F011004A70110F8880110548F01107D
:10369000E488011010B5040086B0154806F0E8F97A
:1036A00001232377236100232068A361FDF752FCE7
:1036B000002220680021FDF757FC20680D49FDF726
:1036C0006FFC206801220021FDF74EFC0A4A0B49DD
:1036D00001A805F003FF01A92068FDF761FCFA20AD
:1036E000800002F0A1FE2000FFF782FF06B010BDAF
:1036F000A88E0110E48E01107C7B0110F48E011065
:1037000010B5040086B003294AD012DC012940D04C
:10371000022939D1354A1368082B35DC013313608F
:103720002369052B33D1314B20001968FEF7E4FBE8
:103730002DE0042928D12E4806F09AF90123237799
:10374000236100232068A361FDF704FC002200210F
:103750002068FDF709FC27492068FDF721FC0122BC
:1037600000212068FDF700FC234A244901A805F048
:10377000B5FE206801A9FDF713FCFA20800002F0D5
:1037800053FE2000FFF734FF2369052BCBD006B092
:1037900010BD164A1368002BF6DD013B1360F3E7FA
:1037A000124B1B68092BEFD8154A9B00D3589F4634
:1037B00014230361EBE706230361FEF76BFBE3E7EA
:1037C0000C230361E3E70E230361E0E70F230361AA
:1037D000DDE710230361DAE711230361D7E715233F
:1037E0000361D4E712230361D1E7C0464C2C0020CB
:1037F000A88E0110E48E01107C7B0110F48E011064
:1038000078A6011030B5040087B0032947D017DC33
:103810004B1E012B12D8D423C35CC3181A00DD320F
:103820001278012900D187E00921002A01D0013A4C
:10383000D1B2DD3320001970FFF798FC07B030BD1E
:103840000429FBD1D423C55C002D70D1634806F058
:103850000FF90123A561237723612068FDF77AFB27
:10386000002220680021FDF77FFB20685C49FDF7FE
:1038700097FB206801220021FDF776FB594A5A493F
:1038800001A805F02BFE206801A9FDF789FBFA20AD
:10389000800002F0C9FD2000FFF7AAFECEE7D42287
:1038A000835C022B51D9032BC8D1DA33C35C012BC3
:1038B00050D1DE23C35C022B4CD1DF23C35C032B2E
:1038C00048D1E023C35C0068042B44D10523236165
:1038D000FDF740FB002200212068FDF745FB43492E
:1038E0002068FDF75DFB012200212068FDF73CFB0D
:1038F0003F492068FDF754FB022200212068FDF7B4
:1039000033FB384A3B4901A805F0E8FD206801A9CE
:10391000FDF746FB384802F087FD2369052B00D0F0
:103920008CE7364B20001968FEF7E6FA86E7013D82
:10393000C554FFF71BFC81E70132D1B209200022F8
:10394000884252415242114073E701338354FFF7DA
:103950000DFC73E72068DC25635D01336355FDF7DB
:10396000F9FA002200212068FDF7FEFA24492068B8
:10397000FDF716FB012200212068FDF7F5FA625DD4
:10398000022A19D803231F4901A805F0A7FD2068C2
:1039900001A9FDF705FB184802F046FD0023D422DB
:1039A000A3540932A3540132A3520022E033200071
:1039B000E254FFF7DBFB41E713492068FDF7F0FA1B
:1039C000FA20C00002F030FD044806F051F801234F
:1039D000237723610023A3613FE7C046A88E01102F
:1039E000E48E01107C7B0110F48E0110F88E011022
:1039F000088F01101C8F0110DC0500004C2C0020EA
:103A0000288F01104C8F01103C8F011010B504005D
:103A10000068FDF79FFA002220680021FDF7A4FA54
:103A200020680F49FDF7BCFA012220680021FDF74C
:103A30009BFA20680B49FDF7B3FA022220680021A7
:103A4000FDF792FA20680849FDF7AAFA03222068D8
:103A50000021FDF789FA05492068FDF7A1FA10BD9C
:103A60005C8F0110708F0110788F0110888F01100A
:103A700010B5040003292DD00CDC012920D0022927
:103A80001DD18369022B31D001332000A361FFF7E0
:103A9000AFFD14E0042912D10023206823772361AD
:103AA000FDF758FA002200212068FDF75DFA206832
:103AB0001149FDF775FAFA20400002F0B5FC10BD7F
:103AC00082690223002AE0D0531E2000A361FFF781
:103AD0008FFDF4E78369012B0AD0022BDCD0002B89
:103AE000EDD102330361FFF791FFE8E70023CCE754
:103AF000FEF7FCF8E3E7C046C8890110036910B57A
:103B0000152B05D8224A9B00D3589F46FEF76CFC24
:103B100010BDFFF74BFCFBE7FFF7AAFFF8E7FFF745
:103B200071FEF5E7FFF7ECFDF2E7FEF771FAEFE75C
:103B3000FEF7C2FDECE7022922D0042919D00129A1
:103B400005D1D0228358002B01DD013B8350FEF7C5
:103B500099FCDDE7FEF762FDDAE7FEF711FDD7E736
:103B6000FEF7F2FDD4E7FFF789FAD1E7FEF72CFE66
:103B7000CEE705230361074B0362FEF7E9FBC7E7C6
:103B8000D0228358022BE2DC01338350DFE7C046AA
:103B9000A0A6011060EA0000F8B5DE464E46454694
:103BA00057460400E0B50D001600017F02696D481C
:103BB00005F0E2FF237F002B05D1F0BCBB46B246E7
:103BC000A946A046F8BD2169674805F0D5FF674BB7
:103BD0009F6A9023E35C002B45D12369042B20D0FE
:103BE0006068FDF729FF2169042910D00121002810
:103BF00003DD2000FFF782FFDFE700280FD1002D53
:103C000000D1A3E003212000FFF778FFD5E7002DC6
:103C1000F8D1002EEDD103390028EADCCDD0022105
:103C2000E7E7D433E358FF1A514B9F42D8D92068B5
:103C3000FDF790F9002200212068FDF795F94D4924
:103C40002068FDF7ADF9012200212068FDF78CF90D
:103C500049492068FDF7A4F9484802F0E5FB002334
:103C600023772361BCE702F0F5FC002963D0FA2238
:103C70000023920003F08AF8B422FA21A3584900E5
:103C8000C31A8B420CD9B8239946E35C98460123AA
:103C90009C464146634659400B0049466354A05038
:103CA00094230422E3589343032B96D102F0D2FCD1
:103CB000002945D0FA220023920003F067F88046DD
:103CC000636842461B699A46C423E358D31A99464F
:103CD000322B82D9C823E0585346181A03F0BCFE91
:103CE000274903F070FE8346484603F0B0FE011CEE
:103CF000584603F054FE400043082249181C9946D8
:103D000003F0A0FE002826D148461F4903F09AFE82
:103D1000002822D148461D4903F094FE00281ED1F8
:103D2000FE229205CC23E2504246083BE250524626
:103D30000433E25051E7FA21890002F0E9FF9BE7E2
:103D4000FA21890002F0E4FF8046B9E70331002E32
:103D500000D04EE731E70C4AE4E70C4AE2E7802264
:103D6000D205DFE7948F0110E08F0110004005407D
:103D700080C3C901DC8D0110F08D0110DC0500004D
:103D800000007A440000A041000020410000A04053
:103D9000F0B5C646040000B51F4805F069FE1F488F
:103DA00005F066FE01230025D8262377033323611F
:103DB00098461B4FD833E554BB6A1A48A35105F007
:103DC00057FED4230022E5540933E5540133E5526C
:103DD0000233E25443462361BB6A2068A351FDF7D6
:103DE000B9F8002220680021FDF7BEF820680E49CE
:103DF000FDF7D6F8012220680021FDF7B5F80B4940
:103E00002068FDF7CDF80A4805F032FE2000FFF7E4
:103E1000ADF980BCB846F0BD1C9001106090011057
:103E2000004005408C900110788D0110888D0110A4
:103E3000988D011000230160037183607047C046B4
:103E400070B504000068FDF785F8002220680021A5
:103E5000FDF78AF8114D20682900FDF7A1F801222D
:103E600020680021FDF780F820680D49FDF798F8DB
:103E7000022220680021FDF777F829002068FDF76D
:103E80008FF8032220680021FDF76EF805492068AD
:103E9000FDF786F8044802F0C7FA70BDA091011042
:103EA000CC910110E8910110DC05000030B5040050
:103EB0008BB00068FDF74EF8002220680321FDF763
:103EC00053F820681C49FDF76BF81C4A1C496846EA
:103ED00005F004FB684612F0F1FF1425291A491079
:103EE00001222068C9B2FDF73FF869462068FDF756
:103EF00057F8144A144905A805F0F0FA05A812F07D
:103F0000DDFF291A491002222068C9B2FDF72CF8FA
:103F1000206805A9FDF744F8032220680221FDF777
:103F200023F80A492068FDF73BF8FA20C00002F0A8
:103F30007BFA0BB030BDC046FC9101107C7B0110B8
:103F40000C9201101892011024920110309201106D
:103F5000F0B5D64646464F4604000D00C0B5006891
:103F60008CB01600FCF7F6FF002203212068FCF756
:103F7000FBFF4C492068FDF713F80122002120685F
:103F8000FCF7F2FF2A00484906A805F0A7FA2068C6
:103F900006A9FDF705F8FA21444B8900986A02F05A
:103FA000B7FEA368C31AC72B05D903232279A060E3
:103FB000013213402371012210212068FCF7D4FF45
:103FC0003B4B2279196820688918FCF7E9FF00212A
:103FD00020680222FCF7C8FF36492068FCF7E0FFA2
:103FE000632E30D90025344F013539002068EDB2F9
:103FF000FCF7D6FF122DF7D120683049FCF7D0FF2F
:10400000206803220021FCF7AFFF32002C4901A8F1
:1040100005F064FA01A812F051FF1421091A4910A1
:1040200003222068C9B2FCF79FFF206801A9FCF7B2
:10403000B7FF9620400002F0F7F90CB0E0BCBA469A
:10404000B146A846F0BDF00080196421400002F09E
:1040500037FEC3B298460025002818D1194B1A4FD5
:104060009A4601234344994606E001353900EDB2F2
:10407000FCF796FF122DBFD02068A845F5D1514618
:10408000FCF78EFF4B46DDB2122DF5D1B4E70A4F97
:10409000013539002068EDB2FCF782FFA845F7D85A
:1040A0004546DBE740920110509201100040054068
:1040B000B4200020589201105C800110DCA1011096
:1040C0005C920110CC9F0110F8910110F0B5160020
:1040D00004000D0087B0012200210068FCF744FFB6
:1040E000002E0FD01C492A0068461C4B05F0F6F93B
:1040F00069462068FCF754FFFA20400002F094F96A
:1041000007B0F0BD2A000325154B1349684605F09A
:10411000E5F969462068FCF743FF124F124E012271
:1041200013212068FCF720FF39002068FCF738FFD6
:10413000C82002F079F9012213212068FCF714FF4E
:1041400031002068FCF72CFF013DC82002F06CF91B
:10415000002DE4D1D0E7C046709201106C9201109E
:104160007C920110B08A0110F8910110F8B5CE468A
:104170004746040080B50068FCF7ECFE00220421ED
:104180002068FCF7F1FE304B206819009946FCF7D7
:1041900007FF012202212068FCF7E6FE2B4B206876
:1041A00019009846FCF7FCFE022203212068FCF768
:1041B000DBFE274F20683900FCF7F2FE03220321C3
:1041C0002068FCF7D1FE234E20683100FCF7E8FEA2
:1041D00002259620400002F027F92068FCF7BAFE7D
:1041E000C82002F021F9002204212068FCF7BCFE5F
:1041F00049462068FCF7D4FE012202212068FCF722
:10420000B3FE41462068FCF7CBFE02220321206862
:10421000FCF7AAFE39002068FCF7C2FE03212068E3
:104220000322FCF7A1FE31002068FCF7B9FE012D46
:1042300007D1FA20800002F0F7F8C0BCB946B046BA
:10424000F8BD0125C5E7C046849201109092011087
:10425000A0920110B0920110F8B5C4230600CE461A
:1042600047469946CA36040080B5BE2200218144E3
:10427000300003F0D3FCC423604A0127E250082237
:104280000433FF32E2521833ED32E250FE239B0535
:104290009846E4234246C021E250EC220433E7541E
:1042A000843BA35049000432A15255490432A15025
:1042B00054490432A15254490432A1500432A75443
:1042C0000432A35020000222A433FF320D30E25208
:1042D0000021E13AFF3003F0A1FC9C2342465B0041
:1042E000E2503E23494AFF33E7540333E2500222AF
:1042F0004F4601200433E2544549464B3A78013792
:10430000534002001A4052425B080A405A4093B29E
:10431000024052425B080A405A4093B20240524265
:104320005B080A405A4093B2024052425B080A407E
:104330005A4093B2024052425B080A405A4093B23C
:10434000024052425B080A405A4093B20240524235
:104350005B080A405A4095B2024053420B406A083B
:1043600053409BB2BE42C9D12700260001208937A5
:10437000284A2749CC36FF373578013655400200A8
:104380002A4052426D080A406A4095B202405242A9
:104390006D080A406A4095B2024052426D080A40D8
:1043A0006A4095B2024052426D080A406A4095B296
:1043B000024052426D080A406A4095B202405242A1
:1043C0006D080A406A4095B2024052426D080A40A8
:1043D0006A4095B2024052420A406D086A4092B269
:1043E000B742C9D15A40CA234946E2522000C422EA
:1043F00003F01AFCC0BCB946B046F8BD4C5245505B
:1044000030750000D204000060EA0000E093040070
:1044100001A0FFFFFFFF0000F0B5DE4657464E4605
:104420004546E0B5824683B0DD4805F021FBDD4816
:1044300005F01EFBDC4CC4222000DC4903F0F4FB39
:10444000DB4B22689A4200D080E08423A2885B0084
:104450009A427BD225000120D64AD749A61D2B7847
:1044600001355A40030013405B4252080B40534051
:104470009AB203405B4252080B4053409AB2034049
:104480005B4252080B4053409AB203405B425208D1
:104490000B4053409AB203405B4252080B405340DA
:1044A0009AB203405B4252080B4053409AB2034019
:1044B0005B4252080B4053409AB203405B420B40B0
:1044C00052085A4092B2AE42C9D126000120BB4DDB
:1044D000B84FB949C4362B7801355F4003003B40E3
:1044E0005B427F080B407B409FB203405B427F08EA
:1044F0000B407B409FB203405B427F080B407B40F8
:104500009FB203405B427F080B407B409FB2034059
:104510005B427F080B407B409FB203405B427F08B9
:104520000B407B409FB203405B427F080B407B40C7
:104530009FB203405B420B407F085F40BFB2B54271
:10454000C9D1E3885740BB4200D1FCE09C4805F04C
:104550008FFA9C4B822699469B4B002598469B4B95
:10456000F6020093924B9B464B4601933200290082
:10457000019805F001FB2900404605F0FDFA802373
:104580005B05F118C422200003F04EFB0122290034
:10459000009805F0F1FA23685B4500D086E084229C
:1045A000A3885200934200D380E0A31D99462700C0
:1045B0000120804A80493B7801375A40030013406C
:1045C0005B4252080B4053409AB203405B42520890
:1045D0000B4053409AB203405B4252080B40534099
:1045E0009AB203405B4252080B4053409AB20340D8
:1045F0005B4252080B4053409AB203405B42520860
:104600000B4053409AB203405B4252080B40534068
:104610009AB203405B420B4052085A4092B24F4557
:10462000C9D1C423654F9946624B944601203A0094
:104630001F006149A144137801325F4003003B40F1
:104640005B427F080B407B409FB203405B420B40C4
:104650007F085F40BBB207407F425B080F405F406E
:10466000BBB207407F425B080F405F40BBB20740D0
:104670007F425B080F405F40BBB207407F425B0850
:104680000F405F40BBB207407F425B080F405F4076
:10469000BBB207407F420F405B085F40BFB24A4554
:1046A000C9D16246E1887A40914212D080235B01F1
:1046B0009C4601356644032D00D057E7444805F079
:1046C000D7F9002003B0F0BCBB46B246A946A046CD
:1046D000F0BDE3693F4A643B9342E7D8236A3E4911
:1046E000181C994603F0A6F90028DFD048463B493C
:1046F00003F098F90028D9D0A36A394A0A3B9342BB
:10470000D4D8A38E374A013B9BB29342CED829001E
:10471000354805F031FAC4222100504603F084FAEE
:10472000EFF3108472B6802180204901C00213F09B
:1047300033F98020C4225146C00213F0F5F884F307
:1047400010880120BEE7E369224A643B934200D906
:10475000FCE6256A2049281C03F06CF9002800D1EA
:10476000F4E61E49281C03F05DF9002800D1EDE6AF
:10477000A36A1B4A0A3B934200D9E7E6A38E194A73
:10478000013B9BB2934200D9E0E6184805F070F96E
:10479000C4222100504603F047FA012092E7C046A8
:1047A000C8920110F8920110742B00200000041030
:1047B0004C524550FFFF000001A0FFFF7C2B002062
:1047C00094930110CC930110109401106094011087
:1047D000F0940110AC260000CDCCCC3D0000484246
:1047E000DE0300000E270000B8940110389301107A
:1047F000F8B504005C4805F03BF9A3685B48013359
:10480000A36005F035F901F025FF002900D1A5E0EE
:10481000FA220023920002F0B9FAE060544805F051
:1048200027F9236953480133236105F021F9250055
:104830000120514B5149A61D2A78013553400200F1
:104840001A4052425B080A405A4093B20240524218
:104850005B080A405A4093B2024052425B080A4049
:104860005A4093B2024052425B080A405A4093B207
:10487000024052425B080A405A4093B20240524200
:104880005B080A405A4093B2024052425B080A4019
:104890005A4097B2024053420B407F087B409BB284
:1048A000B542C9D1250026000120334F33490835D0
:1048B000C4362A780135574002003A4052427F08F8
:1048C0000A407A4097B2024052427F080A407A403A
:1048D00097B2024052427F080A407A4097B20240A3
:1048E00052427F080A407A4097B2024052427F0803
:1048F0000A407A4097B2024052427F080A407A400A
:1049000097B2024052427F080A407A4097B2024072
:1049100052420A407F085740BFB2AE42C9D15F4001
:10492000E780174805F0A4F8164805F0A1F8EFF362
:10493000108572B6802180204901C00213F02CF846
:104940008020C4222100C00212F0EEFF85F31088FF
:1049500001210D4805F010F90120F8BDFA21890068
:1049600002F0D6F959E7C046309501106495011060
:10497000A4950110E0950110FFFF000001A0FFFFCA
:104980002896011068960110A8960110F0B5C64649
:1049900000B58368C0B0013383600400884601F02D
:1049A00059FE002900D19BE0FA220023920002F078
:1049B000EDF9E060260001204C4B4D49A71D3278EF
:1049C0000136534002001A4052425B080A405A40E6
:1049D00093B2024052425B080A405A4093B20240EE
:1049E00052425B080A405A4093B2024052425B086E
:1049F0000A405A4093B2024052425B080A405A4071
:104A000093B2024052425B080A405A4093B20240BD
:104A100052425B080A405A4095B2024053420B4052
:104A20006A0853409BB2BE42C9D12600270001202C
:104A30002E4A2F490836C4373578013655400200D2
:104A40002A4052426D080A406A4095B202405242E2
:104A50006D080A406A4095B2024052426D080A4011
:104A60006A4095B2024052426D080A406A4095B2CF
:104A7000024052426D080A406A4095B202405242DA
:104A80006D080A406A4095B2024052426D080A40E1
:104A90006A4095B2024052420A406D086A4092B2A2
:104AA000B742C9D15A40E280FF213C2231A803F02D
:104AB000B5F8C4222100684603F0B6F8EFF310847D
:104AC00072B6F0208022000669464044520012F07F
:104AD0002BFF84F31088012040B080BCB846F0BDA5
:104AE000FA21890002F014F963E7C046FFFF0000D5
:104AF00001A0FFFFF8B5DE46574645464E46E0B5F5
:104B00000500ED4804F0B4FFC4239A4606339846E6
:104B1000A844BE220021404603F080F8C423E74A9F
:104B2000FE26EA5008220124C0210433FF32EA5253
:104B30001833ED32EA50B6050433EE50093A043327
:104B4000EC54FF3A843BAB5049000432A952DC4993
:104B50000432A950DB490432A952DB490432A9507E
:104B60000432AC540432AB500222A433FF32EA5276
:104B700004339B46AB440021E13A584603F04EF81B
:104B80009C235B00EE503E23D04AFF33EC540333AA
:104B9000EA5002220433EA54CD4BAA445746504609
:104BA000012144461E00CB4A037801305E400B00D1
:104BB00033405B427608134073409EB20B405B4229
:104BC0007608134073409EB20B405B427608134058
:104BD00073409EB20B405B427608134073409EB216
:104BE0000B405B427608134073409EB20B405B4221
:104BF0007608134073409EB20B405B427608134028
:104C000073409EB20B405B42134076085E40B6B2E2
:104C10008442C9D1C42252009146AD4A33002E00CD
:104C200010002A00A944CC36A0469C464D460124DB
:104C300033009146A7491A780133504022000240C0
:104C4000524240080A40424090B2224052420A403A
:104C50004008504082B22040404252080840504034
:104C600082B22040404252080840504082B2204068
:104C7000404252080840504082B220404042520810
:104C80000840504082B22040404252080840504004
:104C900082B22040404208405208504080B2AB42AD
:104CA000C9D149466346CA22A9460D0043408B52EA
:104CB00028005146063A02F0B7FF874804F0D8FEB4
:104CC0002800FFF7A9FB002824D0844804F0D0FE78
:104CD000C4235B00EC5201F0BDFC002900D107E1C8
:104CE000FA220023920002F051F8CA23CC22CE24EB
:104CF0005B00E8505200AB5879480133AB50640078
:104D000004F0B6FE2B5D002B00D0F6E0754804F0F1
:104D1000AFFECAE0744804F0ABFEBE22002140465C
:104D200002F07CFFC423654AFE24EA5008220433C3
:104D3000FF32EA5201201833ED32EA50C021EC2252
:104D4000A4050433EC500433E854843BAB504900D1
:104D50000432A9525A490432A9505A490432A9527C
:104D600059490432A9500432A8540432AB500222EB
:104D7000A433FF32EA520021E13A584602F04EFFD6
:104D80009C235B00EC503E230120504AFF33E85443
:104D90000333EA50022244460433EA544D494C4A54
:104DA0003B7801375A40030013405B4252080B40E6
:104DB00053409AB203405B4252080B4053409AB2B0
:104DC00003405B4252080B4053409AB203405B429F
:104DD00052080B4053409AB203405B4252080B40CA
:104DE00053409AB203405B4252080B4053409AB280
:104DF00003405B4252080B4053409AB203405B426F
:104E00000B4052085A4092B2BC42C9D1304B0120EB
:104E10004C461F002F49337801365F4003003B406A
:104E20005B427F080B407B409FB203405B427F08A0
:104E30000B407B409FB203405B427F080B407B40AE
:104E40009FB203405B427F080B407B409FB2034010
:104E50005B427F080B407B409FB203405B427F0870
:104E60000B407B409FB203405B427F080B407B407E
:104E70009FB203405B420B407F085F40BFB2A64237
:104E8000C9D1CA237A405146EA522800C42202F00E
:104E9000CBFEC42302225B00FF322800EA52FFF758
:104EA000A7FC0121114804F067FE0120F0BCBB46BD
:104EB000B246A946A046F8BDEC9601104C524550AA
:104EC00030750000D204000060EA0000E0930400A6
:104ED000FFFF000001A0FFFF249701105C97011065
:104EE000989701101898011048980110BC9801106B
:104EF000FA21890001F00CFFF7E61D4804F0B8FD27
:104F0000C4235B00EB5C002B00D1FFE62B5D002B84
:104F100000D1FBE601F09EFB002923D0FA220023FA
:104F2000920001F033FF0400AB69124AE31A934286
:104F300000D8EBE603272B7D802101331F403E0084
:104F4000F023403636031B06F018490112F024FD09
:104F50002B693100013328002F75AC612B61FFF7FD
:104F600015FDD3E6FA21890001F0D2FE0400DBE74B
:104F7000D89701107FEE3600F0B5C64600B50400A4
:104F800001F068FB002939D0FA220023920001F0D9
:104F9000FDFE0500CC267600A359002B07D0CA23BE
:104FA000FA225B00E358D200EB1A93425FD2CE2282
:104FB000C4235200A25C5B00E35C002A04D0D02230
:104FC0005200A158A9421FD9002B14D07923E35CC9
:104FD000002B10D08A23FF33E35C002B04D19933DC
:104FE000FF33E358002B06D0C6235B00E358ED1ACD
:104FF000E36F9D4246D280BCB846F0BDFA218900DD
:1050000001F086FE0500C5E7002B3FD001F022FB32
:10501000002940D0FA220023920001F0B7FE0600DA
:10502000A369204AF31A934218D90323227D8021D1
:10503000013213401F009846F02340371B063F0300
:10504000F818490112F0A8FC43462375236939007A
:1050500001332000A6612361FFF798FCC423D0210F
:10506000114A5B004900AA18E35C6250ACE78A234E
:10507000FF33E35C002B9AD02000FFF7B9FB00233D
:10508000A35194E72000FFF7B3FBB4E7064B9C461F
:105090006544A550AFE7FA21890001F039FE06000A
:1050A000BEE7C0467FEE3600C0270900C4220023B9
:1050B00001210948520010B5835204328350043252
:1050C00083500432835004328350043281540432BA
:1050D0008350FFF7C1F810BD48350020D0231B06D0
:1050E0001B68AC4A9900F0B5DE468B4651585A42CF
:1050F00053412F2257464E4645465B4293439A46BC
:10510000A54BE0B59C4683B000260191E2440029FE
:1051100038D0A24B99465246F30808339B009D585D
:105120000123340098460836002D22D00F2120009C
:10513000294001342D09002919D04B465A469A5866
:105140000300C240203BDB171340424613420CD100
:1051500007220F000240920097403A00C308904F88
:105160003C339B00DA51019B9847002D01D0B4429B
:10517000DCD3202ECFD103B0F0BCBB46B246A9464B
:10518000A046F0BD854E5F4600210F23B346CC08F4
:1051900022005046083292001258002A00D1D0E076
:1051A000180010408046100913421AD05D46ED5990
:1051B000A94620256D42AC468C446546ED17AC46A9
:1051C0004D46CD40A94665464E46354001263542FE
:1051D00004D14646724D3C34A4006651002800D1EB
:1051E000AFE01C000440A446140A03421AD0481C35
:1051F00080465846C059464681464D460800F5400F
:105200001F38C01728400125284208D165462D01C6
:10521000AC46F0086646624D3C3080004651002C9A
:1052200000D18EE0180020408446100B234211D09C
:105230008C1CA0465C46E4594646A1464D460C00EF
:10524000F5401E3CE4172C4001252C4200D182E0A1
:10525000002876D01C000440A446140C034210D051
:10526000C81C80465846C059464681464D460800EF
:10527000F5401D38C01728400125284275D0002C64
:105280005FD0180020408046100D23420ED00C1D28
:10529000A4466546414CE459EC40A1460C004D46FD
:1052A0001C3CE40F2C426AD000284AD01C00044069
:1052B000A446140E034218D0481D80464546374880
:1052C000C059E840814608004D461B38C00F2842AF
:1052D00009D165462D05AC4640466646C008304DAE
:1052E0003C3080004651002C2BD0180020408446D2
:1052F000120F23422AD029488C1D8146C059E04014
:105300008046080045461A38C00F284206D1E008FA
:105310006446234D3C30240680004451002A10D0BE
:105320004846C059CC1DE0408446080065461938FF
:10533000C00F284205D1E0083C30194C120780000C
:1053400002510831202900D021E714E7002AF8D0C3
:1053500012488146E4E765462D02AC46F4086646ED
:105360000F4D3C34A400665172E765462D03AC46F0
:10537000F00866460A4D3C30800046517FE74546BE
:105380002D04A84664464646E408054D3C34A40076
:10539000665189E7D034002030410140303B002085
:1053A00000400140094A83009A1810B51468402251
:1053B000544080322240064CC000A44663441A6028
:1053C000044B9C466044416010BDC04604C001408F
:1053D00004D0014000400140074B8000C3181B6807
:1053E000C90092000A435A400C231340034A9446D2
:1053F000604403607047C04604C0014004D00140CF
:10540000D0231B061B6830B50500584243412F20AE
:105410005B4283430E48EC08844607202840800006
:10542000814020000B4D3C3063448000A40041517A
:105430001B19002A05D0802292019446634419600A
:1054400030BDC0229201944663441960F8E7C0461B
:105450003041014000400140F8B545469846D02310
:105460001B06DE461C689B462B4B57469A46A300FC
:105470004E469946E0B5534616004A469B580700EB
:105480000D00002B34D04346002B3FD053464A46F4
:1054900041469950D0231B061C6863425C412F2271
:1054A0000720634293431D4A38409446FA0811008E
:1054B000800085403C311A486344890092000D50B9
:1054C0009B18002E0ED08022920194466344012145
:1054D0000D201D6000F020F9F0BCBB46B246A94685
:1054E000A046F8BDC0229201944663441D60F3E7D4
:1054F0004346002BD1D0534641460D2099500022FF
:10550000084900F06BF95B461C68C6E70D200549A9
:1055100000F05EFABAE7C046D034002030410140C6
:1055200000400140DD5000100123D02283401206CC
:1055300093629361094A83009A181168402251408E
:1055400080320A400649C0008C4663441A60054B0D
:105550009C460523604443607047C04604C0014038
:1055600004D00140004001408023DB051868000F93
:105570007047C0460FB400B5084883B004F078FA0D
:10558000049B002B07D005A91800019103F0E2FF4E
:10559000034804F06DFA012003F0F4FF189901109C
:1055A0000C940110EFF3108072B6034A1368002BBD
:1055B000FCD0BFF35F8F70472C0100D0BFF35F8F2B
:1055C0000022024B1A6080F3108870472C0100D033
:1055D00070B5EFF3108C72B60D4D2B68002BFCD01C
:1055E000BFF35F8F0724CB08C618C05C01230C40B3
:1055F000A3401C000440034207D118433070BFF39E
:105600005F8F2C608CF3108870BD1000FFF7B2FF25
:105610002C0100D0F8B54746CE46884680B5EFF35A
:10562000108C72B61C4D2C68002CFCD0BFF35F8F21
:105630009A4222D807210126894602E0013293428C
:1056400018D34D4637001540AF40D4080119045D0A
:105650002742F3D110003C430C70BFF35F8F002250
:105660000D4B1A608CF3108800280EDBC0BCB946C5
:10567000B046F8BD01204042EFE7BFF35F8F002343
:105680002B608CF31088012040424346002BEDD064
:105690000898FFF76FFFC0462C0100D0044A10782D
:1056A000431CDBB2172B00D9102313707047C04680
:1056B000B820002010B5064B064C82B001000093C4
:1056C00018221F232000FFF7A5FF02B010BDC0461F
:1056D00028990110E03400200021044B044ABFF354
:1056E0005F8F02C39342FAD17047C046000100D0D9
:1056F000800100D0054B064A1360064A13605360D0
:105700009360D360136153619361704780808080A0
:1057100000E400E004E400E01F2318401E3B834047
:10572000002905D0C021044A490053501360704736
:10573000802201498B50FAE700E100E0012282401B
:10574000034B1B6813405A1E9341D8B27047C046A2
:1057500000E100E001238340014A13607047C04626
:1057600000E200E0064B10309B688000C358054AF9
:1057700000209B1A2F229A424041C0B27047C04677
:1057800000ED00E0BC20002070B50D00EFF31086A6
:1057900072B60F4A1368002BFCD0BFF35F8F0D4B1E
:1057A00010309B6884001B590B4A934203D09D42E2
:1057B00001D001F093F9074B9B681D51BFF35F8F38
:1057C000BFF35F8F0022024B1A6086F3108870BD12
:1057D000240100D000ED00E0CD010010F0B55746E7
:1057E0004E46DE464546E0B585B0060000911700FE
:1057F000EFF3108B72B66A4A1368002BFCD0BFF32C
:105800005F8F0025674B5D579A46002D00DAA9E0AF
:105810006B00654C01935B199B009846A146C144FF
:105820004B4652469B7910361370604BB6009B680E
:1058300099590B1B2F2B33D95D4B994200D0ACE00B
:10584000019B42469C465B4B6544AD0063535A4BFB
:105850000232A218043B9B1A1B05584A5B0D6519BE
:1058600013436B80564B0121AB80FF23AB71009B30
:10587000EF71AB604B460B4319004C4B9B68995141
:10588000BFF35F8FBFF35F8F0022454B1A608BF32E
:10589000108805B0F0BCBB46B246A946A046F0BD94
:1058A00001200A008243D3798C46BB4231D8454659
:1058B000130044491B1B5B415943090D3D4B635386
:1058C0003D4B02356519043B5B1B1B053B4D5B0DD6
:1058D0002B43AA464D466B800425AC465546E04412
:1058E000131F44441B1B1B055B0D1D434B46997145
:1058F00000999D8099604946DF71334B01431360E5
:10590000BBE75800C01880002018C179B9422FD9D0
:1059100002000623D356002BF3DA02932B4B614689
:105920000393131D9A4604235B429C46E144504670
:105930004B461B1A1B055B0D9C46204B95719846E8
:105940006346404603439380019B5A199200039B90
:10595000A418A380029B1C4AA371009B2260E771DC
:10596000A3608AE701F0BAF8002553465D574FE778
:10597000908802934005131D9A46031561469C4684
:105980004046D444634604302018181AE02300052A
:10599000400D1B0218430390C5E701F09FF84FE745
:1059A000240100D06C3B0020BC20002000ED00E072
:1059B000CD01001000A1FFFFEC20002000E0FFFF60
:1059C00001BDFFFFAAAA00000148804701BD0000F9
:1059D000F0B5DE4657464E464546E0B50C0083B06E
:1059E000EFF3108872B6634A1368002BFCD0BFF344
:1059F0005F8F614B61499A68030010339F00D5594E
:105A000001938D4243D0A54254D05D4EAA1B2F2A4C
:105A10003DD85C4B9B461B68994601231A009C4667
:105A200082404B4613401F229946634602409340F2
:105A30009A4680225B4650469850BFF35F8FEFF343
:105A400005839B46002B37D0019B5B4501D001F0BD
:105A500045F801232A009A439068844208D176E0F1
:105A60004B005B189B00F3189868844236D01A00EC
:105A7000062151560029F3DA844254D04B46002BBC
:105A800027D0C02251463F4B5200995019603A4BE3
:105A90009B68DD51BFF35F8FBFF35F8F0022354BF3
:105AA0001A6088F3108803B0F0BCBB46B246A94622
:105AB000A046F0BD0D00EAE72A0063469A439068CD
:105AC0008442D5D106201056130000280ADA0D00B2
:105AD00031E0802351462B4AD150D8E70620185692
:105AE000002821DB42001118890074188B46A16838
:105AF0009960E179D971062161569971002924DBF9
:105B0000A488F11A640524155C44091909051E4C82
:105B1000490D2143998013181C4A9B001178F318F2
:105B200099711070AAE713005946002914D1FF316A
:105B300091711749918015490A789A71154A9B1BF2
:105B40005B415A43120D0A7098E71149E2E70620BB
:105B5000105613000028C5DA0F4A1049D21A083A25
:105B60005002400D014399800D4952080A43DA80E2
:105B700084E7C046240100D000ED00E0CD01001014
:105B8000BC20002000E100E000E0FFFF6C3B0020B3
:105B900001BDFFFFAAAA0000F620002000F0FFFFD1
:105BA00000F8FFFF70B501240443EFF30581EFF324
:105BB000108C72B6214A1368002BFCD0BFF35F8FA4
:105BC0001F4B05001F4AED1A6D416A43120D1E4D11
:105BD0008900AE6852B27658A6421CD006215956AA
:105BE00091421CD012215956914222D01E21595661
:105BF000914220D02A2159560324914210D0134BB0
:105C000019781A708171BFF35F8F00220B4B1A60F5
:105C10008CF3108870BDAB680D4C5C50EFE700242E
:105C20006100091989005B18FF2199710949998060
:105C3000E5E70124F4E70224F2E7C046240100D09E
:105C4000BC200020AAAA000000ED00E06C3B002070
:105C5000CD01001001BDFFFF10B5084B084C82B00C
:105C600001000093002205232000FFF7D3FC002849
:105C700001DB1F23181A02B010BDC0464499011061
:105C8000703B0020024B9C466144890001607047D4
:105C90004000003470B5114C114DAC420FD2FF26BC
:105CA0002368002B0CD0FFF7F9FC01002000FFF760
:105CB000E9FFA680BFF35F8F0834AC42F0D370BD1C
:105CC000FFF7ECFC01002000FFF7DCFF2671BFF3BB
:105CD0005F8F0834AC42E3D3F1E7C046F0260020E2
:105CE0000027002010B50400FFF7D8FC01002000B9
:105CF000FFF7C8FFFF232371BFF35F8F10BDC046BE
:105D000010B504000120FFF7D5FC034BC3189B001E
:105D10002360BFF35F8F10BD40000034034B9C46EF
:105D2000614489000160BFF35F8F70474000003419
:105D30000A4B1968EFF3108072B60A68002AFCD08B
:105D4000BFF35F8F1B68BFF35F8F00221A6080F381
:105D5000108840BF002000217047C046443B00200F
:105D6000F0B5DE4657464E464546E0B587B0EFF300
:105D70000583032201251A40954091008846A946D3
:105D8000B34B03925C58B34B1D60B34B04934B462B
:105D9000B24843630823E55E002D37DAA3881BB2BF
:105DA000002B00DBADE0A379002B00D0EEE0082350
:105DB000E05E002820DB430062691B18DB00D3187B
:105DC0009E68DD68731C00D111E1A44801004144C4
:105DD000826A0B69B71A9B1A9F4215D30123026A84
:105DE000039883401A420FD09C4800F02BFC8D4250
:105DF00002DCCCD18642CAD940BF07B0F0BCBB465A
:105E0000B246A946A046F0BD0E61EDE762696B009F
:105E100092465B19DB009A4453469E68DF6800F0A7
:105E200011FC8F42BADC00D103E1002F00DAE8E078
:105E30005246534652691B699346049A934200D1D5
:105E4000D9E052460821605E52880004594610434A
:105E50009847009001910099019A0B00100013439C
:105E600000D1CEE013000A00B61A9F41002806DBDD
:105E70007A4800F0E7FB009E019F36184F415346D9
:105E80009E60DF6000229A5E002A00DA86E75300F7
:105E900099186069C900411802938B68C9689B46CC
:105EA000B94200DD7AE702D1B34200D976E7082390
:105EB0009C46A444059565462281A446029B2C007D
:105EC00006E053009918C90041188D68C968AB46AF
:105ED0009B18DB00C318B94206DC00D1B3E01C00FC
:105EE0000023E25E002AECDA230064469C46534617
:105EF0001A806346059D1D80A3881BB2002B00DA23
:105F000051E72269EFF3108172B61368002BFCD0C1
:105F1000BFF35F8F0123A7885B42A3803FB2236951
:105F2000BFF35F8F00221A6081F31088002F00DA20
:105F300039E72300083322009A4666697B00DB19A3
:105F4000DB00F318996850468C460824115FDD6821
:105F5000002910DB029306E0AB4244D00023E15E4F
:105F60002000002906DB4C006418E4003419E368C3
:105F7000AB42F1DD029B078000201F5E1980002FDD
:105F8000DCDA1400A379002B00D110E70023A37101
:105F900026000823E15E08364B1C00D12CE70800E0
:105FA000A246656902E03E004B1C1AD04B005B180C
:105FB000DB00EF180A008C46E95E7B881BB2002BE1
:105FC000F1DA01235B42DC17BB60FC60824205D042
:105FD000534631801B893B8053461A8160464B1CD7
:105FE000E4D15446E5E6A3686345B7D9C2E76B1C24
:105FF00000D0EAE6F8E65B4658461B699847002859
:106000001BD153461B8822692381EFF3108372B69C
:1060100011680029FCD0BFF35F8F514662880A8067
:1060200022696580BFF35F8F0021116083F31088C0
:10603000B4E6864200D8F8E6B0E65B461A685B68CC
:106040000092019307E7B34500D848E74CE7C04604
:10605000203B00203C700540615D00100040054081
:1060600070B52E4C2569002D04D00A212C48FFF76D
:1060700009FE70BD2B4E0321300000F0D9FAE66016
:10608000FFF70CFB284B03229C46D02322701B06F3
:106090001B6801216370254B6044A3600F238000BF
:1060A00020610220638063694942A1801980023126
:1060B000198647311D83585218315A5275325C394E
:1060C00099521832013199521832013199521832CD
:1060D00001319952083518329D52023118329952C5
:1060E0001832013199521832013199521832013166
:1060F00099521832013199521832013199520C4B90
:106100000C49DC6001303562FFF73EFB01210320C2
:10611000FFF702FB084B1D60A7E7C04604210020E3
:10612000443B00200040054040000034FFFF1000C9
:10613000203B0020615D001038600540004870473A
:1061400004210020F8B51F0008AB1B7804001600DE
:10615000002B08D100F07EFA32003B00121A8B416E
:10616000002B00DA52E02269EFF3108072B6136858
:10617000002BFCD0BFF35F8F0223E15E63694A000E
:106180005218D2009B182269002936DB1D886580D1
:10619000BFF35F8F0025156080F31088069A9E601C
:1061A000DF601A61079A5A615A8801325204520C10
:1061B000101C002A1FD082B25880080410432669A0
:1061C000EFF3108772B63268002AFCD0BFF35F8FFE
:1061D000A2881A80A1802369BFF35F8F00221A6012
:1061E00087F310880A4923788C4601329A40E36885
:1061F00063441A60F8BD0120DDE7BFF35F8F002321
:10620000136080F3108801204042F3E70020F1E79B
:106210003C20000070B501000469EFF3108C72B6E9
:1062200020680028FCD0BFF35F8F02200D5E4C6910
:1062300068004019C00024180869002D36DB268844
:106240004E80BFF35F8F002606608CF31088E360FA
:1062500063880498013320615B0405985B0CA2609D
:1062600060611A1C002B1FD093B22804628018436F
:106270000A69EFF3108C72B61368002BFCD0BFF3E1
:106280005F8F8B8823808D800B69BFF35F8F002227
:106290001A608CF310880B7801329A40CB68084959
:1062A0008C4663441A6070BD0122DDE7BFF35F8F47
:1062B000002303608CF3108801204042F3E7C046BE
:1062C0003C20000010B543890A1493421ADD5300A4
:1062D0009B184269DB00D3180469EFF3108C72B687
:1062E0002268002AFCD0BFF35F8F5A88090494B259
:1062F000090C8A4208D00369BFF35F8F00221A603D
:106300008CF31088002010BD8022120214435C80A0
:10631000012302698371BFF35F8F002111608CF349
:106320001088044902788C469340C2680120624478
:106330001360E8E73C20000040787047F0B5C6469F
:1063400000B582B004000D0000F084F924184D411E
:10635000002D02DA01242F4D644206267642F717FB
:1063600036196F41AF4214D811D000F073F93200E2
:106370003B00121A8B41002B15DC002B46D020006D
:10638000290000F0A5F902B080BCB846F0BDA642D5
:10639000EBD90026002700F05DF932003B00121A0D
:1063A0008B41002BE9DD00F055F932003B00121A59
:1063B0008B41002B0ADB00230193174B3200009323
:1063C00016483B00FFF726FF0130D8D000233900E4
:1063D000B0469C46124A1348536A994204D8966ABA
:1063E0004645CCD29942CAD10668EFF3108772B6FF
:1063F0003368002BFCD0BFF35F8F0368BFF35F8F60
:1064000066461E6087F3108820BFE5E7002AB6D0F5
:10641000C9E7C046FFFFFF7F315D00100421002067
:1064200000400540443B0020F0B5C64600B582B0B0
:10643000040000F00FF9FA2206000F0020000023EC
:106440000021920001F088FA8019794104000D1EA4
:1064500002DA01242E4D644206267642F7173619D9
:106460006F41AF4214D811D000F0F4F832003B0075
:10647000121A8B41002B15DC002B46D0200029007E
:1064800000F026F902B080BCB846F0BDA642EBD9B8
:106490000026002700F0DEF832003B00121A8B4184
:1064A000002BE9DD00F0D6F832003B00121A8B41D8
:1064B000002B0ADB00230193164B32000093164891
:1064C0003B00FFF7A7FE0130D8D000233900B046CB
:1064D0009C46124A1248536A994204D8966A464525
:1064E000CCD29942CAD10668EFF3108772B63368EE
:1064F000002BFCD0BFF35F8F0368BFF35F8F66464E
:106500001E6087F3108820BFE5E7002AB6D0C9E7F0
:10651000FFFFFF7F315D0010042100200040054097
:10652000443B0020F0B557464E46DE464546E0B5B2
:1065300006000F0085B0EFF3058399468B46002BCC
:1065400012D0384900204B6ABB4206D38A6ADB1B53
:10655000591E8B41B2424041184305B0F0BCBB46C6
:10656000B246A946A046F0BD2F4B9A46DB68984636
:1065700053461B784046039300F064F84246039B61
:10658000040004339B009B580D001B1A3900300097
:10659000001BA941894510DC0DD020BF214A0020F5
:1065A000536A5B45D9D3926ADB1B591E8B41B242B9
:1065B00040411843D1E78342EFD900F04BF8320055
:1065C0003B00121A8B41002B1ADB00230193174B5F
:1065D0003200009350463B00FFF71CFE011E0FDD0A
:1065E000104B5A6A5A451BD39B6AB34216D3504686
:1065F000FFF768FE0B4A0020536A5B45ADD3D2E734
:10660000084A0020536A5B45A7D30020926ADB1B2F
:10661000B24240415A1E934118439EE75A45E6D183
:1066200020BFE4E70040054004210020315D001058
:1066300010B5024A0248FEF7CBFF10BD6099011069
:10664000E43400200300416A0A00986A596A8A42C9
:10665000FAD17047034B596A0A00986A596A914205
:10666000FAD170470040054070B504000D00174A8C
:10667000536A1900966A536A8B42FAD130001900A6
:1066800024184D41AB4216D813D0104B2A005B6A38
:106690009D4203D90D494B6A9342FCD3934207D1E3
:1066A0000A4A02E0516A994202D1916AA142F9D3A1
:1066B00070BDA642E9D9054B5B6A1C005A1CEFD09D
:1066C000012201246442E5175242E3E700400540FD
:1066D000064A536A9942FCD807D1044B02E05A6A31
:1066E000914202D19A6A9042F9D870470040054021
:1066F000F8B5DE464E4657464546E0B58B460500A2
:106700000A991800160000F003FB0A9B6C001F0298
:10671000324B64199C46A4006444636881469F42DE
:1067200000D967602B1FDBB29846012B30D9C023FC
:1067300080229B01E31812011A60294BAD005959C0
:106740009A4600291BD17301E026226853401E405F
:10675000802342465B01E3181E60012A30D9802362
:1067600080229B01E31812011A6053464A46676073
:106770005A51F0BCBB46B246A946A046F8BD58697E
:1067800000F0C6FA013043001B18033BFDD2DAE7E4
:106790005B46012BCBD1C02303229B01E3181A6077
:1067A000023AA3681A42FCD07301E0262268AD00C9
:1067B00053401E4080230A4A5B019246E3181E6044
:1067C0005A462168514003220A401A6001225B4662
:1067D0009A40A3681A42FCD0C1E7C046008000403E
:1067E000E8340020F0B546464F46D646C0B51F00F7
:1067F000344B44009C462418A400644463688846D3
:106800001600FF2B02D880235B006360031FDBB2FE
:106810009A46012B30D9C02380229B01E318120134
:106820001A60294B85005959994600291BD17301DB
:10683000E026226853401E40802352465B01E31845
:106840001E60012A30D9802380229B01E3181201A7
:106850001A6080235B0063604B465F51E0BCBA4620
:10686000B146A846F0BD586900F052FA0130430025
:106870001B18033BFDD2DAE74346012BCBD1C023E3
:1068800003229B01E3181A60023AA3681A42FCD063
:106890007301E0262268850053401E4080230A4A87
:1068A0005B019146E3181E60424621685140032275
:1068B0000A401A60012342469340A2681342FCD06A
:1068C000C1E7C04600800040E8340020014B800052
:1068D000C0587047E8340020F8B5040021481E0075
:1068E00017000D0000F014FA0100380000F010FA53
:1068F000069B36041B031E432368002B20DB1A4B28
:106900001A49E3185A1E93418022920194465B4231
:106910001B0B174A1B0363441360164A13601F00C6
:106920000A689743FBD1144B2560E2182123A0602D
:1069300013602368002BFCDA0823E6601360F8BDBF
:106940003F2322681340AB42D9D1A3681B051B0D1E
:106950008342D4D1EE22E368D2021340B342CED1B7
:10696000EDE7C046001BB7000040FDBF08C0004077
:1069700000E0004000F000400430000010B580242A
:106980001C4BE4051C6000281AD001231A4C184344
:106990001A4BDC611A4C44401C6259629862802197
:1069A000144BC9051960174817490860E021C9044C
:1069B0001960002A07D18022144B12061A6010BDFC
:1069C0000E4BD861EBE753019B1A9B009A1880236A
:1069D00012015B049A4209D213000D490B60074B68
:1069E0005A608022094BD2051A60E8E7094B1A0069
:1069F000F3E7C04600B00540D3C007B000800540B3
:106A00002D3FF84FFCFF01000820014000A0054089
:106A1000F83A0020FFFFFF008023024A9B000B434F
:106A2000D362704700800540002310B50100988AAA
:106A30001B8B984710BDC046162310B5010018885F
:106A400002331B88984710BDF8B54746CE4680B53F
:106A50000F1E18D014239946043304000025012684
:106A600098464B461888434621681B88984701C4BE
:106A7000431E984101350640AF42F2D13000C0BC00
:106A8000B946B046F8BD0126F8E7C046002370B508
:106A900004000D00988A05491B8B984703000020CD
:106AA000002C01DB0130A04029009847554200002E
:106AB000AA23064A1B0113608D235B00D36004499F
:106AC000044B19605368002BFCDA70470040024009
:106AD00000B0FA00006002407047C04610B501489F
:106AE000FEF748FD8499011070B5074D074EB54279
:106AF00009D20024013E761BB60808CD9847230032
:106B00000134B342F9D170BD687A0110A47A011042
:106B100070B5074D074EB54209D20024013E761BE1
:106B2000B60808CD984723000134B342F9D170BDAF
:106B30009C7A0110A47A0110054B064A06491A6096
:106B4000064A074B1A6010000B689843FBD1704748
:106B500000E00040BFCDFBFE08C00040FE7F3C00CF
:106B600000F00040044BDB6C002B03D18022034B70
:106B7000D2021A607047C046000011504C201150DC
:106B8000044A054B1A60054A1368DB018033FBD1C8
:106B90007047C046FFFFFF0100F0004008C0004002
:106BA0004022034B9A675A671A67DA667047C046F5
:106BB00000F0014010B5FEF78FFD10BD70B5044D1B
:106BC000044CA968C022200001F02EF8AC6070BD12
:106BD00000ED00E000000020002310B5294C82B039
:106BE000A367FFF765FF0122274B1A60636C012B37
:106BF000FCD10322254B1A60224A936B012BFCD156
:106C0000013300930121224A22480433FFF764FE36
:106C1000052301210093204A2048FFF75DFE002252
:106C2000022104201E4BFFF7DDFD0022012105207B
:106C30001C4BFFF7D7FD0022002107201A4BFFF75E
:106C4000D1FD002200210820174BFFF7CBFD802348
:106C5000DB000093002200210920134BFFF748FDC1
:106C60000022104B00210620FFF7BCFD0420FFF797
:106C70002DFE0E4900F04CF801000020FFF7CCFE7D
:106C800002B010BD008000403CB0004030B0004079
:106C9000002F685900800240008C864700C00240E7
:106CA000001BB70040597307006CDC0240420F0024
:106CB00001480421014B184720210020496A001097
:106CC000124A936F9B0815D29066D166002905D0B1
:106CD000FFE7FFE7FFE7516F106F704704B58021B2
:106CE0000906C2175140002800D0C84310F034FEF6
:106CF000002104BDF0B5146E556E576F166FFFF787
:106D0000E3FF1466556657671667F0BD000000D0B4
:106D1000114A936F9B0813D210665166002905D063
:106D2000FFE7FFE7FFE7516F106F704704B50028DA
:106D300001D00020C04310F00FFE002104BDC0466A
:106D4000F0B5146E556E576F166FFFF7E5FF1466BA
:106D5000556657671667F0BD000000D094464A4A52
:106D6000926F9208624601D228E0C046F0B5464EC6
:106D7000346E756E776F366F00F020F89446424A95
:106D800014665566576716676246F0BD94463E4ADC
:106D9000926F9208624601D254E0C046F0B53A4E76
:106DA000346E756E776F366F00F04CF89446364A45
:106DB00014665566576716676246F0BD002B24DBE4
:106DC00011D000293EDA00B5C943404200D101315B
:106DD00000F038F8C943404200D10131DB43524250
:106DE00000D1013300BD002AEBD1002801D10029D8
:106DF00005D00020C90FC90701D1C043410800B523
:106E000010F072FD0022002300BD00B500290ADB4E
:106E1000DB43524200D1013300F014F8C943404231
:106E200000D1013100BDC943404200D10131DB43F3
:106E3000524200D1013300F005F8DB43524200D149
:106E4000013300BD002923D1002B18D1002A0CD01A
:106E5000BC460D4F38667A6600210023FFE7FFE746
:106E6000FFE77A6F386F67467047002801D0074800
:106E7000010000B510F038FD0022002300BD020023
:106E80000B00002000217047000000D0FFFFFFFF33
:106E9000002B00D0BFE0130C28D1002AE7D080B42B
:106EA000114F39667A66FFE7FFE730B4040C7B6F59
:106EB000396F1B0423433B667A66FFE7FFE7FFE772
:106EC000C04684B27B6F3D6F1B0423433B667A66EA
:106ED000FFE7FFE7C04600232C042D0C7A6F386FC4
:106EE00000196941B0BC7047000000D0F0B594466D
:106EF0000025140E01D112020835140F01D1120120
:106F00000435940F01D192000235D40F01D1520003
:106F10000135D40B0134254F7C66254C3C660E0CA4
:106F200093B2FFE7FFE7FFE73C6F6643360C77035A
:106F3000BE467343DF0B5B04C01AB941130C7343A5
:106F4000DB18C91ACE086643360CB64493B27343B5
:106F50001F0F1B01C01AB941130C73431F0B1B05F4
:106F6000C01AB941860D8F023E436643360C092D87
:106F700024DB520A7243801A7703460A6643360CB2
:106F800016235B1BDE40DF40BF1964466643821B4D
:106F90007046043506330100D940A840C01900D31B
:106FA0000131A24206D20023F0BD0000000000D053
:106FB000FFFFFFFF121B0130F3D3F1E709277F1B0F
:106FC000FE406446A2B27243801A00D20139220CFC
:106FD0007243130C1204821A99410B007046043557
:106FE00013370100F940A840801900D30131002B6C
:106FF00002D1A2420AD2F0BD013000D30131121BEE
:10700000FAD2013BF8D1A24200D2F0BD013000D348
:107010000131121BF7E7F0B51C0C00D080E00CB476
:1070200000251C0A04D11B02160E33431202083538
:107030001C0B04D11B01160F3343120104359C0BAA
:1070400004D19B00960F334392000235DC0B02D132
:1070500092185B4101351C00971864410134464F7A
:107060007C66464C3C660E0CFFE7FFE7FFE7C04638
:107070003C6F6643360C7703BE4697B27743C01B1E
:1070800000D20139C01B00D201399FB27743C91B1E
:10709000C91B170C77437E04FF0B801BB941CE0838
:1070A0006643360C0C2D33DBB644120B1F053A43F6
:1070B0001B0B97B27743C01B00D201399FB27743B5
:1070C000C91B170C77433E043F0C801BB941860D4A
:1070D0008F023E43664329277F1BFE400C3D7746C7
:1070E000AF40BF1930BCA2B2ABB272437343801A37
:1070F0009941220C7243130C1204801A9941020028
:107100000B000137001BA941F9D2781E0021F0BD08
:107110000C277F1BFE4077467F0BAF40FF19E0E74F
:1071200000245D1C07D0144F7D663966FFE7FFE73A
:10713000FFE7FFE73C6F95B29EB265436643401B95
:10714000B141150C1E0C6543664336042F0C3E43BB
:107150002D04401BB141994204D202000B002000D3
:107160000021F0BD01D19042F7D3801A994101343A
:107170009942F2D3F6E70000000000D0FFFFFFFFC6
:1071800048404140484018B41B4B5B68FC460193A3
:1071900008BD04DF2B74001018B4174B1B68FC46A5
:1071A000019308BD00DF357400109446134A926FB6
:1071B000920809D2624618B40F4BDB68FC46019373
:1071C00008BD0CDFED7600100C4AF0B5146E556E5C
:1071D000576F166F6246FFF7EEFF084A1466556652
:1071E00057671667F0BD18B4034B9B68FC460193C4
:1071F00008BD08DF9175001098280020000000D01D
:10720000FFB550404240504059404B40594000E08B
:10721000FFB5154F4C00640D03D0BC4204D10C03E4
:1072200014D80020090D09055C00640D03D0BC4290
:1072300004D11C030AD800221B0D1B0501264B405C
:1072400009D44B4003D58B4200D18242FFBD994205
:10725000FCD19042FFBD0B43DB1803431343F5D031
:10726000C9434918FFBD0000FF07000000B5FFF744
:10727000CFFF804100BDC04600B5FFF7C9FF01D96F
:10728000002000BD012000BD00B5FFF7B9FF01D906
:10729000002000BD012000BD00B5FFF7B1FF804117
:1072A00000BD012040054A00121804D85A001218E7
:1072B00001D80020704701207047000000210028FD
:1072C00005D17047C1174840401AFAD0C90713B515
:1072D000064B1B6898470CBC441CA2401005120BBF
:1072E0000349091B09051943114310BD403B002008
:1072F0001F04000010B54C00620D8023D218DB0083
:10730000D21A5B057E2A10DD9E3A13DACC170903E8
:10731000490819435242D140640001341532202AF1
:1073200005DAD0400843604310BD002010BD084678
:10733000604310BDC80FC018013810BD18B4044B0D
:107340005B6AFC46019308BD24DF9D7800100000B5
:1073500098280020132370B51D78012D19D014DD55
:107360001F48FFF769FB06001E48FFF765FB1E4C30
:1073700080223100200000F057FC022D2DD01B4848
:10738000FFF752FB1A4B186070BD1A4B164CA364E2
:10739000F5E7184B144C23606360A360E36023613E
:1073A0006361A361E36123626362A362E3622363B7
:1073B0006363A363E36323646364A364E364236597
:1073C0006365A365E36523666366A366E366236777
:1073D0006367A367E367A364D1E7064BA364CEE7C3
:1073E0005344000053460000982800204C3300000E
:1073F000403B0020F973001007B5604601880A0A77
:107400000230DF2AFAD1C9B2820804D30288408848
:107410000004104300E00068014A5050039007BD8B
:10742000982800200FB403BC0CBCF0B50124E4077D
:10743000634000E0F0B50C0DCF0F661E3605891BCA
:10744000640503D3C943404200D30131640D03D026
:10745000661CF60A07D0E41B00207F00791C890710
:107460008912803C24031D0DDF0F6E1E36059B1B09
:107470006D0503D3DB43524200D301336D0D03D0BE
:107480006E1CF60A07D0ED1B00227F007B1C9B07B9
:107490009B12803D2D032F1B661B58D4A446202E23
:1074A00046DA20371400BC401D00BD40F240334195
:1074B0002A4380185941CB0F05D0C943C04300224D
:1074C00064425041514162464D0D28D10D0D07D106
:1074D00000281FD0241940414941013A0D0DF9D02F
:1074E000640006D3013000D30131002C01D14008E3
:1074F0004000013A0BD4941CE40A04D11205114453
:10750000DB071944F0BDD907204B194300E0D90728
:107510000020F0BD0029DDD1002CDBD1F0BD01320F
:10752000C6074008CD0728434908002EE1D0D9E717
:107530003C2E29DA203E40371400BC4000D0012404
:10754000F24014431A00BB401C43D317ACE7AC46CF
:10755000202F08DA20360400B4400D00B540F84072
:1075600039412843A5E73C2F0CDA203F4036040080
:10757000B44000D00124F84004430800B1400C435B
:10758000C117EAE710001900002494E70000F07F1B
:10759000F0B50C0D661E3605891BE60A6405640D00
:1075A00002D0651CED0A04D0002001210905803CB1
:1075B0002403A4461C0D671E3F05DB1BE70A640578
:1075C000640D02D0651CED0A04D0002201231B05C6
:1075D000803C24037740644497B484B296B27443E9
:1075E000070C7E43150C6F4380B26843361802D3F4
:1075F000012000043F183004350C00197D418446F9
:1076000088B29AB250430C0C62431F0C7C438EB27A
:107610007E43921902D301263604A4191604170CCE
:107620003618674101BC81B29AB25143040C6243DF
:107630001B0C5C4380B25843121802D30120000493
:1076400024181004130C401863412D185E410020CB
:10765000474106BC88B293B258430C0C6343120CEA
:10766000544389B251435B1802D3012109046418C1
:1076700019041A0C091862416D185641002047413F
:1076800018BCF902720D1143F0026A0D1043ED02AD
:107690000A0D03D16D1940414941013B124E9B1B1C
:1076A0007600B3420ED26D0007D30130002671413F
:1076B0006646354301D1400840001B05C918E40760
:1076C0002144F0BD0BDA013306D1013004D1013180
:1076D0004F0D01D04908F2E7E1070020F0BD013667
:1076E00031050020EBE70000FF030000F0B51C0DA2
:1076F000671E3F05DB1BE70A6405640D02D0661CAC
:10770000F60A04D0002201231B05803C2403D02567
:107710002D060026F6432E661E096E66CE0FF6195C
:10772000B44649004F0D02D07E1CF60A03D000205B
:107730000021403F3F033E1BB600B444013F7F059C
:10774000C91B49082E6F013676089C02950D25430A
:107750007543ED137543AD1301356D10F603761BBC
:107760000CB4CC02450D2C43A2B2B3B25A43270C41
:107770007B43350C6F43A4B26C431B1902D3012425
:1077800024043F191C041D0CA4187D4124196D41CB
:10779000009A91B2ACB26143170C7C432B0C5F434F
:1077A00092B25A43A41802D301221204BF18220431
:1077B000230C52187B41019C6C431B19520ED901BA
:1077C0000A434401A01A81B2B2B2514303145A438E
:1077D000360C734387B27743D617D21900277E4100
:1077E00036049B191704160C7F185E417316ED18AA
:1077F000F301002680337541A90F06D16400690AA0
:10780000E8055B0A184309D22FE004229444803330
:107810007541A90AA8059B0A184326D3404149414E
:107820002404009A019B0D005543641B4343E41A52
:1078300095B286B27543170C7E43030C5F4392B238
:107840005A43B61802D301221204BF183204330C73
:1078500052197B4152429C41002C02D4002201303B
:1078600051414008CA071043490802B06246D70791
:107870009210084BD218084B9A4203D2120589186D
:10788000C919F0BD0020002A01DC3900F0BD013328
:107890001905F5E7FD030000FE070000002200B512
:1078A000203200F004F8080000BD000000220B1593
:1078B0000AD410B5944600F031F81414013400DAFB
:1078C0000021CB17144C2047002000217047624450
:1078D000343A0CD40C2A07DA04009140904052420A
:1078E0002032D440214310BDD843D94310BD2032AB
:1078F00007D40C469440524220321141D0402043DC
:1079000010BD0800C917203203D452422032104162
:1079100010BD1800190010BDCF7800100A0DCC0F53
:10792000531E1B05C91A520503D3C943404200D355
:107930000131520D03D0531CDB0A07D0121B00206B
:107940006400611C89078912803A1203014BD21A24
:1079500070470000FF03000051434343C9188C46A1
:10796000110C83B24B4310B4040C614392B280B249
:10797000504362431C041B0C001910BC59411304F2
:10798000120CC0185141614470470000484041400A
:1079900048400E4B5B6818470C4B1B6818470C4A55
:1079A000936F9B0802D2094BDB681847F0B5146E41
:1079B000556E576F166FFFF7F6FF054A146655664A
:1079C00057671667F0BD014B9B6818479829002040
:1079D000000000D007B548404140484001E0C046A3
:1079E00007B54200120E03D0FF2A03D1420218D875
:1079F000C00DC0054A00120E03D0FF2A03D14A026F
:107A00000FD8C90DC9050122414005D4414001D517
:107A1000814207BD884207BD0143491801D0C043D8
:107A2000001807BD00B5FFF7DBFF01D9002000BD3E
:107A3000012000BD00B5FFF7CDFF01D9002000BD3A
:107A4000012000BD00B5FFF7C5FF804100BD491A08
:107A5000002807D108467047C10FC90700D540422A
:107A6000002817D0F44603B40B4B1B68984706BC9C
:107A700081409E384042803107D20B0607D0490032
:107A8000490AC0051043084360470130F8E7490A36
:107A90008902F5E770470000403B0020034BDB6F95
:107AA000FC4618477CDF417B00100000982900202D
:107AB000132310B512481C78FEF7BEFF0100012CFD
:107AC0000AD003DD80220F4800F0AEF80E48FEF722
:107AD000ABFF0E4B186010BD0A4C5422200000F082
:107AE000A3F80B4B6365A365E36523666366A36632
:107AF000E36623676367A367E3672362E361E5E700
:107B000053460000982900204C330000403B0020E1
:107B1000157B001007B5604601880A0A0230DF2A8B
:107B2000FAD1C9B2820804D3028840880004104305
:107B300000E00068014A5050039007BD98290020DA
:107B4000C30FDB0741000A0E07D0FF2A08D009093E
:107B5000054A8918194340077047190000207047EB
:107B60000249C918FAE70000000000380000F07F61
:107B700070B504000A4E30000FF066FF20000DF0D3
:107B800041FE050030000FF0A7FE002D05D0054B8B
:107B90002C199C4201D8280070BD0348FDF7EAFC6F
:107BA000F0260020000004209099011070B5050017
:107BB0000C000B4E30000FF047FF280021000EF0A4
:107BC0002BF9050030000FF087FE002D05D0054B86
:107BD0002C199C4201D8280070BD0348FDF7CAFC4F
:107BE000F0260020000004209099011070B50400D8
:107BF000054D28000FF028FF20000DF00DFE280095
:107C00000FF06AFE70BDC046F02600200148042136
:107C1000014B184730210020496A0010014B1B68B6
:107C20001847000030210020014B5B681847000016
:107C3000302100209A4200D2885470477047C046D5
:107C4000F8B55746DE464E464546E0B599460A9B8E
:107C500007009A460D9B884693460B9C9B073BD199
:107C60000C9B9C423DD21E1B0B9415000C005E44E5
:107C70002A004B46013521002020B847B542F7D1F4
:107C8000A0460B9C002C20D0454636195346321B8B
:107C9000013C185D29004B46B847002CF6D12B005B
:107CA000350098460D9B9B070FD55B46EC1A0C9B45
:107CB000A3420AD9464698462A004B463100202066
:107CC0000134B84701354445F6D32800F0BCBB4623
:107CD000B246A946A046F8BD16001500002CD3D127
:107CE000E0E716001500002CCED1EEE7F0B54546D2
:107CF000DE4657464E46E0B585B09C4610AB1B7835
:107D0000149F934698460F9C129E139DBB074CD41C
:107D1000002D42D1B44248D201233B4099460E9BEC
:107D2000013B9A46302304E0524601341355A642E3
:107D300001D9202CF8D14B46002B00D183E00E9BBB
:107D4000013B99463023A54205D82EE04A4601342E
:107D50001355AC4229D0202CF8D1FB060CD57B055D
:107D600054D4A64263D0A54261D0119B102B50D0B1
:107D7000022B57D0202C32D1202301930E9B5A4640
:107D80000093039763460295FFF75AFF05B0F0BCD6
:107D9000BB46B246A946A046F0BD01233B409946EA
:107DA00001233B422AD1B442B9D3FB061CD57B0543
:107DB000DBD4002CD5D1119B102B5BD0119B022B57
:107DC0006BD0302301240E9A13704346002B10D140
:107DD0007B073ED52B260E9A631C1655CDE7230054
:107DE000013430260E9AD654202CC5D04346002BA1
:107DF000EED02D260E9A631C1655BEE74346002B87
:107E00002FD0013DB44200D289E798E7119B102B97
:107E1000B2D1BB0637D5202CAED058230E9A1355BD
:107E20000134A7E7202CA7D02300013407E0631E0C
:107E3000012CC0D0119A102A31D0022AD1D1622649
:107E40000E9AD65496E7FB06CED57B0500D488E77C
:107E50008BE723003E0790D520260E9A0133165556
:107E60008BE70C233B405A1E9341ED1AB44200D2DB
:107E700055E764E7BB060ED478230E9A02241370EC
:107E800030235370A1E7202C00D175E778230E9A98
:107E9000135501346EE75823EFE76033EDE70E9A90
:107EA000A61E91464E44BA0602D55822327098E773
:107EB0007822327095E7C04610B5002800D110BD79
:107EC00001F08CFDFBE7C0460B0010B5002802D086
:107ED00049681B68984710BDF0B55746DE464E46C8
:107EE0004546E0B595B083460F00924698461E9AE7
:107EF0001F9B10001900209EFFF7D3F9002800D027
:107F0000EAE11E981F990122C54B5242FFF7AEF9D4
:107F1000002800D014E11E981F990122C14B524243
:107F2000FFF7BAF9002800D0E9E01E981F99002257
:107F3000BD4BFFF7B1F9002800D0C8E01E981F998B
:107F40000022BA4BFFF792F9002800D0BFE01E983C
:107F50001F9900220023FFF789F9002800D0E4E0F0
:107F600000230B93229B5B0500D4062600243023BC
:107F700007E0172106AA013452181355013E202CA0
:107F800001D0092EF5D81E981F99FFF7B3F9A84B19
:107F9000F2009B181A685B68050008920993FFF7C6
:107FA00091F902000B001E981F99FFF7ECF8089A50
:107FB000099BFFF718F906900791FFF7BFF9814673
:107FC000FFF77CF902000B0006980799FFF7DBF832
:107FD0000022984B06900791FFF75EF9002800D128
:107FE0000DE101239C46E1444846FFF767F9020092
:107FF0000B0008980999FFF73FF9002802D00023E9
:1080000099460135002E00D1D9E006954D46B94676
:1080100014E006AA944617230A2163442800013479
:108020001F19FEF775FE3031397028000A21013E14
:10803000FEF76EFE092D00D817E10500202CE8D1CF
:108040004F46069D20240CAE06AA1723944663448F
:1080500099465B46B34606930FE04B4628000A213B
:108060000134E618FEF72CFE3031280031700A2169
:10807000FEF726FE051E00D1E4E0202CEDD1069B84
:108080005E469B460323229A1340012B18D1219B65
:10809000002B15D00B9B002B00D1FDE0219B013B59
:1080A0002193202B0CD93023219A07E0172006A911
:1080B000013409180B55944200D3CCE0202CF5D1A3
:1080C000229B01940393219B0096029322E0229B22
:1080D00052460493219B3900039358461E9B1F9CD4
:1080E000029600930194434600F04AF904002000F0
:1080F00015B0F0BCBB46B246A946A046F0BD229BD7
:108100005B070FD403224C4B2299019203912199D2
:10811000009302914346524639005846FFF790FDBE
:108120000400E4E70422454BEEE71E9A1F9B002063
:108130000021FFF728F801231E901F910B9311E7F0
:10814000229B54469B0711D1219B042B0ED9219BC6
:1081500055469C465E46043C64442A00434601352D
:1081600039002020B047A542F7D1B346344D260050
:108170002B1F99465B46A3461C003200E878434615
:108180003900013DA04701364D45F6D123005C463C
:108190009B46229B04349B07A9D55346219AE31A98
:1081A0009A42A4D95E461500220043463900202099
:1081B000B04753460134E31A9D42F5D897E72800AB
:1081C000FFF780F802000B001E981F99FEF7DBFFF7
:1081D0000022184B06900791FFF748F80CAE0028D4
:1081E00000D031E7069807990022124BFFF754F8A8
:1081F000002800D028E7012301359D4324E7002211
:10820000069807990B4BFFF731F8002800D0F9E6E4
:108210004B46002B5CD101239C46E144F2E6C0466C
:10822000FFFFEFFFFFFFEF7F65CDCD4165CDCDC1F6
:1082300068A901100000E03FD8990110D099011001
:10824000E0990110069B5E469B460323229A134049
:10825000012B00D181E0202C00D131E70B9B002BBA
:1082600027D02D23335501342AE74F46069D202C75
:1082700000D1E7E63022331907E0172006A90134C0
:1082800009180A55202C00D1DCE6A342F5D12E2294
:108290000CAE0134F254D7E60C23229A134257D085
:1082A000219B013B2193A34200D9FCE6202C00D165
:1082B00006E7229B5B0703D52B2333550134FFE6EA
:1082C000229B1B0700D4FBE6202333550134F7E63D
:1082D000DB0700D496E69EE7229B55469B0711D10B
:1082E000219B032B0ED9219B54469C465E46033DA1
:1082F000654422004346013439002020B047AC4297
:10830000F7D1B346B9465F461C4EEC1C2A00B07844
:10831000434649460135B847013EAC42F6D1229B5F
:10832000BB464F469B0700D4E1E65346219AE31A29
:108330009A4200D8DBE65E4615002200434639002B
:108340002020B04753460134E31AAB42F5D3CEE6C2
:10835000219BA34200D9A6E6B2E6219B002B00D1C7
:1083600079E70B9B002B97D0219B013B21939C42EB
:1083700000D298E6202C00D073E7A1E6DC9901102A
:10838000F0B5DE4657464E464546E0B599B08146C3
:108390008B4692469846229A239B10001900FEF7BE
:1083A00080FF002800D0CAE0229823990122824B46
:1083B0005242FEF771FF002800D0C0E022982399B6
:1083C00001227E4B5242FEF751FF002800D0B6E05A
:1083D0002298239900220023FEF748FF002800D0AE
:1083E000C9E1229B239C089309940898099980234A
:1083F000269ADB001A400D928022269C120114401E
:1084000022000B94269C07000E001C4200D0ADE019
:108410000B00034300D0D5E0002A00D00AE222007E
:1084200006332493022313400C930223134200D0FB
:1084300002E2259B042B00D20FE2043B0B930023A6
:1084400004250A930022229823990023FEF70EFFA9
:10845000002800D003E25A4B269A134004930B9B4A
:108460000393249B0293089B099C00930194594613
:10847000434652464846FFF72FFD02002020269B28
:108480001F27034059424B415B421840531C08933D
:10849000594643464530C8470A9AD317D4185C401A
:1084A000D30F0A936B1E0B9308AB9C4600256744C1
:1084B00001E0202D0FD020000A21FEF729FC013514
:1084C0007E193031317020000A21FEF721FC260090
:1084D0000400092EEDD8052306930B9B59460593FE
:1084E000002304930A3303930A9B4846029310AB7C
:1084F0000093089A43460195FFF7F8FB0C9B002B6D
:108500002DD05346C41A259BA34228D94D465F4619
:1085100081461E00534639001A1920204346013473
:10852000A847A642F6D8534648462599C21A0132B2
:108530000023914200D386E1013018180FE0269BFA
:108540000493259B0393249B0293229B239C0093DB
:1085500001944346524659464846FFF7BDFC19B0C0
:10856000F0BCBB46B246A946A046F0BD01432BD1A4
:108570000B9B2200002B00D154E700230A93249B7D
:108580000A9A0024934200DD85E122982399002273
:108590000023FEF76BFE002800D035E1269B084A39
:1085A00002941A408023DB0013430493259B03931A
:1085B000089B099CCBE7C046FFFFEF7FFFFFEFFF63
:1085C000FFF7FFFF06232493B44B70009C46400D39
:1085D0006044FEF777FEB24AB24BFEF704FEB24AA1
:1085E000B24BFEF7D9FD3603B14B360B33430400D3
:1085F0000D00380019000022AE4BFEF7C4FDAE4A54
:10860000AE4BFEF7F0FD02000B0020002900FEF744
:10861000C3FDFEF76FFE0A90FEF754FEA84AA94B71
:1086200004000D00FEF7DFFD0022A74BFEF7B4FDAE
:10863000FEF760FEA54A0600A54B20002900FEF7C4
:10864000D2FD040030000D000C96FEF73BFEA14A5F
:10865000A14BFEF7C8FD02000B0020002900FEF729
:1086600092FD02000B0006000F00FEF7BCFD320079
:1086700004000D003B0030003900FEF78DFD0022A4
:108680000E900F91954B20002900FEF78EFD0022E1
:10869000934BFEF781FD02000B0020002900FEF73E
:1086A00084FD00228F4BFEF777FD02000B002000B7
:1086B0002900FEF77AFD0D008021040032003B0006
:1086C0000020C905FEF75FFD02000B002000290015
:1086D000FEF762FD02000B000E980F99FEF765FD94
:1086E0000022734BFEF758FD7F4B0C9C9C46644464
:1086F00000222305FEF777FD06000F0002000B00A5
:1087000008980999FEF7B2FD00280AD00A9B3000AC
:10871000013B39000A930022714BFEF746FD06002B
:108720000F000A9A330063323900C62A12D8022297
:108730002698042510400B9A0C90002A25D1259BE1
:10874000042B05D9002800D0A1E0259B043B0B9306
:10875000042541E00222269810400B9A0C90002A32
:1087600012D1259B052B76D9002872D1259B052592
:10877000053B0B9334E0802212069446229B08931B
:10878000239B6344099330E605250B4300D1F6E6AD
:1087900008980999554A564BFEF776FD002808D0EF
:1087A000089809990022534BFEF760FD002800D07D
:1087B000E5E6249B002B1CD00D9B002B19D0249B9D
:1087C000013B2493259BAB4204D90C9B002B5AD030
:1087D00002230C9300230B930A9B002B00D131E65C
:1087E0000898099932003B00FEF7DFFC08900991D8
:1087F00028E6259BAB42EDD90C9B002B43D00023F0
:108800000B9302330C93E7E78020269B3A4A00063D
:108810001A40802384460294089C099D2900DB00AD
:1088200013430493259B6144220003930B000092A1
:1088300001938EE60524A8E600230B930A930233E6
:1088400004250C93FEE553468C46013B63441B1AFA
:1088500072E602230C930525C2E70423EDE5802090
:10886000089E099F000639008446269A224B6144DF
:10887000134004930B9B32000393249B02930B0041
:1088800000920193F3E5259B5B1B0B93A4E7022366
:1088900004250C93A0E79C1A013C76E601FCFFFF3F
:1088A000FB799F501344D33FB3C8608B288AC63FDF
:1088B0000000F03F0000F83F61436F63A787D23F9D
:1088C00071A379094F930A400000E03F1655B5BBEC
:1088D000B16B0240EF39FAFE422EE63F00002C4019
:1088E0000000244000001840FF0300002D431CEB53
:1088F000E2361A3F80842E41FFF7FFFFF0B5DE46D7
:1089000057464E464546E0B5A5B01E002E9B924602
:108910000C93CD4ACD4B80468B461A60002900D17E
:10892000EAE1002330789946002800D1ECE1C84BF9
:108930004C460B93C74B454657460E930AE0631CC3
:10894000984622003B005946A84744463078002804
:1089500000D187E001362528F1D108239A46043B4F
:108960009946023B9846013B00229C460D94307884
:10897000711C0300203BDBB2102B03D80B9C9B0027
:10898000E3589F460300303B89460D9C092B3AD99A
:10899000002398462A2800D1C1E000239A462E28B9
:1089A0004BD00300683BDBB2122B1ED80E999B0004
:1089B000CB589F4663460E001A43D8E743460E0045
:1089C0001A43D4E74B460E001A43D0E710230E009B
:1089D0001A43CCE753460E001A43C8E780235B00D6
:1089E0001A43FF3B9C467078E1444E4667284FD8B7
:1089F0002428A4D90300253BDBB2422B9FD89649FB
:108A00009B00CB589F46002394461E0000E0013196
:108A1000B3009B195B001E180878303E0300303B02
:108A2000092BF4D90123624689469C460023B046AF
:108A30009A460E00E1442E28B3D1302180204942CD
:108A40008C46C000024370784B4684446146092935
:108A500000D86CE12A2800D17AE101239C464E46D9
:108A6000E1449EE7A146A846BA46CA4503D8012379
:108A70005B425344994653464A4659460020C047F4
:108A8000200025B0F0BCBB46B246A946A046F0BDCA
:108A90000300693BDBB20D930F2B00D94FE7012197
:108AA00099408C466D49894661464B4619400F9165
:108AB000634649460B4200D028E10D9B0A2B3AD071
:108AC000072B00D03BE70C9B190008C98846002BF8
:108AD00000D14BE121200243914614A98C461F226C
:108AE0000F2162448C4651460D950C91A24615000B
:108AF0000F9902E020290CD0130064461C4020008E
:108B00003730092C00D80738013168541A090F2B67
:108B1000F0D80C9B54460D9D9A460F9133E10C9B67
:108B200002CB8846002947DB0C9301239C467078D2
:108B30004E46E14431E70C9B02CB14935346002B85
:108B400000D138E19C4608780B000C908C4400283A
:108B500001D100F098FC89466146944603E05A78BA
:108B60000133002A01D08B42F9D1494662465B1A93
:108B70000C900F93530500D520E1022318001040FC
:108B80000D90134200D1CBE30D930B1BB1469A46D7
:108B90005E460C9822003B003100A8475346013442
:108BA000185D0028F6D1B3464E460D9B002B00D031
:108BB000C7E1149B0C93C9E60C9301239C4628380B
:108BC00049420243884670784E46E144E5E67078B3
:108BD0006C2800D17FE180235B001A43FF3B9C4659
:108BE000E14402E780239B001A4301239C467078EE
:108BF000E144FAE67078682800D173E180231A43D3
:108C00007F3B9C46E144F0E6672800D103E147281A
:108C100000D15AE1452800D15AE104920721424689
:108C20000C9B0392073352468B43190002920CC9E6
:108C30002800009201930C9122003B005946FFF757
:108C40009FFB040082E6C046FD880010F43A002035
:108C5000C8A701100CA8011058A8011041900000ED
:108C6000462800D1DBE00492072142460C9B039288
:108C7000073352468B43190002920CC92800009218
:108C800001930C9122003B005946FFF725F904009F
:108C90005CE6631C984622003B0059462520A84705
:108CA000444653E60C9B04330D93631C994692078C
:108CB00000D422E10C9B2200187859463B00A847BB
:108CC00043464444012B00D885E23300B8462E00C9
:108CD0005F4625004C469946220043460134390040
:108CE0002020B047AC42F7D12C00BB4635004746A8
:108CF0004E460D9B0C9329E6DB4B307898460023BB
:108D00009946002800D012E60024AEE66F2800D174
:108D100088E000D80BE31023782800D1CFE09A43F5
:108D20000A239C4600230F930A330D9380E0564696
:108D3000B1008919490001330E181878303E01003E
:108D400030390929F4D9B2461E000133994628E684
:108D50000C9B023602CB8A46C9435046C9170840CD
:108D600082460C933078731C99461AE61023100043
:108D7000984311331843814680201300C0000340FC
:108D8000024200D1A9E64B460693082305935346B9
:108D9000049310230393002302930F9B220001935B
:108DA0001CAB009359463B002800FEF79FFF43464B
:108DB00004000C93CAE501235B42C3E60F9B5345B5
:108DC00001D953460F930223180010400D9013420F
:108DD00000D1B7E10D93D1460B1B9A463300A14455
:108DE0002E0022004D460C98B9465F469B4608E08F
:108DF0004B463900541CB0475346185D002877D0C5
:108E000022009542F4D15B46BB464F46A946350049
:108E10004C461E00C9E680231B011A43FDE62023B1
:108E20001A4320E708239C4600230F9308330D9331
:108E300080231100DB0019401A4200D116E10D23F6
:108E40009A431000802302009B001A40149218429B
:108E500000D0C2E1802302005B001A4091460C9AC8
:108E600004320F92184200D0B7E2430600D59FE1CA
:108E7000030600D419E30C9B1B880993002B00D038
:108E8000FCE110339843002900D1F7E10023994613
:108E900043460593534604930D9B0690039300238A
:108EA000D2E0582808D0622867D102239C460023CC
:108EB0000F9302330D93BBE720231A43103B9C46CC
:108EC00000230F9310330D93B2E780231B011A4345
:108ED00020231A43A1E6C0239B001A43F31C9946A2
:108EE000B07882E5C0231A43F31C9946B0787CE53C
:108EF00035005E46BB464F4657E64346012B00D839
:108F000063E1631E43449A463300B9462E005F4630
:108F100055469B46A24622004B460134390020208C
:108F2000B047AC42F7D135005E46BB464F46A1463E
:108F300054460C9B4A46187859463B004444A8477F
:108F4000D7E6A1460F9B984500D832E64444E41A80
:108F50003300B8462E005F4625004C469946220055
:108F60004346013439002020B047AC42F7D12C00F1
:108F7000BB46350047464E461BE680231000DB000B
:108F800018401A4200D10FE1112118008A430D92B6
:108F90000D9A802311009B0019408C461A4269D11A
:108FA000802311005B00194089460C9904310F9110
:108FB0001A4200D0CAE113005B0600D5F0E01300AE
:108FC0001B0600D459E20C9B00229B5ED9175A184D
:108FD0004A4092B2D90F0C91002B00D1F9E1100058
:108FE00014AA944642461F23149252466344A8464C
:108FF00016944D460400B946B2461F00159201E092
:10900000202D0FD020000A21FDF782FE01357E19A8
:109010003031317020000A21FDF77AFE260004006D
:10902000092EEDD8149B4F46A94645469846159BF8
:1090300056469A46169C0D9B069343460593534607
:1090400004930A2303930C9B02934B4601931CAB9E
:109050002200009359463B002800FEF747FE0F9B75
:1090600004000C9372E4C0463D7C00100C239A432C
:109070001000E7E607220C9B073393430132944626
:109080009C4462460C920CCBD90F0F9111001943EE
:1090900000D191E0D9171391129151401091139979
:1090A0005940119110981199129A139B801A994165
:1090B0001090119114AA00239446424699461492A6
:1090C00052461F336344A846B24616944E46109C3F
:1090D000119DB94615921F0001E0202E10D02000EE
:1090E00029000A220023FDF751FE013630322B0001
:1090F000BA550D0022000400002BEED1092AECD84D
:10910000149B1094119545469846159B4F46B146C1
:1091100056469A46169C0D9B069343460593534626
:1091200004930A2303930F9B02934B4601931CABBA
:109130002200009359463B002800FEF7D7FD0400AB
:10914000FFF704FC0F9B984500D8C1E18023DB00AA
:109150000D9343460F9A1B199B1A994633002E0014
:109160004D46B9465F469B460C9122004B46013462
:1091700039002020B047AC42F7D143460C99013367
:109180000F930B7835000C935E46BB464F46002B81
:1091900000D10EE50D9B002B00D1F6E4002319E66B
:1091A0000C9B1B781A0015E710239A430D92EFE6EB
:1091B0000C9B1B78099361E6002399460028AAD1ED
:1091C000002200231092119374E70C9B2200187860
:1091D00059463B00A8474C468BE50C9AFA3BFF3BAF
:1091E00007329A430133994691444B460C931368D6
:1091F000526815921A4306D1103290430022099208
:10920000002900D081E06122810600D54122D2B23E
:109210000A9214AA91460A9A00210A3A14924246E6
:109220001792524618925A460991B3461F311E00B2
:109230000F9B4944BA4619941A95002467469846EC
:109240008946159D16901B920AE03032D2B24B46E9
:1092500001341A55A8454AD0202C4AD006000D00EA
:109260003A00002330002900FDF790FDD2B2092A10
:10927000EBD9149B9C466244D2B2E8E76123820694
:1092800000D54123DBB20A3B0C93434614A91F22AD
:109290008C46159353466244A046B2464C461797F7
:1092A000A9461700099D0D9E1490169308E03033CF
:1092B000DBB201343B55B5420ED3202C0CD0050057
:1092C00031002800FDF724FDCBB20929EFD90C9A13
:1092D00094466344DBB2ECE7159B4D46A1464446F9
:1092E0009846169B564614989A46179FD0E5B74263
:1092F000B2D9179B57469846189B5E469A461B9BC9
:1093000009949B461698199C1A9D4346059353460B
:1093100004930D9B0690039300230293099B05E79A
:109320000F9B984500D914E701330F932DE41023C8
:10933000110099430D91692800D0BAE080231000F4
:10934000DB0018401A4200D122E61DE60C9B1B6888
:10935000DA0F1100002B00D18CE0DA17981850407A
:1093600014AA914642461F23149252464B44A046EB
:10937000A946169704006546B2461F000C91159247
:1093800001E0202D0FD020000A21FDF7C1FC01359E
:109390007E193031317020000A21FDF7B9FC26001A
:1093A0000400092EEDD8149B444698460C9BAC460D
:1093B0001900159B56464D469A46169F0D9B0291E5
:1093C000069343460593534604930A230393634647
:1093D0003CE6002800D02EE602E60C9B1B6899466E
:1093E000002B03D110339843002938D16123820622
:1093F00000D54123DBB20A3B0C93434616935346F8
:1094000014A91F228C4617932B006244A0464D4698
:10941000B246189799461700149C0D9E159008E0C7
:109420003033DBB201343B55B5420ED3202C0CD087
:10943000050031002800FDF76BFCCBB20929EFD9FC
:109440000C9A94466344DBB2ECE7169B14944446B2
:109450009846179B56464D469A461598189F434680
:109460000593534604930D9B0690039300230293A8
:10947000149BEBE50028A1D172E70C9B1B68D91760
:109480005A184A40A6E580231000DB0018409C468D
:109490000F901A420FD00220030013400F93104286
:1094A00019D00023A1460F934CE50C9B1B68099330
:1094B000E4E40A0034E40223180010400D90134243
:1094C00000D03EE54346002B00D042E6FFF771FB9B
:1094D00001330F937FE463460D93F3E70EB401224B
:1094E00030B584B007AC08CC064D010000942800CC
:1094F00052420394FFF702FA04B030BC08BC03B038
:109500001847C046357C00100CB430B585B008ACA7
:1095100008CC064D0A000094010028000394FFF7D0
:10952000EDF905B030BC08BC02B01847357C00101E
:1095300010B50C0084B00394012402A9029000939A
:10954000034813006242FFF7D9F904B010BDC046CA
:10955000C97E001010B5094A0300146884B0002CBD
:1095600008D0012200910648524203A9A0470120D9
:1095700004B010BD00F07CFA0020F9E7F43A0020B6
:10958000B97E001000BEFDE7094A030010680028FC
:1095900005D00849C3188B4207D8136070470648A6
:1095A0000449C31810608B42F7D901204042F5E707
:1095B000EC36002000000420743B0020002070479F
:1095C000012040427047C046030010B5080011005A
:1095D000002B05D1044B1A685B6800F055F910BDEB
:1095E00001204042FBE7C04660A701100300013B99
:1095F00010B508001400012B06D801230022210019
:1096000000F0C4F8200010BD01204042FBE7C04636
:10961000012040427047C046012040427047C0468A
:10962000012040427047C0460300022200209A42B7
:109630004041704710B5FFF7A5FFC04670B5FDF774
:1096400053FA074D074EB54209D20024013E761B5E
:10965000B60808CD984723000134B342F9D170BD54
:10966000A47A0110B47A0110030010B508001100AB
:109670001B68984710BDC046F0B5C64600B5437D8F
:1096800007000C001600002B46D0002A17DD0B78CF
:109690000A2B24D000239846012E13D0012529003F
:1096A000635C01350A2B26D0B542F8D1464509DC6A
:1096B000A419013C23780D3B5A4253413B7580BCB1
:1096C000B846F0BD4346E018A419F11A013C3B68C6
:1096D000984723780D3B5A4253413B75EFE7037D92
:1096E000002BD7D102210F483B689847012EDFD0CD
:1096F00001239846D2E7631E5B5C0D2BD4D08845CE
:1097000004DA4346C91AE0183B6898470221054825
:109710003B68A8469847C7E70368110020009847B0
:10972000CDE7C046B8A90110F0B5C6460B680600E3
:109730000C0000B5802B06D05A1C2260E41826715C
:1097400080BCB846F0BD0F4B1D68002D16D00B1D18
:1097500098460D4F02E02D69002D0FD02B68002B8D
:10976000F9D03B68002B01D0AB42F4D12800414630
:109770002268FFF781FF2D69002DEFD10122002320
:10978000DBE7C0463835002044350020F0B54546BB
:10979000DE464E465746E0B583B091461C008046F3
:1097A0000D00FCF757FF0023304A12184B41002BE5
:1097B00002DA01222E4B52422E4908008A460EF050
:1097C00003F907006B1C03D140460DF077FB050041
:1097D000002C27D0284E294B1C68002C18D04B4653
:1097E000002B21D1264B994602E02469002C0FD092
:1097F0002368002BF9D04B461B68002B01D09C42FC
:10980000F3D120002A004146B0472469002CEFD153
:10981000002F26D1280003B0F0BCBB46B246A946B3
:10982000A046F0BD174ED6E7154B99460A239B4636
:1098300002E02469002CEBD02368002BF9D04B46C2
:109840001B68002B01D0A342F3D12A00414620001F
:10985000B0476B465A462000DA71D91D0122B04745
:10986000E7E750460EF038F8D4E7C04640420F0014
:10987000FFFFFF7FF8260020799600103835002082
:109880004435002069960010F8B557464E464546C7
:10989000DE4698461A4BE0B59B461A4B07000E0071
:1098A00091469A46184D5B461C68002C03D115E082
:1098B0002469002C12D02B68002B01D0A342F7D1D1
:1098C000A368002BF4D03100380098470028EFDD62
:1098D000F0BCBB46B246A946A046F8BD53465B6AFB
:1098E000984508D85246926A4A4502D3022040421F
:1098F000EEE79845FAD101200021FCF7B5FED2E74A
:109900003835002000400540443500200A4A1368DD
:10991000002B05D10CE01A001B691032002B07D078
:109920008342F8D1002902D118691060196170478B
:109930000029FCD01060FAE73835002010B500F09F
:109940003DFB10BDF0B5CE464746040080B583B060
:10995000FCF780FE2600002736184F41002F02DA60
:1099600001261A4F76421A4B1A4D994601AB98467A
:109970004B461C68002C03D116E02469002C13D040
:109980002B68002B01D09C42F7D1A368002BF4D0A8
:109990000121404698470028EFDD4346187803B080
:1099A000C0BCB946B046F0BD0B4B5A6A974207D8C7
:1099B0009B6AB34202D302204042F0E79742FAD1B9
:1099C00001200021FCF750FED2E7C046FFFFFF7FD9
:1099D000383500204435002000400540F0B5CE4623
:1099E000474680B583B06B460600DD1D2870FCF746
:1099F00031FE0023194A12184B41002B02DA0122D2
:109A0000174B52421749080088460DF0DDFF164BF0
:109A100081461C68002C14D0144F02E02469002CED
:109A20000FD02368002BF9D03B68002B01D09C425B
:109A3000F4D1200001222900FFF71EFE2469002C2A
:109A4000EFD14B46002B05D1300003B0C0BCB94666
:109A5000B046F0BD40460DF03FFFF5E740420F0035
:109A6000FFFFFF7FF8260020383500204435002016
:109A700070B504000DF022FA012301000500012257
:109A80002000FFF783FE084B1C68002C06D063689B
:109A9000002B05D098472469002CF8D1280070BD10
:109AA0002469002CF3D1F9E738350020F0B5CE4613
:109AB000474680B5A3B004000D00FCF7CBFD0023A2
:109AC000274A12184B41002B02DA0122254B524241
:109AD000254E30000DF078FF00232200019307008F
:109AE0002B00224801A9FFF723FD214B8046994610
:109AF0001C68019B002B1AD0002C2FD01D4D02E0BA
:109B00002469002C0FD02368002BF9D02B68002B80
:109B100001D0A342F4D12000019A02A9FFF7ACFDC5
:109B20002469002CEFD14B461C6800230193002CC4
:109B300006D06368002B0BD098472469002CF8D11D
:109B4000002F07D1404623B0C0BCB946B046F0BD97
:109B50002469ECE730000DF0BFFEF3E70194EFE776
:109B600040420F00FFFFFF7FF826002029970010DA
:109B700038350020443500200FB400B583B004A967
:109B800001C90191FFF792FF03B008BC04B0184768
:109B90007047C0460022014B1A7070476D3B002091
:109BA0004B790020FF2B0BD18B79002B08D1CB797F
:109BB000012B05D1082A03D9024B8A7809301A7083
:109BC0007047C0466D3B00200120704710B5012949
:109BD00013D112495379107909781B0203430020ED
:109BE000994200D010BD5378012B08D0022BF9D137
:109BF000642200210020FCF7C1FE0120F2E7D378A7
:109C000091781B021943480ADB0501D40120404228
:109C10007F238A05D20F1940FCF738FF6D3B0020E7
:109C20000048704784AA011070B505001400012097
:109C3000012909D153780020012B05D163791279CC
:109C40001B021343072B00D070BD21002800024ADD
:109C50009F3301F055FAF7E7DCA9011001230370E7
:109C600000487047BCA901104B780A781B021343C7
:109C70008A7810B512041A43CB781B061343962238
:109C8000D200934200D010BD0022012011004042BA
:109C9000FCF7FCFE024B1860024B19607047C0468F
:109CA000D8340020DC34002010B5024B1878FBF7C4
:109CB00051FD10BD6E3B0020154B70B51A68002A8F
:109CC00022D0EFF3108172B610680028FCD0BFF3E9
:109CD0005F8F00200F4A596010701B68BFF35F8FC1
:109CE000186081F31088002400250B4E3078FBF7B4
:109CF00025FD002804D1002400252900200070BD86
:109D00003078FBF727FDF8E7FA240025A400ECE7FC
:109D1000183B00206F3B00206E3B002070B5040014
:109D200000200E0001F00AFB002834D0002001F0D2
:109D30001BFB00282FD0FCF78DFC0023174A1218BC
:109D40004B41002B16DB164D28000DF03DFE002880
:109D500021D0002001F0F2FA00280FD101200021CB
:109D6000404200F001FD0324644228000DF0B4FDE0
:109D7000200070BD01220B4B5242E4E7002001F0AD
:109D8000F3FA0028EAD021003200002001F0F6FAB0
:109D9000041EEAD1E7E703246442E9E740420F00EA
:109DA000483B0020FFFFFF7F10B5FCF753FC00236A
:109DB0000D4A12184B41002B02DA01220B4B524282
:109DC0000B4C20000DF000FE00280CD001200021DB
:109DD000404200F0C9FC002001F014FB0028F5D13E
:109DE00020000DF079FD10BD40420F00FFFFFF7F06
:109DF000483B0020F8B5DE46574680B505000C000C
:109E0000FCF728FC0023364A12184B41002B02DADB
:109E10000122344B5242344908008A460DF0D4FDE9
:109E2000002803D1C0BCBB46B246F8BD002001F0FB
:109E300085FA00284AD00026002C43DD2B4B9B4698
:109E400014E0A919002001F017FB070001200021F0
:109E5000404200F089FC002001F0D4FAFCF7FAFB44
:109E6000224BF61918605960B4422BDD002001F036
:109E700023FBA71B0200B84200DD3A00002AE0D114
:109E800001200021404200F06FFC002001F0BAFAEE
:109E9000002001F053FA002814D0002001F00CFB40
:109EA0000028E1D1FCF7D6FB5B460F001A685B681F
:109EB000002184460E4812184B419F4202D8D3D14C
:109EC0009445D1D950460DF007FDABE700200021A5
:109ED000064B1860596050460DF0FEFCA2E7C046E4
:109EE00040420F00FFFFFF7F483B002090280020EA
:109EF00020A1070030B52A4C85B0002120000DF0CC
:109F00003BFD00281CD1274B1A68002A16D0EFF31E
:109F1000108172B610680028FCD0BFF35F8F012457
:109F20002148596002781B68D2B20470BFF35F8F7A
:109F30000020186081F31088002A17D005B030BDCA
:109F400001200021404200F00FFC002001F00CFA3B
:109F5000050020000DF0C0FC002DEFD0134B1B6856
:109F6000002BEBD0124A10689847E7E7FCF7E6F8B9
:109F70000400FCF76FFBFA220023920012184B41F9
:109F8000002B02DA01220B4B5242012102910021E7
:109F90000191094920000091FCF7D4F8CEE7C046B2
:109FA000483B0020183B00206F3B0020D8340020A5
:109FB000DC340020FFFFFF7FB99C0010D02310B5D8
:109FC0001B0684B01C68FCF7B9F8FCF7B5F9A04291
:109FD00002D0002004B010BD294B002100201B78C6
:109FE00001F05EFD27480368002B45D00120FBF7F8
:109FF00033FEFF23244C254920701840FBF7C4FB97
:10A0000020780121FBF788FB0520FBF7ABFB00283C
:10A0100024D1082200211E48FDF700FEFCF78EF82F
:10A020000400FCF717FBFA220023920012184B41A0
:10A03000002B02DA0122174B52420121029100212A
:10A040000191154920000091FCF77CF80028C0DB45
:10A0500012480121FFF75AFC0120BBE70120FBF762
:10A0600029FB0B4B01001800FBF758FE00220520CE
:10A070000B49FBF7B3FBEBE7FBF734FEB6E7C04653
:10A08000B4C40110483B00206E3B0020F59E001038
:10A09000183B0020FFFFFF7FB99C001040210020EB
:10A0A000A99C00100048704720AB01100048704781
:10A0B000CCAA011010B5040017480378002B20D05B
:10A0C000002C06D1154B16484380063BFF3B03800E
:10A0D00010BD052C1DD8134BA400E05812490123D4
:10A0E000013804E001330A800231142B0DD0C25C28
:10A0F000002AF7D1C022DBB25B009200084813436C
:10A10000E5E7112100F01AF8DAE7CA2304489B00BA
:10A11000DDE70020DCE7C046503B002009040000DA
:10A1200010350020B4AA01101235002010B50248E5
:10A1300000F0D8F810BDC046383B002030B54B1EAB
:10A14000012900D1A7E0664A11780D092C003034AE
:10A150009F2900D9A2E00470012B00D1BEE00F219D
:10A16000147821400C003034092900D998E044705B
:10A17000022B00D1B2E054782509290030319F2C00
:10A1800000D990E08170032B00D1A7E00F2121407E
:10A190000C003034092900D987E0C470042B00D1A9
:10A1A0009CE094782509290030319F2C00D97FE06C
:10A1B0000171052B00D191E00F2121400C003034BA
:10A1C000092900D976E04471062B00D186E0D478C5
:10A1D0002509290030319F2C00D96EE08171072BB1
:10A1E00000D17BE00F2121400C003034092966D8D2
:10A1F000C471082B00D171E0147925092900303190
:10A200009F2C5FD80172092B68D00F2121400C00D0
:10A210003034092958D844720A2B5FD05479250963
:10A22000290030319F2C52D881720B2B56D00F2130
:10A2300021400C00303409294BD8C4720C2B4DD06E
:10A2400094792509290030319F2C00D907310173F9
:10A250000D2B43D00F2121400C003034092901D9A6
:10A2600037310C0044730E2B38D0D1790C09220001
:10A2700030329F2900D9073282730F2B2ED00F2244
:10A280000A4011003731092A01D830321100C17358
:10A29000102B23D010300023037030BD07345AE751
:10A2A00037310C0063E707316CE737310C0074E796
:10A2B00007317DE737310C0085E707318EE737310D
:10A2C0000C0095E707319DE737310C00A3E7073114
:10A2D000AAE737310C00C4720C2BB1D1C018DAE7F1
:10A2E000383B002010B588B004000D2200216846DC
:10A2F000FDF794FC0D22002104A8FDF78FFC4B23F1
:10A300006A466846137004A90D220DF0DDFA152186
:10A31000082220006944FDF787FC08B010BDC04644
:10A32000F8B500F047F90C23194DFF22AB67052063
:10A330001849FBF753FA184C402200212000FDF782
:10A340006DFC4027002301262121144A66702783D3
:10A35000A260136063545F31618445396354104ACD
:10A3600010496360E2602787A1620B606362E2626A
:10A370000DF042FB80239B052E64EB6490230A4A78
:10A380000120EA508022094B5202DA64F8BDC0462F
:10A39000000011503D060020F036002084001050CF
:10A3A000000110508000105010D00100002011500A
:10A3B00010B501210520FBF7AFF910BD10B5002243
:10A3C0000021024800F016F910BDC04610370020E9
:10A3D000044B1970002904D080219023024A89027D
:10A3E000D1507047683B0020002011500B785B066D
:10A3F00002D14B78052B00D070478A78014B1A6048
:10A40000FAE7C04600001150F0B5C646C87800B55E
:10A410008007830F1800012B60D08F780A794B7961
:10A420007F213940FC091B024E001343334D321982
:10A430005201AA18977001276740577000275B05E3
:10A440005B0DD7701383D076B846CA00012C32D08A
:10A450002B4FBC468F016244BC46AC446746BA6091
:10A4600047461760002932D0264AC9009046624606
:10A47000414451603F223F339343022837D0224961
:10A4800037190A687F01D3180B602049EF19FA6069
:10A490008B422ED836197601AD19EB7E1C499B06EE
:10A4A0004A4013438022120613436A681360012056
:10A4B00080BCB846F0BD174FBC468F016244BC4615
:10A4C000AC446746BA6247461760002908D10023AA
:10A4D00064012C196360104BE360E8E70020E7E7B4
:10A4E0000B4AC9009046624641445162C2E75B0094
:10A4F000C5E7FCF7F3FAFA68CCE7C046F03600206F
:10A500008400105004001050FC3A0020FF0F10503F
:10A5100000001050800010500001105010B50DF0D8
:10A520006BFA10BD10B57F200C0020404000E409FC
:10A53000110000191A00034B4001C01800F05AF82E
:10A54000012010BDF03600207F23180000B5084020
:10A5500083B00B4204D14B424B41084A013393660E
:10A560008022C9094000064B401840010021C01854
:10A5700012010DF059FA03B000BDC0460020115081
:10A58000F03600207F22130010B50B400A4200D1A4
:10A5900010BDC9095B005B1804485B01C0180023AB
:10A5A00000220349C3700DF03FFAF1E7F0360020B6
:10A5B000FFF7FFFF80220A4B520410B51A60094BC7
:10A5C00009491A6010000B689843FBD180220021D2
:10A5D00052010648FDF722FB0922054B5A6710BDC0
:10A5E00000E0004000F0004008C0004000001050B3
:10A5F00000001150002310B5C3820133828283769C
:10A60000016104000DF088F9002804D08021902316
:10A61000074A8902D15020000DF00EFA002802D01E
:10A620000123237710BD20000DF0D6F9FAE7C046CC
:10A63000002011507047C0467047C0460020704748
:10A64000002070477047C0467047C0467047C046FC
:10A650007047C046024B5878431E9841C0B27047BD
:10A66000E02F0020024B18784007C00F7047C0460B
:10A67000E02F0020F0B5D6464F464646C0B52F4BDA
:10A6800007009A461B780E00FF2B50D1002941D0BD
:10A69000002154222A48FDF7C1FA0022294C2A4BF6
:10A6A00020001A70FBF71EFB284B1C60284C200072
:10A6B000143CFBF725FB200001F0FAFD254B264D4D
:10A6C0001C60264B002B04D02800FFF7C7FA244B50
:10A6D00018602449002489462149002388462A78A5
:10A6E00010E043461B6862019B18002B12D05B6888
:10A6F000002B0FD098472A780134E4B2511C230074
:10A70000A14209DBA242ECD89B1A5B014B445B6877
:10A71000002BEFD100200BE05346310038001F70B2
:10A72000FFF7FEFD0028F5D03800FFF741FE0120BD
:10A73000E0BCBA46B146A846F0BDC0467421002030
:10A74000E02F0020D82F0020693B0020343000206B
:10A750006C21002038300020673B00205D9C0010F9
:10A76000302E0020DCAB0110F0B5DE4657464E46D9
:10A770004546E0B5C84B91B002931B78FF2B00D142
:10A780003EE1C64BC64E9B465F46C64B0DAC0193A1
:10A79000C54B009335686A69EFF3108172B6136890
:10A7A000002BFCD0BFF35F8FA9612800210001F0CE
:10A7B000AFFB6A69AB69BFF35F8F0021116083F360
:10A7C0001088002800D11BE16378082BE2D89B0099
:10A7D000FB589F466368002BDCD0A0689847D9E7F8
:10A7E0007F222179AF4D0A405300EB189846C809E3
:10A7F000804440460123303005799D430571057939
:10A8000003339D430571002A00D100E14346A74A66
:10A810001B7D1278934200D3EFE0A54A5B011568D7
:10A82000ED18002D00D1EBE0A36862792078AD69C6
:10A83000A847AFE79F4A1378002B00D1E0E01378D8
:10A84000013BDBB213701378002BA3D10122954D8D
:10A8500001212B78042013432B703423EA5C8A43B4
:10A86000EA54EA5C8243EA540133EA5C8A43EA54DC
:10A87000EA5C8243EA54237800209B4600F09EFC69
:10A88000602223791A40602A00D1EFE0402A00D1EB
:10A89000F5E0DB06DB0E012B00D113E1022B00D12A
:10A8A000C7E0002B00D0E1E0202A00D11CE2002A02
:10A8B00000D0DBE06379092B00D9D7E07E4A9B000A
:10A8C000D3589F46774D2B78DB0700D462E7FFF71C
:10A8D000BFFE5FE7019BDB78DB0700D45AE76068C7
:10A8E000FFF7AAFE56E76F4D2B78DB0700D451E740
:10A8F00028780007C00FFFF7A9FE4BE723786A49C5
:10A9000099468B46694B6A4998468A4639001A78B7
:10A9100047460023B04600254E46894610E0534680
:10A920001B686A019B18002B00D176E0DB683000C1
:10A9300098473A780135EDB2511C2B008D4244DC2A
:10A940009542ECD39B1A5B015B44EFE723785849AF
:10A950009946564B8A4698463100BB464E461A7871
:10A9600000250023474689460FE053461B686A01CD
:10A970009B18002B55D0DB68300098473A7801359A
:10A98000EDB2511C2B008D4207DC9542EDD39B1A92
:10A99000009A5B0194466344EDE7019D5422002137
:10A9A0002800FDF73BF91022FF214448FDF736F956
:10A9B00028002022FF2114304E465F46FDF72EF975
:10A9C00000F0F2FBFFF740FEE4E6364D5422002192
:10A9D0002800FDF723F91022FF21281DFDF71EF99D
:10A9E00028002022FF21143046464F46FDF716F975
:10A9F00000F0DAFB2379AB70CCE6501C984213DAF6
:10AA000011B0F0BCBB46B246A946A046F0BDA36853
:10AA10006279207800F0E6FBBCE646464F46214DC1
:10AA2000E6E74E465F46CBE71F4D9B1A5B015D197B
:10AA3000FAE67023217A0B4218D1C80982460F33F7
:10AA40000B405B0098461948EB1853441B7D007877
:10AA50009946834266D216485B0100688146994454
:10AA6000002A00D15FE14B46002B68D120780021FD
:10AA7000FFF76AFD80212078FFF766FD8AE610481F
:10AA800000F09CFB012158460EAAFFF7CDF80028E4
:10AA900000D07FE6EAE7C0467421002034AB011005
:10AAA00038300020E02F0020DCAB0110673B002095
:10AAB000302E0020693B002058AB0110E42F00200D
:10AAC000299C0010237A0F2BD0D8CF4AEB181B7982
:10AAD0001578AB423ED3691C9942C7DB5D1BCB4B5B
:10AAE0006D01ED18686900F069FB012158466B693A
:10AAF0000EAA9847002800D04CE660221500237962
:10AB00001D401A42B2D163790A3B012BAED800F046
:10AB100055FB63790A2B00D199E158460EA900F044
:10AB2000D9FA37E6431C4B4500DAF7E04B461B1ACF
:10AB30005B019946B5488144002A00D1F3E04B46B9
:10AB4000586900F03BFB4B46012158465B690EAA51
:10AB500098479CE7AE4A5B011568ED18002DC1D1FE
:10AB600084E7A37999466B789945D6D06B78002B0A
:10AB700000D033E14B466B70002B00D12BE14846EF
:10AB80000138C0B2FFF792FA002800D17EE1437885
:10AB90000793022B00D079E10122C179B1468B11D4
:10ABA000491113400A40302112015B0113432A78F6
:10ABB000A8468A4313432B7009239A46824456467B
:10ABC000BA46C37882781B021343C31805938E4B91
:10ABD00004938E4B08938E4B09938E4B0A93059BDF
:10ABE000B34200D855E1737801220B2B03D133789F
:10ABF000F278F6187378042B00D044E1059B002707
:10AC00009B1B9BB20693049B0B921D78002303931E
:10AC10001BE0099A7B011568ED18002D00D132E187
:10AC2000310058462B69069A98478446082803D96C
:10AC3000069A824200D313E1049B01371D78FFB2CC
:10AC40006B1C03979F4200DD1DE1BD42E1D8039BD1
:10AC50005D1B089B6D019C466544E1E76B780CAA7F
:10AC600002321370584601230EA900F049FA91E50B
:10AC7000E3881A0AD8B20F2A00D9F7E6664993008A
:10AC8000CB589F460EA800F09FFA5846A179FFF7CF
:10AC900095FB02222B7813432B707BE5E388012B75
:10ACA00000D0E3E608222B78584693430EA92B7078
:10ACB00000F010FA6EE5022029780CAB9A1C8B0686
:10ACC0008908DB0F01400B431380584602230EA96D
:10ACD00000F016FA5EE5E388012B00D0C6E60822F4
:10ACE0002B7813432B7018E7237A0F2B00D9BDE67E
:10ACF000EB181D79444B1B789D4228D2444B6D01C3
:10AD00001B685D19002D00D1B0E6686900F056FAA5
:10AD1000012158466B690EAA9847B8E6002A00D070
:10AD2000A4E600239946627902201300039283432C
:10AD3000012B15D0002A00D098E62B004344534441
:10AD400030331B790CAA9B07DB0F0232BCE75A1C7D
:10AD5000AA4200DA8AE6ED1A2C4B6D01ED18D4E711
:10AD6000E388002B12D1029B1878039B012B23D080
:10AD7000FFF7EAFB43460221EB18534430331A79BC
:10AD80000A4301211A711A790A431A714B46002BA2
:10AD900000D1FFE4586900F011FA4B4601215B69CC
:10ADA0000EAA58469847002000F008FA3523EB5CBD
:10ADB000DB0700D5EEE4B0E6FFF7E4FB43460221F3
:10ADC000EB18534430331A798A431A711A7903996C
:10ADD0008A431A71DAE7FFF737FC9EE600215846EE
:10ADE000FFF7F6FA5846FFF799FBAB78074903934C
:10ADF0000491054B064998461A78059100232900CD
:10AE00001D008A461BE0C046673B0020DCAB0110FA
:10AE1000302E0020F42F002080AB0110059B6A012A
:10AE20001B689B18002B4DD0DB685846984743465B
:10AE30001A780135EDB2511C2B008D422EDC954263
:10AE4000ECD39B1A049A5B0194466344ECE70CAB89
:10AE50009A1C584601230EA9157000F051F999E487
:10AE60000B9A012A4FD0002A3CD00023B07804E08E
:10AE70000133DBB20F71934234D2C118C9B24144DD
:10AE80000D79FF2DF4D04E464546574600236B7092
:10AE9000ECE54E465746FFF7D5FB3EE655465422B5
:10AEA00000212800FCF7BAFE1022FF21281DFCF724
:10AEB000B5FE28002022FF211430FCF7AFFE039BD3
:10AEC000AB7057E65546FAE7FEF7AAFE021E00D120
:10AED000CCE5D37891781B020B4358460EA900F0BD
:10AEE0000FF9D4E565463B002A0031000A9800F0CE
:10AEF0007FFEAC46049B039A1B7866440133934261
:10AF000000DB6CE6BFE7174B29699942ADD1079A80
:10AF1000ABE7FFF793FB021E00D1A7E55846137875
:10AF20000EA900F0EDF8B2E52189FFF7C3F8021E83
:10AF3000F4D19BE5022A0FD0FFF782FB021EC8D195
:10AF400094E5FFF7AFF8021E00D18FE512235846B3
:10AF50000EA900F0D5F89AE5FFF7A8F8021EB8D1BF
:10AF600084E5C046B9B50010F8B557464E46DE46F2
:10AF700045460C00E0B516001F00002A3CD07023A7
:10AF800098461E4B00259B461D4B9A461AE05B4691
:10AF90001B78200099465346997800F0EBFD002875
:10AFA0001CD021004846FFF72FFA002816D0A378BE
:10AFB000DA09012A19D00A9A013513702378E418A6
:10AFC000B54219DA6378052B08D1E3789B079B0F0C
:10AFD000BB4203D14246A3781A42D8D00020F0BC2D
:10AFE000BB46B246A946A046F8BD0B9A0135137080
:10AFF0002378E418B542E5DB0120F0E77421002056
:10B00000E02F0020702270B58B780C001A4201D01E
:10B01000002070BD064B20001D78064B997800F08B
:10B02000A9FD0028F4D021002800FFF7EDF9F0E792
:10B0300074210020E02F00200B007F2010B5184065
:10B04000DB0934334000044AC018044B1168C018AF
:10B0500000F04CFD10BDC04634300020E02F002031
:10B060000B007F2010B51840DB0934334000044A40
:10B07000C018044B1168C01800F060FD10BDC04638
:10B0800034300020E02F002070B57F240F480C40A2
:10B0900064000419CD09641930342079C00701D542
:10B0A000002070BD012625790948354300782571B7
:10B0B000FFF738FA0028F4D1012223799343237152
:10B0C0002379033293432371EAE7C046E02F00203F
:10B0D0007421002070B5094C0600082220000D00E4
:10B0E000FCF7A2FD00238021E360A3602B783000F1
:10B0F000994300220023FFF7C7FF70BDC02F002037
:10B10000F8B5CE4647469046254E80B58146082282
:10B1100030000D001F00FCF787FD4346B36000239D
:10B12000F381EC79AB7924021C43231CBC4200D987
:10B130003B1C9FB2B381002C0DD0002F17D042468C
:10B14000002A2BD0402F1BD89FB233787F2B1CD8DE
:10B150000021144A0FE080212B78002299434846B1
:10B160000023FFF791FFC0BCB946B046F8BD7F236E
:10B170000022317899433B004846FFF785FFF2E70C
:10B1800040239FB233787F2BE2D9064C3A004146E8
:10B190002000FCF749FD80212200ECE70020E2E7D7
:10B1A000C02F0020802F002010B51422002102485B
:10B1B000FCF734FD10BDC046C02F0020014B1861C4
:10B1C0007047C046C02F002010B5054C0100082272
:10B1D0002000FCF729FD0023A360E36010BDC046FA
:10B1E000C02F002070B5384C1D0023780600DA0906
:10B1F000C9098A4210D00020002D00D070BD210066
:10B200003000FFF7F3F82369002B03D0220003215D
:10B21000300098470120F1E77F2B06D8A06800286E
:10B2200034D02A002949FCF7FFFCE289A1685219B1
:10B23000E38892B24919E281A160934214D03F2D74
:10B2400012D9A389981A051C80B240282AD82078E0
:10B25000ADB27F2828D800219A4232D01B4A2B0059
:10B260003000FFF711FFC9E72369002B05D022004A
:10B2700002213000984700280AD08021237800223C
:10B28000994330000023FFF7FFFEB7E70020B5E742
:10B2900000213000FFF758F930008021FFF754F902
:10B2A0000120ABE74025D2E79A4207D0074C2A009D
:10B2B0002000FCF7B9FC80212200D0E78021002289
:10B2C000CDE70022CBE7C046C02F0020802F002012
:10B2D00070B50400FFF7BEF9002800D170BDFFF77C
:10B2E000C1F90028FAD1C8236343124DEE18F17852
:10B2F0000029F3D010335D19280000F0F3FD3F283A
:10B30000ECD90020F178FFF797FE0028E6D028005E
:10B3100000F0E8FDF1783F2807D9074BE201D21889
:10B3200000204023FFF7B0FED8E70020FFF798FE8B
:10B33000D4E7C046B82E0020342E002010B50400FB
:10B34000FFF788F9002801D1002010BDFFF78AF926
:10B350000028F9D1C8226243024B01309B181B79A7
:10B360001840F2E7B82E0020C82310B54343024826
:10B37000181800F099FD10BDC82E0020F8B5C8249B
:10B38000802344431C4F103405003C195B029A4251
:10B3900000D31A4A200092B200F008FE0600FFF720
:10B3A00059F9002801D13000F8BDFFF75BF90028FA
:10B3B000F9D1C8236B43FF18FB78002BF3D0200092
:10B3C00000F090FD3F28EED90020F978FFF734FE19
:10B3D0000028E8D0200000F085FDF9783F2807D943
:10B3E000074BEA01D21800204023FFF74DFEDAE7B1
:10B3F0000020FFF735FED6E7B82E0020FFFF000043
:10B40000342E0020F8B50400FFF724F9002801D1FC
:10B410000020F8BDFFF726F90028F9D1C8256543BB
:10B420002E00134F2436F619300000F03DFD0028A1
:10B43000EED07F190020B978FFF7FEFD0028E7D095
:10B440000C4DE401651929004022300000F0AEFDEA
:10B45000B978041E08D003002A000020FFF714FE6C
:10B460000028D5D02000D4E70020FFF7F9FDCFE772
:10B47000B82E0020742E002070B5C82444430C4B15
:10B480000500E41880235B029A4200D3094A200099
:10B4900092B200F051FE0600200000F005FD3F28AA
:10B4A00001D8300070BD2800FFF7ACFFF9E7C046B7
:10B4B000DC2E0020FFFF0000C82310B543430248E4
:10B4C000181800F00FFD10BDDC2E0020F0B500258F
:10B4D000184C83B0C82200212000FCF79FFB164BBC
:10B4E00021001D70FF236371E1235B02A360200034
:10B4F00008234022A37338310095073B103000F039
:10B500009DFC2700012321002000260040227831E5
:10B510000093B837243000F091FCC0363800FAF7B9
:10B52000E1FB3000FAF7DEFBE56127622663656325
:10B5300003B0F0BDB82E0020B42E00200A4A116BD3
:10B54000136A00290CD0002B07D00023D36153636A
:10B550001363002313620120704753631363FAE7F8
:10B56000002BF8D0D161F4E7B82E002070B50F4C55
:10B57000052200212000FCF751FB0D4D2B78DA0746
:10B5800007D50C4C9B070CD50121200000F0B0FE24
:10B5900070BD2000103000F08BFE2B78054C9B070F
:10B5A000F2D4200000F084FEEEE7C046B82E002062
:10B5B000B42E0020DC2E0020F0B54B79060083B0BD
:10B5C000022B02D18B79022B03D00025280003B077
:10B5D000F0BD204FBB78002BF7D18B7809253B704D
:10B5E0000C780C196378242B07D00CE02378E4182E
:10B5F0005D196378ADB2242B05D19542F6D90020B0
:10B60000FFF766FEE2E71A00052B15D0042AF6D1F3
:10B6100063790A2BF3D1104B277801930133009300
:10B6200030000223E119023AFFF79EFC0028CCD03B
:10B630000E35ED19ADB2E2E721003000FFF7E2FC74
:10B640000028C2D0A3787B7023785D19E418627853
:10B65000ADB2DBE7B82E0020BA2E0020F8B560238B
:10B6600014001278050013400020202B07D1304A27
:10B670006379277916781B023B439E4200D0F8BDC0
:10B680006378222B1AD007D8202B34D0212BF6D167
:10B6900001293ED00120F2E7232BF0D1012940D02F
:10B6A0000329F7D1234B002BF4D0E178A3780902CA
:10B6B0000020194300E000BF0120E0E7012930D05D
:10B6C0000329E7D101252E00A378E478023924026A
:10B6D0001C431471264024321000714000F008FE13
:10B6E000154B002BD6D06208002031002A4000E024
:10B6F00000BF0120C3E701290BD00329CAD10F4B9A
:10B70000002BC7D0083200201100FEF7ADFA01204F
:10B71000B5E7072321002800094AFFF7F1FC0120C3
:10B72000ADE721002800FFF7D5FC0120A7E7C046C0
:10B73000B82E00200000000000000000699C0010EE
:10B74000C02E0020F0B54F464646D646C0B5364D11
:10B750008046EA780C001F008A423CD0AB788B42CE
:10B7600010D00020E0BCBA46B146A846F0BD2F4B31
:10B77000002B04D02E4800F0ADFB002851D0002053
:10B78000FFF7A6FDAB78A34201D00120EAE7294BE1
:10B79000002B02D0002000E000BF0020FFF732FEA7
:10B7A0000028F2D1244C200000F07EFB0028ECD1D0
:10B7B000002FEAD0BF06E8D1243C4046A178FFF72D
:10B7C0003BFC0028E1D0002300224046A178FFF78F
:10B7D0005BFC0120C6E79AB210239A46174EAA4492
:10B7E0003100504600F0A8FC154B002BBFD06B7900
:10B7F000FF2BBCD0002FBAD0F219914603E00136DE
:10B800004E45B4D06B7932789A42F8D1504600F068
:10B8100061FB0028F3D15346103B597900E000BF8B
:10B82000EDE700E000BFAAE7B82E0020000000000E
:10B83000C82E002000000000DC2E0020342E002046
:10B84000000000009322F0B5134C85B000212000C9
:10B850009200FCF7E3F923002000802640270F4DDB
:10B860004D337600FF3329300295009300220023E8
:10B87000002103970196FF3000F0D4F94035201DD8
:10B880002834002301220021039702950196009499
:10B8900000F0C8F905B0F0BD84310020043100206B
:10B8A00010B5054C200000F0F3F920002538FF38D2
:10B8B00000F0EEF9012010BDAC32002070B5084C4C
:10B8C000002520003130FF30257000F0F1FC200011
:10B8D0000C3000F0EDFC2A23FF33E554657170BD98
:10B8E00084310020F8B557464546DE464E46E0B561
:10B8F0004B7980460F00FF2B5BD1404B99462A23A2
:10B900004946FF33CB5C002B53D14E79002E50D1EA
:10B91000BB783C780B703B793C19002B46D09823C0
:10B920005B004B449A460C234B449B46A51803E00E
:10B93000AC423BD22378E4186378052BF8D1AC42B3
:10B9400034D221004046FFF75DFB002831D0A378B8
:10B950000136F6B2DB09012B32D0504600F0A8FCCC
:10B960002A234946A278FF33CA54637922791B02FD
:10B970001343234A5B0594465B0D942163445A426A
:10B9800053414A4602204900525C5B008243134304
:10B990004A46535451464046083900F0E3F900281E
:10B9A00007D02378E4183B79B342C5D8E01B80B2B6
:10B9B00000E00020F0BCBB46B246A946A046F8BD58
:10B9C000584600F075FC5A46A3780C3A53716379D7
:10B9D00021791B020B430A495B058C465B0D6344CE
:10B9E00059424B41022011795B0081430B43594678
:10B9F00000200839137100F081F9D2E7843100206A
:10BA000000FEFFFFF8B52A2506001F48FF35455DFB
:10BA10001F008D4215D043798B4201D00020F8BD24
:10BA20001A4B002B04D039040020090C00E000BFA1
:10BA3000174C3000210000F061F900281DD00120D2
:10BA4000EDE79A235B00C35A002B0DD1114B002B5D
:10BA500004D000201049BAB200E000BF30000F4906
:10BA600000F080F90120DAE796235B00C1583130FD
:10BA7000BAB2FF3000F060FBE8E73A002100300086
:10BA800000F008F90120CAE784310020000000001E
:10BA9000883100200000000004310020AC3200207A
:10BAA00000B5030083B0002910D00020012B07D877
:10BAB0000A78002A04D00C48C2540120012A01D07F
:10BAC00003B000BD1800FEF7D5FDF9E701236A4673
:10BAD000002001A99380FEF7CDFD0028F0D00122BF
:10BAE000014B1A70ECE7C046D42F0020037870B5E4
:10BAF000DB0704000E00DD0F002B17D103785B0776
:10BB000001D5280070BD0121300049420BF04CFFE7
:10BB10002378DB07DD0F002B0AD123785B0708D4DD
:10BB20000422237801251343237002E00025E8E76F
:10BB3000002530000BF0D0FEE3E7C04670B50C00E6
:10BB400001210600494220000BF02EFF33785B07ED
:10BB5000DD0F002B04DB20000BF0BEFE280070BDC3
:10BB60003378DB0704D40422337893433370F2E74D
:10BB70000025F0E7437902791B021343C2785B0585
:10BB800092075B0D920F022A1DD0032A0CD00020D1
:10BB9000012A08D102394A425141124A944661446D
:10BBA00099424041C0B2704702394A1E91410E4A43
:10BBB000494211408022D2009446002061449942BB
:10BBC0004041C0B2EFE7022905D0002040229A424E
:10BBD0004041C0B2E7E7054A981843425841C0B215
:10BBE000E1E7C046FF03000040FCFFFF00FEFFFF4F
:10BBF0008A1870B5914207D27F264C78052C04D064
:10BC00000C7809198A42F8D870BD34008D782C4020
:10BC100064000419ED0963550C7809198A42ECD8BF
:10BC2000F2E7C046F0B5C64600B582B0150008AAD6
:10BC300040CA040017886A46928D012090460A0087
:10BC40002178024081432000114321703A00009383
:10BC500031000123083000F0F1F8002E01D0002F50
:10BC600008D10A9B012063604346638002B080BC18
:10BC7000B846F0BD26001C363000FAF733F8002332
:10BC8000002D01D0330000266361A661E9E7C046BC
:10BC900001207047F8B502240B7807001C4063426E
:10BCA0005C41144B64421C40134B08009C46083016
:10BCB0000D001600644400F0F7F8002807D1002EAC
:10BCC00005D0344203D101242B781C4201D000203E
:10BCD000F8BD38006978FFF7AFF90028F7D02B7866
:10BCE0001C42F4D10023002238006978FFF7CCF918
:10BCF000EEE7C04640FEFFFFFF010000F8B50D0073
:10BD00000835060028000C0000F0CEF8002803D00B
:10BD1000012723781F4201D00020F8BD3000617850
:10BD2000FFF78AF90028F7D028006288616800F0E0
:10BD30003DF9237805001F4000280BD0002FEBD1E0
:10BD40000300626830006178FFF79EF90028E3D0B5
:10BD50002800E2E7002FDFD130006178FFF780F99B
:10BD6000DAE7C046F8B5CE46474680B58A89060070
:10BD70000C000B78002A07D101251D4240D000207D
:10BD8000C0BCB946B046F8BD9B0733D42A4B40250A
:10BD9000994627000837380000F0A4F88542EED80D
:10BDA0000122237890461A42E9D130006178FFF7EA
:10BDB00043F90028E3D0380000F094F84246237895
:10BDC0001A40854231D8002AD9D14A4663880240B8
:10BDD0001D1C934200D9151CADB200226178002DC4
:10BDE00000D062682B003000FFF74EF90028C6D063
:10BDF0002800C5E7FE2380251B029946AD00C8E751
:10BE00004978FFF719F90028B9D023781D42B6D137
:10BE1000638800226178002B00D062683000FFF751
:10BE200033F90028ABD06088AAE7002AA7D13000F8
:10BE30006178FFF715F9A2E7C0FF0000F0B5C6462C
:10BE400000B504006846057E8020884617001E0065
:10BE50000002824226D8E068002803D0012149422E
:10BE60000BF0A2FD2069002803D0012149420BF00C
:10BE70009BFD4346236073045B0CED031D430023CD
:10BE8000E0686381A780E5802381002801D00BF062
:10BE900023FD2069002801D00BF01EFD012080BC8D
:10BEA000B846F0BD0020FAE710B5048941898288C0
:10BEB000A3B288B28C4207D31B1A9BB2101C9A42C1
:10BEC00000D9181C80B210BD5100091A5B189BB232
:10BED000F4E7C04603894089181A43425841C0B26A
:10BEE0007047C04610B5048941898288A3B288B2E0
:10BEF0008C4207D31B1A9BB200209A4201D9D21A56
:10BF000090B210BD5100091A5B189BB2F4E7C0460D
:10BF100070B5040000690E00002803D001214942D9
:10BF20000BF042FD25896089A288A9B283B28542BF
:10BF300032D3CD1AADB2002D28D0AA4208D29142F8
:10BF40002FD3891A8BB263819A4203D89B1A9BB272
:10BF50009A42FBD9E28821685204520C53433000C4
:10BF6000C918FBF761FE63890125591C89B2A288B3
:10BF70008B420DD900215200891A89B22069618152
:10BF8000002801D00BF0A8FC280070BD618989B29F
:10BF900052009142F2DBEFE75500ED1A4D19ADB2B8
:10BFA000C9E789188BB26381CEE7C046F0B5464633
:10BFB0004F46D646C0B5060000698946904600281F
:10BFC00003D0012149420BF0EFFC31897289B58819
:10BFD0008BB294B2914254D31F1BBFB2002F4AD0F0
:10BFE000BD4205D2AB4251D25B199CB22F00748185
:10BFF0004346B8453DD89FB2A54203D8641BA4B2BE
:10C00000A542FBD9F28831685204520C9046624333
:10C010002B1B9BB2891842469F4225D953439BB2A2
:10C020001A0048469A46FBF7FFFD434648467D1BEB
:10C0300064195C4331685044A2B2FBF7F5FD718985
:10C04000B588CB199BB26A00994216D99B1A9BB24C
:10C0500030697381002801D00BF03EFC3800E0BC51
:10C06000BA46B146A846F0BD48467A43FBF7DCFD28
:10C07000E5E73B1CBFE773899BB26A009342E7DBAD
:10C08000E4E76F003F1BDF19BFB2A7E75B1B9CB261
:10C09000ACE7C046F8B50400C0680E00002803D025
:10C0A000012149420BF080FC258920896189A28801
:10C0B000ADB283B28FB2884229D3DB1B9BB29A42C6
:10C0C00009D8E779FF0906D1E068002801D00BF014
:10C0D00003FC3800F8BD2B0095421DD39B1A9BB280
:10C0E0009342FBD2E28820685204520C5343310041
:10C0F000C018FBF799FD6B1C9BB2A2889D4217D913
:10C10000002352009B1A9BB201272381DCE75100D8
:10C11000C91B5B189BB2D2E7E28820685204520C1C
:10C1200053433100C018FBF77FFD0135A288ABB245
:10C1300052009342E8DBE5E7F0B54E465746DE464F
:10C140004546E0B589460600170083B0002A67D04F
:10C15000C068002803D0012149420BF025FC338937
:10C16000F2799BB298467389B5889BB2D20940D1C7
:10C1700098455ED26A00D31A43449BB2AB425DD26B
:10C18000EB1A1A1C9BB2BB4200D93A1C97B27B1B1C
:10C190009BB20193F3885B045B0C9A464346DB1920
:10C1A0009BB29B464446A84503D3641BA4B2AC4251
:10C1B000FBD25346634330682D1BADB2C018BD425D
:10C1C0004BD3524649467A43FBF72EFDB3885B00BA
:10C1D000D84501D89B4503DB5A46D31A9BB29B46F0
:10C1E0005B463D003381F06800281AD00BF074FBE9
:10C1F00017E0F2885204520C9246AF4220D2984582
:10C200004DD34246D21A92B26900781B80B2D2193D
:10C2100001908A4233DA4346FB189BB29B46C1E742
:10C220000025280003B0F0BCBB46B246A946A04694
:10C23000F0BD4246D31A9BB2AB42A1D30025D2E750
:10C24000002DD0D07F1B574398465A19002392B235
:10C25000B94493462F000193A4E753465D43ADB222
:10C260002A004946FBF7E0FC019B2900E2185346EF
:10C270005A43306892B24944FBF7D6FCA6E75A19F4
:10C2800092B29346D21B92B2904693420CD9434647
:10C29000591A8BB29846FB189BB29B4682E76900FD
:10C2A000CA1A424492B2B0E7914200DD7AE7EEE763
:10C2B00010B50400C068002803D0012149420BF0EA
:10C2C00073FB2069002803D0012149420BF06CFB6D
:10C2D0000023E06863812381002801D00BF0FCFA81
:10C2E0002069002801D00BF0F7FA012010BDC046EC
:10C2F00070B50400C0680D00002803D00121494238
:10C300000BF052FB2069002803D0012149420BF0B9
:10C310004BFB7F21E379ED011940E0682943E1718E
:10C32000002801D00BF0D8FA2069002801D00BF0CA
:10C33000D3FA012070BDC04603BDC04610B504004D
:10C34000FAF7E6FBA04710BDF0B5C64600B50400FD
:10C3500086B00F200E009046F9F7F0F90021050095
:10C360000F20F9F7D9F9002300220092019301234D
:10C37000029343460393D023049605946F4600240A
:10C380000026012102201B06002C13D01A6D10423A
:10C39000FCD05C6540BF1A6D114203D120BF1A6DFD
:10C3A0001142FBD09A6DA24209D00026B200BC58BF
:10C3B000EAE79A6D1A6D1142FBD140BFE6E70136FC
:10C3C000062EF3D129000F20F9F7A6F906B080BC9C
:10C3D000B846F0BD0D4B0E4A70B5934210D31C0009
:10C3E0000C4A99180B4D0C4A92686051FF20C0000E
:10C3F00023500A4B0A4823500A48FFF7A5FF70BD97
:10C4000001235B421C000849ECE7C04600080420F9
:10C4100000000420F407000000ED00E03DC3001020
:10C42000FC07000039C30010F3070000F0B5DE463A
:10C4300057464E464546E0B5070083B00CA801922A
:10C44000027800203C689B46E066616001219146CD
:10C45000E166002B34DD5A1E90468022520094463D
:10C4600080264025616F1029FCD00021002801D1D1
:10C470003979890240451DD0624611432161A15995
:10C48000616B0D420BD00120636D40424B463B7106
:10C4900003B0F0BCBB46B246A946A046F0BDA16FB2
:10C4A0000029ECD02169019B195401308345EDD05E
:10C4B0003C68D7E74B4601225A4053021943DBE759
:10C4C0000020E3E7F0B5DE4657464E464546904627
:10C4D0000022E0B585B01E000EAB1B7807009B461E
:10C4E0000368DA6601325960DA66002E60DD02798F
:10C4F00059469202924601224A40520294468022B4
:10C5000091465A46802403926246BB460020102181
:10C510004746B446751EA4000192421B16007242A3
:10C520007241019E5242164002963E5CB04656460B
:10C53000424616433200029E16431E61019E5A6B0C
:10C540001142FCD04A469A5801969246002A0AD1D6
:10C55000A84228D00022013092468445DDD1039BB9
:10C560005F469B4616E05A6D012290465A6B224266
:10C57000FCD01A6E42460196002AEBD0039B5F4620
:10C580009B465346002B15D05346DB0712D4534627
:10C590001B070FD55B463B7105B0F0BCBB46B246EE
:10C5A000A946A046F0BD039A002AD3D19046DDE704
:10C5B0000020EFE701204042ECE7C046F8B5DE4638
:10C5C00057464E4645468346E0B505200C00FAF72F
:10C5D0007DF90600600821008019FAF799FB4300F5
:10C5E00098468044070005214046FAF791FB3B1A24
:10C5F0009A461E4B8146700080199C4231D81C49D6
:10C60000FAF786FB451C5B461C680023E36622683C
:10C6100004335A400233134080225201A21813609F
:10C620005346E3614B462362434601204F2B03D917
:10C6300050214046FAF76CFBA023E050E36F39002D
:10C640005D400C4B2D042D0CE3181D6001233000C0
:10C65000E366FAF75DFBF0BCBB46B246A946A046CE
:10C66000F8BD0549FAF754FB451CCCE73F420F00E3
:10C67000809698007C10000040787D010F4A70B5CC
:10C68000821A531E9A410E4BD20008321A600D4B8B
:10C690000D4C1A60150023689D432B1EFAD16624A9
:10C6A0000268FF340571D5661460633C8833FF3C33
:10C6B000D5639563D450FFF781FF70BD78210020CA
:10C6C00000E0004000F0004008C0004010B582B01B
:10C6D0006C46247C0094FFF7F5FE02B010BDC04606
:10C6E00010B582B06C46247C0094FFF79FFE02B028
:10C6F00010BDC046F0B557464546DE464E46884614
:10C70000E0B583B006000525F8F74CFF43468446A4
:10C710005D571879334B344AF3181B0D9B00924632
:10C72000D758012220248240241A013A002D41DBEF
:10C73000A54232DC1100A9400F422ED141460968C2
:10C74000894641468979002945D12C00AA40934663
:10C7500059463A40394241D1802189018846002812
:10C7600016D06146A44634004E4699460300019116
:10C770005100705A404500D24019A9181231890061
:10C78000013208519A42F3D3019B64469C464B46C2
:10C790005A4617435246D75001E00124644260468E
:10C7A000F8F70CFF200003B0F0BCBB46B246A94628
:10C7B000A046F0BD002C02DA10E0013C0ED31100BF
:10C7C000A14025000F42F8D14146096889464146FB
:10C7D00089790029BAD014246442E0E7092464422C
:10C7E000DDE7C0460000E0AFFC300020F0B54E466B
:10C7F0004546DE465746E0B583B089460CA98446D7
:10C800000D781F2A45D84946490088464944C90041
:10C81000461837003400DC373868CC34834620684B
:10C82000310001901C4880248246A40251440C60CF
:10C8300069424D411E216D428D4318498A46554437
:10C84000052B0CD9A0201F214005D83654010443E4
:10C850000532053B3C600A403560052BF6D8520195
:10C860009B06134342464A44D20062441000DC3225
:10C8700013600300D8331D605B461360019BCC300E
:10C880000360002003B0F0BCBB46B246A946A046F8
:10C89000F0BD05204042F5E7CC3000009FE00000ED
:10C8A000F0B501258D400468AC430460002B2ED008
:10C8B0004D006C18E400041926001F68C836376064
:10C8C0009F68043677605F68DB68DC34376023601C
:10C8D0006B18184DDB00AC468025C41864442D0647
:10C8E00025602560144C0D1D8C40846001242600B9
:10C8F000AE40802508318C401F21AD014519C0187C
:10C900000A40D8302E602C6002600020F0BD4D003F
:10C910006C18E400041926008027C8367F023760AF
:10C92000C0273F03B760F82704367F02DC34376046
:10C930002360CDE7D010000001010101002370B594
:10C940001500102284B000930193039303686C4692
:10C950009E6902926B462A68B0470623227900201E
:10C960001340062B02D1009B01302B6004B070BD38
:10C97000009B05209A1A53425A41524210400130FE
:10C980007047C04610B50400024B036000F092FDF2
:10C99000200010BD54AC011010B50400044B03601E
:10C9A00000F088FD2000082100F044F8200010BDB0
:10C9B00054AC011070B516001D00069A049B0400CB
:10C9C00093420ED02900200000F078FD002806D008
:10C9D000079B049A1E711A600123079A9371002025
:10C9E00070BD059900F06AFD0028EBD0079B5E71D1
:10C9F000F5E7C04670B515001C0000F05FFD00288B
:10CA000004D00823E360023B2560237170BDC0465B
:10CA1000F8B505000C0017001E0000F04FFD0028BF
:10CA200007D1032E05D823683A00290020005B694E
:10CA30009847F8BD10B508F0A3FB10BD1EB400F078
:10CA400093F81EBC0AF090FFF0B5C64600B51E0074
:10CA500003780C0082B0472B1FD00020284D2B6894
:10CA600001909B682800984701239846002804D02D
:10CA7000019B1B68019302239846236829001F69C4
:10CA80002000012301AAB847002826D10023984698
:10CA9000404602B080BCB846F0BD43784E2BDCD196
:10CAA0008378552BD9D1C378432BD6D10379462B24
:10CAB0001BD0432BD1D143792B2BCED183792B2B78
:10CAC000CBD1C279012AC8D8002301930300203BAF
:10CAD0001D68012A04D05830C1E7019B3360D7E7B5
:10CAE0002B00783B28001D68B9E743794F2BB4D160
:10CAF0008379522BB1D1C079024D0028AFD0ACE779
:10CB0000FCAC0110D0AC011010B5040000F07CF8B2
:10CB100022002378203A472B05D08368002B20D1B0
:10CB20008260012010BD63784E2BF6D1A378552B7F
:10CB3000F3D1E378432BF0D12379432BEDD1637903
:10CB40002B2BEAD1A3792B2BE7D1E379012BE4D866
:10CB5000D3690133D361012BE3D183689361826090
:10CB6000DFE700F0BBFBC04610B500F04DF8030056
:10CB7000806800282DD02022825C472A03D0002222
:10CB80009A60203010BD263A825C4E2AF7D12C3AAA
:10CB9000825C552AF3D1323A825C432AEFD11F3AA4
:10CBA000825C432AEBD11E3A825C2B2AE7D1053AFC
:10CBB000825C2B2AE3D1043A825C012ADFD8C26965
:10CBC000013AC261002ADCD182699A600023836144
:10CBD000D7E700F083FBC0467047C0467047C046A9
:10CBE000004870477C9A0110004870478C9A0110E9
:10CBF00010B504000421FFF71DFF200010BDC04642
:10CC000000487047A02A002000487047A02A002052
:10CC1000F0B5D64646464F468A46C0B5060050286F
:10CC200024D00F2404400C2C00D96FE03848A40015
:10CC30000059874654781078240204439078000401
:10CC40002043D47824060443101D002C08D07025FE
:10CC50003540102D00D1924676B25444002E0ADBA6
:10CC60001C60E0BCBA46B146A846F0BDD01C032209
:10CC7000904310C8F4E72468F2E75478107824024F
:10CC80000443907800042043D47824060443100021
:10CC90000830DAE75478107824020443901CD4E773
:10CCA000547810782402044324042414901CCCE704
:10CCB0007F21150000240027884640462978013549
:10CCC0000840B840044348B207370028F5DB280085
:10CCD0001F2FBAD84D06B8D50125BD406D422C4353
:10CCE000B5E700218C467F31150000248846474671
:10CCF00061462878013507408F400721894640B2B8
:10CD00003C43CC440028F2DB28009EE708F020FDDD
:10CD100018AD0110030010B50800FF2B10D07022D1
:10CD20001340302B13D004D8202B07D10AF0C4FDB8
:10CD300007E0402B06D10AF03FFE02E0202B04D88A
:10CD4000002010BD0020502BFBD008F001FD0AF0A0
:10CD5000FBFDF6E7F8B505000E0014000020002DDD
:10CD600002D028000AF028FE2060771C3678FF2EBB
:10CD700028D160603B78781CFF2B32D0102300252F
:10CD800000217F2623753200037801301A408A4043
:10CD90005BB215430731002BF5DB4519E560002236
:10CDA00000257F2603780130637531000378013058
:10CDB000194091405BB20D430732002BF5DB45195A
:10CDC0002561F8BD29003000FFF7A4FF3A000100FB
:10CDD000231D3000FFF71CFF07003B78781CFF2B5A
:10CDE000CCD100252375D9E7F0B557464546DE4638
:10CDF0004E460023E0B597B003930C930333884667
:10CE000017000340012B00D1BAE0022B0ED13900EC
:10CE100040460AF079FD002800D0AFE0082017B0A6
:10CE2000F0BCBB46B246A946A046F0BD002B00D0E0
:10CE300047E208331C0004400342E8D110AB01254F
:10CE40009A464346109353460C2200210093380023
:10CE500000230AF051FD38000AF0FEFD059000287D
:10CE6000D5D000235246139313615346039A2C43A3
:10CE70001A750599524638000494FFF76BFF139B0F
:10CE80003900069353461D69040002951B7D180066
:10CE90000393FFF73FFF534698600FAB0F220790B5
:10CEA00000939B460021002338000AF09DFD0122DB
:10CEB0000F9B9343013B9946AC4244D25346390001
:10CEC0005E7D109B524627007F254C469A46894638
:10CED000089200213000FFF71DFF3A0001000DAB62
:10CEE0003000FFF795FE002107003000FFF712FF2A
:10CEF0003A0001000EAB3000FFF78AFE0021070068
:10CF00003000FFF707FF3A0001005B463000FFF7F3
:10CF10007FFE002100222F00037801301F40974040
:10CF20005BB239430732002BF5DB0D9B5344A34220
:10CF300008D80E9A9B18A34200D982E0029B0700F2
:10CF40008342C6D84F46049BDB0771D500260025D7
:10CF50000C9B02935B460D220093002100233800B6
:10CF60000AF042FD42460F9B062013624346029A96
:10CF70009E625A62059A1D63DA6250E709204EE705
:10CF800008231C0010AA92460440034201D0022547
:10CF900057E70D6A0023009200210D2238000AF0A5
:10CFA00023FD109B9D42F2D14346109353460C2221
:10CFB00000930021002338000AF09EFC43461D6BBD
:10CFC000002D3BD09E6ADB6A05930FAB9B46002E7B
:10CFD00000DAB7E0032443460F935B4600220021AA
:10CFE0000093380000230AF087FC5B4601220021F1
:10CFF0000093380000230F960AF07EFC5B460F2258
:10D0000000210093380000230AF0EEFC01230F9A60
:10D01000002113402B430F935B460F2200933800EF
:10D0200000230AF069FC022C00D186E00720F6E616
:10D030000823049A134201D000F050F9404608F04A
:10D04000D8F9089B4F469A460F9B002B00D1DEE68D
:10D05000524655685D19002900D104E1029B4C1E1F
:10D060009C466444002D00D1D1E6049A08231100A7
:10D0700019400A91134200D103E142463F33137035
:10D080000733537007339370123BD370033313711C
:10D0900009335371033393710023D3710023039A2F
:10D0A000994607331A405346BA46089209950B939E
:10D0B000002600227F210B0020780134034093409A
:10D0C0001E4343B20732002BF5DB1F2A05D840066A
:10D0D00003D5012393405B421E432100002500221B
:10D0E0007F273B0008780131034093401D4343B242
:10D0F0000732002BF5DB1F2A54D8400652D50123F6
:10D1000093405B421D43002E7ED0049B022B12D025
:10D11000002E4EDC069BF7439C464346BF00674407
:10D120003968002B02D00A9B002B71D0002900D156
:10D13000BBE0002D29D06419BAE74046FFF7E4FCB4
:10D1400007206CE6069B039A1393534605991A75BC
:10D1500038005246FFF7FEFD53463900187D139CF8
:10D16000FFF7D8FDF3439B00E4182368002B05D09C
:10D17000002301339A00A258002AFAD14246936252
:10D180000423D0621363546324E74B465746099D3A
:10D19000002B00D13BE6049BDB0700D537E60026D9
:10D1A000022418E7002E2CD0049B022BC1D0002EA5
:10D1B000B0DD039BFF2B54D0089B022B47D04AD9EC
:10D1C000089B032B49D0042B7BD1069BF2009A1AB3
:10D1D00007995B460398FFF71BFD0F99002909D0BB
:10D1E0004346002BA5D0002240460CABFFF72CFC99
:10D1F00000289ED0049B5746099DDB0700D4E9E632
:10D20000A6E60123994694E70123641999464FE75E
:10D210000C9B02930F9300293ED043465A46A046EA
:10D22000AB461C00150003E07968043700291DD0C7
:10D230002B00002220007918FFF706FC0028F3D00D
:10D2400022002B0044465D4690469B4671E7069BB4
:10D2500072009A1ABCE7002B33D1069BB2009A1ACF
:10D26000B6E7069AB4E7002D95D1D0E50B9B57465B
:10D270009A46049BAB46A046099DDB0700D4A6E670
:10D2800066E64346DA795833012A01D00C9305E764
:10D29000783B1B680C9301E70B9B57469A46049B0F
:10D2A000099DDB0700D555E691E6049B5746099D8D
:10D2B000DB0700D54CE60324002E00D18BE600F0FE
:10D2C00019F808F045FA08F01FF9B5E610B58047DF
:10D2D00008F03EFA08F018F908F03AFA024B10B5D7
:10D2E0001868FFF7F3FFC0468421002010B580477F
:10D2F000FFF7F4FF024B10B51868FFF7F7FFC046C1
:10D3000080210020014B18687047C046842100200E
:10D31000014B18687047C046802100200123026835
:10D3200010B51A4205D14278002A04D14370012079
:10D3300010BD0020FCE7042007F08AFF040000F085
:10D3400029F82000014A024908F0A0F965D300102D
:10D3500070AD0110002343707047C0460123036085
:10D360007047C04610B50400024B0360FFF734FC61
:10D37000200010BD84AD011010B50400044B036003
:10D38000FFF72AFC20000421FFF754FB200010BD0A
:10D3900084AD0110014B03607047C04684AD01109D
:10D3A00010B50400024B0360FFF7ECFA200010BD3B
:10D3B000CCAD011010B50400044B0360FFF7E2FA96
:10D3C00020000C21FFF736FB200010BDCCAD011072
:10D3D000F0B583B01E00089B05000F0014009342B7
:10D3E0000AD0A868089A036800921D6A22003300D8
:10D3F0003900A84703B0F0BD310000F05FF8002805
:10D40000EFD00620F6E7C046F0B50E0085B0190053
:10D41000040017001D0000F051F8002814D10A9BE9
:10D420000C9A93422AD0A0680D9A036803920C9A32
:10D43000310002920B9A01920A9A0092DC693A003A
:10D440002B00A04705B0F0BD0D9B0A9A1F711A6012
:10D45000002E0CDB93190C9AD31A5A1E9341042206
:10D460005B4293430D9A063393710020EAE702363C
:10D47000FBD101230D9A00209371E3E720000B9963
:10D4800000F01CF80028CED00D9B00205F71D9E77A
:10D49000F8B507000C0015001E00FFF7ABFA0028D6
:10D4A00006D1B8682A00036821009F693300B84795
:10D4B000F8BDC0467047C0460020704710B5814295
:10D4C00011D0406803782A2B0BD049680B782A3B8F
:10D4D0005A425341C91809F067FC43425841C0B24F
:10D4E00010BD0020FCE70120FAE7C04670B53C4BB8
:10D4F00082B01A78002A42D101221A7008F018F975
:10D50000002832D04468002123782A3B5A425341F4
:10D51000E41801235B4200220193200001AB07F0D5
:10D52000C9FD304D01212B680600DB6830222E48F2
:10D5300009F058F92B68D968019B002B11D0200005
:10D5400008F052FF2B680222DB680121274809F00E
:10D5500049F9019B002B02D13000FAF747FB08F094
:10D56000AFF8300008F040FFECE71E4B2D221B689F
:10D5700001211F48DB6809F035F908F0E9F8194B7B
:10D580001D221B680121DB681A4809F02BF908F0FD
:10D59000DFF80C00012919D107F0B6FF03689B687A
:10D5A00098472B6806000B2221001348DB6809F01E
:10D5B00019F92B683000D96808F016FF2B680A208B
:10D5C000D96808F08BFE07F0D9FFD6E707F09CFF7B
:10D5D00007F0D4FFD1E707F0D1FFFFF72FFAC046DD
:10D5E000663B002098250020C09A0110F49A011093
:10D5F000F89A0110A09A0110289B011070B505003F
:10D60000502947D8342930D8292908D908002A3880
:10D61000C0B2082836D8244C8000205887460A29F2
:10D6200032D90C0001200B3CE4B2A0401F4C204238
:10D630002CD11F4C204206D11E4C204222D0002A61
:10D6400020D0002B1ED06E69A86986421ADAB0007D
:10D650002C69801980002018002401364460846001
:10D660006E610170C260036170BD0C000120353C29
:10D67000E4B2A040104C204208D1104C2042DED130
:10D680004F29E0D00020EFE70429D8D9002ADAD1C9
:10D690000020E9E708005238C0B20C28F6D8084C40
:10D6A000800020588746C04608AE0110FE1F005F6C
:10D6B00000C07F00010080000711C701F82E000A9A
:10D6C0002CAE0110F0B5C64600B5C36806001C7844
:10D6D0006E2C24D0303CE3B2092B2AD80023984684
:10D6E0000025154F0BE0AB005B195B00E518F368F4
:10D6F0005A1CF2605C78303CE3B2092B0BD80A214B
:10D70000381BF9F7DDFAA842EDDA01256D42280051
:10D7100080BCB846F0BD4346002BF7D1F7E75A1C52
:10D72000C2605C78303CE3B2092B02D801239846F2
:10D73000D6E70025EBE7C046FFFFFF7F10B50400EA
:10D7400000290AD0682916D02000FFF7BBFFE36844
:10D750001A785F2A0DD0002010BDC3681A78002AFD
:10D76000F9D05A1CC2601B78682B04D0762BF2D1FA
:10D77000EAE70133E3602000FFF7A4FFE3681A78CB
:10D780005F2AE8D101330120E360E5E710B5C36803
:10D7900004001A785F2A18D15A1CC2605A785F2A8E
:10D7A00004D0FFF78FFFC043C00F0FE00233C36008
:10D7B000FFF788FF00280ADB092806DDE368002060
:10D7C0001A785F2A02D10133E360012010BD0020E6
:10D7D000FCE7C046F8B505000C1E26D08E2680203A
:10D7E0007600C000A368012B1FDCAA5982421CDC12
:10D7F0000133A3602378422B18D8232B06D8591E57
:10D80000222912D822499B00CB589F461F00012194
:10D81000243FFFB2B9401F4F39421ED189072CD196
:10D82000342B02D12469002CDCD1F8BD453BDBB29E
:10D83000192BFAD8012199400B0017490B420CD142
:10D84000164A134202D118221A42EED0E468EAE7DF
:10D85000A22149006B5801336B50E1688E260132DA
:10D8600076002800AA51FFF7B5FF28002169FFF7CD
:10D87000B1FFAB59013BAB51D7E7E1680B78052B02
:10D88000ECD19C2040002B5801332B50E6E7C046DA
:10D8900060AE0110EC7DFE7FC16F00020610040037
:10D8A00003000020002B07D109E0DA68002A06D027
:10D8B0001B690130002B02D01A78302AF5D070474E
:10D8C000002806D108E0002908D0006901390028A5
:10D8D00003D00378302BF6D000207047C068FCE7F7
:10D8E000F0B51400C64652684B1CA5689B1807008B
:10D8F0000E0000B5AB4213D8E568002D0DD163686A
:10D9000020683200C0183900FAF78EF9236862687F
:10D910009B199D5463689B19636080BCB846F0BD39
:10D92000E268002AF9D1002D02D1022B0DD902356F
:10D930006D00AB42FCD829002068FAF737F9804621
:10D94000002804D02060A560D6E70225F3E7206810
:10D95000FAF74CF9434623606360A3600123E36058
:10D96000DBE7C04602780300722A11D0562A0FD096
:10D970004B2A0DD00020442A0BD158780300773B66
:10D98000012B05D9202398434F384342584100E0EA
:10D990000120704780235B00C35870B504000D0060
:10D9A000FF2B08D0591C80225200A150E55482233D
:10D9B0005B00E55470BD0022C25486235B00C25850
:10D9C000043BFF21C358984794225200A3580121D9
:10D9D0000133A3500023E6E788235B00C358002BE4
:10D9E00014D05B681869CB68002B0CDB002806D1CB
:10D9F00008E0002B08D00069013B002802D0027823
:10DA0000302AF6D000207047C068FCE701221933A5
:10DA1000FF33C2500020F6E770B505000C1E17D08A
:10DA2000114E2378342B02D89B00F3589F46433B7A
:10DA3000DBB21C2B03D80D4ADA40D20708D42800E9
:10DA4000E168FFF7E9FF002803D12469002CE8D141
:10DA5000002070BD21002800FFF7BEFF0028F7D08E
:10DA60000378302BF4D1F4E7F0AE0110E30C001092
:10DA7000F0B5D6464F4646460500C0B508000C0036
:10DA800009F01CFA002835D00022802392460D327E
:10DA9000FF3291465B00043A9046EB5827180BE0A2
:10DAA0001A008021531C49006B50AE54822201346D
:10DAB0005200AE54BC421DD02678FF2BF0D1524606
:10DAC000EA544B46EA584346FF21EB582800984752
:10DAD00094225200AB5801340133AB508023283AD2
:10DAE0005B00FF3AEA5004332E70EE54A74201D097
:10DAF0002678D6E7E0BCBA46B146A846F0BDC04697
:10DB000070B5C26804001378542B22D1531CC36033
:10DB100052785F2A1FD06E2A1BD0FFF7D3FD451C19
:10DB200017D4E3681A785F2A13D10133E36062697E
:10DB3000A3699A420DDA00239100206989188900AF
:10DB40004018436083600132053362610370C56031
:10DB500000E0002070BD0025E7E7C046F0B5D646DE
:10DB60004F464646C0B5254B88B00A00050019004F
:10DB700001A8FBF7B3FC01A809F0A0F9002836D0F2
:10DB80000022802392460D32FF3291465B0001ACA9
:10DB9000043A9046EB5827180BE01A008021531CDA
:10DBA00049006B50AE54822201345200AE54BC4244
:10DBB0001DD02678FF2BF0D15246EA544B46EA5846
:10DBC0004346FF21EB582800984794225200AB5857
:10DBD00001340133AB508023283A5B00FF3AEA500E
:10DBE00004332E70EE54A74201D02678D6E708B051
:10DBF000E0BCBA46B146A846F0BDC046648A0110F2
:10DC0000F0B5C64600B50400FFF75CFD051E45DD16
:10DC1000E7686368DB1B98423EDCA2683B18E36060
:10DC2000520702D51A78242A3AD0A3696669984621
:10DC3000092D23DD082238002A4908F0FFFE0028BC
:10DC400006D13B7A2E2B33D05F2B31D0242B2FD013
:10DC5000464521DAB30020699B199B00C0180023B8
:10DC600001364360836066610023C7604360836060
:10DC700003700561A06280BCB846F0BD9E420BDA1D
:10DC8000B30020699B199B00C01800230136436034
:10DC900083606661002FE7D10020EBE70020EAE710
:10DCA0000133E360A36966699846092DC2DCE5E7A4
:10DCB0007B7A4E2BCCD1E36A16335B1BE36246457D
:10DCC000EADAB30020699B199B00C01800230136D3
:10DCD0006661436083600370034BC3601523036177
:10DCE000C8E7C046349B0110409B0110F8B5C368DB
:10DCF00004001A78532A24D15A1CC2605A78002A88
:10DD00000ED09A1CC2605A785F2A46D01300303B6E
:10DD1000DDB20020092D1FD91500413D192D1BD959
:10DD2000A068082305001D40184238D1002938D1C9
:10DD30004E4B1D00C435187890423BD01C33AB428B
:10DD4000F9D100252800F8BD511CE16012785F2A46
:10DD50001BD018001300303BDBB2092B0BD8C300DB
:10DD60001B189B009B18303B9842EAD8E268117858
:10DD70000029E6D0E8E71300413B192BE1D8C300A6
:10DD80001B189B009B18373BEEE70133226A9A422F
:10DD9000D7D9E2699B009D58D4E70023F6E701211B
:10DDA000C6E70121E3681B78433BDBB299426D4132
:10DDB0002900BDE75E696269A569002E13D09869E4
:10DDC0008446954250DD97002069BF18BF00C019F6
:10DDD00000270132476087606261C6606646183777
:10DDE00007700661A062002939D0D8681969E36A12
:10DDF0005B18E362AA4235DA930025699B189B0001
:10DE0000ED18002301326B60AB60183362612B7038
:10DE1000E8602961E3681A78422A00D092E7A66A8E
:10DE20000133E3602000FFF7EBFE2A0003004E21E0
:10DE30002000FFF7E3FBE36805001A78422AEFD0E1
:10DE4000A662002800D17CE7236A626A934200DB65
:10DE500077E7E269990001338850236272E75868D6
:10DE60009968C4E70025D5E70020BBE79CB5011001
:10DE7000F8B5C36804001A780D00572A09D024E0C9
:10DE8000E2699900013388502362E3681A78572ABF
:10DE90001BD15A1CE2605A785526502A02D102330F
:10DEA000E360013620002F68FFF7AAFE3A00030066
:10DEB00031002000FFF7A2FB2860002803D0236A6E
:10DEC000626A9342DCDB0020F8BD0120FCE7C0461B
:10DED000F0B5CE46474680B5C568040085B0280039
:10DEE000FFF740FD00280ED12B78552B56D8402B3C
:10DEF00000D879E0413BDBB2142B00D974E0B74A7B
:10DF00009B00D3589F460022200001A901F0AAF9E6
:10DF1000051E39D0E36820001B78462B3BD0FFF765
:10DF2000D7FF286000282FD003781F3B012B05D88E
:10DF3000019AC368C2602A6801922B60019E002E7C
:10DF400022D0236A626A93421EDAE26999000133A1
:10DF50008E50236219E00123256B2000236300F01B
:10DF6000C7FE25630200002345212000FFF746FB82
:10DF7000051E019008D0E3681A78002A04D05A1CC4
:10DF8000E2601B78452B24D00026300005B0C0BCD1
:10DF9000B946B046F0BD00F087FBC2E7613BD9B29D
:10DFA000192921D801228A408D4E324200D06CE2DC
:10DFB000142919D10135E5602000FFF721FE002367
:10DFC000020029212000FFF719FB05000190002D18
:10DFD000DAD0236A626A9342D6DAE26999008D50F8
:10DFE0000133019E2362D0E70121200001F0A4FA51
:10DFF0000600CAE70135E5602000FFF769FF00234E
:10E00000020026212000FFF7F9FA05000190DEE763
:10E010006B1CE3606B78002BB6D0AB1CE3606B78B5
:10E02000463BDBB2302BAFD86E4A9B00D3589F469D
:10E03000200000F039FB05000190C8E70135E560DC
:10E040002000FFF745FF0023020023212000FFF7F7
:10E05000D5FA05000190BAE70135E5602000FFF729
:10E0600037FF0023020024212000FFF7C7FA050034
:10E070000190ACE72000FFF743FDE668019033789C
:10E080000500492BA3D1636B002B00D035E200289B
:10E0900000D179E7236A626A934200DB74E7E269A0
:10E0A000990001338850236232780023493A012ACB
:10E0B00005D801362000E66001F08CF903002A0043
:10E0C00004212000FFF79AFA050001907FE701354F
:10E0D000E5602000FFF794FDE16801900D780600EF
:10E0E000492D00D1EFE12000FFF7F2FE33000200DE
:10E0F00022212000FFF782FA0500019067E7013531
:10E10000E5602000FFF7E4FE002302002721200045
:10E11000FFF774FA0500019059E70135E56020002A
:10E12000FFF7D6FE0023020025212000FFF766FA44
:10E13000050001904BE7681CE0606A785F2A00D117
:10E14000BFE1303A092A00D9CAE101000F000131CC
:10E15000E1600B78303B092BF8D96269A3697D1B1C
:10E160009A4200DB10E7930026699B189B00F61883
:10E17000002301327360B3606261002D00DC03E7AD
:10E18000F06008007360B360337035617B785F2B9B
:10E1900000D0F9E60130E0602000FFF799FE320080
:10E1A00003002B212000FFF729FA050001900EE75C
:10E1B0000135E5602000FFF78BFE051E00D1E3E688
:10E1C0002000FFF785FE031E00D1DDE62A002C218A
:10E1D0002000FFF713FA05000190F8E6C4AF011024
:10E1E000FF7BEC0318B001102000FFF76BFAE36827
:10E1F00002001D78622D00D1A2E1782D03D05F2DA1
:10E2000000D0C1E600256169A06917B201338142DF
:10E2100000DBBEE114204843266901313618002096
:10E220007060B06061615F213170DE49B574F1608A
:10E230003782DD49E36001A8FBF750F9691E8D4183
:10E2400001A808F03BFEF368E26A5B689B185B1963
:10E250001818E06299E66369A269934200DB93E6CD
:10E260009A00D21801336361002326699200B61820
:10E270007360B3603370CD4BF3600E23336184E67B
:10E280006369A269934200DB7EE69A00D2180133EB
:10E290006361002326699200B6187360B36033701F
:10E2A000C34BF360042333616FE66369A269934251
:10E2B00000DB73E19A002669D2189200B61800229A
:10E2C00001337260B260636128233370B94BF3602D
:10E2D000E36A0433E36258E66369A269934200DBB0
:10E2E0005CE19A002669D2189200B6180022013328
:10E2F0007260B260636128233370AF4BF360E36AEE
:10E300000933E36241E6AB785F2B00D132E1636908
:10E31000A269934200DB37E69A002569D218920081
:10E32000AD18002201336A60AA60636144232000B3
:10E330002B70FFF7C7F9E860E3681A785F2A00D00E
:10E3400022E60133E3602000FFF7C2FD2A0003004C
:10E350002E212000FFF752F90500019037E663698E
:10E36000A269934200DB19E19A002669D218920053
:10E37000B618002201337260B260636128233370E3
:10E380008E4BF360E36A0733E362FEE56369A269DB
:10E39000934200DB02E19A002669D2189200B61877
:10E3A000002201337260B260636128233370844BB2
:10E3B000F360E36A0833E362E7E52000FFF788FDD6
:10E3C000002302004D212000FFF718F905000190FD
:10E3D000FDE56369A269934200DBDFE09A002669EC
:10E3E000D2189200B618002201337260B2606361E5
:10E3F00028233370734BF360E36A1133E362C4E59F
:10E400006369A269934200DBC8E09A002669D218CA
:10E410009200B618002201337260B2606361282353
:10E420003370694BF360E36A0833E362ADE5636917
:10E43000A269934200DBB1E09A002669D2189200EB
:10E44000B618002201337260B26063612823337012
:10E450005E4BF360E36A0A33E36296E56369A2699F
:10E46000934200DB9AE09A002669D2189200B6180F
:10E47000002201337260B260636128233370544B11
:10E48000F360E36A0933E3627FE59A00D3185149E8
:10E490009B005918A2696369934278DA9A00266949
:10E4A000D2189200B61801337060B06063612823FF
:10E4B00033704B68E26A0135D318F160E362E560BE
:10E4C00063E5002666E60131E160200000F082FF8E
:10E4D0003200030004212000FFF790F8060002E656
:10E4E0000123256B2000236300F002FC2563061E38
:10E4F00000D149E5E068037849E663692000994660
:10E50000236AE76A9846731CE36000F063FFE268E1
:10E510001278492A06D04B4663614346E66023627F
:10E52000E76254E5002D00D12EE5236A626A93422A
:10E5300000DB29E5E269990001338D502362BDE5D6
:10E54000102800D020E50133E360A269636993429B
:10E5500024DA14225A4326690133B6180022726065
:10E56000B260636128233370E06A1B4B0F30F360A5
:10E57000E0620AE503355E3B266BE560200023631D
:10E5800000F0B6FB2663051E00D0D5E6FCE4C368A8
:10E59000FFDE0549E36001A8FAF7A0FF0023DB686E
:10E5A000FFDEC046A8BD0110648A0110609B011007
:10E5B000589B011044BD011008BD011058BD011049
:10E5C0006CBD011094BD011080BD011030BD011063
:10E5D0001CBD011000BB0110BCBD011070B50400D2
:10E5E0000023E26882B0019313781C4E01AD002B2A
:10E5F0001CD02E3BDBB2242B05D89B00F3589F4642
:10E600005378452B12D02000FFF762FC021E23D066
:10E6100000232F212000FEF7F1FF286000281BD0E7
:10E62000E268103013780500002BE2D10198002831
:10E6300012D00369002B01D002B070BDC2681178FE
:10E640002829F9D1D268117C0929F5D1E16A5268EB
:10E650008A1AE262C360EFE70020EDE7DCB0011048
:10E6600070B5C36804001A784A2A19D000290FD05F
:10E670002000FFF72DFC051E10D02000FFF7AEFF95
:10E68000031E0BD02A002A212000FEF7B7FF70BD21
:10E690002000FFF7A3FF0025031EF3D10020F6E7BB
:10E6A0000133C360E4E7C046836870B504005B03D0
:10E6B0000DD48023C26B1B019A420CD8531CC36338
:10E6C000C36800201978462907D0E26304E0C368D4
:10E6D0001A78462A01D0002070BD5A1CE2605A7890
:10E6E000592A01D10233E36001212000FFF7B8FF6E
:10E6F000E5682B78522B1DD04F2B09D0452B16D017
:10E700000020A3685B03E7D4E26B013AE263E3E72E
:10E710002021E36A03336E1C0200E3622000002321
:10E72000E660FEF76BFF6B783500452BE8D10135CD
:10E73000E560E6E7E36A1F210233ECE770B5C368E2
:10E7400004001A780D00542A10D15A78742A22D065
:10E750000ED86E2A17D0702A08D10233C360FFF793
:10E76000EDFF5D21021E09D101232B60002070BD49
:10E77000792AFBD15A2100220233C36000232000F2
:10E78000FEF73CFFF3E70233C360FFF7A1FB021E75
:10E79000EAD05B21F2E70233C36000F00BF8021EFF
:10E7A000E2D0E36819784529DED10133E3601731FF
:10E7B000E4E7C046002370B582B005000E00019367
:10E7C00001AC02E020601030040031002800FFF7A7
:10E7D000B5FF0028F6D10198002805D002000023DB
:10E7E00059212800FEF70AFF02B070BDF0B5C646F9
:10E7F00000B5C36880461E78002E22D05A1CC26025
:10E800005A781E789446002A1ED1492500213D4F92
:10E810006A1AD30F9B185B105B181A01BA18146898
:10E820002078B04207D00AD91D00A942F0D10020BB
:10E8300080BCB846F0BD6078604546D0F4D8591C1D
:10E84000F3E700239C46E0E79A1CC2605B789C4695
:10E85000762E17D0632ED8D1762BD6D1036B456B8D
:10E860005A4253414363FFF733FB43465B6B02005D
:10E87000002B40D0002336214046FEF7BFFE434622
:10E880005D63D5E71D00303DEBB2092BBDD8FFF726
:10E89000B7F9434642465B69926901009342C6DA82
:10E8A00040469A000069D21892008018444600221F
:10E8B00001334260826063610029B8D03423426032
:10E8C00082600370C5600161B2E7434641465B69FF
:10E8D00089698B42ABDA404699000069C918890002
:10E8E0004018002141608160414601334B61332370
:10E8F000C26003709CE7002335214046FEF77EFE90
:10E90000BDE7C04660B60110F0B5CE46474680B5BB
:10E9100085B00F0001A904000192FFF7A9FA061EB5
:10E9200000D1CCE0E2681378462B00D188E01A00D1
:10E93000303A0026092A00D88AE01A00613A192ADA
:10E940002AD8226B90466F2B00D1BAE02000FFF747
:10E950004DFF4346051E236300D1DBE00378332BD4
:10E960007AD1C268E36A916807335B18E36213687F
:10E970001A786C2A70D15A78692A6DD19B78002B4D
:10E980006AD12000FFF73CF92A000300382120005B
:10E99000FEF734FE05005FE0442B00D19BE01A0037
:10E9A000433A012A00D899E14C2B00D17AE0552B4B
:10E9B00000D084E0E3685A786C2A00D108E1742A18
:10E9C00000D07CE01A78552A00D0A3E05A1CE260FF
:10E9D0005A78019D742A00D09CE09A1CE2609B78D2
:10E9E0005F2B00D176E16E2B00D179E12000FEF79C
:10E9F00069FE013000D58DE0E26813785F2B00D00E
:10EA000088E00132E2606369A269934200DB81E041
:10EA10009A002569D2189200AD18002201336A606D
:10EA2000AA6063614A232B70236A626AE86093429A
:10EA300000DB6FE0E269990001338D5023620BE047
:10EA4000531CE36053781A00303A092A00D974E75E
:10EA50002000FFF7D5F80500019B002B05D02A0008
:10EA600057212000FEF7CAFD0500E3681A78422A04
:10EA700052D0002E0ED1002F06D02B003A000121DB
:10EA80002000FEF7BBFD0500280005B0C0BCB9465C
:10EA9000B046F0BD2A00002351212000FEF7AEFD54
:10EAA0000500E8E7E36820000133E360FFF7A8F81A
:10EAB000051E04D02000FEF769FE0028CCD10025F9
:10EAC000E2E7E3685A786E2A00D03FE70233E3605A
:10EAD000002323633AE7E3685A78432A00D1C6E06B
:10EAE000A26A002A08D01178002901D0182903D180
:10EAF000E16A10690918E1621978432921D0442993
:10EB000008D159783039C9B2052903D87748890026
:10EB100041588F4600259FE7A26A90460133E36083
:10EB20002000FFF76DF82A0003004E212000FEF7B9
:10EB300065FDE36805001A78422AEFD04346A362D8
:10EB400097E75978492900D1B2E008003138042804
:10EB5000E0D83039C9B288460233E3606369A169FD
:10EB60008B42D7DA99002569C91889006D180021F0
:10EB700001336960A9606361002ACBD007232B7041
:10EB800043466960A9602B732A6165E7022002335E
:10EB9000E360A16963698B42BCDA99002569C918F1
:10EBA00089006D18002101336960A9606361002A42
:10EBB000B0D008236960A9602B7028732A614BE7E5
:10EBC0000520E4E70420E2E70320E0E70120DEE798
:10EBD0001A78552A9ED15A1CE2605A786C2A99D12B
:10EBE0000233E3600023200003A90393FFF7E2FD53
:10EBF000039B80469946002B8CD12000FFF7EEFC4A
:10EC0000002887D04346002B66D01861E3681A7845
:10EC1000452A00D07EE75A1CE2605B785F2B0ED05D
:10EC20006E2B00D176E72000FEF74CFD431C00D58B
:10EC300070E7E268994613785F2B00D06AE70132EB
:10EC4000E2606369A269934200DB63E79A00256989
:10EC5000D2189200AD18002201336A60AA60636185
:10EC600048232B704346EB604B462B61F4E602339E
:10EC7000E3600023984608E018614346002B00D16A
:10EC800048E7E3681A78452A0FD02000FEF7B8FF5E
:10EC9000C1460200002354212000FEF7AFFC4B4682
:10ECA0008046002BE8D10500E7E70133E360D3E6B7
:10ECB0005A1CE2609A7811003139042900D929E7F9
:10ECC0000333303AD2B22000E3609046FFF700F9F8
:10ECD000A26A43E7002094E6804697E7E368FFE6F0
:10ECE000002D00D1C5E62B000025B8E670B101105B
:10ECF000F8B5C268040013784C2B00D1D5E0542B32
:10ED000000D1D6E0732B20D0662B5FD019003039AC
:10ED1000092943D96F2B3CD0692B00D1CDE0742B4E
:10ED200000D1E3E0752B17D10132C260FEF768FF16
:10ED30000500200000F04EFB2A00030040212000C7
:10ED4000FEF75CFC05002800F8BD5378722B00D15B
:10ED500035E1702B00D155E12000FFF747FD051E7E
:10ED600077D00378332B5FD0342B00D1C9E0352B1B
:10ED70006FD1E3681A785F2A00D11CE22000FFF708
:10ED8000B7FF03002A0038212000FEF737FC0500FA
:10ED9000D9E753786E2BDFD10232C2600022002106
:10EDA0002000FFF7B1FD051E53D0E3681A78492A09
:10EDB000C9D10133E360200000F00CFB2A000300FE
:10EDC00004212000FEF71AFC0500BCE75378702BE5
:10EDD000C2D1931CC3609378542B00D10EE15F2BFA
:10EDE00000D1D6E06E2B34D0FEF76CFC411C30D441
:10EDF000E3681A785F2A2CD10133E360B64B99425D
:10EE000027D002306369A269934222DA9A00256909
:10EE1000D2189200AD18002201336A60AA606361C3
:10EE20000623E8602B708EE7C168E36A8A680E6883
:10EE3000023A9B18E3623378732B0CD17278742AF0
:10EE400009D1B278002A06D12000FFF741F803006B
:10EE500098E7002577E7CF68022F62D000DDDDE07C
:10EE6000002F56D0012FF4D13278702A00D194E0CF
:10EE70006D2A00D191E00027732B00D09AE07378BF
:10EE8000502B00D096E0B378002B00D092E0200009
:10EE900000F0A0FA0300002F00D173E71A003A2116
:10EEA0002000FEF7ABFB03006CE700F07BFF0500E2
:10EEB00049E7FEF725FE050045E753786C2B00D0A7
:10EEC0004AE700250232C2601378002BC1D0537884
:10EED000002BBED04521200000F08CF92A00030051
:10EEE00032212000FEF78AFB05002CE753786C2BBB
:10EEF00000D031E70232C260FEF7EAFFE2680500A7
:10EF0000E2E7C368012B00D138E7032BA1D0002B27
:10EF10009FD12A00002337212000FEF76FFB050058
:10EF200011E771783278632900D11CE1662A00D19B
:10EF30003CE1642B00D030E17378692B00D02CE1E8
:10EF4000B378002B00D028E1002200212000FFF739
:10EF5000DBFC07003378632B00D0BFE072786C2AAB
:10EF600000D0BBE0B278002A00D0B7E045212000F5
:10EF700000F040F9060033003A003A212000FEF785
:10EF80003DFB2A00030039212000FEF737FB050076
:10EF9000D9E60332C260012034E77178914200D093
:10EFA00069E7E26811785F2900D065E70132E26025
:10EFB000337860E72000FFF79BFE03006BE7931CAC
:10EFC000C360836B002B0AD09378552B00D9C5E022
:10EFD000422B00D9ABE0303B092B00D8AEE020003B
:10EFE000FEF776FF010000222000FFF78DFCE368AA
:10EFF00005001A78492A00D0A5E6DAE60332C26095
:10F000000020FFE60232C260FFF772FE002302001A
:10F010004D212000FEF7F2FA050094E6032F00D000
:10F0200017E7712B26D17278752A23D1B278002A7E
:10F0300020D12000FFF75CFE06002000FFF758FEFD
:10F0400007002000FFF754FE031E00D101E73A003D
:10F050003D212000FEF7D2FA320003003C212000BF
:10F06000FEF7CCFA2A0003003B212000FEF7C6FA87
:10F07000050068E6642B05D17378582B02D1B3786C
:10F08000002BD6D03378662B00D19CE06E2B00D0BD
:10F09000DFE67378772B02D0612B00D0D9E65F21B1
:10F0A000200000F0A7F806002000FEF711FFE3683B
:10F0B00007001A78452A00D195E0702A00D186E031
:10F0C000692A00D0C5E65B786C2B00D0C1E6200031
:10F0D000FFF70EFE0300BAE7FFFFFF7F642B4FD15F
:10F0E0007278742A4CD1B278002A49D1E3681A7830
:10F0F000672A57D0732A02D15B78722B48D000223E
:10F1000000212000FFF700FCE36806001A78492A76
:10F1100000D030E70133E360200000F05BF93200FB
:10F12000030004212000FEF769FA060023E7304AB5
:10F13000433BDBB2DA40D20700D450E701235B4205
:10F140000021A363200000F08DF9E36801001A7824
:10F15000452A00D047E70133E36044E7613B192BC0
:10F1600000D93CE7EAE711007239012903D90F31D0
:10F17000012900D9DAE62000FEF7AAFE0700E9E639
:10F18000702B05D17378742B02D1B378002BADD0DE
:10F190002000FFF7ADFD0600EDE62000FFF7A8FD1B
:10F1A0000700D7E65B78732BA9D1F1E72000FFF7C2
:10F1B0001DFB0700CEE60133E3604521200000F08F
:10F1C00019F80300DEE52000FFF710FB34E75A785A
:10F1D000692A00D03DE60233E3604521200000F0BB
:10F1E00009F8030033E70133E36000232FE7C0464B
:10F1F00001020400F0B5C646002300B582B00193B9
:10F20000C36804001A780E008A4223D0036B0127DA
:10F21000984601AD0DE000232F212000FEF7EEF906
:10F22000286000280DD0E36810301A780500B2423B
:10F230000CD020002763FFF75BFD4346021E2363CB
:10F24000E9D1002002B080BCB846F0BD013301987E
:10F25000E360F7E7013300222F21C3600023FEF7AC
:10F26000CDF9EFE7F0B557464E464546DE46040079
:10F270001000E0B583B0030001920122E5688A46E0
:10F280002E781B211340024200D01E21CAB29346A1
:10F290001A22002B00D01D22D2B291461922002B37
:10F2A00000D01C22D3B2984657461DE0562E39D0C6
:10F2B0004B2E3DD06B78002B2BD0AB1CE3606B78D2
:10F2C000782B3BD06F2B5BD1E36A52210933E36289
:10F2D000002300222000FEF791F93860002818D0A2
:10F2E0000C300700E5682E782800FEF73BFB00286D
:10F2F0002AD06B1CE360722ED8D1E36A41460933F1
:10F30000E362002200232000FEF778F9386000282D
:10F31000E6D10027380003B0F0BCBB46B246A94690
:10F32000A046F0BDE36A49460933E3620023D0E713
:10F33000E36A59460633E3620023CAE7E36A4F21D2
:10F340001133E3620023C4E7019B002BE2D1462E78
:10F35000E0D15745DED01D241C211E3009E01B2AB8
:10F3600036D0192A00D119700C2292469A4457457A
:10F37000D0D053461B681A781A2AF0D11C70F3E7D4
:10F380004F2B13D1E36A256B0933E362012320007D
:10F390002363FFF7ADFC2563031EBAD0E268117842
:10F3A0004529B6D10132E2600D3192E7772BB0D119
:10F3B000E36A20000633E362FFF710F9031EA8D0CA
:10F3C000E26811784529A4D10132E2600E3180E76C
:10F3D0001870C9E7F0B5C36804001A78866A83B06C
:10F3E000452A37D0002301AD01930FE000233021DF
:10F3F0002000FEF703F9286000280CD0E2681030E6
:10F4000013780500452B09D0512B0CD0200000F0BB
:10F4100055FD021EEAD1002003B0F0BD0198013273
:10F42000E260A662F8E701230132256B2000E2606A
:10F430002363019FFFF75CFC2563002805D00300D0
:10F440003A005E212000FEF7D9F8E2681378452BD8
:10F45000E5D0E0E7013300223021C3600023FEF74E
:10F46000CDF8D9E7F8B504000E0000252027E368A1
:10F470001978442918D0492948D0542952D04D2907
:10F4800037D0532955D120005239FEF72FFC021EE8
:10F490003ED00378553B012B0BD9002D38D1E368C2
:10F4A00015001978442914D15B780022BB43542BF2
:10F4B00031D029002000FFF727FA0500002D27D0C2
:10F4C000E3681A78452A24D0002E15D119784429EA
:10F4D000EAD04929D1D10133E3602000FFF77AFF58
:10F4E000031E15D02A0004212000FEF787F805002E
:10F4F000E4E70133E360BAE7226A616A8A4207DA25
:10F50000E1699000013245502262DFE7002DE2D12F
:10F5100000252800F8BD002DFAD12000FEF7D8FC08
:10F520000500CBE7002DF3D12000FEF7E9FA050036
:10F53000C4E70022BDE7C046F0B5CE46474680B5D9
:10F54000C268040013780E0083B0552B00D179E017
:10F5500022D84E2B00D185E0532B64D1537800275D
:10F56000742B00D1BFE000212000FEF7BFFB051E79
:10F5700000D175E00378553B012B56D9002F00D000
:10F580006EE0E2681378492B00D19AE0280003B0BE
:10F59000C0BCB946B046F0BD5A2B44D1531CC36021
:10F5A0005378472B02D0542B00D097E0200000F076
:10F5B000DDF90500002D53D0E3681A78452A4FD1B4
:10F5C0005A1CE2605A78732A00D11AE1642A00D1E9
:10F5D000A6E000212000FFF7AFFF071E00D10EE1DB
:10F5E000022203789343482B04D02000FEF7CEF884
:10F5F000002835D02B78032B00D1F8E02A003B00FF
:10F6000002212000FDF7FAFF0500002EBED0002DDC
:10F6100026D0236A626A934222DAE26999000133B2
:10F620008D502362B2E7002500272A003900200010
:10F63000FFF76AF9E26805001378492B0AD0002E1B
:10F64000A4D0E4E700220021FFF75EF90500002EB8
:10F65000DDD19BE7002803D0236A616A8B4226DB59
:10F66000002593E7531CC3605378482B00D1ADE0CD
:10F67000012201A9FFF7F6FD051EF1D0E3681A7813
:10F68000522A00D1AFE04F2A00D184E001212000AE
:10F69000FFF7E8FE28600028E2D0E3681A78452AE0
:10F6A000DED10133019DE360002EB0D16EE7E16948
:10F6B000980001334550236211780023493901290C
:10F6C00005D801322000E260FFF784FE03002A0023
:10F6D00004212000FDF792FF0500B0E7002100F0B3
:10F6E000B3F8050066E7931CC360816943698B42E8
:10F6F0000EDA9900C91801334361002307698900B4
:10F700007F187B60BB603B704D4BFB6003233B610C
:10F71000E36A00250333E3629378532B85D122E714
:10F720009A1CE2609B785F2B00D186E06E2B97D00D
:10F730002000FDF7C7FF431C92D4E2689946137876
:10F740005F2B8DD1013200212000E260FFF7F4FE33
:10F75000804600280AD0022203789343482B05D024
:10F760002000FEF713F8002800D179E76369A26949
:10F77000934244DA9A002769D2189200BF180022F7
:10F7800001337A60BA60636149233B704B463B6149
:10F790004346FB602EE72021E26A03320133E26236
:10F7A000E360002200232000FDF728FF070001216D
:10F7B0002000FFF757FE2860002800D150E7002FF7
:10F7C00000D16AE7019B0197FB6066E7C36A0232DA
:10F7D0000533C260C362002200232121FDF70EFF22
:10F7E00001AD0700E3E7E26A1F210232D6E72B6989
:10F7F0001A782A2A00D001E70022DA60FEE6002704
:10F80000F8E602332000E360FDF7C0FF002800D1D6
:10F8100026E76369A2699342F1DA9A00D2180133AC
:10F820006361002327699200BF187B60BB603B7057
:10F83000044BFB600E233B61DCE60023994681E725
:10F84000809B0110709B0110F8B50D00002106008F
:10F85000FFF772FE041E4DD0002D18D0B368DB07F1
:10F8600015D423784F2B3CD038D81A001C3A052ADF
:10F8700037D9022B09D12269002A3BD013784F2BAC
:10F8800034D030D81C3B052B30D92000F8BDF368AC
:10F890001B78002BF9D0452BF7D022001378042BCE
:10F8A00032D029D8022B02D11269002AF6D10021C8
:10F8B0003000FEF7D5FE071E1CD0002D02D12378A4
:10F8C000022B36D0F3681A78512A3BD022003B0035
:10F8D00003213000FDF792FE0400D6E7523B012BD6
:10F8E000D3D8E468BDE7523B012BCED8D268226161
:10F8F000002AC3D10024C8E74F2B03D014D81C3BE7
:10F90000052BD4D8D268D0E7D368002B0AD0197859
:10F91000082913D80629CAD80139012902D81B6938
:10F92000002BF4D10121C3E7523B012BBFD8D26891
:10F93000BBE703782A2BC5D1C560C3E736394B1E18
:10F940009941B5E70133F3600123356B3000336330
:10F95000FFF7CEF93563031E06D03A005E21300072
:10F96000FDF74CFE0700B1E70027AFE7F0B5CE4644
:10F970004746C16A80B50B00143383B0C362C368C5
:10F9800004001A78542A16D0472A20D15A1CC26083
:10F990005A78002A1BD09A1CC2605A78562A00D97D
:10F9A00083E0402A13D9413AD2B2152A0FD8D1495F
:10F9B00092008A5897465A1CC2605A78002A06D08C
:10F9C0009A1CC2605B78413BDBB2352B05D9002025
:10F9D00003B0C0BCB946B046F0BDC74A9B00D3587F
:10F9E0009F460021FFF7A8FD0023020013212000FD
:10F9F000FDF704FEECE79A78002A00D1ACE0DA1CAF
:10FA0000C2609A78DB786E2A00D1A9E1472B02D038
:10FA1000542B00D0A0E02000FFF7A8FF0200002335
:10FA20004B212000FDF7EAFDD2E70021FFF784FD1E
:10FA30006369A2690600934200DB93E0002299000B
:10FA40002569C91889006D1801336A60AA6063616D
:10FA5000442320002B70FDF735FEE8602B003200B8
:10FA600016212000FDF7CAFDB2E7002301A901938A
:10FA7000FEF7FEF90028AAD001980028A8D00200BD
:10FA8000002358212000FDF7B9FDA1E79B78472B03
:10FA90005DD0542B5BD00021FFF7D6FE020000237F
:10FAA00017212000FDF7AAFD92E7722A00D08EE709
:10FAB000FDF708FE012800DC89E7E3681A78002AD0
:10FAC00000D184E75D1CE5601B785F2B00D07EE7EA
:10FAD0001C3B002200279846461E2B78002B00D1A5
:10FAE00075E7242B00D009E16B78532B00D12EE170
:10FAF0005F2B00D129E1242B00D068E79C46E56804
:10FB00006169A3690235994200DB23E1880023691A
:10FB1000401880001B1801315F609F6061614146A1
:10FB200019706146023ED960E560002A00D10AE101
:10FB300042212000FDF762FD021E00D147E7002EA2
:10FB4000CBDC002341212000FDF758FD40E72000D9
:10FB5000FFF70CFF0200A2E700212000FFF774FE70
:10FB600002005CE7002579E77621FDF7E7FD002834
:10FB700000D12CE7E3681B78472B00D1FEE0542B23
:10FB800000D1FBE000212000FFF75EFE0200002311
:10FB900010212000FDF732FD1AE76821FDF7CEFDA8
:10FBA000002800D113E7E3681B78472B00D1EAE077
:10FBB000542B00D1E7E000212000FFF745FE0200B2
:10FBC00000230F212000FDF719FD01E70A31C16272
:10FBD000FEF77EF9002302000A212000FDF70EFD4A
:10FBE000F6E60021FFF7A8FC002302001521200003
:10FBF000FDF704FDECE60F31C162FEF769F9002361
:10FC0000020009212000FDF7F9FCE1E60021FDF7E3
:10FC100095FD002800D1DAE600212000FDF78EFDD9
:10FC2000002800D1D3E6E3681B78472B00D1B4E06D
:10FC3000542B00D1B1E000212000FFF705FE0200A7
:10FC4000002311212000FDF7D9FCC1E60021FFF7B8
:10FC500073FC0023020014212000FDF7CFFCB7E65F
:10FC6000FEF736F90023020012212000FDF7C6FC42
:10FC7000AEE6FEF72DF9002302000C212000FDF76F
:10FC8000BDFCA5E6FEF724F9002302000D212000AB
:10FC9000FDF7B4FC9CE6FEF71BF905002000FDF71C
:10FCA00011FD002800DA92E6E26813785F2B00D09D
:10FCB0008DE60132E2602000FEF70AF9E36A0200F5
:10FCC0000533E3620B212B002000FDF797FC7FE654
:10FCD00000F0F4F80023020031212000FDF78EFC33
:10FCE00076E6FEF7F5F8002302000E212000FDF76E
:10FCF00085FC6DE688B10110E0B1011000216B5C5C
:10FD0000002B04D0242B02D00131B142F7D160691D
:10FD1000A369984220DA83001B189B009946236947
:10FD200001309C464B4663445F609F6060610029E0
:10FD300000D14CE61F70DD60E5685F609F6019616F
:10FD40006D18761AF0E61A00F9E62E23D6E62F2370
:10FD50009C46D4E6E5603AE6E3685B18E36036E685
:10FD6000472B15D0542B13D00021FFF76DFD020057
:10FD700000234C212000FDF741FC29E62000FFF77D
:10FD8000F5FD020003E72000FFF7F0FD020017E792
:10FD90002000FFF7EBFD0200EAE72000FFF7E6FD99
:10FDA00002004DE7F8B5C268040013784C2B32D13D
:10FDB000531CC36051785F294CD05A2912D15A1C68
:10FDC000E2605B78472B3ED0542B3CD000212000D2
:10FDD000FFF73AFD0500E3681A78452A1BD1013385
:10FDE000E36019E0FEF774F8051E14D00378E668A6
:10FDF000282B13D032783E216E2A50D0452A54D079
:10FE0000731C06E0E360180001335A1E1278452A7D
:10FE100027D0002AF6D100252800F8BDC3681A7C37
:10FE2000002A03D0E26A5968521AE262224918682D
:10FE300006F0BAFF32780028DDD1452A39D06E2A83
:10FE40002DD03E21DCE72000FFF790FDE3680500A0
:10FE50001A78C2E7931CC360927800255A2ABCD155
:10FE6000ADE7801B6269A3699A4220DA9700236993
:10FE7000BF18BF00DB19002701325F609F6062611D
:10FE8000002814DD5F609F601F70DE6018612A002B
:10FE90002000FDF7B3FBE36805001A789DE7731CAB
:10FEA000E36072783F211E00A8E70020DAE7002314
:10FEB000EDE70136E660AFE7849B011070B5C268DC
:10FEC000040013784C2B19D007D8493B012B18D8C4
:10FED0000132C260FFF77EFA70BD582B11D101329A
:10FEE000573B056BC2600363FEF702FFE3682563BF
:10FEF0001A78452A09D10133E360EDE7FFF752FF95
:10FF0000EAE72000FDF7E4FFE6E70020E4E7C0466B
:10FF1000F0B5DE4657464E464546E0B59BB0040078
:10FF20000192002A12D08C235B00C758002F11D1F8
:10FF3000019B1D785F2D3CD8D54AAB00D3589F4616
:10FF4000002F03D088234A465B00E2508C23012215
:10FF50005B00E2501BB0F0BCBB46B246A946A046CF
:10FF6000F0BD0AAB9B468A235B00C25859460A92F1
:10FF70005A46C2505B46019A5A6000238B60113387
:10FF8000FF33C358D668CB6032001121200003F044
:10FF9000CFFA5B469B68002B01D102F0CCF98A2393
:10FFA0000A9A5B00E250002FD4D04A46043BE2504C
:10FFB000D0E78C2301225B00E250CBE78A2252007B
:10FFC00081580B1E01D103F002FA9A68002A09D168
:10FFD0005A68127810001938022806D8954201D1C3
:10FFE00002F028FD1B68002BEFD10AAB9B468A2349
:10FFF0005A465B00E2505B46019A0A915A60002320
:020000041001E9
:100000005A4693601133FF33E358D360019BDE6897
:10001000BAE7019B1121DA6803F08AFA9AE7019E98
:10002000F268002A01D102F076FB112103F080FA78
:100030003378562B01D102F072FB019B2E25DB6831
:10004000002B0ED080235B00E358FF2B01D102F080
:10005000D3FF591C80225200A150E55482235B003B
:10006000E554019B112120001A6903F061FA71E740
:10007000019BDA68002A02D0112103F059FA019B92
:100080001B69002B00D165E780256D006159FD29B2
:1000900001D902F0D7FC8027942520007D497F00FC
:1000A000FDF7E6FCE3596D00994663591121984626
:1000B000019B20001A6903F03BFA6359434500D0C5
:1000C00048E7E3594B4500D044E7023BE35141E7A1
:1000D0008A230AAD5B00C258C55000230C9311332C
:1000E0000A92FF33019AC3580B92112112690D93A2
:1000F00003F01EFA0C9B002B01D102F090FB8A2327
:100100000A9A5B00E25025E7019BDA681378282BF6
:1001100001D002F0FDFAD3681F7C062F01D902F04E
:10012000F0FB002F06D0019B1B691B78002B01D12F
:1001300003F0DDF880235B00E358FF2B01D102F0D0
:10014000BAFE591C80256D0061512821E15482239B
:100150005B00E1542000173903F0EAF96359FF2BE3
:1001600001D102F095FE591C80225200A150D73ACD
:10017000E25482235B00E254019B1B783F2B01D1A8
:1001800002F0AEFE082F01D102F072FE019B112198
:1001900020001A6903F0CCF9DCE6019BDE689023AD
:1001A0005B00C3583000984642463378002A04D199
:1001B0000027052B01D102F099FE242B01D102F07A
:1001C0001CFB8A2149006258944688225200A2589A
:1001D0009D4201D102F057FC252B01D102F0B2F86B
:1001E0000AAB9B4663460A938A2359465B00E1505B
:1001F0005B460199596059460023CA608B60C3E68B
:10020000019D1121EA6803F093F920002249FDF7CE
:100210002FFC2F693B78492B01D102F0AFFC3A004B
:100220001121200003F084F994E6019BDF681D6929
:100230003B78332B01D102F084FA352B01D102F047
:100240000EFB3A00112104F079F92A001121200057
:1002500004F006FC7EE6019B1121DA6803F068F9E0
:1002600080235B00E358FF2B01D102F031FD591CC4
:1002700080225200A150C03AE25482235B00E25433
:10028000019B112120001A6903F052F962E6C04671
:10029000B8B20110A09B0110A49B0110019BDA6869
:1002A0001E69002A02D0112103F042F980235B006D
:1002B000E358FF2B01D102F027FC5A1C80256D006A
:1002C00062517B22E25482235B00E254112132000E
:1002D000200003F02DF96359FF2B01D102F001FC3E
:1002E000591C80225200A150833AE25482235B00C1
:1002F000E2542FE61C2290460022802393460D32C2
:10030000FF32D94D92465B00043A9146C358A84447
:100310000DE01A008021531C49006350A65482222C
:1003200001355200A654454501D101F01CFE2E783E
:10033000FF2BEED15A46E2545346E2584B46FF217A
:10034000E3582000984794225200A3580135013306
:10035000A3508023283A5B00FF3AE2500433267012
:10036000E654454501D101F0FEFD2E78D2E71E226C
:1003700090460022802393460D32FF32BB4D9246B9
:100380005B00043A9146C358A8440DE01A0080214E
:10039000531C49006350A654822201355200A654D2
:1003A000A84501D101F01FFE2E78FF2BEED15A4651
:1003B000E2545346E2584B46FF21E3582000984749
:1003C00094225200A35801350133A3508023283AC8
:1003D0005B00FF3AE25004332670E654A84501D191
:1003E00001F001FE2E78D2E71322904600228023EE
:1003F00093460D32FF329E4D92465B00043A914681
:10040000C358A8440DE01A008021531C49006350D2
:10041000A654822201355200A654A84501D101F00C
:10042000DAFD2E78FF2BEED15A46E2545346E258BD
:100430004B46FF21E3582000984794225200A358CE
:1004400001350133A3508023283A5B00FF3AE25084
:1004500004332670E654454501D101F0BCFD2E78E9
:10046000D2E70F2290460022802393460D32FF32BE
:10047000804D92465B00043A9146C358A8440DE073
:100480001A008021531C49006350A6548222013572
:100490005200A654A84501D101F095FD2E78FF2BFE
:1004A000EED15A46E2545346E2584B46FF21E358F8
:1004B0002000984794225200A35801350133A350DD
:1004C0008023283A5B00FF3AE25004332670E6545A
:1004D000454501D101F077FD2E78D2E71A229046EA
:1004E0000022802393460D32FF32634D92465B001B
:1004F000043A9146C358A8440DE01A008021531CC9
:1005000049006350A654822201355200A654454545
:1005100001D101F050FD2E78FF2BEED15A46E25466
:100520005346E2584B46FF21E35820009847942257
:100530005200A35801350133A3508023283A5B00B1
:10054000FF3AE25004332670E654454501D101F0EC
:1005500032FD2E78D2E71122904600228023934666
:100560000D32FF32454D92465B00043A9146C35826
:10057000A8440DE01A008021531C49006350A65482
:10058000822201355200A654454501D101F00BFDF0
:100590002E78FF2BEED15A46E2545346E2584B4692
:1005A000FF21E3582000984794225200A3580135B8
:1005B0000133A3508023283A5B00FF3AE250043312
:1005C0002670E654A84501D101F0EDFC2E78D2E763
:1005D000152290460022802393460D32FF32284D8B
:1005E00092465B00043A9146C358A8440DE01A00B5
:1005F0008021531C49006350A654822201355200C9
:10060000A654A84501D101F0C6FC2E78FF2BEED1EF
:100610005A46E2545346E2584B46FF21E358200025
:10062000984794225200A35801350133A3508023E8
:10063000283A5B00FF3AE25004332670E654A8459E
:1006400001D101F0A8FC2E78D2E7102290460022BA
:10065000802393460D32FF320A4D92465B00043AE6
:100660009146C358A8441DE0D89D0110C49B0110B9
:10067000B49C0110A49C0110889C0110749C011072
:10068000709C01105C9C01101A008021531C4900D1
:100690006350A654822201355200A654A84501D1C8
:1006A00001F071FC2E78FF2BEED15A46E2545346EE
:1006B000E2584B46FF21E35820009847942252000D
:1006C000A35801350133A3508023283A5B00FF3A39
:1006D000E25004332670E654A84501D101F053FCE2
:1006E0002E78D2E7122290460022802393460D32C4
:1006F000FF32E44D92465B00043A9146C358A84449
:100700000DE01A008021531C49006350A654822238
:1007100001355200A654A84501D101F02CFC2E78D9
:10072000FF2BEED15A46E2545346E2584B46FF2186
:10073000E3582000984794225200A3580135013312
:10074000A3508023283A5B00FF3AE250043326701E
:10075000E654A84501D101F00EFC2E78D2E7CA4933
:10076000FDF786F9019B11212000DA6802F0E0FE16
:10077000FFF7F0FBC549FDF77BF9019D2000EA6812
:10078000112102F0D5FE2000C149FDF771F91121B8
:1007900020002A6902F0CCFEFFF7DCFBBD49FDF723
:1007A00067F9019B11212000DA6802F0C1FEFFF712
:1007B000D1FB0B2290460022802393460D32FF325C
:1007C000B54D92465B00043A9146C358A8440DE0EB
:1007D0001A008021531C49006350A654822201351F
:1007E0005200A654A84501D101F064FB2E78FF2BDE
:1007F000EED15A46E2545346E2584B46FF21E358A5
:100800002000984794225200A35801350133A35089
:100810008023283A5B00FF3AE25004332670E65406
:10082000A84501D101F046FB2E78D2E71A22904666
:100830000022802393460D32FF32984D92465B0092
:10084000043A9146C358A8440DE01A008021531C75
:1008500049006350A654822201355200A6544545F2
:1008600001D101F017FB2E78FF2BEED15A46E2544E
:100870005346E2584B46FF21E35820009847942204
:100880005200A35801350133A3508023283A5B005E
:10089000FF3AE25004332670E654A84501D101F036
:1008A000F9FA2E78D2E790235B00C3589846019B53
:1008B000DB689B464346002B01D001F06FFE594692
:1008C000FDF7AAF8002801D101F068FE00210378A5
:1008D000302B01D002F0C7F8C368002B01D102F021
:1008E000C2F8006901310028F1D15B4680278B46B0
:1008F0007F000193922342465B00E25011212000C9
:10090000019A02F015FE01239C46E044D84501D12E
:10091000FFF720FB624DE359AA1C91468222520048
:10092000924608E01A00531CE351A6545246013582
:10093000A6544D45DED02E78FF2BF3D10022E25491
:1009400086235B00E258043BE358FF2120009847D0
:1009500094225200A35801350133A3500123E351DF
:100960000433FF332670E6544D45C3D0283A2E7821
:10097000FF3AD8E70E2290460022802393460D329C
:10098000FF32484D92465B00043A9146C358A84452
:100990000DE01A008021531C49006350A6548222A6
:1009A00001355200A654A84501D101F08BFA2E78EA
:1009B000FF2BEED15A46E2545346E2584B46FF21F4
:1009C000E3582000984794225200A3580135013380
:1009D000A3508023283A5B00FF3AE250043326708C
:1009E000E654454501D101F06DFA2E78D2E7162282
:1009F00090460022802393460D32FF322A4D9246C4
:100A00005B00043A9146C358A8440DE01A008021C7
:100A1000531C49006350A654822201355200A6544B
:100A2000A84501D101F03EFA2E78FF2BEED15A46AF
:100A3000E2545346E2584B46FF21E35820009847C2
:100A400094225200A35801350133A3508023283A41
:100A50005B00FF3AE25004332670E654454501D16D
:100A600001F020FA2E78D2E7104D8023EA1D90463F
:100A7000002291460D32FF3293465B00043A9246C3
:100A8000C35823E0489C0110389C0110149C0110AD
:100A9000309C0110089C0110FC9B0110289D011046
:100AA000A09B0110049E01102C9D0110F89D0110C7
:100AB0001A008021531C49006350A654822201353C
:100AC0005200A654A84501D101F06EFC2E78FF2BF0
:100AD000EED14A46E2545B46E2585346FF21E358C2
:100AE0002000984794225200A35801350133A350A7
:100AF0000123283AA35004322670A654454501D15B
:100B000002F036F9043A2E78FF3AD2E717229046DF
:100B10000022802393460D32FF32DD4D92465B006A
:100B2000043A9146C358A8440DE01A008021531C92
:100B300049006350A654822201355200A65445450F
:100B400001D101F00DFB2E78FF2BEED15A46E25475
:100B50005346E2584B46FF21E35820009847942221
:100B60005200A35801350133A3508023283A5B007B
:100B7000FF3AE25004332670E654A84501D101F053
:100B8000EFFA2E78D2E7019BDD68002D01D001F04D
:100B900079FDC049FCF76CFFFFF7DCF99023019A5F
:100BA0005B00D268C35890460132934201DC01F0E9
:100BB0002CFD88235B00C35842465B68DB68002B32
:100BC00007D1FFF7C3F91B69013A002B01D1FFF7E9
:100BD000BDF9002AF7D11A785D2A05D1DB68002B10
:100BE00001D1FFF7B3F91A785A3A022A01D801F075
:100BF00044FE8C2301225B00E2504246A6490AA82B
:100C0000F8F76CFC0AA806F059F9002801D1FFF7A3
:100C1000A1F90022802392460D32FF3291465B00FB
:100C20000AAD043A9046E3582F180DE01A008021CF
:100C3000531C49006350A654822201355200A65429
:100C4000AF4201D1FFF786F92E78FF2BEED1524645
:100C5000E2544B46E2584346FF21E35820009847B0
:100C600094225200A35801350133A3508023283A1F
:100C70005B00FF3AE25004332670E654AF4201D1E4
:100C8000FFF768F92E78D2E7019B1121DA6802F0AC
:100C90004FFC0022814D80232F0092460D32FF32FF
:100CA00091465B00043A9046E35808370DE01A007D
:100CB0008021531C49006350A65482220135520002
:100CC000A654AF4201D1FFF745F92E78FF2BEED1A4
:100CD0005246E2544B46E2584346FF21E358200077
:100CE000984794225200A35801350133A350802322
:100CF000283A5B00FF3AE25004332670E654AF42D4
:100D000001D1FFF727F92E78D2E70822904600227A
:100D1000802393460D32FF32614D92465B00043AC8
:100D20009146C358A8440DE01A008021531C490085
:100D30006350A654822201355200A654A84501D121
:100D400001F0B8FA2E78FF2BEED15A46E254534602
:100D5000E2584B46FF21E358200098479422520066
:100D6000A35801350133A3508023283A5B00FF3A92
:100D7000E25004332670E654454501D101F09AFA59
:100D80002E78D2E7162290460022802393460D3219
:100D9000FF32444D92465B00043A9146C358A84442
:100DA0000DE01A008021531C49006350A654822292
:100DB00001355200A654A84501D101F073FA2E78EE
:100DC000FF2BEED15A46E2545346E2584B46FF21E0
:100DD000E3582000984794225200A358013501336C
:100DE000A3508023283A5B00FF3AE2500433267078
:100DF000E654454501D101F055FA2E78D2E7019B22
:100E00001B691A783C2A01D0FFF7A0F81B691B78F0
:100E10003D2B01D0FFF79AF8019D11212A0003F024
:100E2000C3FE002801D0FFF795F82A001121200009
:100E300004F02AF8002801D0FFF78CF82B69EA6843
:100E4000DE681B691849DF681D69D3689046186819
:100E500005F0AAFF002801D002F027FB3200200095
:100E6000112103F0FDFD42462000112103F066FB35
:100E70003A002000112103F0F3FD20000B49FCF79C
:100E8000F7FD2A001121200003F0EAFDFFF762F8C8
:100E9000E49B0110A89D0110648A0110209E01109E
:100EA000389E0110C89C0110689D01106C9D0110B6
:100EB000019A13691B783A2B01D0FFF747F8D268E3
:100EC000D3681B685978632901D102F050F8019D5D
:100ED00011212A00200003F067FE002801D0FFF74F
:100EE00039F82A001121200003F0CEFF002801D09C
:100EF000FFF730F8EB681A78332A01D102F037FA9D
:100F0000E64ADB6811001868904605F04DFF019B2A
:100F10001B69DA68002804D11378032B01D102F091
:100F200081FA1121200003F09BFD019BDC49DD6863
:100F3000EB681F68380005F037FF002801D102F088
:100F400055FA4146380005F02FFF002801D002F085
:100F50005EFA019B11211B6920001A6903F080FDD4
:100F6000019BDB681A78332A01D0FEF7F3FFDB68B8
:100F70009A68012A01D0FEF7EDFF5B681B783E2BD3
:100F800001D0FEF7E7FF29212000FCF703FDFEF763
:100F9000E1FF019B1F69DD68002F01D1FEF7DAFF39
:100FA0000022802392460D32FF3291465B00043AC4
:100FB0009046C358EF190DE01A008021531C4900D8
:100FC0006350A654822201355200A654AF4201D18B
:100FD000FEF7C0FF2E78FF2BEED15246E2544B466F
:100FE000E2584346FF21E3582000984794225200DC
:100FF000A35801350133A3508023283A5B00FF3A00
:10100000E25004332670E654BD4201D1FEF7A2FF40
:101010002E78D2E7019BDB685A681D68002A01D14F
:1010200001F0A6F890460022802393460D32FF324D
:1010300092465B00A844043A91464746C3580DE0E7
:101040001A008021531C49006350A65482220135A6
:101050005200A654AF4201D101F08AF82E78FF2B3E
:10106000EED15A46E2545346E2584B46FF21E3582C
:101070002000984794225200A35801350133A35011
:101080008023283A5B00FF3AE25004332670E6548E
:10109000AF4201D101F06CF82E78D2E7019B11210B
:1010A000DA6803F04BFAFEF755FF0922904600225A
:1010B000802393460D32FF327A4D92465B00043A0C
:1010C0009146C358A8440DE01A008021531C4900E2
:1010D0006350A654822201355200A654A84501D17E
:1010E00001F0A1F82E78FF2BEED15A46E254534678
:1010F000E2584B46FF21E3582000984794225200C3
:10110000A35801350133A3508023283A5B00FF3AEE
:10111000E25004332670E654A84501D101F083F86B
:101120002E78D2E7092290460022802393460D3282
:10113000FF325C4D92465B00043A9146C358A84486
:101140000DE01A008021531C49006350A6548222EE
:1011500001355200A654454501D100F086FF2E7896
:10116000FF2BEED15A46E2545346E2584B46FF213C
:10117000E3582000984794225200A35801350133C8
:10118000A3508023283A5B00FF3AE25004332670D4
:10119000E654454501D100F068FF2E78D2E7019B67
:1011A0000022DB68404D98469B682F000193802306
:1011B00093460D32FF3292465B00043A9146C35883
:1011C00008370DE01A008021531C49006350A654D3
:1011D000822201355200A654BD4201D100F055FFD4
:1011E0002E78FF2BEED15A46E2545346E2584B4636
:1011F000FF21E3582000984794225200A35801355C
:101200000133A3508023283A5B00FF3AE2500433B5
:101210002670E654BD4201D100F037FF2E78D2E7A8
:101220000A2290460022802393460D32FF321F4D42
:1012300092465B00043A9146C358A8440DE01A0058
:101240008021531C49006350A6548222013552006C
:10125000A654A84501D100F0F0FE2E78FF2BEED168
:101260005A46E2545346E2584B46FF21E3582000C9
:10127000984794225200A35801350133A35080238C
:10128000283A5B00FF3AE25004332670E654A84542
:1012900001D100F0D2FE2E78D2E7C046609D011049
:1012A000649D0110509D0110449D01109C9D0110F2
:1012B000A42301995B00C758C150343BC2589046E3
:1012C0000022C250CA68112102F032F982235B0069
:1012D000E35C3C2B01D101F0CFFC80235B00E358A1
:1012E000FF2B01D101F0B5FC591C80228225520050
:1012F000A150C43AE2546D00019B62551A69112154
:10130000200002F015F9635D3E2B01D101F09BFC3A
:1013100080235B00E358FF2B01D101F081FC591CB5
:1013200080225200A150C23AE25482235B00E25470
:1013300042461033E2503433E750FEF70BFE802371
:101340005B00C358FF2B01D101F0E8FC591C80223F
:101350005200A150823AE25482235B00E254019B86
:10136000112120001A6902F0E3F8FEF7F3FD019B5A
:1013700011211A6902F0DCF8FEF7ECFD0E2290460E
:101380000022802393460D32FF32E94D92465B00E6
:10139000043A9146C358A8440DE01A008021531C1A
:1013A00049006350A654822201355200A654454597
:1013B00001D100F057FF2E78FF2BEED15A46E254B0
:1013C0005346E2584B46FF21E358200098479422A9
:1013D0005200A35801350133A3508023283A5B0003
:1013E000FF3AE25004332670E654454501D100F03F
:1013F00039FF2E78D2E780235B00C358FF2B01D141
:1014000001F0E6FC5A1C80277F00E2515B22E25487
:1014100082235B00E25400239B46019EF268112167
:10142000200002F085F83669E359002E01D100F062
:10143000F4FDC04D0196AA1C9046862252009246A9
:10144000043A91460BE01A00531CE351A654822241
:1014500001355200A654454501D100F0BFFC2E785D
:10146000FF2BF0D15A46E2545346E2584B46FF2137
:10147000E3582000984794225200A35801350133C5
:10148000A3500123E3510433FF332670E654A845EB
:1014900001D100F0A3FC283A2E78FF3AD4E7019D51
:1014A0001121EA6802F044F8112120002A6902F0B3
:1014B0003FF8FEF74FFD00229F4D80232F009246FC
:1014C0000D32FF3291465B00043A9046C35808370C
:1014D0000DE01A008021531C49006350A65482225B
:1014E00001355200A654AF4201D1FEF733FD2E78EC
:1014F000FF2BEED15246E2544B46E2584346FF21C1
:10150000E3582000984794225200A3580135013334
:10151000A3508023283A5B00FF3AE2500433267040
:10152000E654BD4201D1FEF715FD2E78D2E78023A7
:101530005B00C358FF2B01D101F0A4FB5A1C802192
:10154000490062503C22E25482235B00E254019B3A
:101550008846DF680026002F0CD100F04CFD3A00D1
:101560001121200001F0E4FF3F690136002F01D175
:1015700000F041FD002EF2D06E4D4346AA1C91466C
:10158000862252009246043A9346E35801970CE0B3
:101590001A004146531C6350A75482220135520061
:1015A000A7544D4501D100F01CFC2F78FF2BEFD143
:1015B0000022E2545346E2585B46FF21E3582000E4
:1015C000984794225200A35801350133A3500123B8
:1015D0004246A3500433FF332770E7544D4501D1F1
:1015E00000F0FFFB01222F78D3E78A235B00C2586B
:1015F00002920022C250019BDF68002F01D101F04E
:1016000031FC88235B00C358002099460AAB9B46F7
:101610000022002180461A6042469A604A465F6076
:10162000DA603A781E004D1C4F2A01D100F0CAFF43
:1016300001D900F0BEFF1C2040428446944460461D
:10164000052801D800F0BEFF8A2040002350022A5E
:1016500001D101F0D7FB042A01D101F0B4FC019BB8
:101660001A691121200001F063FF3B78042B03D19C
:10167000089A0D33FF33E25080235B005F469A46A1
:101680008226E03B98462D010C3D5D440C3F7600E0
:101690006B68002B01D100F06EFF103DAF42F7D117
:1016A0008A23029A5B00E250FEF754FC019B1F69FB
:1016B000DD68002F01D1FEF74DFC00228023924609
:1016C0000D32FF3291465B00043A9046C358EF1941
:1016D0000DE01A008021531C49006350A654822259
:1016E00001355200A654AF4201D1FEF733FC2E78EB
:1016F000FF2BEED15246E2544B46E2584346FF21BF
:10170000E3582000984794225200A3580135013332
:10171000A3508023283A5B00FF3AE250043326703E
:10172000E654BD4201D1FEF715FC2E78D2E7C04643
:101730008C9D0110A09B01102C9E0110019BDB6869
:10174000A0CB002F01D1FEF705FC0022802392469A
:101750000D32FF3291465B00043A9046C358EF19B0
:101760000DE01A008021531C49006350A6548222C8
:1017700001355200A654AF4201D1FEF7EBFB2E78A3
:10178000FF2BEED15246E2544B46E2584346FF212E
:10179000E3582000984794225200A35801350133A2
:1017A000A3508023283A5B00FF3AE25004332670AE
:1017B000E654BD4201D1FEF7CDFB2E78D2E71122CF
:1017C00090460022802393460D32FF32E74D924629
:1017D0005B00043A9146C358A8440CE01A008021EB
:1017E000531C49006350A654822201355200A6546E
:1017F000A84500D13EE32E78FF2BEFD15A46E254A4
:101800005346E2584B46FF21E35820009847942264
:101810005200A35801350133A3508023283A5B00BE
:10182000FF3AE25004332670E654454500D121E3E7
:101830002E78D4E7152290460022802393460D325D
:10184000FF32CB4D92465B00043A9146C358A84400
:101850000CE01A008021531C49006350A6548222D8
:1018600001355200A654A84500D1BDE22E78FF2BC9
:10187000EFD15A46E2545346E2584B46FF21E35813
:101880002000984794225200A35801350133A350F9
:101890008023283A5B00FF3AE25004332670E65476
:1018A000A84500D1A0E22E78D4E719229046002264
:1018B000802393460D32FF32AE4D92465B00043AD0
:1018C0009146C358A8440CE01A008021531C4900DB
:1018D0006350A654822201355200A654A84500D177
:1018E000D0E22E78FF2BEFD15A46E2545346E2580D
:1018F0004B46FF21E3582000984794225200A358FA
:1019000001350133A3508023283A5B00FF3AE250AF
:1019100004332670E654454500D1B3E22E78D4E76F
:101920008A235B009A46C358524698460AAB9B46A8
:1019300043460A935B468350019A01255A605A46F2
:10194000002393601133FF33C358D3600122434611
:101950009446002B01D101F02AFDD94602901CE0EB
:101960009A68002A16D1032D01D901F044FA4A469B
:101970001E002901521891CE91C236684C4616605D
:10198000524602980135825862505246494481506D
:1019900062469A601B68002B04D05A681278193A84
:1019A000022ADDD9029C019B11211A69200001F055
:1019B000BFFD8A2342465B00E2504B469B68002BEA
:1019C00001D0FEF7C7FA4E46012D09D9013D2B0182
:1019D000F318112120005A6801F0DCFD012DF5D12A
:1019E0008A235B0011212000E358019A02F092FC47
:1019F000FEF7B0FA0199CA68002A1AD08A277F0038
:101A0000C3590AAD0A9300230C931133FF33C35813
:101A10000B91C55111210D9301F08AFD0A9BE351F1
:101A20000C9B002B01D0FEF795FA20212000FBF73C
:101A3000B1FF8A235B0011212000E358019A02F0D4
:101A400087F9FEF787FA019B1D7B80235B00C35853
:101A5000FF2B01D101F074F9591C80225200A150D2
:101A6000E55482235B00E554FEF774FA019B1121D3
:101A7000DA6801F05DFD082290460022802393463B
:101A80000D32FF323C4D92465B00043A9146E358DA
:101A9000A8440CE01A008021531C49006350A6544E
:101AA000822201355200A654A84500D1E2E32E78E7
:101AB000FF2BEFD15A46E2545346E2584B46FF21E2
:101AC000E3582000984794225200A358013501336F
:101AD000A3508023283A5B00FF3AE250043326707B
:101AE000E654454500D1C5E32E78D4E7019B11218A
:101AF000DA6801F01DFD214D80236A1D9046002209
:101B000093460D32FF3292465B00043A9146E35809
:101B10000CE01A008021531C49006350A654822215
:101B200001355200A654454500D1F9E22E78FF2B2D
:101B3000EFD15A46E2545346E2584B46FF21E35850
:101B40002000984794225200A35801350133A35036
:101B50008023283A5B00FF3AE25004332670E654B3
:101B6000A84500D1DCE22E78D4E7C046149D0110D0
:101B7000FC9C0110E09C0110149E0110989B011028
:101B80001D2290460022802393460D32FF32DA4D0B
:101B900092465B00043A9146C358A8440CE01A00F0
:101BA0008021531C49006350A65482220135520003
:101BB000A654454500D1CBE22E78FF2BEFD15A46F3
:101BC000E2545346E2584B46FF21E3582000984721
:101BD00094225200A35801350133A3508023283AA0
:101BE0005B00FF3AE25004332670E654454500D1CD
:101BF000AEE22E78D4E7019BC049DA680AA8F7F76D
:101C00006DFC0AA805F05AF9002801D1FEF7A2F9E7
:101C10000022802392460D32FF3291465B000AADCE
:101C2000043A9046E3582F180DE01A008021531C07
:101C300049006350A654822201355200A654AF4297
:101C400001D1FEF787F92E78FF2BEED15246E254F0
:101C50004B46E2584346FF21E35820009847942220
:101C60005200A35801350133A3508023283A5B006A
:101C7000FF3AE25004332670E654AF4201D1FEF73A
:101C800069F92E78D2E7019B1121DA6801F050FC46
:101C90000A2290460022802393460D32FF32984D4F
:101CA00092465B00043A9146E358A8440CE01A00BF
:101CB0008021531C49006350A654822201355200F2
:101CC000A654454500D1D8E12E78FF2BEFD15A46D6
:101CD000E2545346E2584B46FF21E3582000984710
:101CE00094225200A35801350133A3508023283A8F
:101CF0005B00FF3AE25004332670E654A84500D159
:101D0000BBE12E78D4E7019B1121DA6801F010FCC9
:101D10000022802392460D32FF327A4D91465B00BD
:101D2000043A9046E358EF1C0DE01A008021531C42
:101D300049006350A654822201355200A654AF4296
:101D400001D1FEF707F92E78FF2BEED15246E2546F
:101D50004B46E2584346FF21E3582000984794221F
:101D60005200A35801350133A3508023283A5B0069
:101D7000FF3AE25004332670E654BD4201D1FEF72B
:101D8000E9F82E78D2E7019B1121DA6801F0D0FB47
:101D900080235B00E358FF2B01D100F08EFE5A1C1C
:101DA00080256D0062512822E25482235B00E254B8
:101DB000019B11211A69200001F0BAFB6359FF2B26
:101DC00001D100F067FE591C80225200A150D73A81
:101DD000E25482235B00E254FEF7BCF8019EFFF759
:101DE0001DFB019FFFF7BBFB019B11211A6920001E
:101DF00001F09EFB444D80236A1D904600229346CD
:101E00000D32FF3292465B00043A9146E3580BE0F4
:101E10001A008021531C49006350A65482220135C8
:101E20005200A654A8451DD02E78FF2BF0D15A465B
:101E3000E2545346E2584B46FF21E35820009847AE
:101E400094225200A35801350133A3508023283A2D
:101E50005B00FF3AE25004332670E654454501D05A
:101E60002E78D6E7019B11212000DA6801F060FB93
:101E7000FEF770F8019B11212000DA6801F058FB91
:101E8000FEF768F8019B11212000DA6801F050FB91
:101E9000FEF760F8019B11212000DA6801F048FB91
:101EA000FEF758F8019B11212000DA6801F040FB91
:101EB000FEF750F8019B11212000DA6801F038FB91
:101EC000FEF748F8019B0D49DA680AA80132F7F7D6
:101ED00005FB0AA804F0F2FF80235B00E35800280A
:101EE00000D142E2002292460D32FF3291460AAD05
:101EF000043A90462F1816E0B89D0110648A01102C
:101F00004C9E01103C920110F49C01101A0080219B
:101F1000531C49006350A654822201355200A65436
:101F2000BD4200D121E22E78FF2BEFD15246E25480
:101F30004B46E2584346FF21E3582000984794223D
:101F40005200A35801350133A3508023283A5B0087
:101F5000FF3AE25004332670E654AF4201D101F05B
:101F600048F82E78D3E7019B11212000DA6801F0B0
:101F7000DFFAFDF7EFFF019B11212000DA6801F085
:101F8000D7FAFDF7E7FF019B11212000DA6801F085
:101F9000CFFAFDF7DFFF019B11212000DA6801F085
:101FA000C7FAFDF7D7FF019B11212000DA6801F085
:101FB000BFFAFDF7CFFF019B11212000DA6801F085
:101FC000B7FAFDF7C7FF019B11212000DA6801F085
:101FD000AFFAFDF7BFFF019B11212000DA6801F085
:101FE000A7FAFDF7B7FF019B11212000DA6801F085
:101FF0009FFAFDF7AFFF80235B00E358591CFF2BCE
:1020000001D100F078FE80225200A150C23AE25481
:1020100082235B00E254FDF79DFF0196FF2B01D167
:1020200000F086FD591C80225200A150A33AE254D0
:1020300082235B00E254FDF78DFF019B1121DA68DA
:10204000200001F075FA80235B00E358FF2B01D1DB
:1020500000F0ABFE591C80225200A150D73AE25446
:1020600082235B00E254FDF775FF019B11212000E4
:102070001A6901F05DFAFDF76DFF019B1121200047
:102080001A6901F055FAFDF765FF43465D682B7844
:10209000613B192B00D8C9E3019F7B1EEA5C202A13
:1020A00000D11F00002F01D1FDF754FF0022802333
:1020B00092460D32FF3291465B00043A9046E35857
:1020C000EF190DE01A008021531C49006350A654FB
:1020D000822201355200A654AF4201D1FDF73AFFEA
:1020E0002E78FF2BEED15246E2544B46E25843463F
:1020F000FF21E3582000984794225200A35801354D
:102100000133A3508023283A5B00FF3AE2500433A6
:102110002670E654BD4201D1FDF71CFF2E78D2E7B0
:10212000019B11211A69200001F002FA80235B0053
:10213000E358FF2B01D100F0B8FD591C802252005A
:10214000A150A33AE25482235B00E254FDF702FF60
:10215000019B11212000DA6801F0EAF9FDF7FAFE8F
:10216000019B11212000DA6801F0E2F9FDF7F2FE8F
:10217000019BD84910229A5E0AA8F7F7AFF90AA87E
:1021800004F09CFE002838D000228023804693462D
:102190000D32FF320AAD92465B00A844043A9146E4
:1021A0004746E3580BE01A008021531C4900635056
:1021B000A654822201355200A654AF421DD02E787B
:1021C000FF2BF0D15A46E2545346E2584B46FF21CA
:1021D000E3582000984794225200A3580135013358
:1021E000A3508023283A5B00FF3AE2500433267064
:1021F000E654AF4201D02E78D6E7019B9D7C002D9E
:1022000001D1FDF7A7FE80235B00E358FF2B00D12F
:10221000E9E1591C80225200A150E55482235B0061
:10222000E554FDF797FE019BDA68A4235B00E358B1
:10223000002B06D08820400025580AA90A95215075
:102240000B931121200001F073F9A4235B00E358E4
:10225000002B01D1FDF77EFE88230A9A5B00E25035
:10226000FDF778FE019B11212000DA6801F060F98A
:10227000FDF770FE019B11211A69200001F058F949
:1022800080235B00E358FF2B01D100F064FC591C54
:1022900080225200A150A33AE25482235B00E25410
:1022A000FDF758FE019B11212000DA6801F040F98A
:1022B000FDF750FE019B1121DA68200001F038F98A
:1022C0000022802392460D32FF32834D91465B00FF
:1022D000043A9046E358AF1D0DE01A008021531CCC
:1022E00049006350A654822201355200A654AF42E1
:1022F00001D1FDF72FFE2E78FF2BEED15246E2548E
:102300004B46E2584346FF21E35820009847942269
:102310005200A35801350133A3508023283A5B00B3
:10232000FF3AE25004332670E654BD4201D1FDF776
:1023300011FE2E78D2E711212000019A01F02AF92E
:10234000FDF72DFE0AAB9B466346C6680A935B46C3
:1023500063500199596059460023CA608B60002E72
:1023600001D0FDF711FEFDF751FEFF2B0AD0591CDD
:1023700080225200A150833AE25482235B00E2544F
:10238000FDF7E8FD0022E25486235B00E258043B9F
:10239000FF21E3582000984794225200A3580121BE
:1023A0000133A3500023E3E7019A0021D56890226E
:1023B0005200A7580991A1501131FF31605808AA65
:1023C00008906250002D04D02978592901D100F0DD
:1023D00038FE01220AA98B463E490291902149000C
:1023E0006250FF2B49D05A1C80214900625028229C
:1023F000E25482235B008846E25420002A00EF3931
:1024000001F096F89023089A5B00344DE750103B9A
:10241000E250AA1C43469046862252009246043A55
:1024200000269146E3580BE01A008021531C490016
:102430006350A754822201355200A754A8452FD0DB
:102440002F78FF2BF0D1E6545346E2584B46FF213C
:10245000E3582000984794225200A35801350133D5
:10246000A3508023283A5B00FF3AE25004332770E0
:10247000E754A84514D02F78D7E70022E2548623EA
:102480005B00E258043BE358FF2120009847942268
:102490005200A3580133A350283A0023FF3AA3E780
:1024A000019B02991A6958460132F7F717F8584606
:1024B00004F004FD80235B00E35800283CD0002298
:1024C0005D4692460D32FF329146043A90462F18EF
:1024D00012E0C046648A0110449E0110009E011063
:1024E0001A008021531C49006350A65482220135F2
:1024F0005200A654AF421FD02E78FF2BF0D1524687
:10250000E2544B46E2584346FF21E35820009847E7
:1025100094225200A35801350133A3508023283A56
:102520005B00FF3AE25004332670E654BD4201D10D
:1025300000F046FD2E78D4E7FF2B0AD0591C8022EC
:102540005200A150833AE25482235B00E254FDF72B
:1025500001FD0022E25486235B00E258043BFF2188
:10256000E3582000984794225200A35801210133D8
:10257000A3500023E3E75246A258FF2A01D100F0FE
:102580004EFD531C5146635043461121A354200075
:102590002A68A35500F0FEFFFFF77FF820005A4697
:1025A000112102F05DFA2000E749FBF761FAFDF71F
:1025B000D1FC52204042844694446046012801D90F
:1025C000FFF742F8FF68002F01D100F027FF10331A
:1025D000042D00D03FE18A2301225B00E650043342
:1025E000E250FDF7B7FC0022E25486235B00E2587C
:1025F000043BFF21E3582000984794225200A3583F
:1026000001210133A350002304E6002B00D1A7E1F0
:10261000CE4D80236A1D9046002293460D32FF3234
:1026200092465B00043A9146C3580CE01A008021A0
:10263000531C49006350A654822201355200A6540F
:10264000A84500D1ADE12E78FF2BEFD15A46E254D8
:102650005346E2584B46FF21E35820009847942206
:102660005200A35801350133A3508023283A5B0060
:10267000FF3AE25004332670E654A84500D190E1B9
:102680002E78D4E7B249FBF7F3F92A00B1490AA83A
:10269000F6F724FF0AA804F011FC80235B00E3583E
:1026A00000283FD0002292460D32FF3291460AADFB
:1026B000043A90462F180BE01A008021531C490061
:1026C0006350A654822201355200A654AF4229D04D
:1026D0002E78FF2BF0D15246E2544B46E258434647
:1026E000FF21E3582000984794225200A358013557
:1026F0000133A3508023283A5B00FF3AE2500433B1
:102700002670E654BD4201D100F08EFD2E78D4E74C
:102710000027FDF70FFD562D01D0FDF7A2FC3A254D
:10272000FDF790FCFF2B01D100F081FD8022591CA8
:102730005200A150833AE25482235B00E254FDF739
:1027400009FCFB681E6833781A00613A612B05D1D9
:1027500071780A00643A642900D1B2782978002A95
:1027600003D1032901D100F0F3FD3A2901D100F092
:1027700012FE732B15D172785A2A01D000F069FD30
:10278000B278002A01D000F064FD29002000FBF798
:1027900043F9FBF785F801002000FBF7DFF9FDF7AF
:1027A000D9FB3A001121200001F0C8FE3378672BD5
:1027B0000CD17278732A09D1B278002A06D12A0086
:1027C0001121200000F0B4FEFDF7C4FB732B34D1BF
:1027D0007278742A31D1B278002A2ED120002821B3
:1027E000FBF7D8F820002A00112100F0A1FE2921D2
:1027F0002000FBF7CFF8FDF7ADFBEC33E2580AAB56
:102800009B468A235B00E1580A915946E150002318
:1028100048608B60C668CA600190FDF7B5FB112166
:102820002000019A00F0B6FEFDF769FC202120008F
:10283000FBF7B0F843465D682EE46E2B01D0FDF740
:1028400004FD7378782B01D0FDF7FFFCB378002BE3
:10285000C4D0FDF7FAFC32002900FEF7DCFE282187
:10286000FBF798F820001121FA6800F061FE292199
:102870002000FBF78FF8FDF7E8FC374B9200D558A6
:10288000280004F01BFB002801D1FEF7B6F9002256
:10289000802393460D32FF3292465B00043A914604
:1028A000E3582F180DE01A008021531C4900635093
:1028B000A654822201355200A654AF4201D1FEF740
:1028C0009CF92E78FF2BEED15A46E2545346E2583B
:1028D0004B46FF21E3582000984794225200A3580A
:1028E00001350133A3508023283A5B00FF3AE250C0
:1028F00004332670E654AF4201D1FEF77EF92E78FC
:10290000D2E7072F01D0FDF715FC019B1B69197851
:10291000002901D0FDF70EFC1969012901D0FDF74E
:1029200009FC3E2D01D0FDF705FCDB681B78302B40
:1029300001D100F0E9FD312B01D0FDF7FBFB074988
:10294000FBF796F8FDF706FB3C920110BC9B0110CB
:10295000B09D0110648A011090B501108C93011094
:102960000199FBF739F8002801D1FDF7EFFA037858
:10297000302B09D1F433E158002905DBFAF7A0FF29
:10298000002801D1FDF7E2FA88256D0066590200A2
:10299000336811212000635100F0CAFD6651FDF734
:1029A000D9FA019BEF49DA680AA80132F6F796FDD9
:1029B0000AA804F083FA002801D1FDF7CBFA00221F
:1029C000802392460D32FF3291465B000AAD043AF5
:1029D0009046E3582F180DE01A008021531C49003F
:1029E0006350A654822201355200A654AF4201D151
:1029F000FDF7B0FA2E78FF2BEED15246E2544B464B
:102A0000E2584346FF21E3582000984794225200A1
:102A1000A35801350133A3508023283A5B00FF3AC5
:102A2000E25004332670E654AF4201D1FDF792FA2A
:102A30002E78D2E7019B11212000DA6800F078FDA2
:102A4000FDF788FA0027862367545B00E258043BB1
:102A5000E3582000984794225200A358675101334D
:102A6000A350FDF718FB002901D0FDF73EFFFDF74D
:102A700071FA103BE3589C4688235B00E258302DE6
:102A800001D0FDF7ADFB0AAB9B4663460A938A2350
:102A90005B00BAE60022E25486235B00E258043B66
:102AA000FF21E3582000984794225200A3580121A7
:102AB0000133A3500023FFF787F90022E254862355
:102AC0005B00E258043BE358FF2120009847942222
:102AD0005200A3580133A350283A0023FF3AFFF7CE
:102AE0005FF90022E25486235B00E258043BFF2199
:102AF000E3582000984794225200A3580121013343
:102B0000A3500023FDF7EDFB0022E25486235B0077
:102B1000E258043BE358FF212000984794225200DA
:102B2000A3580133A350283A0023FF3AFDF7C6FB10
:102B3000019AFF21E25486235B00E258043BE358EC
:102B40002000984794225200A35801210133A3503A
:102B50000023FFF768FA0022E25486235B00E25864
:102B6000043BFF21E3582000984794225200A358C9
:102B700001210133A3500023FFF78AFB20007A498B
:102B8000FAF776FF3A69774901320AA8F6F7A6FC08
:102B90000AA804F093F900283BD00022804693460F
:102BA0000D32FF320AADA84480239246043A914682
:102BB00042465B00B846E35817000BE01A0080213C
:102BC000531C49006350A654822201355200A6547A
:102BD000AF421DD02E78FF2BF0D15A46E254534617
:102BE000E2584B46FF21E3582000984794225200B8
:102BF000A35801350133A3508023283A5B00FF3AE4
:102C0000E25004332670E654AF4201D02E78D6E766
:102C1000474620005549FAF72BFFFF68FDF7FFFAFA
:102C20000022E25486235B00E258043BFF21E35874
:102C30002000984794225200A35801210133A35049
:102C40000023FEF76DFB20212000FAF7A3FEFEF71C
:102C50005FFB0022E25486235B00E258043BFF2125
:102C6000E3582000984794225200A35801210133D1
:102C7000A3500023FEF739FB20212000FAF78AFE3B
:102C8000FEF72BFB0022C25486235B00C258043B94
:102C9000C358FF21984794225200A3580133A350F0
:102CA000283A0023FF3AFEF74AFC0022E25486232A
:102CB0005B00E258043BFF21E35820009847942230
:102CC0005200A35801210133A3500023FFF736FA25
:102CD0000022E25486235B00E258043BFF21E358C4
:102CE0002000984794225200A35801210133A35099
:102CF0000023FDF7BDFA0022E25486235B00E25870
:102D0000043BFF21E3582000984794225200A35827
:102D100001210133A3500023FFF775F90022C254AB
:102D200086235B00C258043BFF21C3589847942276
:102D30005200A35801210133A3500023FEF707FBE3
:102D40000022C25486235B00C258043BFF21C358B3
:102D5000984794225200A35801210133A350002325
:102D6000FEF77BFE648A0110A89B0110B89B01103E
:102D7000019A9021D5684A464846490067586250F2
:102D8000099088204000265808AA08962250002D55
:102D900003D02878592800D153E10AAA9346D74A8C
:102DA000635002920123FFF71EFB0022E2548623A8
:102DB0005B00E258043BFF21E3582000984794222F
:102DC0005200A35801210133A3500023FFF743F918
:102DD0000022C25486235B00C258043BC358FF2123
:102DE000984794225200A3580133A350283A002355
:102DF000FF3AFEF708FB8C23029C5B000132E25095
:102E0000FDF7A8F83F693B78492B00D153E209014F
:102E10005944A0460C003A784F2A0BD013004F2A91
:102E200005D81C3B052B05D94446FEF714FC523B44
:102E3000012BF9D8042D14D02600103410223100B3
:102E40002000F4F7F1FE8A2342465B00D4500023B1
:102E5000B3604B467760FF683661F3600135002F41
:102E6000D9D144468C2301225B00E250FDF772F871
:102E700020005B21FAF78EFD019B200011211A69C9
:102E800000F056FB5D212000FAF784FDFDF762F8A3
:102E90000022E25486235B00E258043BFF21E35802
:102EA0002000984794225200A35801210133A350D7
:102EB0000023FDF759F90022E25486235B00E25813
:102EC000043BFF21E3582000984794225200A35866
:102ED00001210133A350019BDA680023FDF732F989
:102EE0002D212000FAF756FDFDF74CF93033FF3362
:102EF000E058002800DCA4E2043BE158002304E091
:102F000001330831834200D19BE20A689642F7D12F
:102F100096235B00E058031E00D1D1E1019F03E03E
:102F20005B68002B00D1CBE11A68B24203D0BA42F1
:102F3000F6D19842F4D031002000FAF74DFD002878
:102F400001D1FDF703F803784746302B01D0FDF798
:102F500034F9F433E158002900DA8AE5FAF7B0FCD5
:102F6000002801D1FCF7ECFF0378FDF726F91B7868
:102F700019007239012904D9633B012B01D9FDF7EE
:102F8000A6FF2000112101F0D9FA20003C21FAF718
:102F900001FD019D20002B691121DA6800F0C8FABB
:102FA00020005749FAF764FD2B69200011211A69A6
:102FB00000F0BEFA29212000FAF7ECFCFCF7CAFF6A
:102FC0000123FFF7BBFA4A460892882208AB520059
:102FD000A3503B6909971A785E2A01D0FEF73FFBA0
:102FE000DA6801993A610A69DA601A000B61FEF742
:102FF00038FB0123FFF7BBF90022E25486235B0074
:10300000E258043BFF21E3582000984794225200E5
:10301000A35801210133A3500023FDF71BF8A3544B
:1030200086235B00E258043BE358FF2120009847C9
:1030300094225200A3580133A35001230022FFF72A
:10304000A1FA3C2120005560FAF7A4FCEB689A46EF
:103050000AAB9B46294B02935346002B00D186E0D6
:10306000284B0695059380235B0099465B4607979E
:1030700003939021490063585A1C6250002B00D0E2
:10308000BBE052461121200000F052FA4B46E358B3
:10309000FF2B00D1B6E05E1C4A46A6502022E25427
:1030A00082235B00E25453461B785D2B03D15346C9
:1030B000DB689A461B7890225200A2585A3B013A8C
:1030C0000492022B60D98C2301225B00E250039D05
:1030D000049A28000299F6F701FA280003F0EEFEA0
:1030E00000283BD0039A4B46150017180022934640
:1030F0000D32FF329046E35811E0C046648A011059
:103100005C9D0110A09B01101A004946531C63509E
:10311000A654822201355200A654BD421ED02E78FC
:10312000FF2BF1D15A46E2544346E25884235B0018
:10313000E358FF212000984794225200A3580135FC
:103140000133A35001234A46A3500433FF332670B2
:10315000E654AF4202D001222E78D6E753461B69CF
:103160009A46002B85D1039B069D9B46079F3E21D7
:103170002000FAF70FFC90235B00E258203B2D69FA
:10318000E3580132FFF72AF9E24A9B009D582800D4
:1031900003F094FE2B189846002898D000239B46F5
:1031A0000AE033004A465E1CA650E75482230135EC
:1031B0005B00E754A8458AD02F78FF2EF1D15B46FB
:1031C000A35586235B00E258043BE358FF2120000F
:1031D000984794225200A35801350133A35001238C
:1031E0004A46A3500433FF332770E754A84500D163
:1031F0006DE7043B2F78FF3BD4E720000599FAF7F1
:1032000037FC3EE70022E25486235B00E258043B91
:10321000E358FF212000984794225200A35801262A
:103220000133A350002337E70123FFF77FFA00257E
:103230008622E55452000933E358A258FF212000AA
:10324000984794225200A3580133A3502B00FFF754
:103250006DFA732B01D0FFF7A4FA7378502B01D0CD
:10326000FFF79FFA0022B378934201D0FFF799FA53
:10327000160003E001362D69002D32D02B78302B5B
:103280002FD1EB68002B2CD01A784D2AF2D1D968B7
:103290002000FAF7C1FB0023984207D109E0C26879
:1032A000002A06D000690133002802D00278302AB3
:1032B000F5D0F618DFE7FF68002F00D0A7E5D1E5CD
:1032C00088235B00E258200091464A683100E250B2
:1032D000FAF782FB002801D1FCF734FE012398465F
:1032E00031E631002000FAF739FCFCF733FE3F2DC0
:1032F00000D105E1019B023F112120001A69FFB2B4
:1033000000F016F9042F01D9FCF724FE824BBF0010
:10331000DB599F4620008149FAF7AAFBFCF71AFE09
:1033200020007F49FAF7A4FBFCF714FE6C21200073
:10333000FAF730FBFCF70EFE75212000FAF72AFBA6
:10334000FCF708FE20007749FAF792FBFCF702FE33
:10335000EA681178012901D0FFF70BFA2969097889
:103360002A2901D0FFF705FA1500FFF702FADA68FB
:103370009168012901D0FDF7C3FD526812783E2AF9
:1033800001D0FDF7BDFD20002731FAF703FB019BBB
:10339000DB68FDF7B5FD2000EA68293901F060FB24
:1033A0003A001121200001F0C9F8FCF7D3FD019B80
:1033B00011211A6900F0BCF843465246A3505B46FF
:1033C0009B68002B01D1FEF70BFBFCF7C3FD0AAB9A
:1033D0009B46835088230A910C9159465B00019AC1
:1033E000C3580B92D668CB60FCF7CEFD20005B2162
:1033F000FAF7D0FA019B20001B6911211A6900F02D
:1034000097F85D212000FAF7C5FAFDF7A9FD2A001B
:103410001121200001F092F8FDF79BFD8A22520055
:10342000A3501FE513691B782A2B03D08C2301219D
:103430005B00E15011212000D26801F011FBFDF783
:1034400074FD9C235B00E358984228DA98235B00C4
:10345000E358C2009B189A2188224900013052008B
:103460006050A15840C300293FD03432A258924640
:10347000A02252009446A2580FE0D00083469E201E
:103480006746400020580132E2514F685844476077
:10349000186009680300002927D09245EDDC8C23D1
:1034A00001225B00E250FCF755FD20001E49FAF7AF
:1034B000DFFAF368002B08D011212000320001F060
:1034C000CFFA20212000FAF765FA3A0011212000F6
:1034D00000F02EF8002D01D1FCF73CFD2A0011214F
:1034E000200001F0BDFAFCF735FD0022310020007C
:1034F0001A60FAF771FA002800D024E5FCF726FDDF
:103500002D21FAF747FAF5E60849FAF7B1FAFCF780
:1035100021FDC04690B5011038B401107C9D01100A
:10352000789D0110809D0110709D0110849D0110F7
:10353000F0B5C64600B50500140082B0002A21D0BF
:103540005368012B1EDC8E26802176008259C9002B
:103550008A4217DC962701330132636082516A4642
:103560007F00C3591121C251220001930094FCF73E
:10357000CFFC019BEB516368013B6360AB59013B9E
:10358000AB5103E08C2301225B00EA5002B080BC07
:10359000B846F0BDF8B54546DE4657464E46137868
:1035A000E0B5033BDBB204001500502B1DD8CC4A1C
:1035B0009B00D3589F4611212000EA68FFF7B8FF0F
:1035C00080235B00E358FF2B00D114E3591C8022B9
:1035D0005200A150D73AE25482235B00E254F0BC7F
:1035E000BB46B246A946A046F8BD2A0011212000DC
:1035F000FFF79EFFF3E70022BA4D80232F0092468B
:103600000D32FF3291465B00043A9046C3580937A9
:103610000BE01A008021531C49006350A6548222FB
:1036200001355200A654AF42D9D02E78FF2BF0D1ED
:103630005246E2544B46E2584346FF21E3582000ED
:10364000984794225200A35801350133A350802398
:10365000283A5B00FF3AE25004332670E654BD423C
:10366000BDD02E78D6E700229F4D80232F009246B2
:103670000D32FF3291465B00043A9046C358093739
:103680000BE01A008021531C49006350A65482228B
:1036900001355200A654AF42A1D02E78FF2BF0D1B5
:1036A0005246E2544B46E2584346FF21E35820007D
:1036B000984794225200A35801350133A350802328
:1036C000283A5B00FF3AE25004332670E654AF42DA
:1036D00000D184E72E78D5E70022802392460D3270
:1036E000FF32824D91465B00043A9046C358AF1DAD
:1036F0000CE01A008021531C49006350A65482221A
:1037000001355200A654AF4200D168E72E78FF2B56
:10371000EFD15246E2544B46E2584346FF21E3586C
:103720002000984794225200A35801350133A3503A
:103730008023283A5B00FF3AE25004332670E654B7
:10374000AF4200D14BE72E78D4E780235B00C3580B
:10375000FF2B00D171E2591C80225200A150DA3AAD
:10376000E25482235B00E25439E7614E8023B21DAC
:103770009046002293460D32FF3292465B00043A97
:103780009146C3580CE01A008021531C4900635035
:10379000A754822201365200A754B04500D113E24B
:1037A0003778FF2BEFD15A46E2545346E2584B4646
:1037B000FF21E3582000984794225200A358013675
:1037C0000133A3508023283A5B00FF3AE2500433D0
:1037D0002770E754464500D1A3E23778D4E7802329
:1037E0005B00C258FF2A00D18AE2531C80214900A5
:1037F0006350E039A15482225200A1542CE080236E
:103800005B00C358FF2B00D15FE2591C802252009D
:10381000A150E03AE25482235B00E25411212000DF
:103820002A69FFF785FEDAE680235B00C358FF2B89
:1038300000D139E2591C80225200A150D63AE254FC
:1038400082235B00E254CAE61121EA68FFF770FEAA
:10385000C5E680235B00C358002292460D32FF323A
:10386000244D9146043A9046AF1C0CE01A0080218A
:10387000531C49006350A654822201355200A654BD
:10388000AF4200D1ABE62E78FF2BEFD15246E25487
:103890004B46E2584346FF21E358200098479422C4
:1038A0005200A35801350133A3508023283A5B000E
:1038B000FF3AE25004332670E654AF4200D18EE660
:1038C0002E78D4E700220C4D80232F0092460D3233
:1038D000FF3291465B00043A9046C35809371AE01C
:1038E0004CB40110589E0110649E0110709E01108E
:1038F000989E0110A09E0110A49E01101A00802124
:10390000531C49006350A654822201355200A6542C
:10391000AF4200D163E62E78FF2BEFD15246E2543E
:103920004B46E2584346FF21E35820009847942233
:103930005200A35801350133A3508023283A5B007D
:10394000FF3AE25004332670E654AF4200D146E617
:103950002E78D4E70022E54D80232F0092460D32C9
:10396000FF3291465B00043A9046C3580B370CE097
:103970001A008021531C49006350A654822201354D
:103980005200A654BD4200D129E62E78FF2BEFD17C
:103990005246E2544B46E2584346FF21E35820008A
:1039A000984794225200A35801350133A350802335
:1039B000283A5B00FF3AE25004332670E654BD42D9
:1039C00000D10CE62E78D4E782235B00C35C282B61
:1039D00000D022E1EA6811212000FFF7A9FD0022B2
:1039E000802392460D32FF32C14D91465B00043A6E
:1039F0009046E358EF1C0CE01A008021531C49004C
:103A00006350A654822201355200A654AF4200D121
:103A1000E5E52E78FF2BEFD15246E2544B46E258B3
:103A20004346FF21E3582000984794225200A358B0
:103A300001350133A3508023283A5B00FF3AE2505E
:103A400004332670E654AF4200D1C8E52E78D4E79F
:103A50000A2290460022802393460D32FF32A54E63
:103A600092465B00043A9146C358B0440CE01A00F9
:103A70008021531C49006350A75482220136520012
:103A8000A754B04500D196E53778FF2BEFD15A46C1
:103A9000E2545346E2584B46FF21E3582000984732
:103AA00094225200A35801360133A3508023283AB0
:103AB0005B00FF3AE25004332770E754B04500D171
:103AC00079E53778D4E700228B4D80232F0092468A
:103AD0000D32FF3291465B00043A9046C3581137CD
:103AE0000CE01A008021531C49006350A654822226
:103AF00001355200A654BD4200D170E52E78FF2B4F
:103B0000EFD15246E2544B46E2584346FF21E35878
:103B10002000984794225200A35801350133A35046
:103B20008023283A5B00FF3AE25004332670E654C3
:103B3000AF4200D153E52E78D4E709229046002207
:103B4000802393460D32FF326C4E92465B00043A5E
:103B50009146C358B0440BE01A008021531C490021
:103B60006350A754822201365200A75446452BD0F9
:103B70003778FF2BF0D15A46E2545346E2584B4671
:103B8000FF21E3582000984794225200A3580136A1
:103B90000133A3508023283A5B00FF3AE2500433FC
:103BA0002770E754464500D1BBE03778D5E7802140
:103BB00049004258FF2A65D0531C4350E0398154D4
:103BC000822252008154C3E52A69002A00D106E509
:103BD000FF2B44D0591C80256D0061512821E154F0
:103BE00082235B00E15420001739FFF7A1FC6359E1
:103BF000FF2B00D0EAE40022E25486235B00E25867
:103C0000043BFF21E3582000984794225200A35818
:103C100001210133A3500023D9E480235B00C35862
:103C2000FF2B00D183E0591C80225200A150E03AC2
:103C3000E25482235B00E254CCE60022E254862365
:103C40005B00E258043BFF21E35820009847942290
:103C50005200A35801210133A35000237CE5002228
:103C6000E25486235B00E258043BFF21E358200026
:103C7000984794225200A35801210133A3500023F6
:103C80002A69A8E7002383540D33FF33C258043B4D
:103C9000C358FF21984794225200A3580133A350E0
:103CA000202323701F3B56E50022C25486235B006D
:103CB000C258043BFF21C358984794225200A3588E
:103CC00001210133A3500023B5E50022C25486230D
:103CD0005B00C258043BFF21C3589847942252000E
:103CE000A35801210133A35000238FE5B09E01109A
:103CF000BC9E0110C09E0110789E01108C9E011088
:103D0000002383540D33FF33C258043BC358FF21B3
:103D1000984794225200A3580133A3500123002254
:103D200064E52A690123002A00D053E757E4002202
:103D3000C25486235B00C258043BFF21C3589847F6
:103D400094225200A35801210133A35000236BE7B2
:103D5000F8B557464546DE464E460400E0B5904667
:103D60001F1E00D141E11A00A14B00269C46E02312
:103D70005B01012099469368002B16D153681B788C
:103D8000193BDBB2132B0DD8050061469D400D4257
:103D900000D072E049460D4200D0CCE0083B5D42C5
:103DA0006B411E431268002AE5D18A235B00E2586A
:103DB0001121924600222000E25000233A0000F038
:103DC0001BF980235B00E258FF2A44D0531C80215A
:103DD00049006350D839A15482225200A154002EC8
:103DE00000D076E043461A69002A03D01121200052
:103DF000FFF79EFB80235B00E358FF2B19D0591C73
:103E000080225200A150D73AE25482235B00E25450
:103E1000043B3A0011212000FF3B00F0EDF88A231B
:103E200052465B00E250F0BCBB46B246A946A046F3
:103E3000F8BD0022E25486235B00E258043BFF21D8
:103E4000E3582000984794225200A35801210133DF
:103E5000A3500023D4E70023A3540D33FF33E258CB
:103E6000043BE358FF212000984794225200A358B6
:103E70000133A35001230022A9E782235B00E25C07
:103E8000802149006358202A62D1FF2B6CD05A1C34
:103E900080214900625028228225E2548A236D0045
:103EA00062555B00E2588946924600222000E250AB
:103EB000934600233A00EF3900F09EF84B46E35852
:103EC000FF2B6BD049465A1C6250D739E1546155DB
:103ED0007AE7484D6A1D9146002293460CE01A008D
:103EE0008021531C49006350A654822201355200A0
:103EF000A654A94500D175E72E78FF2BEFD15A467D
:103F0000E25486235B00E258043BE358FF21200083
:103F1000984794225200A35801350133A3508023BF
:103F2000283A5B00FF3AE25004332670E654A94574
:103F30002DD02E78D4E782235B00E25C033B110096
:103F4000FF3B994328299BD180235B00E3589CE7E2
:103F5000FF2B37D05A1C6250E039E15482235B00BA
:103F6000E1541300FF2B92D10022E25486235B0020
:103F7000E258043BE358FF21200098479422520066
:103F8000A3580133A350283A0023FF3A80E7434661
:103F90001A69002A00D029E7012330E75A46E25483
:103FA00086235B00E258043BE358FF21200098473A
:103FB00094225200A3580133A3502923283A237096
:103FC000FF3A03E70022E25486235B00E258043BF9
:103FD000E358FF212000984794225200A358013350
:103FE000A350202323701F3B51E70026DDE6C04687
:103FF00007620800CC9E0110F0B54E464546DE46ED
:104000005746E0B51400050099468BB0002A46D00B
:1040100088238C275B009846103BFF3B9A464E4610
:104020007F001BE019001C39052914D95146A160F5
:104030004146404669588946E16829502A2B26D0D6
:104040002B2B33D0022B3AD011212800FFF7A2FAF4
:1040500043464A46EA502468002C20D0EB59002BF6
:104060001DD1A368002BF6D162681378002EDDD134
:104070004F2BF0D0D6D9523B012BECD90123A360B2
:104080001033FF33E9588946E168E950DCE72368DB
:1040900011212800FFF75CFE4E464346EE500BB060
:1040A000F0BCBB46B246A946A046F0BD236811212C
:1040B000280000F02FF94E464346EE50EFE78A27DE
:1040C0007F00EB59D268984600231121EB5128005C
:1040D000FFF72EFA4346EB518A4F8023BA1C9046D5
:1040E00000224E4692460D32FF3291465B00043A62
:1040F0009346EB5801960BE01A008021531C4900AF
:104100006B50AE54822201375200AE5447451DD049
:104110003E78FF2BF0D15246EA544B46EA585B46B4
:10412000FF21EB582800984794225200AB580137E2
:104130000133AB508023283A5B00FF3AEA50043346
:104140002E70EE54B8451CD03E78D6E7019E6268CA
:1041500017693A78492A17D04F2A0FD00BD81C3A42
:10416000052A0BD93A0011212800FFF7E1F988232D
:104170005B00EE5093E7523A012AF3D8FF683A7891
:10418000EAE70123019EE2E73C3A9046002292468C
:104190000D32FF325C4C9146043A9346A04401969E
:1041A0000BE01A008021531C49006B50AE54822250
:1041B00001345200AE54A0451DD02678FF2BF0D11B
:1041C0005246EA544B46EA585B46FF21EB5828001A
:1041D000984794225200AB5801340133AB508023EE
:1041E000283A5B00FF3AEA5004332E70EE544445FF
:1041F00001D02678D6E73A694449013203A8019EE6
:10420000F5F76CF903A802F059FE80235B00EB5828
:1042100000283AD00022804692460D32FF3203AC8D
:10422000A0449146043A934642460196B846170088
:104230000BE01A008021531C49006B50AE548222BF
:1042400001345200AE54BC421DD02678FF2BF0D171
:104250005246EA544B46EA585B46FF21EB58280089
:10426000984794225200AB5801340133AB5080235D
:10427000283A5B00FF3AEA5004332E70EE54A7420E
:104280003BD02678D6E74746019E214C0196E21C9A
:104290009046002292460D32FF329146043A9346F0
:1042A0000BE01A008021531C49006B50AE5482224F
:1042B00001345200AE5444451DD02678FF2BF0D176
:1042C0005246EA544B46EA585B46FF21EB58280019
:1042D000984794225200AB5801340133AB508023ED
:1042E000283A5B00FF3AEA5004332E70EE54A045A2
:1042F00001D02678D6E7019E40E747460123019E7C
:10430000C3E7C046A49B0110A89B0110648A01105A
:10431000B89B0110F0B55746DE464E464546E0B51F
:104320000400170019001A0083B0002B0AD08B6814
:10433000002B4ED009680029F9D10023112120005B
:10434000FFF75AFE80235B00E358FF2B6DD08021DE
:104350005A1C49006250E039E15482235B00E15469
:10436000FF2A44D08021531C49006350A539A15431
:1043700082225200A154FA68002A06D0112120009E
:10438000FFF7D6F880235B00E358FF2B0FD0591CB2
:1043900080225200A150A33AE25482235B00E254EF
:1043A00003B0F0BCBB46B246A946A046F0BD002211
:1043B000E25486235B00E258043BFF21E3582000CF
:1043C000984794225200A35801210133A35000239F
:1043D000DEE74B681B782B2B48D1002311212000EE
:1043E000FFF70AFE80235B00E258FF2ABAD10023C0
:1043F000A3540D33FF33E258043BE358FF21200060
:10440000984794225200A3580133A3508023283A9E
:104410005B00FF3AE2500432A53BFF322370A35405
:10442000FA68002AAAD10123B1E70022E2548623C8
:104430005B00E258043BE358FF2120009847942298
:104440005200A3580133A3508023273A5B00FF3A60
:10445000E250374B5932238082235B00E254FA68E2
:10446000002A00D08AE7033BFF3B90E7314D8023D1
:10447000A91C884600218B460D31FF318A465B001E
:104480000439019789461700E3580BE01A00802190
:10449000531C49006350A654822201355200A65491
:1044A00045451DD02E78FF2BF0D15A46E254534695
:1044B000E2584B46FF21E3582000984794225200CF
:1044C000A35801350133A3508023283A5B00FF3AFB
:1044D000E25004332670E654A84501D02E78D6E782
:1044E0003A00112100232000019FFFF785FD802164
:1044F00049006258FF2A07D0531C63502921A15458
:1045000082225200A15420E70023A3540D33FF332D
:10451000E258043BE358FF212000984794225200C0
:10452000A3580133A350044B273A2380FF3A19E7DD
:10453000205B0000A49D011029200000F0B5D646A4
:104540004F46464613780400C0B5332B07D01121DF
:10455000FEF7EEFFE0BCBA46B146A846F0BDD36810
:104560009F685D68002FF5D00022802392460D32AF
:10457000FF3291465B00043A9046C358EF190BE0B6
:104580001A008021531C49006350A6548222013531
:104590005200A654BD42DDD02E78FF2BF0D15246FA
:1045A000E2544B46E2584346FF21E3582000984727
:1045B00094225200A35801350133A3508023283A96
:1045C0005B00FF3AE25004332670E654AF42C1D09C
:1045D0002E78D6E7F0B557464546DE464E46E0B55E
:1045E0000378EBB080468A46140000AF5F2B00D101
:1045F00052E1454608222800AE4902F02DFB002872
:1046000000D1CDE0002200237A611822BD18173AAC
:10461000AA635A42534146333B617B69BC60023B0B
:10462000DEB25346B246FB6046463EE05346012B9F
:1046300000D99FE00B239B46B3445B46EB60F37AC3
:104640005F2B03D1337B5A2B00D19AE0584602F0FE
:1046500035FC002C00D110E14246002353609360EA
:1046600001226A61002800D107E1424613704346E7
:104670005A461861DA600023424639692800F8F783
:10468000BDFF8046584602F019FC5844E8600378A4
:10469000002B03D14246002A00D00DE1AB6B013361
:1046A00000D0F6E00023AB63CD46300002F006FCFC
:1046B00033186B601123AB6000236B612B62AB621C
:1046C000EB622B636B63EB63802344002E60EE6030
:1046D000AC6168621B019C4200D9D1E06A4683004C
:1046E0001818C000121AE9469546E8460733DB0859
:1046F000DB00D31A9D4643462B616B46EB617B6919
:10470000012B93D133785F2BC8D1731CEB60737886
:104710005A2BC3D1B31CEB60B378472B02D0542B78
:1047200000D098E02800FBF721F98046EA68A968E4
:104730001378C907ACD500218B462E2BA8D11100C8
:1047400042467E604B7818006138192805D95F2BE6
:1047500003D0303B092B00D9A6E08C1C237818002D
:104760006138192804D93130092801D95F2B38D193
:104770000134F3E72800F9F7ABFBEB6880461B78C0
:1047800086E733000D33EB60737B472B01D0542B4E
:104790001ED12800FBF7EAF8EB6880469B466AE7E3
:1047A0002B7A2E2B04D05F2B02D0242B00D029E7AC
:1047B00043465B7A442B00D148E1492B00D021E7E6
:1047C00043469B7A5F3B5A4253415A007A611CE749
:1047D00000212800FBF738F8EB6880469B464AE743
:1047E00004002E2B12D16378303B092B0ED8A3780E
:1047F000A01C1C00303C092CF2D804006378013462
:10480000180030380928F9D92E2BECD0631A9C46B1
:104810006869AB69EC60984223DA83001B189B003F
:1048200098465E462B69013043445E609E60686135
:104830006046002815DDD96061465E6019619E60A2
:104840001E7050212800F8F7D9FE237802002E2B85
:1048500010D1210076E701212800FAF7F5FF804604
:1048600064E7002350212800F8F7C8FE23780200EF
:104870002E2BEED080467E680AE700239846FAE6A3
:104880000020BD466BB0F0BCBB46B246A946A04670
:10489000F0BD0020CD46F4E743785A2B00D0A8E6BF
:1048A000012200237A61B0E6EB6890467E681B78AF
:1048B000EEE6C046349B01109B46FB6818229A46E0
:1048C000A0235B009B185A46DB191A60182140226E
:1048D0008223584651185B00C919C8541821511831
:1048E0000C33C919C850182151180433C919C850BC
:1048F000182151181033C919C85018215118043300
:10490000C919C850182150465118C919BC68203B14
:10491000C8500433CC508E2410000A0059460C3382
:104920006400D15011511822902382185B00D219D3
:10493000D150182282180C33D219D1501822821863
:104940000833D219D150182282180433D219D15009
:10495000C02118250022002349004919C9190A60FD
:104960004B601823C31805004146D819F8F732FFE9
:1049700018228023AA18D21912591B019A4205DA6B
:10498000182240239B185A46DB191A51402018223E
:104990009C23A221182582185B00D219D258213BF2
:1049A000FF3BC3184900DB195B580400534340190F
:1049B000C019435000206419E419043160506C465A
:1049C000002A00DC01226946D2008A1A9546002B93
:1049D00000DC01236946DB004025CB1A18219D46E7
:1049E00098236918C9195B00CA500A0069460C333C
:1049F000D150253BFF3BEB18D81942461121FEF759
:104A000097FD18228023AA185B00D219D1581822CA
:104A10000023AA18D219A5465354182218200D3382
:104A2000AA18FF33D2192818D258C019043BC3580A
:104A300018202818C019984718228C23AA185B0040
:104A4000D219D058CD46434258411AE743469B7A83
:104A50005F2B00D0D6E5032200237A61D5E5C0465E
:104A6000F0B5CE46474680B513780400150083B0F4
:104A7000012B03D9322B01D0062B41D16B68012BBE
:104A800035DC8E2280215200A2580127C9008A42BB
:104A90002DDC01336B6096238E265B009846E3582D
:104AA00076000132A25101936A4643461121E25039
:104AB00020002A000095FBF72BFA4246019BA350E9
:104AC0006B68013B6B60A359013BA351002F12D1CE
:104AD00080235B00E158FF292DD04A1C80235B0016
:104AE000E2508222D73B52006354A35403E08C234C
:104AF00001225B00E25003B0C0BCB946B046F0BD35
:104B0000802676008359FF2B28D02822591C8151FA
:104B1000C25482235B00C2546B68012B06DC8E22D8
:104B2000520082588020C00082423ADD8C2301224C
:104B30005B00E250CFE7002363540D33FF33E258AC
:104B4000043BFF21E3582000984794225200A358C9
:104B500000210133A350283AFF3ABFE70022C25494
:104B600086235B00C258043BFF21C3589847942218
:104B70005200A35801210133A3502823243AA15104
:104B80002370A3546B68012B06DC8E228020520018
:104B9000A258C000824204DD8C235B00E150012159
:104BA0009BE7002775E7C046F0B5DE4657464E4600
:104BB0004546D368E0B5DB6804001B68002019781F
:104BC00083B0662900D084E01269D16817698946EC
:104BD00000213A788A463D2A00D1D2E09222012172
:104BE00052004942A658A1505B786C2B00D1CCE012
:104BF00000D975E04C2B01D0522B66D180235B008D
:104C0000E358FF2B00D126E15A1C80256D0062512C
:104C10002822E25482235B00E25411213A00200052
:104C2000FFF71EFF4A4611212000FFF787FC63595A
:104C3000924DEA1C9046002293460CE01A00802117
:104C4000531C49006350A754822201355200A754D7
:104C5000A84500D1D3E02F78FF2BEFD15A46E2547C
:104C600086235B00E258043BE358FF21200098476D
:104C700094225200A35801350133A3508023283ACF
:104C80005B00FF3AE25004332770E754A84500D197
:104C9000B5E02F78D3E7019F4A4611212000FFF7A6
:104CA0004DFC3A0011212000FFF7DAFE80235B0063
:104CB000E358FF2B00D1A9E0591C80225200A150DB
:104CC000D73AE25482235B00E254922301205B0036
:104CD000E65003B0F0BCBB46B246A946A046F0BDC4
:104CE000722BF2D180235B00E358FF2B00D19FE0B1
:104CF0005A1C80256D0062512822E25482235B00F9
:104D0000E25411213A002000FFF7AAFE4A46112181
:104D10002000FFF713FC6359594D2A1D90460022CD
:104D200093460D32FF329246043A91460BE01A0048
:104D30008021531C49006350A75482220135520040
:104D4000A754A845C1D02F78FF2BF0D15A46E25482
:104D50005346E2584B46FF21E358200098479422DF
:104D60005200A35801350133A3508023283A5B0039
:104D7000FF3AE25004332770E754A845A5D02F78B6
:104D8000D6E73A69FF68924628E73E4D80232A1D00
:104D90009046002292460D325B00FF329346E35864
:104DA00001970CE01A008021531C49006350A7545E
:104DB000822201355200A754454500D16BE72F7878
:104DC000FF2BEFD15246E2545B46E25884235B004E
:104DD000E358FF212000984794225200A358013540
:104DE0000133A3508023283A5B00FF3AE25004339A
:104DF0002770E754454500D14DE72F78D3E74A4661
:104E000011212000FFF79AFB52464BE70022E254A3
:104E100086235B00E258043BFF21E35820009847BB
:104E200094225200A35801210133A350002344E7E8
:104E30000022E25486235B00E258043BE358FF2142
:104E40002000984794225200A3580133A350283AD7
:104E50000023FF3A4DE70022E25486235B00E2582C
:104E6000043BE358FF212000984794225200A358A6
:104E70000133A350283A0023FF3AC6E63C920110C2
:104E8000DC9E0110D49E0110F0B5DE4657464E461A
:104E900045460221E0B51378040083B000208B431F
:104EA000392B06D003B0F0BCBB46B246A946A0469B
:104EB000F0BDD368DB681E683378642BF2D1737859
:104EC000692B13D01E318B43582BEBD11369DD684E
:104ED0001F6980235B00E358FF2B00D1A0E05A1C20
:104EE0008021490062505B22E2540EE01369DD68C4
:104EF0001F6980235B00E358FF2B00D1C6E05A1CDA
:104F00008021490062502E22E25482235B00E25449
:104F100011212A002000FEF70BFB7378582B3ED09E
:104F2000692B0ED080235B00E358FF2B00D19BE060
:104F3000591C80225200A150A33AE25482235B0004
:104F4000E25402223B789343392B14D080235B0038
:104F5000E358FF2B76D0591C80225200A150C33A4F
:104F6000E25482235B002000E25411213A00FFF753
:104F700077FD012096E7FB68DB681B681A78642AD6
:104F8000E4D15B78692B03D0443A9343582BDDD1AD
:104F900020003A001121FEF7CBFA012082E7444DB0
:104FA000A8336A1D9046002292460D32FF32914688
:104FB000043A9346E35801970BE01A008021531CF2
:104FC00049006350A754822201355200A754A845D6
:104FD0001DD02F78FF2BF0D15246E2544B46E258B9
:104FE0005B46FF21E3582000984794225200A358C3
:104FF00001350133A3508023283A5B00FF3AE25089
:1050000004332770E754A84501D02F78D6E7019FD5
:105010001121FA682000FEF78BFA3F6973787FE769
:10502000E05486235B00E258043BE358FF21200054
:10503000984794225200A3580133A350283A0023E2
:10504000FF3A4DE70022E25486235B00E258043B1E
:10505000FF21E3582000984794225200A3580121D1
:105060000133A350002377E70022E25486235B003C
:10507000E258043BFF21E358200098479422520055
:10508000A35801210133A350002352E7E0548623A3
:105090005B00E258043BE358FF212000984794222C
:1050A0005200A3580133A350283A0023FF3A27E7C0
:1050B000E49E0110F0B5C64600B50C0016001F00B6
:1050C00084B0002846D0002901D0002A42D0002315
:1050D0006A462A490093019302930393FFF77AFAF1
:1050E000009B984600283DD0039B002B1DD04346D3
:1050F0000125002B3FD0002C28D0404601F0DEFED9
:10510000336898421DD24146421C2000F2F78CFDC4
:105110004046F2F76BFDA046002F01D000233B6014
:10512000404604B080BCB846F0BD4346029D002B0B
:10513000E1D1002F13D0012D19D101235B423B6037
:105140000DE02000F2F752FD3560E5E7002EE3D0D8
:105150003560E1E7002F02D003235B423B60002370
:105160009846DDE71800F2F741FD002FF7D0022343
:105170005B423B60F3E7002FDFD1F0E7E1D800109E
:1051800010B5F2F733FD10BD70B51B4C08386268DE
:10519000002A22D006688519AA421ED8536822D058
:1051A0000434002B06D124E05968141D1A0000298C
:1051B00009D00B009D42F7D81BD1536819685B6872
:1051C0007618536023681A689918884208D05B687B
:1051D000066043602368586001E04260606070BD13
:1051E00092191A60FBE712684360921902606060CE
:1051F000F5E71300E7E7C046AC2A0020020030B50F
:105200000832083000D308220723104907324868C3
:105210009A430431002804D110E0011D40680028A1
:105220000CD003689A42F8D80868036845689C1A4D
:10523000072C04D803602B000B60083030BD8318A6
:105240005D6008681C600260F6E7C046AC2A00207A
:1052500070B580300500F2F78BFC041E07D0802269
:1052600000212000F2F7DAFC2000803070BD280019
:10527000FFF7C4FF041EF2D1F8F730F8074B80386F
:105280009A68DB6810B5D318984201D2824202D3E3
:10529000F2F7ACFC10BDFFF777FFFBE7AC2A00206C
:1052A000F0B5CE464746002580B53E4F89B03E4812
:1052B0007D60BD60FD6000F053FA082302933B4B14
:1052C00002AE73600923F360394B04003361042399
:1052D000B5607361002842D0364D237828003A3BF0
:1052E0005A425341E4180F22210001F0A7FB002885
:1052F00002D1E37B2E2B16D020003A2101F04AFC8C
:10530000041EEAD1079C402C27DCB368002B00D197
:1053100006333E335C43A400FC6023D109B0C0BC1B
:10532000B946B046F0BDB046103443461B689946B6
:10533000002B07D043464A462100586801F07EFB07
:10534000002803D14B46E35C3D2B16D00C239C4632
:1053500008ABE0444345E8D1CEE74024D5E78824B4
:10536000E400FC602000F2F703FCB860002816D0CF
:105370000023786004604360D0E74846013020187D
:10538000002201A900F09EFF019C23783A2B01D056
:10539000002BB1D10028AFDB43469860ACE7F86042
:1053A000BCE7C046AC2A002024A4011038A4011098
:1053B00044A4011050A40110027803000020472AE1
:1053C00016D15A784E2A13D19A78552A10D1DA7804
:1053D000432A0DD11A79432A0AD15A792B2A07D1A7
:1053E0009A792B2A04D1DB792A3A9A424041C0B2F9
:1053F000704710B5041E0AD000F086F82000FFF7B1
:10540000DBFF002803D0203CE068F7F75FFFF7F7E9
:1054100065FF0000F0B5DE464E4657464546E0B50E
:1054200085B00600FFF7C8FF041E0BD03300203BF9
:105430009F68DC68B36A00259946336B9846736BA6
:105440009A4604E0070001258246804681463000E6
:1054500000F05AF8002D01D0F7F74CFF3800F7F7AD
:1054600045FF00F051F8002D01D0F7F737FFF7F7AF
:10547000C7FB27220368995C1A007832012900D102
:105480001A68029242469208002790462033019300
:10549000B9451EDD43467B439B0053441E68002EE6
:1054A00000D0F61800223100019802ABF7F7CCFAD1
:1054B000002801D000F004F9336803901B69300024
:1054C0009B460E49012303AAD8470543EDB2013795
:1054D000DEE7002D08D00420FFF7BAFE084B094A8A
:1054E0000649036000F0D2F82000F7F7EFFE00F065
:1054F00045F800F043F8F7F7A1FAC046A4AC011054
:105500000CAD0110DDCB001070B50400F7F77CFB8B
:10551000220023780568203A472B04D0002D2BD198
:105520000260280070BD63784E2BF7D1A378552B0D
:10553000F4D1E378432BF1D12379432BEED1637976
:105540002B2BEBD1A3792B2BE8D1E379012BE5D8D9
:105550005369002B0DDB013353614368013B43600A
:10556000954201D0156102602000656A02F00CFAD4
:10557000D7E70121CB1AEFE7F7F7B0FE10B5F7F741
:105580003FFB0368002B09D020229A5C472A06D0F3
:10559000002220330260180002F0CEF910BD263A36
:1055A0009A5C4E2AF4D12C3A9A5C552AF0D1323AC0
:1055B0009A5C432AECD11F3A9A5C432AE8D11E3AFE
:1055C0009A5C2B2AE4D1053A9A5C2B2AE0D1043A62
:1055D0009A5C012ADCD85A69002A06DB511E012A8E
:1055E0000AD04A1C0FD05961D8E7511C0132FAD1B8
:1055F0001A6902605961D1E71A6920330260180004
:1056000002F09AF9CAE7F7F769FEC04610B501281B
:1056100012D80B00283B1A68501E1860012A00D0CF
:1056200010BDDB6858310C00002B01D008009847F2
:105630002000FFF723FEF3E728394869F7F746FE15
:1056400070B505000026803DEA602E60A960040068
:10565000F7F75EFE2861F7F755FE23004722583B17
:1056600068611A7007325A7007329A702200432319
:10567000553A13705370183B9370D370024B513CE2
:10568000280026702B6370BD0D56011070B5040004
:105690000D001600F7F7B8FA43683200013329000D
:1056A00043602000FFF7CCFF04000123283403608F
:1056B000200002F0B1F92000FFF726FFF7F70EFEF9
:1056C00010B5F7F7A1FA4268046801324260002C75
:1056D0000CD02022A25C472A0AD00022026020348B
:1056E000200002F091F92000FFF70EFFF7F7F6FD1A
:1056F000263AA25C4E2AF0D12C3AA25C552AECD173
:10570000323AA25C432AE8D11F3AA25C432AE4D190
:105710001E3AA25C2B2AE0D1053AA25C2B2ADCD1EE
:10572000043AA25C012AD8D8626952426261D6E783
:1057300010B5F7F769FA0068002804D02723C35C86
:10574000012B01D0006810BD00687838FAE7C04628
:10575000062010B501F0B4FA0120F3F713FFC0469C
:1057600000B5044B83B0010001AA186800F004F8EA
:1057700003B000BD98250020F0B5D64646464F46FA
:10578000C0B582460E00904601F0C6FB1C4B1D685A
:105790009946002D0AD033783400002B04D12DE037
:1057A00063780134002B0AD03D2BF9D1504601F02B
:1057B000BBFB0020E0BCBA46B146A846F0BDA41B26
:1057C00028680028F2D02200310001F045FA0028B4
:1057D00004D12B681F191B5D3D2B04D0686804356C
:1057E0000028F0D1E2E74B4642461B685046EB1AD0
:1057F0009B10136001F098FB781CDBE70024DFE7C7
:10580000E026002010B5034B0100186800F00EF8E8
:1058100010BDC0469825002010B5034B0100186844
:1058200001F0E4FB10BDC04698250020F0B54E46BF
:105830004546DE465746E0B50D000B35060085B0FF
:10584000162D21D8102900D9D4E000F0D5FA102562
:1058500018230221CA4FFB181A005C68083A9442C8
:1058600000D186E103226368A1689343E268CA60BD
:1058700091600121E3185A6830000A435A6000F031
:10588000C3FA20000830B8E007239D4300D5B1E0FB
:10589000A94200D9AEE000F0AFFAFC235B009D42C4
:1058A00000D2E0E1690A00D1AEE0042900D9A1E10B
:1058B00038239846A90988443931CB00082252423E
:1058C0009446AF4FFB189C446346DC68A44514D053
:1058D000032399460B0061469C4607E0E068002AD6
:1058E00000DB40E1814200D141E104004A466368A7
:1058F00093435A1B0F2AF1DD41463A003C690832B6
:10590000944200D11EE1032063688343581B0F2893
:1059100000DDACE13A617A610028AADA7A68904643
:1059200080229200934200D336E1DA08580901231D
:105930008340404618438046D300DB199A6878605C
:10594000E360A2609C60D46001208B1098404045C9
:1059500062D8434603420AD1032399434346400099
:105960000431034203D1400004310342FBD003233E
:10597000B3469C460E00B8460190F000404401003A
:10598000B246CB680BE064465A681F00A243DB684E
:10599000541B0F2C00DD39E1002C00DB53E1994250
:1059A000F1D101239946CA44534608319B07E8D1F7
:1059B000032205E003680838013E834200D013E269
:1059C0003242F7D14346019A5B68934342465360A3
:1059D000019A520001929A421CD8002A06D119E07D
:1059E00004229146019ACA44520001921342F7D010
:1059F0005646C2E70C233360002005B0F0BCBB461E
:105A0000B246A946A046F0BD80233F2240219046E1
:105A10009B0053E75E4647460322BC686368934396
:105A20009846AB4203D35B1B0F2B00DD8DE02300B8
:105A300043440293534B08201B6810335B190193B6
:105A400001F0A4F9504903900B688A46013306D04F
:105A50008446019B4242013B634413400193300062
:105A6000019901F073F903008146013300D11CE173
:105A7000029B834200D916E1444B02989B461A6868
:105A8000019B59469C4662440A6003990139484586
:105A900000D157E153461B68013300D15EE14B460C
:105AA00002981B1A9B185A46136007234A46484619
:105AB0001A400292184200D115E10398013384463E
:105AC0009B1A019A99444A44019263440A409B1AE2
:105AD000194030008A4601F039F9431C00D158E1E1
:105AE0004B46C01A0300534401935B461A680120D9
:105AF00052441A604B464946BB60019B03434B60CE
:105B0000BC4213D043460F2B00D82BE107210C3B9E
:105B10008B4361680140052019436160E1184860CA
:105B200088600F2B00D93FE14B465B681849086835
:105B3000904200D20A6017490868904200D20A6079
:105B40004C46B4E07B689846FEE6012229001343E8
:105B50001143651961603000BD606B6000F054F95D
:105B60002000083049E7A268D060826081E6614683
:105B7000C3E6DC680231A34200D1BEE672E6C0464D
:105B800090210020F02C002088210020C02C002033
:105B9000E82C0020EC2C00205A0A042A7CD9142A74
:105BA00000D9B0E010005B3082465C32D2000820A1
:105BB00040428446BA189444624692680B3081464B
:105BC000944500D186E00800A2466146844602E082
:105BD0009268914204D04C465068A0439842F7D84E
:105BE000D368614654469C466346A260E3609C606D
:105BF000D460A9E6142967D9542900D98CE06E2312
:105C00009846290B88446F31CB0057E6BA460120ED
:105C100051468446491905435046456085684746C4
:105C20006046EB605E469D60534639617961204372
:105C300008374860CF6030008F609C5000F0E4F877
:105C400050460830D9E6BA4601205E4652445168B3
:105C500001435160BA683000D3609A6000F0D4F814
:105C600038000830C9E62B00E9080833F2E561196D
:105C7000884601218C460D43414665603961796152
:105C8000CA608A60624602434A60E050300000F019
:105C9000BBF820000830B0E69A09100039323830DD
:105CA0008246D20083E7BC4241D0BC6863680322CD
:105CB00093431A005B1BAA4202D30F2B00DD44E77B
:105CC000300000F0A1F897E65B23984688445C31E9
:105CD000CB00F3E553469810012383404046184318
:105CE0008046786080E7019B039A4B440B40D31AAF
:105CF000194030008A4601F029F8431C00D0EFE635
:105D000000239A46F1E6542A2ED81A0B10006F325F
:105D10006E308246D2004AE7AA235B0099422ED811
:105D2000DD3B9846E90B88447831CB00C6E5304B23
:105D30009B461A68019B9C465B4662441A60039B23
:105D4000591EA7E64846084200D0A3E6B968434476
:105D5000894601210B4349464B60E7E653464A46D4
:105D60001A60A2E64860ABE7AA204000824226D82B
:105D7000DA0B1000783277308246D20017E71D4BDD
:105D8000994226D87C239846A90C88447D31CB00C3
:105D900094E5019A029B94464A46083B63449B1A49
:105DA000019300239A46A0E621003000083101F05B
:105DB0001DF95B461A68BB6899465B68B6E60D48F4
:105DC00082420CD89A0C10007D327C308246D20080
:105DD000EDE6FE237E227F2190469B006EE5FE22AB
:105DE0007E2092008246E2E643465B68F0E5C046CC
:105DF000C02C00205405000010B5024800F0C2FF7E
:105E000010BDC046B82C002010B5024800F0BCFF01
:105E100010BDC046B82C0020030010B50A0003498D
:105E20000868190000F004F810BDC046982500204D
:105E3000F0B557464E46DE464546E0B50C00060036
:105E4000170083B0002900D1ACE0FFF7D5FF08238D
:105E50005B429946A1444B465B68032219003D0012
:105E600091430B35CA468846162D67D81025AF4298
:105E700067D8A8456EDA4946C04841444A68009050
:105E800080689346884200D1A0E00120844610003B
:105E90006246904308184068104200D077E05A46A6
:105EA000032082439346C3445D454EDD604618425D
:105EB00012D14B4648461B68C31A03209B465B68B9
:105EC0008343D21842440092954200DCCCE0434424
:105ED00000939D4200DCCBE039003000FFF7A6FCC8
:105EE000071E00D11EE14B4601225B68934302006E
:105EF0004B44083A934200D1E3E04246043A242A54
:105F000000D9E3E003002100132A09D923680360C4
:105F1000636843601B2A00D9DCE0030008310833C2
:105F20000A681A604A685A608A689A6030002100DC
:105F300001F05CF83000FFF767FF20E00432954382
:105F400095D50C230027336019E0D846CB688A68C2
:105F5000D3609A6043465F1B5346012250465B68FC
:105F6000404413400F2F22D841460B4351464B600B
:105F70004368134343603000FFF746FF27003800B3
:105F800003B0F0BCBB46B246A946A046F0BD1A42DB
:105F9000A2D14B464A461B68D31A03229B465B6834
:105FA000934394E71100FFF741FC0700E7E75146F0
:105FB0002B434919554617436B604F6043680831BE
:105FC00013434360300001F011F8D4E703218A4302
:105FD00094462900C44410318C4500DB84E0DB0783
:105FE00000D579E74B4648461B68C31A03209B46F9
:105FF0005B688343D21842440192914200DD66E718
:106000005B465A46DB6892685F46D3609A604246B8
:10601000043A0837242A00D999E03B00132A0AD908
:10602000594623688B606368CB601B2A00D993E0D4
:106030005B460834103322681A6062685A60A268AE
:106040009A605B4601225919009B30009960019BC0
:106050005B1B13434B605B465B6813405A462B4304
:106060005360FFF7D1FE8AE7CB688A68D3609A60F5
:106070005B465A46DB6892685F46D3609A60424648
:10608000043A0837242A17D83B00132A09D959465D
:1060900023688B606368CB601B2A39D85B46083461
:1060A000103322681A6062685A60A2689A60009B86
:1060B0003C009846DA464DE72100380000F0E2FC4B
:1060C000F5E703225B689343984443E7210000F01F
:1060D000D9FC2BE7A3688360E368C360242A26D039
:1060E0000300103110331BE74B465919009B012266
:1060F000996063465B1B13434B604B465B68300003
:1061000013404A462B435360FFF77EFE270036E7D5
:10611000A3680B61E3684B61242A10D05B461034FE
:106120001833BEE73000FFF76FFE002727E723692B
:10613000183103610300626918334261F0E6236994
:106140008B615B4662692033CA611834A9E721007C
:10615000380000F097FC74E7A3680B61E3684B61BB
:10616000242A03D05B461034183364E723698B611B
:106170005B4662692033CA6118345CE790210020D5
:10618000F0B557464E464546DE468846E0B50C001B
:1061900092461E00082183B00190464823001D78D6
:1061A0000134425D1142F9D12D2D5ED0002293467B
:1061B0002B2D33D0002E07D1302D62D00A2305219C
:1061C00099460A263C4F0DE0102E53D00120310095
:1061D0004042F0F79DFD0700012031004042B146EA
:1061E000F0F796FD002200202B00303B092B07D949
:1061F000113B192B03D92B00613B192B11D80A3302
:106200009E420EDD551C06D0B84221D81ED04A460B
:1062100050430122181825780134E5E725789C1CA5
:10622000C8E7531C17D05B46002B00D040425346B2
:10623000002B04D0002A15D1534642461A6003B001
:10624000F0BCBB46B246A946A046F0BD8B42DEDD9F
:1062500001225242DFE72223019910000B605346CE
:10626000002BECD0631E9846E6E725789C1C0123A2
:106270009B469FE7302D0FD010230F2199460F4FDB
:10628000B0E7202223789343582B0AD00823072114
:1062900099460B4F0836A5E7202223789343582BC5
:1062A000EAD1102365780F2199461026034F023456
:1062B00098E7C046D1BD011099999919FFFFFF0FCA
:1062C000FFFFFF1F10B504001300034A10680A0007
:1062D0002100FFF755FF10BD98250020144B70B525
:1062E0001E6805000C00002E02D0736B002B1BD023
:1062F000636EDB0702D4A3899B0511D52900220018
:10630000300000F07FFA636E0500DB0702D4A3893A
:106310009B0501D5280070BDA06D00F035FDF9E7A3
:10632000A06D00F02FFDE9E7300001F0E1F8DFE7B4
:106330009825002070B5050086B008001400019172
:1063400000F0BCFD012301AE05900290039604937A
:10635000002D02D06B6B002B3FD00126636E0C2109
:10636000625E1E4217D091041FD4802189010A4326
:10637000A2811C4A134063662800210003AA00F092
:106380003FF80500636EDB0702D4A3899B0512D595
:10639000280006B070BD910511D59104E5D55B13B9
:1063A0001E42E9D001256D42EFE75B131E42E3D0A8
:1063B00001256D42ECE7A06D00F0E6FCE8E7A06D7A
:1063C00000F0E0FC0C23E25E636E9104CDD55A131D
:1063D0001642D1D001256D42D5E7280001F088F89A
:1063E000BBE7C046FFDFFFFF030010B50A0003490B
:1063F00008681900FFF79EFF10BDC04698250020D1
:10640000F0B54546DE4657464E46E0B5936883B044
:106410000C0090460090002B27D00C228B5E1A07B0
:106420002BD50A69002A28D0424616689A0730D52B
:10643000AA4B002700259946002D00D18CE02B00A7
:106440004D4500D9A54B626AE169924600983A0031
:10645000D047002800DC89E0434642469B683F184D
:106460001B1A2D1A9360002BE6D1002003B0F0BC5C
:10647000BB46B246A946A046F0BD2100009800F0F8
:1064800061FA002877D10C22A35E424616689A076B
:10649000CED4DA0772D400229146802292000027DF
:1064A0009346002F53D05A462068A568134200D166
:1064B000A8E0AA46BD4200D9D6E09022D2001342FD
:1064C0002DD02169451A6069019542001218D00F3C
:1064D0008218681C5210C0199246904201D9824617
:1064E00002005B0500D4DDE011000098FFF79EF983
:1064F000051E00D1EBE0019A2169F1F795FBA38914
:10650000774A134080221343A3815246019B2561A1
:10651000E818BA463D00D31A20606261A360524673
:10652000494600F0AFFAA3685B1B3D000027A3605B
:10653000236853442360434642469B68A9445B1B3F
:10654000936000D191E70C22A35E002FABD132689B
:10655000776891460836A4E73768756808366BE7B0
:106560002100009800F0D8FE00282BD00C22A35E5A
:1065700040221343A3810120404277E700230027F4
:10658000B14600209A461E00002F27D000282ED0AA
:106590003300BB469F4200D99B462068226963694D
:1065A000904203D9A5685D19AB456DDC5B455EDCA7
:1065B000656A5246E1690098A847051ED6DD0120AC
:1065C000761BCDD0434642469B68AA445B1B7F1B8B
:1065D0009360002B00D148E7002FD7D108224B460B
:1065E00094465F68E144002FF8D01B689A463A0051
:1065F0000A21504600F024FC002865D053460130A3
:10660000C61AC5E72369834217D363699A46BB421A
:1066100013D8802338001B069F4200D331485146CF
:10662000F0F74EFB5346656A43434A46E1690098DA
:10663000A847051E9ADD7F1B7DE7BD4200D93D00BE
:106640002A00494600F01EFAA36822685B1B521913
:10665000A3602260002BEED12100009800F05CFEC8
:10666000002883D17F1B66E73D00BA4657E75A46AC
:10667000514600F007FA5A46A3685D469B1AA3608C
:1066800023685B4423609AE751462A0000F0FAF938
:10669000236821005B190098236000F03DFE00286C
:1066A0008DD063E70098FFF7C3FB051E00D02CE7F1
:1066B000009D2169280000F099FC8022A389934362
:1066C000743A1BB22A6053E77B1C1E0061E70C235F
:1066D000009A13600C22A35E4AE7C04600FCFF7FCD
:1066E0007FFBFFFFFFFFFF7FF0B54F4646461C00D4
:1066F000D646C0B517006243904686B001AB019103
:10670000039341460123029203AA061E91460E9D61
:106710000591049302D0436B002B59D00C216A5E83
:1067200001216B6E8A46194222D0910435D4802112
:1067300089010A43AA812A4A13406B664A46290006
:106740003000FFF75DFE01226B6E1340002829D058
:10675000002B05D1AB899B0502D4A86D00F014FB7A
:106760004B46986843463900181AF0F7D1FA0EE004
:1067700091051ED59104DAD552465B131A42DDD03D
:10678000AB899B0502D4A86D00F0FEFA002006B08C
:10679000E0BCBA46B146A846F0BD52465B131A4269
:1067A000F4D1CBE7002B02D1AB899B0513D5200098
:1067B000EDE7A86D00F0E6FA0C23EA5E6B6E91043B
:1067C000B5D551465A131142B8D01942D8D0DDE799
:1067D00000F08EFEA2E7A86D00F0D6FA2000D6E702
:1067E000FFDFFFFF10B50400054882B0006800938A
:1067F00013000A002100FFF777FF02B010BDC0466A
:106800009825002070B506000D001400002802D065
:10681000436B002B2DD0636EDB0702D4A3899B054D
:106820001FD5A368013BA360002B05DAA269934240
:1068300010DBEBB20A2B0DD0FF2023685A1C22601C
:106840001D700540636EDB0702D4A3899B050CD540
:10685000280070BD29002200300000F00DF805006E
:10686000F0E7A06D00F08EFADBE7A06D00F08CFA87
:10687000EEE700F03DFECEE7F8B505000E0014008F
:10688000002802D0436B002B56D0A369A3600C22D2
:10689000A35E1A0723D52269002A20D08021FF2277
:1068A0008901F7B21640626E0B4228D0920440D4A0
:1068B000226823696169D31A99422BDD0133A168EB
:1068C0000139A160511C2160177062699A422AD077
:1068D000A389DB0701D50A2E25D03000F8BD2100A1
:1068E000280000F02FF8002823D180210C22A35E7D
:1068F000FF228901F7B21640626E0B42D6D11943CE
:106900000F4BA1811A406266236922686169D31A1C
:106910009942D3DC2100280000F0FEFC002808D1B9
:1069200001232268CBE72100280000F0F5FC0028B5
:10693000D3D001267642D0E700F0DAFDA5E7C046C5
:10694000FFDFFFFF3C4B70B5050018680C00002806
:1069500002D0426B002A58D00C22A35E1A070ED533
:106960002269002A15D00122110019401A421AD0BA
:106970000023A36063695B42A361002070BDDA0657
:1069800051D55A0714D4226908210B43A381002A48
:10699000E9D1990523D5190621D4D9073ED4990701
:1069A00039D5A2602BE09B0717D46369A360E4E7A5
:1069B000216B00290AD022004032914204D02800E5
:1069C00000F014FB0C22A35E0022226324229343D6
:1069D0000022626022692260D6E7A160CDE7210033
:1069E000280000F0D3FD0C22A35E2269D9070FD541
:1069F0000021A16061694942A161002ABDD11A0646
:106A0000BBD540221343A38112E000F071FDA3E740
:106A10000021980700D46169A160EEE7A260626975
:106A20005242A261EBE709222A6040221343A3816C
:106A300001204042A2E7C0469825002030B5032A35
:106A40000CD90B0003439B0719D104680B689C42C7
:106A500015D1043A04300431032AF6D8551E002A11
:106A60000BD0002303E05A1C9D4206D01300C25CE9
:106A7000CC5CA242F7D0101B00E0002030BD551EB8
:106A8000EFE7C046F0B5CE46474680B588420DD9FF
:106A90008B1898420AD2531E002A03D0CA5CC254F3
:106AA000013BFBD2C0BCB946B046F0BD0F2A0BD8A3
:106AB0000500561E002AF5D00023CC5C1A00EC54C9
:106AC00001339642F9D1EDE703000B4388469B075B
:106AD00034D110261700B1460C000300103F3F09C7
:106AE0003F01C519A94426681E6066685E60A668F5
:106AF0009E60E6681034DE601E001033AE42F2D1B4
:106B0000CF1939000F230C2610318C461340164242
:106B100017D04446043B9B089B00FF181437061B04
:106B20000C688D1904312C60B942F9D161460433E7
:106B300059184B441D0003231A40BAE70500561E9E
:106B4000BAE74D461A00B4E770B50400830716D1C2
:106B500002680E4B0E4DD31893432B420FD142685F
:106B60000A4B0430D31893432B4208D14268074B99
:106B70000430D31893432B42F1D000E00130037866
:106B8000002BFBD100F054F9200070BDFFFEFEFE8B
:106B9000808080800323CAB2F0B50340002A35D03C
:106BA0000324002B2DD1FF230B401D02ED182B04D5
:106BB000ED182C000168264E4C408B198B43A1190F
:106BC000A143244E0B43334211D14168204F0C00A6
:106BD000CB196C408B43E119A1430B430430334282
:106BE000F3D00378002B05D09A4204D0013003780B
:106BF000002BF9D10020F0BD9342FCD0013020429F
:106C0000D1D00378002BF7D10020F4E7002B08D077
:106C1000032202E00130104203D00378002BF9D1A7
:106C2000E9E702680A4B0B49D31893430B4206D19C
:106C30004268074B0430D31893430B42F8D00378D3
:106C4000002BD8D043780130002BFBD1D3E7C046CE
:106C5000FFFEFEFE8080808030B5002A27D0030032
:106C60000B439B0713D1032A11D9134D0BE0043AB0
:106C7000002A1CD0114C1C199C432C4217D1043003
:106C80000431032A03D903680C68A342EFD00D78BE
:106C9000047801230139AC4207D00AE0002C06D069
:106CA000C45C0133CD5CAC4203D19A42F6D10020E2
:106CB00030BD601BFCE7C04680808080FFFEFEFE8A
:106CC000154B70B504001D681F281FD89C235B005E
:106CD000EB58002B0DD082009B181A68002A08D0B0
:106CE000012A04D0511C0DD00021196090470020CA
:106CF00007E0280000F026F822000100280000F03C
:106D00000DF870BD162301202B60FAE71623012031
:106D10002B604042F5E7C04698250020002370B55F
:106D2000074D0400080011002B60F2F749FC431CDA
:106D300000D070BD2B68002BFBD02360F9E7C04664
:106D40004035002010B5F2F739FC10BD002370B5B6
:106D5000064C050008002360F2F716FC431C00D027
:106D600070BD2368002BFBD02B60F9E74035002075
:106D7000014B18687047C046982500207047C046F0
:106D80007047C0467047C0467047C046802310B564
:106D90005B01082801D1180010BDFFF7E9FF162399
:106DA0000360173BF7E7C046024670B50A439207F7
:106DB0002AD11E4DEE0104C808C9541B9443344027
:106DC00017D0D0B2D9B2401A2106014310D190B2E7
:106DD00099B2401A210401430AD110021902000A93
:106DE000090A401A2102014302D1100E190E401A5D
:106DF00070BD9A42DFD010BA19BA884201D9012079
:106E000070BD0020C04370BD02780B7801300131A5
:106E1000002A09D09A4207D102780B78013001315B
:106E2000002A01D09A42EFD0D01A70BD01010101B1
:106E300003000A7801311A700133002AF9D1704732
:106E40000300F0B50700CCB2980730D003269D1898
:106E500006E01878A04207D0581C304206D0030044
:106E6000AB42F6D10020F0BD1800FCE7013AD21980
:106E7000D21A032A11D9FF230B401902C9180B0497
:106E80000C4EC91803680C4D4B405D199D433542AB
:106E900005D1043A0430032AF4D8002AE2D082183B
:106EA0000378A342DFD001309042F9D1DAE718002D
:106EB000DFE7C04680808080FFFEFEFE10B58307BE
:106EC0000AD00300032102E001330B4205D01A78F7
:106ED000002AF9D1181A10BD030019680C4A0D4C8C
:106EE0008A188A4322420FD15968094A04338A1802
:106EF0008A43224208D15968054A04338A188A43D2
:106F00002242F1D000E001331A78002AFBD1E1E7F8
:106F1000FFFEFEFE8080808010B50248FFF732FF42
:106F200010BDC046B42C002010B50248FFF72CFF5E
:106F300010BDC046B42C0020F0B5C646060000B512
:106F400008200D00FFF722FF04003000FEF754FF79
:106F5000234B210098469B685F6803239F433800BA
:106F60001138401B0019EFF7D3FE451E6543AC42B4
:106F700008DC00213000FFF7E9FE43469B68DB197F
:106F8000984206D03000FEF73FFF002080BCB84694
:106F9000F0BD30006942FFF7D9FE01300ED001226A
:106FA00043467F1B9B6817430E4A5F60136830009F
:106FB0005B1B1360FEF728FF0120E7E7002130008C
:106FC000FFF7C4FE43469A68831A0F2BDADD064C9E
:106FD00004492468001B086001210B435360D1E77A
:106FE00090210020C02C002088210020F0B5D6463A
:106FF0004F46464605000C00C0B5002948D0FEF7B4
:10700000FBFE2100012708394B6803209C46BB4347
:10701000CE18726882436046384080466A4891467E
:107020008468B44200D17CE07260B41864683C406B
:10703000A2464446002C30D10C68A446091B8C683B
:107040006344A4460824A0468044C4455CD0CC6870
:10705000A04664464246E26094605246002A1FD031
:107060001F434F60336080229200934230D2DA088F
:107070005C090123A340446823434360D3001B18E9
:107080009A68CB608A609960D1602800FEF7BCFEE8
:10709000E0BCBA46B146A846F0BD5246002A0FD120
:1070A00001224B44CF18BC46B468484F1A43BC4237
:1070B0005BD0F668E660B4604A6062461360D2E76F
:1070C00062463A434A608022336092009342CED3B4
:1070D0005C0A042C3FD89C09260039343836E40079
:1070E00004192268083C0327944203D14EE09268B9
:1070F000944203D05068B8439842F8D8D468CC6022
:107100008A60A160D160C0E75246002A35D14B4465
:107110001A00B068F3681743C36098604F608A50E4
:10712000B3E74B441A004346002B06D10B68C91A3B
:107130008C68D218CB68E3609C60012313434B60DA
:10714000234B81601B6893429FD8224B280019680B
:10715000FFF7F2FE99E7142C13D9542C1DD81C0B01
:1071600026006F346E36E400BAE7E160A1604A6041
:107170006246CC608C60136087E71F434F603360CA
:1071800083E726005C345B36E400A9E70123B610F0
:10719000B340466833434360B1E7AA2252009442A9
:1071A00005D8DC0B260078347736E40098E70A4AE5
:1071B000944205D89C0C26007D347C36E4008FE791
:1071C000FE247E26A4008BE7902100209821002039
:1071D0008C210020F02C002054050000F0B5C6469C
:1071E00000B50C228B5E07000C001A074DD48021DD
:1071F000626809011943A181002A69DDA56A002D91
:107200003FD000223E683A60DB0466D400220123AE
:107210003800E169A8470200431C6BD00C23E15EF3
:10722000A56A490706D56368D21A236B002B01D0E3
:10723000E36BD21A00233800E169A8470C23E25E11
:10724000431C4CD139681D295ED8314BCB40DB073C
:107250005AD5304B1340A381002363602369236018
:10726000D20401D5002943D0216B3E60002908D00B
:1072700023004033994202D03800FFF7B7FE0023C5
:107280002363002080BCB846F0BD0E69002EF8D004
:107290000D680022AD1B0E609B0700D14A69A260F9
:1072A000002D04DCEDE736182D1A002DE9DD636AA8
:1072B0003200984638002B00E169C0470028F2DC14
:1072C0004022A38913431BB20120A3814042D9E786
:1072D000E26B002A00DD91E7D3E7226DA1E70D4BB9
:1072E0001340A3810023636023692360D204BBD5CC
:1072F0002065B9E73B68002B00D18FE71D2B01D03B
:10730000162BDDD13E60BCE740231343DCE7C046CB
:1073100001004020FFF7FFFF70B505000C000028BA
:1073200002D0436B002B27D00C22A35E002B11D080
:10733000626ED20701D49B050ED528002100FFF70D
:107340004DFF636E0500DB0702D4A3899B050FD5B3
:10735000280070BD0025FBE7A06DFFF713FD280096
:107360002100FFF73BFF636E0500DB07F0D4ECE77D
:10737000A06DFFF709FDEBE700F0BAF8D4E7C046CF
:1073800010B5034A0349044800F0DEF810BDC046BA
:10739000E4260020E9770110A025002041680B4B6E
:1073A00010B50400994201D000F01EFAA168084B04
:1073B000994202D0200000F017FAE168054B99428B
:1073C00002D0200000F010FA10BDC046F42C0020BE
:1073D0005C2D0020C42D0020F8B5CE4647463B4C1E
:1073E0003B4B3C4A2000002580B51A60042308224C
:1073F00000215C3025606560A5606566256165617A
:10740000A561E360F0F70AFC2000334B334F344EA4
:1074100099462362334B58309846A762E66263620E
:10742000E461FFF7ABFCCC23E5502F4B20006367F2
:10743000802300210822C430E550A566E566256753
:10744000A567E567F0F7EAFB220084236832E25083
:107450004A460433E250424620000433E2500433EB
:10746000E750C0300433E650FFF788FCD0232000FB
:10747000E5500433E5500433E5501C4A5C33E550D5
:10748000583BE2500433E5502D300433E5500021E1
:1074900004330822FF30E550F0F7C0FB2200EC2354
:1074A000D032E2504A460433E250200042460433D0
:1074B000E25029300433E750FF300433E650FFF741
:1074C0005DFCC0BCB946B046F8BDC046F42C0020F7
:1074D0002C2E00208173011061760110C9760110F5
:1074E000F5760110897601100900010012000200F2
:1074F00070B50400094D2800FFF744FC636B002BB6
:1075000005D1074B6363074B1B68002B03D0280092
:10751000FFF73AFC70BDFFF75FFFF8E7BC2C0020D7
:107520009D7301102C2E002010B50248FFF72AFC95
:1075300010BDC046BC2C002010B50248FFF724FC4B
:1075400010BDC046BC2C0020F8B54746CE46884644
:1075500080B58146170000267D68BC68013D0DD4CA
:10756000A389012B07D90E22A35E013303D021008A
:107570004846C04706436834013DF1D23F68002FBA
:10758000EAD13000C0BCB946B046F8BD70B50C2297
:107590008B5E06000C0096B09A0707D52300433394
:1075A000236023610123636116B070BD0E22895EE2
:1075B00000292FDB6A4600F0B5F8002828DB80217F
:1075C0003000C900019DFEF731F90C22A35E0028AE
:1075D0003AD0802213438022D2006261F02212024C
:1075E00015408022A381206020619201954233D111
:1075F0000E23E15E300000F0A9F80C22A35E002803
:107600002AD003229343023A13438022120118E046
:107610000C22A35E80251D406B425D41F0236D422C
:107620009B001D40403529003000FEF7FFF80C227A
:10763000A35E002808D0802213430022206020612E
:1076400065611343A381AFE79A05ADD40322934349
:1076500002221343A381A1E780221201F1E7C04671
:1076600070B50C000E25495F00F096F8002803DB8A
:10767000236D1B18236570BDA389024A1340A381A3
:10768000F9E7C046FFEFFFFFF8B50C001F000C2321
:10769000C95E05001600CB050AD40A4B320019401A
:1076A0002800A1810E23E15E3B0000F089F8F8BDBF
:1076B0000E23E15E0022022300F05AF80C23E15E63
:1076C000EBE7C046FFEFFFFF70B50C000E25495FEA
:1076D00000F04EF80C22A35E421C05D0802252011D
:1076E00013432065A38170BD014A1340FAE7C046E9
:1076F000FFEFFFFF10B50E23C95E00F001F810BDCB
:10770000002370B5064C050008002360F1F780FFE8
:10771000431C00D070BD2368002BFBD02B60F9E721
:1077200040350020002370B5074D0400080011000B
:107730002B60F1F775FF431C00D070BD2B68002B48
:10774000FBD02360F9E7C04640350020002370B528
:10775000064C050008002360F1F766FF431C00D0CB
:1077600070BD2368002BFBD02B60F9E7403500206B
:1077700070B50400080011001A000023054D2B60AD
:10778000F1F74AFF431C00D070BD2B68002BFBD0E3
:107790002360F9E74035002070B5040008001100AF
:1077A0001A000023054D2B60F1F70EFF431C00D09B
:1077B00070BD2B68002BFBD02360F9E7403500201B
:1077C00070B50400080011001A000023054D2B605D
:1077D000F1F70CFF431C00D070BD2B68002BFBD0D1
:1077E0002360F9E74035002070B506000C1E3FD03D
:1077F000002802D0436B002B47D001250C22A35E4A
:10780000626E2A4232D19B0542D521003000FFF73B
:10781000E5FCE36A0500002B04D03000E1699847DD
:10782000002828DBA3891B062AD4216B002908D055
:1078300023004033994202D03000FFF7D7FB0023EA
:107840002363616C002904D03000FFF7CFFB0023D5
:107850006364FFF769FE0023A381636EDB0725D510
:10786000A06DFFF78DFAFFF767FE02E0002BCCD189
:107870000025280070BD0125A3896D421B06D4D5C3
:1078800030002169FFF7B2FBCFE7FFF731FEB4E725
:10789000A06DFFF777FA0C22A35E002BB5D1636EC3
:1078A0002B42E5D1A06DFFF76FFAE1E7A06DFFF77E
:1078B0006BFAD5E7F8B5C04601B40248844601BC6E
:1078C000604700BFAF1F002001B40248844601BCDE
:1078D000604700BF0504002001B40248844601BC93
:1078E000604700BF6902002001B40248844601BC21
:1078F000604700BF5510002001B40248844601BC17
:10790000604700BF5914002001B40248844601BCFE
:10791000604700BF611F002001B40248844601BCDB
:10792000604700BF110D002001B40248844601BC2D
:10793000604700BF8503002001B40248844601BCB3
:10794000604700BFED13002001B40248844601BC2B
:10795000604700BFA91F002001B40248844601BC53
:10796000604700BF5510002001B40248844601BCA6
:10797000604700BF591B002001B40248844601BC87
:10798000604700BF0501002001B40248844601BCE5
:10799000604700BFE913002001B40248844601BCDF
:1079A000604700BF0503002001B40248844601BCC3
:1079B000604700BFDD01002001B40248844601BCDD
:1079C000604700BF891F002001B40248844601BC03
:1079D000604700BF4501002001B40248844601BC55
:1079E000604700BFC90D002001B40248844601BCB5
:1079F000604700BFFD13002001B40248844601BC6B
:107A0000604700BF3505002001B40248844601BC30
:107A1000604700BF891B002001B40248844601BCB6
:107A2000604700BF291B002001B40248844601BC06
:107A3000604700BF790D002001B40248844601BCB4
:107A4000604700BF390D002001B40248844601BCE4
:107A5000604700BFC100002001B40248844601BC59
:107A6000604700BF951F0020396B0010656B001048
:107A7000B16C00100D7C001055730010B17A00102D
:107A8000D96B0010816B0010A16B0010B56B00105A
:107A9000955C0010BD6B001061600010D96A001089
:107AA000F5560010B1020010AD5000102DA10010CD
:047AB000A1520110CE
:107AB8000A5363616E6E696E6720493243206275AE
:107AC800732E2E2E000000002020202020302020A1
:107AD8003120203220203320203420203520203629
:107AE8002020372020382020392020412020422003
:107AF800204320204420204520204600253032788D
:107B08003A00000020202000202D2D0020253032B2
:107B1800580000000A5363616E20636F6D706C65D6
:107B280074652E00506F733A2025372E3266000098
:107B380050494F004750494F000000005945530035
:107B480050494F20486172647761726500000000F7
:107B58004750494F20536F66747761726500000083
:107B6800505245535345440052656C6561736564D2
:107B780000000000302E3037000000000A3D3D3D77
:107B880020504541524C20762573203D3D3D0A004A
:107B9800506F736974696F6E20456E636F646572A8
:107BA80020416E6420526561646F7574204C6F6764
:107BB8006963000031353A32373A35310000000048
:107BC8004175672031392032303235004275696C91
:107BD800643A2025732025730A00000053746172EB
:107BE80074696E6720696E697469616C697A617419
:107BF800696F6E2E2E2E000049324320696E69741B
:107C080069616C697A6564206F6E2070696E732093
:107C1800256420285344412920616E64202564206E
:107C28002853434C2920617420256420487A0A008F
:107C3800417474656D7074696E67204C43442069A3
:107C48006E697469616C697A6174696F6E2E2E2E23
:107C58000000000048454C4C4F000000496E697414
:107C680069616C697A696E6720636F6E66696775AA
:107C7800726174696F6E2073797374656D2E2E2E20
:107C8800000000005741524E494E473A20436F6E5C
:107C980066696775726174696F6E2073797374654C
:107CA8006D206661696C656420746F20696E697403
:107CB80069616C697A652C207573696E67206465E3
:107CC8006661756C74730000436F6E6669677572E0
:107CD8006174696F6E2073797374656D20696E695C
:107CE8007469616C697A656420737563636573731D
:107CF80066756C6C790000004C434420696E6974A9
:107D080069616C697A65642073756363657373660A
:107D1800756C6C7900000000436F6E666967204CD3
:107D28006F61646564000000493243204275732026
:107D38005363616E000000004C434420666F756E0B
:107D480064206174206164647265737320307825DF
:107D580030325820E29C930A000000004C43440053
:107D68005741524E494E473A204E6F206465766916
:107D7800636520666F756E64206174204C434420EF
:107D880061646472657373203078253032580A0054
:107D9800436865636B20776972696E67206F72202C
:107DA80074727920646966666572656E74206164B0
:107DB80064726573732028636F6D6D6F6E3A20303F
:107DC8007832372C20307833462900004750494F05
:107DD80020536574757000004D656E7520456E639F
:107DE8006F64657200000000446973706C617920EB
:107DF800536574757000000042696720666F6E7481
:107E080020616E6420737461747573206469737083
:107E18006C617920696E697469616C697A6564005E
:107E2800446973706C61792053797300456E636F90
:107E380064657220496E6974000000004D61696EC6
:107E480020456E636F646572000000004D656E75B5
:107E58002053797374656D00456E67696E65657248
:107E6800696E67206D656E752073797374656D2012
:107E7800696E697469616C697A65640053746172CA
:107E880074757020436F6D706C6574650000000038
:107E98005374617274696E67206D61696E20706FCA
:107EA800736974696F6E206D6F6E69746F72696E35
:107EB80067206C6F6F702E2E2E000000436F6D6D63
:107EC800616E64733A20523D72657365742C205359
:107ED8003D7363616E2C20503D50494F20746F678D
:107EE800676C652C20563D76656C6F636974792FD5
:107EF800706572662C20443D646973706C61792CDE
:107F080020433D636C65617220636F756E746572A2
:107F1800732C20493D76657273696F6E2C20483D3D
:107F280068656C7000000000456E67696E65657273
:107F3800696E67204D656E753A20547269706C657C
:107F48002D636C69636B207468652048572D303445
:107F58003020656E636F64657220627574746F6E2D
:107F68002077697468696E2031207365636F6E6469
:107F78000A000000547269706C652D636C69636B4C
:107F8800206465746563746564202D20456E676997
:107F98006E656572696E67206D656E7520706173B8
:107FA80073776F726420656E747279004C6F6E67B8
:107FB80020707265737320646574656374656420EA
:107FC8002D2041637469766174696E6720757365E5
:107FD80072206D656E7500005B44454255475D2013
:107FE800656E675F6D656E752E7570646174652862
:107FF800292063616C6C65642C2063757272656EF0
:10800800745F73746174653D25640A005265626F1C
:108018006F74696E6720696E746F20424F4F5453B6
:10802800454C206D6F64652E2E2E0000506F7369CD
:1080380074696F6E20726573657420746F207A6539
:10804800726F00000A3D3D3D20436F6D6D616E64A7
:1080580073203D3D3D00000052202D205265736580
:108068007420706F736974696F6E20746F207A65FD
:10807800726F000053202D205363616E20493243F4
:10808800206275730000000050202D20546F676730
:108098006C652050494F2F4750494F206D6F6465DC
:1080A8000000000056202D2053686F772076656CFD
:1080B8006F63697479202620706572666F726D61CE
:1080C8006E636520696E666F0000000044202D20F5
:1080D800546F67676C6520646973706C6179206D93
:1080E8006F64650043202D20436C656172207065C4
:1080F80072666F726D616E636520636F756E74650D
:10810800727300004D202D2053686F77206D656EC7
:108118007520656E636F646572207374617475731E
:108128000000000049202D2053686F772076657283
:1081380073696F6E20696E666F00000048202D20FD
:1081480053686F7720746869732068656C700000E5
:108158000A3D3D3D20456E67696E656572696E67CB
:10816800204D656E75203D3D3D00000054726970DC
:108178006C652D636C69636B2048572D3034302053
:10818800656E636F64657220746F206163636573E5
:10819800730A0000537769746368656420746F20FC
:1081A8002573206D6F64650A000000000A3D3D3D9F
:1081B8002056656C6F636974792026205065726655
:1081C8006F726D616E636520496E666F203D3D3D3F
:1081D8000000000043757272656E742056656C6FFE
:1081E800636974793A20252E346620756E69747334
:1081F8002F7365630A00000043757272656E742000
:1082080052504D3A20252E32660A0000537065659B
:10821800642025253A20252E3166252520286D61E4
:108228007820313020756E6974732F736563290A5D
:1082380000000000456E636F6465722046726571C8
:1082480075656E63793A20252E326620487A0A00D1
:108258005472616E736974696F6E732F7365633AD4
:1082680020256C750A0000004D6178205468656F00
:108278007265746963616C2052504D3A20252E3125
:10828800660A00000A2D2D2D20506572666F726DEA
:10829800616E6365205374617473202D2D2D000069
:1082A8004649464F204F766572666C6F77733A2061
:1082B800256C750A00000000496E76616C696420BF
:1082C8005472616E736974696F6E733A20256C75A8
:1082D8000A000000506572666F726D616E636520FA
:1082E8005761726E696E673A2025730A00000000B4
:1082F8004D6F64653A2025730A0A00000A3D3D3D2A
:1083080020504541524C2056657273696F6E204962
:108318006E666F726D6174696F6E203D3D3D000041
:1083280050726F6A6563743A20506F736974696F2D
:108338006E20456E636F64657220416E64205265DD
:1083480061646F7574204C6F67696300566572735A
:10835800696F6E3A2025730A000000004275696C47
:108368006420446174653A2025730A004275696C7B
:10837800642054696D653A2025730A004665617466
:10838800757265733A2042696720466F6E7420449F
:108398006973706C61792C2050494F205375707047
:1083A8006F72742C20456E67696E656572696E67B9
:1083B800204D656E750000004861726477617265D2
:1083C8003A205175616472617475726520456E63F7
:1083D8006F646572202B203136783420493243206F
:1083E8004C4344202B2048572D303430204D656EA7
:1083F800750A0000506572666F726D616E63652064
:10840800636F756E7465727320636C656172656401
:10841800000000000A3D3D3D2048572D30343020F3
:108428004D656E7520456E636F6465722053746187
:10843800747573203D3D3D005374617475733A2023
:1084480025730A00506F736974696F6E3A20256C42
:10845800640A0000427574746F6E3A2025730A002E
:10846800436C69636B20436F756E743A20256C7595
:108478000A0000004D656E75204163746976653A9F
:108488002025730A0000000048696E743A2054726F
:1084980069706C652D636C69636B20746F20656E01
:1084A80074657220656E67696E656572696E6720AE
:1084B8006D656E750A00000042696720666F6E740C
:1084C80020646973706C6179206D6F646520286120
:1084D80064646974696F6E616C206D6F6465732084
:1084E800636F6D696E6720736F6F6E2900000000FF
:1084F8004469723A20202020205370643A0000001A
:1085080048573034303A20427574746F6E20707258
:1085180065737365640000005B44454255475D2000
:10852800524F54415259204952513A20434C4B2002
:108538007472696767657265640000005B44454250
:1085480055475D20524F54415259204952513A20C3
:10855800706F736974696F6E3D256C642C20636C51
:1085680069636B5F636F756E743D256C750A0000F7
:108578005B44454255475D20425554544F4E20496F
:1085880052513A205357207472696767657265645F
:10859800000000005B44454255475D204255545455
:1085A8004F4E204952512049474E4F5245443A2098
:1085B800434C4B206F72204454204C4F5720287254
:1085C8006F746174696F6E20696E2070726F677264
:1085D80065737329000000005B44454255475D20E0
:1085E800425554544F4E204952513A20636C6963A6
:1085F8006B5F636F756E743D256C750A0000000033
:1086080048573034303A20696E69742829206361EC
:108618006C6C65642C2070696E5F73773D25750AF4
:10862800000000004F4E00004F464600506F733A5E
:10863800256C642042746E3A257320436C69636B21
:10864800733A256C750000005374657020323A2027
:1086580053657420506F73203100000045646974BD
:1086680020706F736974696F6E20286D6D293A00E8
:10867800252E326600000000456E7465723D4F4B32
:10868800204261636B3D4D656E75000053746570E3
:1086980020333A204D6F7665000000004D6F7665F7
:1086A80020746F20656E6420706F7300507265735C
:1086B8007320456E7465722E2E2E000053746570FB
:1086C80020343A2053657420506F73203200000024
:1086D8005374657020353A2043616C63756C61741E
:1086E8006500000043616C63756C6174696E672E88
:1086F8002E2E000050697463683A20252E336600D8
:10870800456E7465723D4F4B204261636B3D456415
:10871800697400005265766965772043616C696207
:10872800726174696F6E0000456E7465723D4163D5
:1087380063657074204261636B3D556E646F000021
:1087480043616C6962726174696F6E20536176650A
:108758006421000043616C6962726174696F6E2004
:1087680043616E63656C6564000000005265747552
:10877800726E696E672E2E2E000000005045415221
:108788004C2050726F6A6563740000004275696C12
:10879800743A2025730000005665723A202573004C
:1087A80042793A205361656E20576F6F640000006C
:1087B80043414C4942524154494F4E0053746570ED
:1087C80020313A205365747570000000466F6C6C58
:1087D8006F77206F6E2D73637265656E0000000001
:1087E800696E737472756374696F6E732E2E2E00C2
:1087F8005B44454255475D20647261775F656E67EB
:10880800696E6565725F6D61696E5F6D656E752015
:1088180063616C6C65642C206C6364207074723ABC
:108828002025700A00000000454E47494E45455234
:10883800204D454E550000003E200000202000003D
:10884800456E636F6465722053657474696E6773EF
:1088580000000000446973706C617920536574747A
:10886800696E67730000000053797374656D204961
:108878006E666F00446961676E6F73746963730035
:1088880043616C6962726174696F6E0050657266EB
:108898006F726D616E6365004368616E6765205035
:1088A800617373776F726400466163746F727920C5
:1088B8005265736574000000536176652026204573
:1088C8007869740043616E63656C2F45786974003C
:1088D80053455420504152414D530000556E6B6E24
:1088E8006F776E00504541524C204D454E55000063
:1088F8005475726E3A4E617620456E7465723A53BD
:10890800656C00004E6F206F7074696F6E7320681D
:1089180065726500507265737320746F2072657498
:1089280075726E00436F6E6669726D20466163747E
:108938006F72792052657365743F0000456E7465E7
:10894800723D596573204261636B3D4E6F000000B4
:10895800466163746F727920526573657420446F41
:108968006E650000496E76004E6F726D0000000063
:10897800454E434F4445522053455455500000003E
:108988005265733A202564005363616C653A20256B
:108998002E3266004469723A2000000046696C7401
:1089A8003A2025646D730000504541524C20494ED1
:1089B800464F00004275696C643A20257300000038
:1089C8004D454E5520434C4F534544004449535060
:1089D8004C41592053455454494E47530000000018
:1089E800436F6E74726173743A202564000000004E
:1089F8004261636B6C696768743A20256400000003
:108A080053797374656D2053657474696E67730A5E
:108A1800436F6D696E6720736F6F6E0044494147FD
:108A28004E4F535449435300456E633A20256C64B6
:108A380000000000504552464F524D414E434500FC
:108A48004D6178204649464F3A2025642525000087
:108A5800457272205468726573683A202564000074
:108A6800464143544F525920524553455400000043
:108A7800486F6C6420746F20636F6E6669726D0056
:108A8800526573657420646F6E6521004552524FBC
:108A9800523A204E6F206D6F76656D656E740000DA
:108AA80064657465637465642100000043414C4942
:108AB80042524154494F4E20524553554C5453004D
:108AC8004F6C643A20252E34660000004E65773AD4
:108AD80020252E34660000004572723A20252E3279
:108AE800666D6D00496D70726F76656D656E743A6E
:108AF80000000000252E31662525206572726F72F0
:108B0800000000004170706C79206368616E6765D1
:108B1800733F00004F4B3D596573204241434B3D25
:108B28004E6F00004C454144534352455720434142
:108B38004C4942005072657373204F4B20746F206C
:108B480073746172740000005354455020313A2008
:108B5800506F736974696F6E00000000507265731E
:108B680073204F4B207768656E2073657400000092
:108B780055736520485730343020746F206D6F76F8
:108B8800650000005363616C653A20252E316678D4
:108B980000000000506F733A20256C64000000004C
:108BA8005072657373204F4B207768656E20646F31
:108BB8006E650000456E74657220706F7369746924
:108BC8006F6E3A00252E3366206D6D005F00000041
:108BD80055502F444E3A2061646A75737400000042
:108BE80052494748543A206E657874206469676929
:108BF800740000005354455020323A204D6F76657A
:108C080020746F006E657720706F736974696F6E7A
:108C180000000000283130306D6D2B2061776179BC
:108C280029000000526561647920666F7220706FB8
:108C38007320323F000000004D6F7665643A2025AE
:108C48006C6420636F756E747300000050726573F6
:108C580073204F4B20746F207365740046696E61F2
:108C68006C20706F736974696F6E00004469737467
:108C7800616E63653A20252E3166206D6D00000017
:108C88004F4B20746F2063616C63756C6174650071
:108C98004E656564203130306D6D206D696E210040
:108CA800506C656173652077616974004170706C00
:108CB80079696E67206E65770000000063616C69F2
:108CC80062726174696F6E2E2E2E0000436F6D7094
:108CD8006C6574652100000050697463683A20254A
:108CE8002E3466005072657373204F4B20746F20CA
:108CF80065786974000000004552524F523A204E80
:108D0800656564203130306D6D0000006D696E69F5
:108D18006D756D2064697374616E63650000000091
:108D28004170706C69656421000000005B44454235
:108D380055475D20647261775F70617373776F72F6
:108D4800645F73637265656E2063616C6C65640053
:108D5800456E7465722050617373776F726400009A
:108D68005B25645D000000002025642000000000F1
:108D7800504541524C2041434345535300000000A5
:108D8800456E7465722050617373776F72643A0030
:108D98005B44454255475D2073746172745F70612E
:108DA8007373776F72645F656E7472793A204C439F
:108DB8004420636C65617265642C207061737377FD
:108DC8006F72642070726F6D70742073686F776E45
:108DD8000000000050415353574F52442054494D0E
:108DE800454F555400000000414343455353204428
:108DF800454E494544000000436F6E6669726D2018
:108E08004E65773A00000000506173733A20000005
:108E1800456E746572204E65773A00005041535391
:108E2800574F5244204348414E47454400000000F4
:108E38005375636365737366756C6C792100000004
:108E480050415353574F52445320444F204E4F5490
:108E5800000000004D41544348212054727920619C
:108E68006761696E000000005B44454255475D201C
:108E7800647261775F757365725F6D656E75206387
:108E8800616C6C65642C206C6364207074723A2089
:108E980025700A0055534552204D454E5500000097
:108EA8005B44454255475D2073746172745F757306
:108EB80065725F6D656E752063616C6C65642C20EE
:108EC80073657474696E67206D656E755F61637430
:108ED800697665203D2074727565000050454152E1
:108EE8004C2055534552204D454E5500762573006C
:108EF800414343455353204752414E544544000093
:108F0800454E47494E454552494E47204D4F4445E9
:108F180000000000504541524C20762573000000A7
:108F2800494E56414C49442050415353574F52449F
:108F380000000000414343455353204C4F434B45E9
:108F480044210000417474656D70742025642F25D8
:108F580064000000436C69636B20746F2072657352
:108F6800657420746F000000313030204D4D4D0085
:108F780041726520796F7520737572653F00000036
:108F8800596573203C203E204E6F00005B444542EB
:108F980055475D20456E67696E656572696E674DF8
:108FA800656E753A3A7570646174652063616C6CBE
:108FB80065642C206D656E755F6163746976653DC7
:108FC80025642C2063757272656E745F73746174A6
:108FD800653D25640A0000005B44454255475D2015
:108FE800456E67696E656572696E674D656E753A3F
:108FF8003A7570646174652063616C6C65642C20DB
:1090080063757272656E745F73746174653D25640F
:109018000A0000005B44454255475D207374617245
:10902800745F656E67696E656572696E675F6163B7
:10903800636573732063616C6C65642C207365745D
:1090480074696E67206D656E755F616374697665B6
:10905800203D2074727565005B44454255475D208C
:1090680073746172745F656E67696E656572696E47
:10907800675F61636365737328292063616C6C653E
:10908800640000005B44454255475D206375727279
:10909800656E745F73746174652073657420746F92
:1090A8002050415353574F52445F454E5452592C08
:1090B800206D656E755F616374697665207365748C
:1090C80020746F2074727565000000005265736526
:1090D8007420506F736974696F6E000041626F7518
:1090E8007400000045786974204D656E75000000B5
:1090F800456E636F64657220536574757000000077
:109108005265736F6C7574696F6E2C207363616C34
:10911800652C206469720000436F6E747261737409
:109128002C206261636B6C696768740054696D65B3
:109138006F7574732C2064656275672C2065746381
:109148002E0000004368616E676520616363657384
:10915800732070617373776F726400005265747561
:10916800726E20746F206D656E750000537973748C
:10917800656D2053657474696E6773005365637514
:1091880072697479202850617373776F726429004B
:109198003C204261636B00002020E29688E29688BA
:1091A800E29688E29688E29688E29688E29688E2D5
:1091B8009688E29688E29688E29688E29688202049
:1091C800000000002020E29688E296882020504582
:1091D80041524C20E29688E2968820200000000048
:1091E8002020205374617274696E672E2E2E202001
:1091F80020000000504541524C20454E434F444505
:109208005200000056657273696F6E202573000066
:109218004175672031322032303235004275696C31
:109228006420257300000000496E697469616C69E7
:109238007A696E672E2E2E00504541524C205354A9
:10924800415254494E470000252D31367300000025
:109258005B00000050726F67726573733A20256473
:10926800252500004F4B0000252D31327320257332
:10927800000000004641494C0000000050454152A2
:109288004C205245414459003D3D3D3D3D3D3D3D0D
:109298003D3D3D3D3D3D3D0053797374656D204F27
:1092A8006E6C696E65000000507265737320746F90
:1092B80020626567696E00007C2F2D5C000000004D
:1092C8005B44454255475D20436F6E6669674D6153
:1092D8006E616765723A3A6C6F61645F636F6E6660
:1092E80069672829202D20656E7465726564000001
:1092F8005B44454255475D20436F6E6669674D6123
:109308006E616765723A3A6C6F61645F636F6E662F
:1093180069672829202D2063616C6C696E6720724B
:109328006561645F66726F6D5F666C61736800008B
:109338005B44454255475D20436F6E6669674D61E2
:109348006E616765723A3A6C6F61645F636F6E66EF
:1093580069672829202D20726561645F66726F6DC8
:109368005F666C61736820616E642076616C696405
:109378006174655F636F6E66696720726574757284
:109388006E65642074727565000000005B44454298
:1093980055475D20436F6E6669674D616E6167650D
:1093A800723A3A6C6F61645F636F6E666967282909
:1093B800202D20747279696E67206261636B757005
:1093C800730000005B44454255475D20436F6E665D
:1093D80069674D616E616765723A3A6C6F61645F87
:1093E800636F6E6669672829202D206261636B753B
:1093F80070202564206F66667365743A203078257E
:1094080030386C580A0000005B44454255475D20DF
:10941800436F6E6669674D616E616765723A3A6C53
:109428006F61645F636F6E6669672829202D20620B
:1094380065666F726520726561645F66726F6D5FE5
:10944800666C61736820666F72206261636B757009
:109458002025640A000000005B44454255475D2012
:10946800436F6E6669674D616E616765723A3A6C03
:109478006F61645F636F6E6669672829202D2061BC
:109488006674657220726561645F66726F6D5F668F
:109498006C61736820666F72206261636B757020FF
:1094A80025642C20726573756C743A2025640A0053
:1094B8005B44454255475D20436F6E6669674D6161
:1094C8006E616765723A3A6C6F61645F636F6E666E
:1094D80069672829202D206261636B7570202564D7
:1094E8002076616C69640A005B44454255475D20FB
:1094F800436F6E6669674D616E616765723A3A6C73
:109508006F61645F636F6E6669672829202D206E1E
:109518006F2076616C696420636F6E666967206688
:109528006F756E64000000005B44454255475D203E
:10953800436F6E6669674D616E616765723A3A732B
:109548006176655F636F6E6669672829202D2046FE
:1095580049525354204C494E450000005B44454253
:1095680055475D20436F6E6669674D616E6167653B
:10957800723A3A736176655F636F6E666967282928
:10958800202D20736176655F636F756E7420696E38
:109598006372656D656E7465640000005B444542E6
:1095A80055475D20436F6E6669674D616E616765FB
:1095B800723A3A736176655F636F6E6669672829E8
:1095C800202D206C6173745F736176655F74696DBB
:1095D80065207365740000005B44454255475D2073
:1095E800436F6E6669674D616E616765723A3A737B
:1095F8006176655F636F6E6669672829202D20771D
:10960800726974655F6379636C655F636F756E74A7
:1096180020696E6372656D656E7465640000000094
:109628005B44454255475D20436F6E6669674D61EF
:109638006E616765723A3A736176655F636F6E66ED
:1096480069672829202D20636865636B73756D2011
:10965800726563616C63756C617465640000000019
:109668005B44454255475D20436F6E6669674D61AF
:109678006E616765723A3A736176655F636F6E66AD
:1096880069672829202D2063616C6C696E672077D3
:10969800726974655F746F5F666C6173680000005F
:1096A8005B44454255475D20436F6E6669674D616F
:1096B8006E616765723A3A736176655F636F6E666D
:1096C80069672829202D2077726974655F746F5F38
:1096D800666C6173682072657475726E65642025A6
:1096E800640A00005B44454255475D20436F6E663F
:1096F80069674D616E616765723A3A696E69742887
:1097080029202D207365745F666163746F72795FB9
:1097180064656661756C7473000000005B444542C3
:1097280055475D20436F6E6669674D616E61676579
:10973800723A3A696E69742829202D2063616C6C2D
:10974800696E67206C6F61645F636F6E6669672816
:10975800290000005B44454255475D20436F6E6613
:1097680069674D616E616765723A3A696E69742816
:1097780029202D206C6F61645F636F6E66696728AE
:10978800292072657475726E65642074727565003F
:109798005B44454255475D20436F6E6669674D617E
:1097A8006E616765723A3A696E69742829202D20BE
:1097B800636865636B696E6720776561725F6C6566
:1097C80076656C696E675F656E61626C65640000E2
:1097D8005B44454255475D20436F6E6669674D613E
:1097E8006E616765723A3A696E69742829202D207E
:1097F80063616C6C696E6720706572666F726D5F0D
:10980800776561725F6C6576656C696E672829009B
:109818005B44454255475D20436F6E6669674D61FD
:109828006E616765723A3A696E69742829202D203D
:1098380072657475726E696E672074727565000062
:109848005B44454255475D20436F6E6669674D61CD
:109858006E616765723A3A696E69742829202D200D
:109868006C6F61645F636F6E666967282920726533
:109878007475726E65642066616C7365202D2D2089
:10988800726573657474696E6720746F20666163AE
:10989800746F72792064656661756C747320616E8B
:1098A8006420736176696E6720746F20666C6173DB
:1098B800682100005B44454255475D20436F6E6652
:1098C80069674D616E616765723A3A696E697428B5
:1098D80029202D20666163746F7279206465666142
:1098E800756C747320736176656420746F20666C80
:1098F8006173682C20736176655F636F6E66696754
:109908002072657475726E65642025640A00000013
:109918000A2A2A2A2050414E4943202A2A2A0A0084
:109928004E6F207370696E6C6F636B732061726524
:1099380020617661696C61626C6500004E6F20750C
:109948007365722049525173206172652061766196
:10995800696C61626C650000486172647761726568
:1099680020616C61726D20256420616C7265616490
:109978007920636C61696D656400000048617264F8
:1099880020617373657274004F7574206F66206D63
:10999800656D6F727900000052656C6561736500D2
:1099A800626F6F74325F7732357130383000000083
:1099B800322E312E310000007069636F0000000004
:1099C800504541524C000000666E692B00000000B3
:1099D800666E69006E616E00666E692D000000009B
:1099E80055534220737464696E202F207374646F1A
:1099F80075740000526173706265727279205069E3
:109A0800000000005069636F00000000426F61723F
:109A18006420434443000000556E68616E646C65C1
:109A2800642049525120307825780A006570202535
:109A38003032582077617320616C726561647920D7
:109A4800617661696C61626C6500000043616E2734
:109A58007420636F6E74696E756520786665722010
:109A68006F6E20696E616374697665206570202564
:109A7800303258007374643A3A6578636570746973
:109A88006F6E00007374643A3A6261645F6578636C
:109A9800657074696F6E00007465726D696E6174CB
:109AA800652063616C6C65642072656375727369A7
:109AB80076656C790A0000007465726D696E617470
:109AC800652063616C6C65642061667465722074DE
:109AD80068726F77696E6720616E20696E73746152
:109AE8006E6365206F66202700000000270A0000CB
:109AF8007465726D696E6174652063616C6C656410
:109B080020776974686F757420616E206163746969
:109B1800766520657863657074696F6E0A00000069
:109B280020207768617428293A2020005F474C4F2D
:109B380042414C5F0000000028616E6F6E796D6FC6
:109B48007573206E616D657370616365290000002F
:109B58006175746F000000006465636C74797065EA
:109B6800286175746F290000737472696E67206CC0
:109B780069746572616C0000737464006465636C79
:109B880074797065286E756C6C70747229000000A9
:109B98005B6162693A0000002C2000003A3A00003C
:109BA8007B64656661756C742061726723000000D0
:109BB8007D3A3A006175746F3A00000074656D7003
:109BC8006C61746520706172616D65746572206F77
:109BD800626A65637420666F72200000696E69743A
:109BE80069616C697A657220666F72206D6F647541
:109BF8006C652000767461626C6520666F72200067
:109C080056545420666F722000000000636F6E7314
:109C18007472756374696F6E20767461626C652006
:109C2800666F7220000000002D696E2D0000000094
:109C380074797065696E666F20666F722000000027
:109C480074797065696E666F206E616D6520666FE8
:109C58007220000074797065696E666F20666E20E8
:109C6800666F7220000000006E6F6E2D7669727448
:109C780075616C207468756E6B20746F200000002D
:109C8800636F76617269616E742072657475726E45
:109C9800207468756E6B20746F2000006A617661AD
:109CA80020436C61737320666F7220006775617260
:109CB80064207661726961626C6520666F7220004B
:109CC800544C5320696E69742066756E6374696FAD
:109CD8006E20666F72200000544C532077726170BA
:109CE8007065722066756E6374696F6E20666F7238
:109CF800200000007265666572656E636520746594
:109D08006D706F7261727920230000006869646465
:109D1800656E20616C69617320666F7220000000B7
:109D28006E6F6E2D7472616E73616374696F6E20ED
:109D3800636C6F6E6520666F722000006F706572CD
:109D480061746F72000000006F70657261746F72E9
:109D5800200000003E280000636C000069780000C5
:109D680071750000203A20006E6577200000000021
:109D7800756C00006C6C0000756C6C0066616C732F
:109D8800650000006A617661207265736F757263A1
:109D9800652000006465636C747970652028000094
:109DA80074686973000000007B7061726D230000A5
:109DB800676C6F62616C20636F6E73747275637425
:109DC8006F7273206B6579656420746F20000000E2
:109DD800676C6F62616C2064657374727563746F0D
:109DE8007273206B6579656420746F200000000031
:109DF8007B6C616D62646100292300007B756E6E67
:109E0800616D65642074797065230000205B636C64
:109E18006F6E6520000000005B667269656E645DA8
:109E280000000000747970656E616D6500000000C7
:109E380074656D706C6174650000000020636C616E
:109E48007373000020726571756972657320000074
:109E580020726573747269637400000020766F6CF9
:109E68006174696C6500000020636F6E7374000094
:109E7800207472616E73616374696F6E5F7361667B
:109E880065000000206E6F657863657074000000DF
:109E9800207468726F77000026260000205F436FE9
:109EA8006D706C6578000000205F496D6167696EB0
:109EB800617279003A3A2A00205F5F766563746FB1
:109EC800722800007468697320000000282E2E2E66
:109ED800000000002E2E2E2900000000202E2E2E1D
:109EE8002000000024540000244E00002454540094
:109EF8007374643A3A616C6C6F6361746F720000DA
:109F0800616C6C6F6361746F720000007374643A03
:109F18003A62617369635F737472696E6700000007
:109F280062617369635F737472696E670000000031
:109F38007374643A3A737472696E67007374643A3E
:109F48003A62617369635F737472696E673C6368D0
:109F580061722C207374643A3A636861725F747238
:109F6800616974733C636861723E2C207374643A4F
:109F78003A616C6C6F6361746F723C636861723EC6
:109F8800203E00007374643A3A6973747265616DB7
:109F9800000000007374643A3A62617369635F6930
:109FA80073747265616D3C636861722C20737464AC
:109FB8003A3A636861725F7472616974733C63688A
:109FC80061723E203E00000062617369635F6973DD
:109FD800747265616D0000007374643A3A6F73744B
:109FE8007265616D000000007374643A3A626173CF
:109FF80069635F6F73747265616D3C636861722C2D
:10A00800207374643A3A636861725F747261697448
:10A01800733C636861723E203E00000062617369B0
:10A02800635F6F73747265616D0000007374643AE6
:10A038003A696F73747265616D0000007374643AF5
:10A048003A62617369635F696F73747265616D3CCD
:10A05800636861722C207374643A3A636861725F52
:10A068007472616974733C636861723E203E0000DB
:10A0780062617369635F696F73747265616D000013
:10A08800614E0000263D0000615300006161000040
:10A098006164000026000000616E0000616C696761
:10A0A8006E6F66200000000061770000636F5F61DB
:10A0B8007761697420000000617A00006363000022
:10A0C800636F6E73745F6361737400002829000006
:10A0D800636D00002C000000636F00007E0000002C
:10A0E800645600002F3D0000645800005B2E2E2EA1
:10A0F8005D3D00006461000064656C6574655B5DCE
:10A10800200000006463000064796E616D69635F1C
:10A118006361737400000000646500002A00000099
:10A1280064690000646C000064656C6574652000F7
:10A13800647300002E2A0000647400006476000036
:10A148002F00000064780000654F00005E3D0000AD
:10A15800656F00005E00000065710000664C00003D
:10A1680066520000666C00006672000067650000B9
:10A178003E3D000067730000677400005B5D0000EF
:10A188006C5300003C3C3D003C3D00006C69000005
:10A198006F70657261746F72222220006C73000008
:10A1A8003C3C00006C7400003C0000006D4900005D
:10A1B8002D3D00006D4C00002A3D00006D69000037
:10A1C8002D0000006D6C00006D6D00006E610000D8
:10A1D8006E65775B5D000000213D00006E77000032
:10A1E8006E6577006E7800006E6F657863657074D1
:10A1F800000000006F5200007C3D00006F6F0000FF
:10A208007C7C00007C000000704C00002B3D0000AE
:10A21800706C00002B000000706D00002D3E2A00BD
:10A22800707000002B2B0000707300007074000029
:10A238002D3E0000724D0000253D000072530000C5
:10A248003E3E3D00726300007265696E746572700F
:10A258007265745F6361737400000000726D0000C2
:10A26800250000003E3E00007350000073697A65C7
:10A278006F662E2E2E000000735A000073630000D4
:10A288007374617469635F63617374003C3D3E007D
:10A2980073697A656F662000737A00007472000033
:10A2A8007468726F77000000747700007468726FCA
:10A2B800772000007369676E6564206368617200C7
:10A2C800626F6F6C00000000626F6F6C65616E00FA
:10A2D8006368617200000000627974650000000024
:10A2E800646F75626C6500006C6F6E6720646F75D3
:10A2F800626C6500666C6F61740000005F5F666C7D
:10A308006F61743132380000756E7369676E656409
:10A318002063686172000000696E7400756E73696D
:10A32800676E656420696E7400000000756E73695D
:10A33800676E6564000000006C6F6E6700000000C7
:10A34800756E7369676E6564206C6F6E67000000D8
:10A358005F5F696E7431323800000000756E736992
:10A36800676E6564205F5F696E7431323800000083
:10A3780073686F7274000000756E7369676E656448
:10A388002073686F72740000766F696400000000C3
:10A3980077636861725F74006C6F6E67206C6F6EB4
:10A3A80067000000756E7369676E6564206C6F6E78
:10A3B80067206C6F6E670000646563696D616C335C
:10A3C80032000000646563696D616C36340000001A
:10A3D800646563696D616C313238000068616C6670
:10A3E8000000000063686172385F7400636861721E
:10A3F80031365F74000000006368617233325F7445
:10A40800000000005F466C6F617400007374643A6A
:10A418003A62666C6F617431365F7400474C49422A
:10A428004358585F54554E41424C45530000000074
:10A438006F626A5F73697A65000000006F626A5F25
:10A44800636F756E74000000676C69626378782EBC
:10A4580065685F706F6F6C008A09001066090010EC
:10A468005E090010FC070010FC070010FC07001034
:10A4780014090010E2080010FC070010FC07001087
:10A48800FC07001094080010FC070010FC070010DF
:10A498005E080010FC0700103A080010320800108F
:10A4A800FC070010FC0700103C070010FC07001018
:10A4B800FC070010FC070010FC070010FC07001048
:10A4C800FC070010FC070010FC070010FC07001038
:10A4D800FC070010FC0700108A090010660900102C
:10A4E8005E090010FC070010FC070010FC070010B4
:10A4F80014090010E2080010FC070010FC07001007
:10A50800FC07001094080010FC070010FC0700105E
:10A518005E080010FC0700103A080010320800100E
:10A52800FC070010FC0700103C070010313751757C
:10A538006164726174757265456E636F64657200FB
:10A5480054AC011034A501100000000048A501100A
:10A55800BD110010CD12001000FF0100010000FF26
:10A56800FF0000010001FF0078A501100AFF0000AC
:10A57800024026A047A0E1A0A6000700008025A071
:10A58800200042A11F1F000000000000010101007F
:10A5980000000000000000010101000000000000B0
:10A5A80000001F1F00000010101000001010100005
:10A5B8000000000000001F1F000000000000000C49
:10A5C80000000C0CCA1F0010B81F0010AE1F0010AE
:10A5D800A41F00109A1F0010901F0010861F001063
:10A5E8007C1F0010721F0010601F00104C2000100C
:10A5F80066200010A8200010C02000103420001091
:10A6080026200010062700100E270010182700101B
:10A6180000270010DE260010782A0010DA2A001021
:10A62800542A0010002B00106A2B0010F62B001083
:10A63800322C0010822C0010902C00104C2D001091
:10A64800722D00107A2D00107C2A0010942F001013
:10A65800862E0010802F0010602F00102A2F001067
:10A66800902E0010E82E0010902E0010A62E00103C
:10A67800B6370010C0370010C6370010CC370010AE
:10A68800D2370010D8370010DE370010E43700103A
:10A69800B037001036370010103B0010183B001080
:10A6A800103B0010103B00101E3B0010243B001014
:10A6B8002A3B0010303B0010103B0010103B0010EC
:10A6C800103B0010363B0010543B0010103B0010AC
:10A6D8005A3B0010603B0010663B00106C3B0010BA
:10A6E8000C3B0010103B0010103B0010123B0010F8
:10A6F800000020410000803FCDCCCC3DD49001101B
:10A70800E4900110EC900110F8900110F07D011018
:10A71800708801107C8801108888011094880110C5
:10A72800A0880110B0880110C0880110CC880110E1
:10A73800488801105C8801107491011084910110FF
:10A748009891011008910110209101103491011085
:10A758004C91011064910110FFFFFFFFFFFFFF7F85
:10A7680006005250D3F07542A099011006005250CD
:10A77800E182887FA8990110060052503ABCA911BD
:10A788007C7B011006005250ABB36053B89901109E
:10A7980006005250BBFF3CB6C0990110060052504B
:10A7A800861C0302C8990110060052505422A29D2B
:10A7B8001892011005005250DE65F468F8EA01109D
:10A7C800D48900108489001084890010CC89001075
:10A7D80084890010848900108489001084890010FD
:10A7E800848900108489001084890010C4890010AD
:10A7F80084890010BC8900108489001084890010A5
:10A80800B4890010F48B0010EA890010E48B001062
:10A81800EA890010CE8B0010EA890010EA8900103E
:10A82800EA890010EA890010EA890010EA89001014
:10A83800EA890010DC890010EA890010EA89001012
:10A84800EA890010EA890010EA890010DC89001002
:10A85800928C00103E8900103E8900103E8900103D
:10A868003E8900103E8900103E8900103E89001084
:10A878003E8900103E8900103E8900103E89001074
:10A888003E8900103E8900103E8900103E89001064
:10A898003E8900103E8900103E8900103E89001054
:10A8A8003E8900103E8900103E8900103E89001044
:10A8B8003E8900103E8900103E8900103E89001034
:10A8C8003E8900103E8900103E8900103E89001024
:10A8D800088C0010608C0010088C00103E89001055
:10A8E8003E8900103E8900103E8900103E89001004
:10A8F8003E8900103E8900103E8900103E890010F4
:10A908003E8900103E8900103E8900103E890010E3
:10A918003E8900103E8900103E890010A28E00106A
:10A928003E8900103E8900103E8900103E890010C3
:10A938003E8900103E8900103E8900103E890010B3
:10A948003E890010A28E0010A48C0010A28E001068
:10A95800088C0010608C0010088C001000000000AB
:10A96800000000000000F03F00000000000024404C
:10A9780000000000000059400000000000408F4027
:10A98800000000000088C34000000000006AF84092
:10A998000000000080842E4100000000D0126341B6
:10A9A8000000000084D797410000000065CDCD412C
:10A9B8000D0A000000000000919B0010000000003C
:10A9C800959B0010A19B0010CD9B0010C99B001007
:10A9D800000000000A00000000000306A6000800AE
:10A9E800020002009C001400030057494E555342D0
:10A9F80000000000000000000000800004000100CA
:10AA0800280044006500760069006300650049007D
:10AA18006E007400650072006600610063006500E6
:10AA2800470055004900440000004E007B006200CA
:10AA380063003700330039003800630031002D000F
:10AA480037003300630064002D00340063006200A7
:10AA580037002D0039003800620038002D00390019
:10AA68003100330061003800660063006100370080
:10AA78006200660036007D0000000000050F21001E
:10AA8800011C100500DF60DDD88945C74C9CD265E4
:10AA98009D9E648A9F00000306A600010000000036
:10AAA8000600525053B4F4A1E899011000000000C8
:10AAB800FC9901100C9A0110503B0020149A0110C7
:10AAC800B888011009025400030100807D080B00BA
:10AAD8000202020000090400000102020004052429
:10AAE80000200105240100010424020605240600B3
:10AAF800010705810308001009040100020A00008B
:10AB08000007050202400000070582024000000914
:10AB180004020000FF00010512011002EF020140CB
:10AB28008A2E0A00000101020301000094A7001008
:10AB3800FCA800104CA90010D4A80010E6A800102A
:10AB4800C4A8001034A80010E0A70010D4A7001073
:10AB5800B6AC00109CAC00106CAA0010D6AC00106B
:10AB68006CAA001084AC001070AC00106CAA001025
:10AB78005CAC001062AB00106CAA001042AF001071
:10AB880034AF001028AF00106CAA00106CAA001097
:10AB980012AF001034AF00106CAA00106CAA00109D
:10ABA8006CAA00106CAA00106CAA00106CAA001005
:10ABB8006CAA0010C8AE0010960E0020960E002059
:10ABC800E00E0020000F0020440F0020560F002048
:10ABD8008C0E002000000000CDB400103DB5001020
:10ABE8006DB50010B9B500105DB6001045B700107E
:10ABF800000000000000000045B80010A1B80010D7
:10AC0800BDB80010E5B80010299C001005BA001066
:10AC1800000000004E31305F5F63787861626976CA
:10AC28003131375F5F636C6173735F747970655F2F
:10AC3800696E666F45000000CCAD01101CAC0110B8
:10AC480000AE01100000000040AC011085C90010E2
:10AC580099C90010B9D40010B9D4001011CA001055
:10AC68003DC90010F5C90010B5C9001071C9001020
:10AC7800537439657863657074696F6E00000000FD
:10AC880054AC011078AC0110537431336261645FC5
:10AC9800657863657074696F6E000000CCAD011053
:10ACA80090AC011088AC01104E31305F5F6378784A
:10ACB800616269763131355F5F666F726365645FC3
:10ACC800756E77696E64450054AC0110B0AC011024
:10ACD8004E31305F5F637878616269763131395F10
:10ACE8005F666F726569676E5F65786365707469C2
:10ACF8006F6E450054AC0110D8AC01100000000084
:10AD0800A4AC0110DDCB0010F1CB0010E9CB001092
:10AD180034CC0010E2CC001094CC001034CC0010DD
:10AD28007ACC00100CCD00100CCD00100CCD00100A
:10AD38000CCD0010B0CC0010A0CC001034CC00100A
:10AD48007ACC00104E395F5F676E755F6378783232
:10AD5800307265637572736976655F696E69745F71
:10AD68006572726F72450000CCAD01104CAD0110D8
:10AD780088AC01100000000070AD011065D3001010
:10AD880079D30010E1CB00104E31305F5F637878E3
:10AD9800616269763132305F5F73695F636C6173DA
:10ADA800735F747970655F696E666F4500000000B7
:10ADB800CCAD011090AD011040AC011000000000B6
:10ADC800B8AD0110A1D30010B5D30010B9D400104C
:10ADD800B9D4001011CA00103DC9001091D4001058
:10ADE80009D40010D1D30010537439747970655F99
:10ADF800696E666F0000000054AC0110F0AD0110E0
:10AE080046D6001042D600103ED6001084D6001058
:10AE18003ED6001046D6001046D600108CD600103C
:10AE280042D6001046D6001046D600108CD6001028
:10AE380042D6001042D600103ED600108CD6001024
:10AE48008CD6001046D600108CD600108CD6001078
:10AE58008CD600103ED600102AD800105AD8001000
:10AE68005AD800105AD8001050D800102AD800100C
:10AE78002AD8001024D8001024D800105AD800105E
:10AE88005AD800105AD800105AD800105AD80010B2
:10AE98005AD800105AD800105AD800105AD80010A2
:10AEA8005AD800105AD800105AD800105AD8001092
:10AEB8005AD800105AD800102AD800105AD80010B2
:10AEC8005AD800105AD800105AD800105AD8001072
:10AED8005AD800105AD800105AD800105AD8001062
:10AEE8005AD800105AD8001050DA00103EDA001074
:10AEF8003EDA00103EDA00103EDA001054DA001094
:10AF080050DA00104ADA00104ADA00103EDA00106F
:10AF18003EDA00103EDA00103EDA00103EDA001089
:10AF28003EDA00103EDA00103EDA00103EDA001079
:10AF38003EDA00103EDA00103EDA00103EDA001069
:10AF48003EDA00103EDA001050DA00103EDA001047
:10AF58003EDA00103EDA00103EDA00103EDA001049
:10AF68003EDA00103EDA00103EDA00103EDA001039
:10AF78003EDA00103EDA00103EDA00103EDA001029
:10AF88003EDA00103EDA001050DA00103EDA001007
:10AF98003EDA00103EDA00103EDA00103EDA001009
:10AFA8003EDA00103EDA00103EDA00103EDA0010F9
:10AFB8003EDA001050DA00104ADA001036E10010CC
:10AFC800E8DF0010F4DF001010E00010E8DF0010E8
:10AFD80030E00010FEE00010E8DF0010E8DF0010AD
:10AFE800E8DF0010E8DF0010E8DF0010B0E1001033
:10AFF800E8DF00101AE100103CE00010E8DF001064
:10B0080058E00010E8DF001074E00010CEE00010F7
:10B01800E8E1001088DF001088DF001088DF0010EA
:10B0280088DF001088DF001088DF001088DF00103C
:10B0380088DF001088DF001088DF001088DF00102C
:10B0480088DF001088DF001056DF001088DF00104E
:10B0580088DF001088DF001088DF001088DF00100C
:10B0680088DF001088DF001088DF001088DF0010FC
:10B0780088DF001088DF001088DF001080E20010F1
:10B0880088DF001056E200105CE400102EE4001087
:10B09800D8E2001088DF0010AAE2001000E40010D7
:10B0A80088DF001088DF001088DF001088DF0010BC
:10B0B800D2E3001088DF0010BAE3001088DF001028
:10B0C80088DF00108CE3001056DF00105EE30010EC
:10B0D80006E300102CE6001006E6001006E6001055
:10B0E80006E6001006E6001006E6001006E6001068
:10B0F80006E6001006E6001006E6001006E6001058
:10B1080006E6001006E6001006E6001006E6001047
:10B1180006E6001006E6001006E6001006E6001037
:10B1280006E6001006E6001006E6001006E6001027
:10B138002CE6001006E6001006E6001006E60010F1
:10B1480006E6001006E6001006E6001006E6001007
:10B1580006E6001006E6001000E6001006E60010FD
:10B168002CE6001000E60010CCEB00108CEB001071
:10B17800C8EB001014EB0010C4EB0010C0EB00107B
:10B188008CFA0010CEF90010CEF90010CEF900109C
:10B19800CEF90010CEF90010CEF90010CEF900104B
:10B1A8006AFA0010CEF90010CEF90010CEF900109E
:10B1B800CEF90010CEF90010CEF90010CEF900102B
:10B1C800CEF900102AFA0010CEF90010F6F9001096
:10B1D800CEF90010E2F90010D0FC0010CEF90010F2
:10B1E80096FC0010CEF90010CEF90010E2FC001019
:10B1F800CEF900104CFC001072FC001060FC00102E
:10B20800CEF90010CEF90010CEF90010CEF90010DA
:10B21800CEF90010CEF90010CEF90010CEF90010CA
:10B2280084FC0010CCFB0010CEF90010F6FB0010D7
:10B23800E2FB0010CEF90010CEF90010CEF9001094
:10B24800CEF90010CEF90010CEF90010CEF900109A
:10B25800CEF90010CEF90010CEF90010CEF900108A
:10B268000CFC0010CEF90010CEF90010CEF9001039
:10B27800CEF900109AFB0010CEF90010CEF900109C
:10B28800CEF90010CEF90010CEF90010CEF900105A
:10B29800CEF90010CEF90010CEF90010CEF900104A
:10B2A800CEF90010CEF90010CEF9001068FB00109E
:10B2B800AC1601100002011000020110EA1501107D
:10B2C800B01201109C0B0110860B01106E130110B7
:10B2D8003E130110B20701109C07011074070110FA
:10B2E8005E070110E40601104A060110D00501109E
:10B2F80056050110DC04011062040110E803011076
:10B30800840D0110AA18011034180110BE1701107D
:10B31800920F0110BCFF0010BCFF0010BCFF001012
:10B3280062FF001062FF001062FF001062FF001051
:10B3380062FF001062FF001062FF001062FF001041
:10B348009A0101109A01011062FF001062FF0010BB
:10B358003C17011012000110F419011020190110F6
:10B36800D0000110B2FF0010D000011070000110D1
:10B37800700001106E0301109C0201109E11011053
:10B3880024110110B2FF0010AA1001109C10011026
:10B398002A020110B00E0110B2FF0010FE0D0110BC
:10B3A800B2FF0010B2FF00100801011008010110DF
:10B3B800861D01107C1301109E140110461A0110FD
:10B3C800F61B011020120110801B0110F40201105D
:10B3D800680A0110B2FF001074090110EE0901108B
:10B3E8002C080110A6080110EC1A011062FF0010C9
:10B3F8006C1A0110880C011062FF001062FF001027
:10B40800F61301101E0001101E0001105602011053
:10B418000C0B01102E150110B614011012000110AA
:10B428000A0D0110061D0110861C011014100110D0
:10B43800383301102C33011020330110143301105C
:10B448004433011048380110EA350110EA3501107B
:10B45800EA350110EA350110EA350110EA35011024
:10B46800EA350110EA350110EA350110EA35011014
:10B47800EA350110EA350110EA350110EA35011004
:10B48800EA350110EA350110EA350110EA350110F4
:10B49800EA350110EA350110EA350110F6350110D8
:10B4A80066360110D8360110F635011066360110DF
:10B4B800D8360110AE3B0110DE370110DE35011021
:10B4C800FE370110283801104A3701105238011090
:10B4D800C438011054390110EA350110EA35011059
:10B4E800EA350110EA350110C8390110EA350110B2
:10B4F800503A0110EA350110EA350110EA35011019
:10B50800EA350110EA350110EA350110EA35011073
:10B51800EA350110EA350110EA350110EA35011063
:10B52800EA350110EA350110EA350110EA35011053
:10B53800EA350110EA350110EA350110EA35011043
:10B54800EA350110EA350110EA350110EA35011033
:10B55800EA350110EA350110EA350110EA35011023
:10B56800EA350110EA350110EA350110EA35011013
:10B57800EA350110C63A0110EA350110EA35011022
:10B588003A3B01106A370110EC9E0110F09E011041
:10B59800F49E011074000000809B0110030000005D
:10B5A800809B011003000000000000000000000064
:10B5B80061000000F89E01100E000000F89E0110C6
:10B5C8000E000000089F0110090000006200000042
:10B5D800149F011011000000149F011011000000B9
:10B5E800289F01100C00000073000000389F011014
:10B5F8000B000000449F011046000000289F011026
:10B608000C000000690000008C9F01100C00000075
:10B618009C9F011031000000D09F01100D00000018
:10B628006F000000E09F01100C000000F09F011067
:10B638003100000024A001100D000000640000008B
:10B6480034A001100D00000044A0011032000000D9
:10B6580078A001100E00000088A001108CA0011035
:10B66800020000000200000090A001105C800110A0
:10B67800010000000200000094A00110A09E01102B
:10B68800020000000200000098A001109CA0011018
:10B698000100000001000000A0A001109CA0011002
:10B6A800010000000200000010A40110A4A0011075
:10B6B8000800000001000000B0A00110B4A00110B3
:10B6C8000900000001000000C0A00110A4A00110A2
:10B6D8000800000001000000C4A00110C8A001106B
:10B6E8000A00000002000000609D0110D4A00110B3
:10B6F8000200000002000000D8A00110DCA0011028
:10B708000100000002000000E0A00110E4A0011008
:10B718000100000001000000E8A00110ECA00110E9
:10B728000200000002000000F0A00110F4A00110C7
:10B738000600000003000000FCA0011000A1011099
:10B7480009000000010000000CA1011010A1011067
:10B758000C0000000200000020A1011024A101102B
:10B76800010000000100000028A101105C80011008
:10B7780001000000020000002CA1011030A10110FE
:10B78800070000000100000038A101103CA10110D1
:10B79800020000000200000040A101107CA201107C
:10B7A800010000000200000044A1011048A101109E
:10B7B80001000000020000004CA10110F8A00110D7
:10B7C800020000000200000050A1011054A1011065
:10B7D800020000000200000058A101105CA1011045
:10B7E800010000000200000060A101102483011084
:10B7F800020000000200000064A101103C92011048
:10B80800030000000300000068A101103C92011031
:10B8180003000000030000006CA101103C9201101D
:10B82800030000000200000070A101103C9201100A
:10B83800030000000200000074A1011078A10110AB
:10B8480002000000020000007CA10110A49B01106E
:10B85800020000000100000080A10110CC9F01102F
:10B868000100000002000000649D011084A1011085
:10B87800020000000200000088A101108CA1011044
:10B8880003000000020000005C99011090A1011063
:10B89800020000000200000094A1011098A101100C
:10B8A8000B00000001000000A4A10110A8A10110D4
:10B8B8000200000002000000ACA10110B0A10110BC
:10B8C8000100000002000000B4A10110B8A101109D
:10B8D8000200000002000000BCA10110C0A101107C
:10B8E8000200000002000000C4A10110C8A101105C
:10B8F8000100000002000000CCA1011024A10110E9
:10B908000100000002000000D0A10110A482011073
:10B918000200000001000000D4A10110D8A101100C
:10B92800050000000300000068890110E0A1011073
:10B938000200000002000000BCA30110C8A1011011
:10B948000100000001000000A48A0110B08A011063
:10B958000100000001000000E4A10110E8A10110AD
:10B968000300000003000000ECA10110F0A1011089
:10B978000800000001000000FCA1011000A2011055
:10B98800020000000200000004A2011008A2011039
:10B998000200000002000000049F01100CA2011028
:10B9A800010000000200000010A2011014A2011002
:10B9B800020000000200000018A201101CA20110E1
:10B9C800010000000200000020A2011024A20110C2
:10B9D800030000000200000028A201102CA20110A0
:10B9E800020000000100000030A201101CA201109A
:10B9F800010000000100000034A2011038A201106B
:10BA08000200000002000000689D0110848F0110F0
:10BA180001000000030000003CA2011040A2011038
:10BA2800020000000200000044A2011048A2011018
:10BA380003000000020000004CA2011050A20110F7
:10BA4800100000000200000064A2011068A20110AA
:10BA58000100000002000000088101106CA2011022
:10BA6800020000000200000070A2011074A2011080
:10BA7800090000000100000080A2011074A201105A
:10BA8800090000000100000084A2011088A2011032
:10BA98000B00000002000000489E011094A2011053
:10BAA8000300000002000000D0A0011098A20110BD
:10BAB8000700000001000000A0A2011098A20110D8
:10BAC8000700000001000000A4A20110A8A20110B4
:10BAD8000500000000000000B0A20110B4A201108F
:10BAE8000600000001000000000000000000000047
:10BAF8000000000000000000BCA201100B000000C4
:10BB0800BCA201100B00000000000000C8A2011038
:10BB180004000000D0A20110070000000700000088
:10BB2800D8A2011004000000E0A2011004000000E7
:10BB380000000000E8A2011006000000E8A20110C1
:10BB48000600000008000000F0A201100B00000031
:10BB5800F0A201100B00000008000000FCA2011078
:10BB680005000000FCA2011005000000080000000C
:10BB780004A301100A00000004A301100A00000039
:10BB88000800000010A301100D00000010A3011010
:10BB98000D0000000000000020A3011003000000B9
:10BBA80020A30110030000000100000024A30110DD
:10BBB8000C00000034A3011008000000020000007F
:10BBC800000000000000000000000000000000006D
:10BBD8000000000040A301100400000040A3011071
:10BBE800040000000300000048A301100D0000003D
:10BBF80048A301100D0000000400000058A3011024
:10BC08000800000058A30110080000000000000010
:10BC180064A301101100000064A3011011000000CA
:10BC2800000000000000000000000000000000000C
:10BC380000000000000000000000000000000000FC
:10BC480000000000000000000000000000000000EC
:10BC580000000000000000000000000000000000DC
:10BC680078A301100500000078A30110050000006A
:10BC78000000000080A301100E00000080A3011046
:10BC88000E0000000000000000000000000000009E
:10BC980000000000000000000000000090A3011058
:10BCA8000400000090A30110040000000900000037
:10BCB80098A3011007000000D8A20110040000009A
:10BCC80000000000A0A301100900000040A301101B
:10BCD8000400000005000000ACA3011012000000E1
:10BCE800ACA3011012000000060000003C920110F5
:10BCF800030000003C920110030000000000000057
:10BD0800C0A3011009000000C0A301100900000031
:10BD180000000000CCA3011009000000CCA3011012
:10BD28000900000000000000D8A301100A0000006C
:10BD3800D8A301100A00000000000000E4A30110CD
:10BD480004000000E4A30110040000000800000043
:10BD5800ECA3011007000000ECA30110070000008D
:10BD680000000000F4A3011008000000F4A3011073
:10BD7800080000000000000000A4011008000000F6
:10BD880000A401100800000000000000849B0110BE
:10BD980011000000849B0110110000000000000049
:10BDA8000CA40110060000000CA4011006000000FD
:10BDB8000800000014A401100F00000014A40110D2
:10BDC8000F00000008000000002020202020202074
:10BDD8002020282828282820202020202020202033
:10BDE8002020202020202020208810101010101043
:10BDF800101010101010101010040404040404048F
:10BE08000404041010101010101041414141414128
:10BE1800010101010101010101010101010101010A
:10BE2800010101011010101010104242424242421A
:10BE380002020202020202020202020202020202DA
:10BE48000202020210101010200000000000000082
:10BE580000000000000000000000000000000000DA
:10BE680000000000000000000000000000000000CA
:10BE780000000000000000000000000000000000BA
:10BE880000000000000000000000000000000000AA
:10BE9800000000000000000000000000000000009A
:10BEA800000000000000000000000000000000008A
:10BEB800000000000000000000000000000000007A
:0CBEC8000000000000000000000000006E
:10BED40080030181B0B0AB7000000000090FFF7F48
:10BEE400803F2401B0B0ABF0FFFF011E0EBC020086
:10BEF40000CC0268EC1000E00304EE1000EC03DE5A
:10BF040009EC1000E00D9E03000000003080018168
:10BF1400B0AB08B10000000080030181B0B0AB7089
:10BF24000000000080040181B0B0ABF0000000000C
:10BF340080040181B0B0ABF00000000080060181F4
:10BF4400B0B0ABF00000000080060181B0B0AB30AF
:10BF54000000000080100181B0B0ABF000000000D0
:10BF6400F0800181B0AB08B100000000800C0181B9
:10BF7400B0B0ABF00000000080060181B0B0AB307F
:10BF84000000000080020181B0B0ABF000000000AE
:10BF9400800A0181B0B0ABF0000000008002018192
:10BFA400B0B0AB3000000000F0800181B0AB08B14C
:10BFB40000000000800B0181B0B0AB7000000000F5
:10BFC40030800181B0AB08B1000000008002018123
:10BFD400B0B0ABF000000000803F0181B0B0AB1006
:10BFE40000000000F0800181B0AB08B10000000047
:10BFF40080010181B0B0AB1000000000E90DFF7FAB
:10C00400F0801601B0B0B0ABFF101901102AAA08D5
:10C014000000D60904DE0901DA0904000001000069
:10C0240000000000C10DFF7FB0B0A800FF100D019B
:10C03400040206080101000000000000A90DFF7FB2
:10C04400B0AA0100FF10290118323400007204A6BE
:10C054000103782E0000C20118EA0100E4010E0079
:10C06400000200017D0000000000000018ECFFFF4A
:10C07400750DFF7FF0800401B0B0B0ABFF10190163
:10C084000F440A4E0198013CDA0100E20104000069
:10C0940001000000000000004D0DFF7FB0B0AA00B9
:10C0A400FFFF010076B20181B0ABF0800000000018
:10C0B4000FB20181B0AB108000000000800A018142
:10C0C400B0B0ABF0000000003F010181B0AB708064
:10C0D4000000000080040181B0B0ABF0000000005B
:10C0E400F041FE7FECFDFF7FC442FE7FF0FDFF7F49
:10C0F4004C4BFE7F18FEFF7FA04BFE7F010000002B
:10C10400A44BFE7F14FEFF7F784CFE7F18FEFF7F5A
:10C11400404EFE7FB0B0A8804C4EFE7F008402806B
:10C124007C4EFE7F0CFEFF7F704FFE7F01000000FF
:10C13400704FFE7F08FEFF7F8050FE7F0CFEFF7F66
:10C144008851FE7F10FEFF7FEC54FE7FB0B0AA80C2
:10C154006055FE7F010000001056FE7FB0B0A8803D
:10C164003856FE7F010000003456FE7FB0B0AA802E
:10C174004C56FE7F010000006056FE7FB0B0A880E0
:10C184007456FE7FAB108080F057FE7F01000000E4
:10C194001C58FE7FB0B0AA809C58FE7F01000000AE
:10C1A4005C59FE7FB0AA0780545AFE7FB0A90A806A
:10C1B400385BFE7FB0A80F80C05BFE7F01000000EB
:10C1C400D05CFE7FB0B0A8802C5DFE7F94FDFF7F25
:10C1D4003C5EFE7FAB08B180AC60FE7F90FDFF7FCC
:10C1E4006C61FE7FB0A80780FC61FE7FB0B0AA80BE
:10C1F4009062FE7F84FDFF7F8463FE7FB0A8098088
:10C204001864FE7FB0A80580AC64FE7FB0B0AA803D
:10C214003465FE7FB0A805804466FE7FB0B0AA8076
:10C22400D066FE7FB0A914800C68FE7FB0A90A8096
:10C23400FC6BFE7FB0B0AA80406EFE7FB0B0A880D9
:10C24400286FFE7F40FDFF7FE86FFE7F44FDFF7F88
:10C254005871FE7F48FDFF7F9473FE7FB0A807806E
:10C264003074FE7FB0A805809875FE7FB0A9068063
:10C274009877FE7FB0B0A8801C79FE7F2CFDFF7FED
:10C284000C7BFE7FAB108080A87BFE7F010000004A
:10C29400AC7BFE7FB0B0AA80107CFE7FB0A90A8080
:10C2A400AC7CFE7F10FDFF7F207EFE7FB0AB06805E
:10C2B400B87EFE7F0CFDFF7F9C7FFE7F01000000A7
:10C2C4005481FE7F08FDFF7F2485FE7FAB08B1808B
:10C2D400B886FE7F04FDFF7F1888FE7F08FDFF7F80
:10C2E400948CFE7FAB108080C08DFE7F0100000027
:10C2F4004806FF7FB0AA03807406FF7F0100000098
:10C304000C07FF7FAB08B1802807FF7F0100000006
:10C314003407FF7FDCFCFF7FEC07FF7F0100000098
:10C32400EC08FF7FAB708080E809FF7FB0B0A88085
:10C33400200AFF7FAB08B180AC0AFF7FC0FCFF7FFF
:10C34400880FFF7FE0FCFF7F900FFF7F010000005C
:10C35400980FFF7FB0B0A880A80FFF7F01000000F6
:10C36400B80FFF7FB0B0A880E80FFF7F0100000086
:10C374005C10FF7FB0AB02808C10FF7FB0AB0480F9
:10C384000C11FF7FAB08B1802811FF7F0100000072
:10C394005811FF7FA8FCFF7F6012FF7F010000009F
:10C3A4007090FF7FCCFCFF7F5C91FF7FECFCFF7FF4
:10C3B400C891FF7FB0B0A8808492FF7F0100000085
:10C3C400C892FF7FB0B0AA80F492FF7FB0B0A8807B
:10C3D4005C93FF7F010000002C4DFE0FB0A9048088
:10C3E400B84DFE0FB0B0A8800C4EFE0F0100000047
:10C3F400144EFE0FB0B0AA80484EFE0FA8FCFF7F7B
:10C40400184FFE0FAB3F3A80644FFE0FB0B0A880C8
:10C41400704FFE0FB0B0AA80B04FFE0FB0B0A8802E
:10C42400C44FFE0F01000000C04FFE0FB0B0A88043
:10C43400C84FFE0F010000007850FE0F74FCFF7F10
:10C44400E850FE0F78FCFF7FB853FE0FB0B0A88011
:10C45400D453FE0F74FCFF7F7856FE0F01000000DA
:10C46400E857FE0F00840480F857FE0FB0B0A88090
:10C47400F857FE0F60FCFF7FE45AFE0FB0A803805C
:10C48400045BFE0FB0B0A8801C5BFE0F010000002F
:10C4940068A7011074A7011080A701108CA70110D0
:10C4A40098A70110A4A70110B0A70110BCA7011000
:04C4B400A8AA011021
:10C4B800D02330B500251B0600245D5705E0BFF3E7
:10C4C8005F8F1C6081F3108820BF0268EFF3108132
:10C4D80072B61368002BFCD0BFF35F8F0279036834
:10C4E8007F2AECD90571BFF35F8F00221A6081F3B0
:10C4F800108830BD03000068EFF3108C72B6026834
:10C50800002AFCD0BFF35F8F04229A56002A0BDB67
:10C51800002900D00A6000201B68BFF35F8F00224B
:10C528001A608CF310887047D02212061268012016
:10C538001A71F1E7F0B5C646150000B504001E00F3
:10C548000268EFF3108172B61368002BFCD0BFF3BA
:10C558005F8F0423E3562268002B2BDBBFF35F8F2A
:10C568000020106081F31088D0221206127800276C
:10C5780052B290469A420ED1002080BCB846F0BD17
:10C58800BFF35F8F176081F310882800310001F036
:10C5980053FF0028F0D12268EFF3108172B61368B8
:10C5A800002BFCD0BFF35F8F237922687F2BE7D95C
:10C5B800434602E0D0231B061B682371BFF35F8F3D
:10C5C8000023136081F310880120D6E7F0B5C64632
:10C5D80000B50D00040001F0E7FEFA2206000F0086
:10C5E800002328000021920001F00EFF36184F4169
:10C5F800002F02DA0126174F7642D0231B061B684C
:10C60800002598460AE0BFF35F8F156081F3108814
:10C618003000390001F010FF002818D12268EFF32C
:10C62800108172B61368002BFCD0BFF35F8F23799B
:10C6380022687F2BE7D943462371BFF35F8F00231E
:10C64800136081F31088012080BCB846F0BD00203B
:10C65800FAE7C046FFFFFF7F0268EFF3108172B66A
:10C668001368002BFCD0BFF35F8FFF2303710368AF
:10C67800BFF35F8F00221A6081F3108840BF7047B4
:10C6880010B5084C2378002B0AD1802306480749A7
:10C698005B051A68C25004338B42FAD10123237018
:10C6A80010BDC0466A3B0020D033001000010010C6
:10C6B80010B5014B984710BDD1330020034B1A68C1
:10C6C800C0239B009343024A136070470C800140CB
:10C6D8000C900140054B1A6880239B005340C022F0
:10C6E80092001340024A13607047C0460C80014014
:10C6F8000C900140F0B58023D6464F464646421876
:10C7080004000D00C0B59B039A4227D800270026D5
:10C71800B88A338B13499847338B82461249B88AB3
:10C728009847338B81461149B88A9847338B10490B
:10C738008046B88A98470600FFF7A2FFD047C84747
:10C7480080222900D82320005202C047B047FFF7B3
:10C75800AFFFE0BCBA46B146A846F0BD01F03CFECA
:10C76800D4E7C0464946000045580000524500003D
:10C7780046430000F8B54E464546DE4657468023F8
:10C78800E0B515008218040089469B039A4226D812
:10C7980000270026B88A338B12499847338B834683
:10C7A8001149B88A9847338B82461049B88A984706
:10C7B800338B0F498046B88A98470600FFF760FF19
:10C7C800D847D0472A0049462000C047B047FFF75E
:10C7D8006FFFF0BCBB46B246A946A046F8BD01F0C3
:10C7E800FBFDD5E7494600004558000052500000BF
:10C7F800464300000023F0B5DE4657464E46454600
:10C808009A46E0B583B001900E00988A42491B8B86
:10C8180014009847534681464049988A1B8B98478D
:10C8280053463F490500988A1B8B98478046FFF777
:10C8380027FFC847A847FFF74DFF251E22D008232A
:10C84800C0219C460220490562468B6A1A4018425C
:10C858003CD0631B002D2CD1002A11D1002C11D003
:10C86800C0235B059B4602239A46063399465B46DE
:10C878004A4657469B6A1A401F423FD0002AF6D0C4
:10C88800002C2DD1FFF71AFFC047FFF711FF03B0A7
:10C89800F0BCBB46B246A946A046F0BD002C2FD13D
:10C8A800C0225205926A914608224F463A40BF0775
:10C8B8002DD50D2B1BD9002AF0D1C0225205926A22
:10C8C800914608224F463A40BF07F2D4002A04D1C5
:10C8D8002B002343002BB7D1D4E72B00002CF9D031
:10C8E8000B6E013C3370230001362B43F2E7019FA6
:10C8F800013D3B7801370B660197E7E70025E5E73F
:10C90800C0235B051B6E013C337001369CE72B008E
:10C91800002ADFD1DCE7C046494600004558000040
:10C92800464300000022154B10B59A60DA601A6180
:10C938005A619A61DA611A625A629A62DA621A6311
:10C948005A639A63DA631A645A649A64DA641A65F1
:10C958005A659A65DA651A665A669A66DA661A67D1
:10C968005A679A67DA67F03292000021044801F0AA
:10C978005BFD044B044A1A6010BDC046000010500D
:10C9880030370020FC3A002080011050F0B54E46A8
:10C998004546DE465746E0B5214B00249E6D0125ED
:10C9A80085B0002E22D01F4B9A46012399461E4B74
:10C9B800984601E0202C19D02A00230001342F00CA
:10C9C8003240E4B26D00002AF4D0524697654A46D8
:10C9D8005B085B0022409B185B01434418009B46A0
:10C9E80000F01EFC002808D1BE43E3D105B0F0BC1E
:10C9F800BB46B246A946A046F0BD5B46E0219A7800
:10CA0800DB8A01A883600023C9000180012102712B
:10CA1800437100F025FC584600F0A0FBE4E7C0464F
:10CA28000000115000301150F03600209823F0B566
:10CA3800C646C84A00B5D55880232E009B0210244C
:10CA480084B01E401D4274D0C34BC44C9A6AC44B78
:10CA580000261A603B23E35C022B00D14FE17B23C5
:10CA6800E35C022B00D1F3E0BB23E35C022B00D193
:10CA7800FAE0FB23E35C022B00D101E13C23FF3306
:10CA8800E35C022B00D12DE17C23FF33E35C022B16
:10CA980000D10EE1BC23FF33E35C022B00D13FE160
:10CAA800FC23FF33E35C022B00D1F5E0AD4BE35CE4
:10CAB800022B00D174E1AC4BE35C022B00D105E101
:10CAC800AA4BE35C022B00D175E1A94BE35C022B76
:10CAD80000D132E1A74BE35C022B00D1A0E1A64BC9
:10CAE800E35C022B00D171E1A44BE35C022B00D183
:10CAF800A1E1A34BE35C022B00D17FE1002E08D11A
:10CB0800A04B1B78002B04D180219F4A90338902C7
:10CB1800D150C02269468F4B92009B6C80265B05E2
:10CB28008A805B0D012101A8029300F099FB974CC4
:10CB3800B602EB0600D57FE080235B021D4231D0B0
:10CB48001E43012302249846844FBB7E002B14D039
:10CB580001F062FC012800D972E0C02200213800EF
:10CB6800920100F001FB380000F0F8FA01F054FCE3
:10CB7800012802D9844B5C661C664346FB7020374B
:10CB8800012C22D1C0236A46DB009380804A02AB85
:10CB980003CA03C3012101A800F062FB80227A4B7B
:10CBA80092021A6580235B011D4210D18023DB01AC
:10CBB8001D4223D180231B021D422FD1AE4200D03B
:10CBC800C0E104B080BCB846F0BD0124BDE7002434
:10CBD8001E43604B1C60FFF7A5FE80236A465B007E
:10CBE80093801472012101A800F03AFB8022664B61
:10CBF80012031A658023DB011D42DBD01E4380230C
:10CC08006A46DB009380012101A800F029FB10226D
:10CC18005D4B1A6580231B021D42CFD01E43A02303
:10CC28006A46DB009380012101A800F019FB8022ED
:10CC3800554B12011A65C1E7FFF7A8FE26007BE7EE
:10CC4800544B444A1C66536E2340A342FBD184E7ED
:10CC58007833E75C002F00D106E70233E25C002A54
:10CC680000D00DE13E00FFE6B833E75C002F00D1AD
:10CC7800FFE60233E25C002A00D0F9E03E00F8E665
:10CC8800F833E75C002F00D1F8E60233E25C002AB3
:10CC980000D041E13E00F1E6F933FF33E75C002FB5
:10CCA80000D103E70233E25C002A00D02BE13E000A
:10CCB800FCE67933FF33E75C002F00D1EAE6023364
:10CCC800E25C002A00D015E13E00E3E6324BE75C67
:10CCD800002F00D1F4E60233E25C002A00D001E123
:10CCE8003E00EDE63933FF33E75C002F00D1CBE699
:10CCF8000233E25C002A00D0EBE03E00C4E63833A1
:10CD0800E65C002E00D1AAE60233E25C002A00D1DC
:10CD1800A5E6200000222030E25400F04DFA9EE6FD
:10CD2800B933FF33E75C002F00D1B9E60233E25C88
:10CD3800002A00D0C4E03E00B2E6184BE75C002FA2
:10CD480000D1C7E60233E25C002A00D0B0E03E0022
:10CD5800C0E6C0460000115000400540F0360020F3
:10CD68003C3500203B0200007B020000BB020000B3
:10CD7800FB0200003B0300007B030000BB03000034
:10CD8800FB030000683B0020003011501000020037
:10CD980000001050002011507A020000FA02000032
:10CDA8006B4BE75C002F00D185E60233E25C002A7A
:10CDB80076D13E007FE6674BE75C002F00D184E622
:10CDC8000233E25C002A63D13E007EE6624BE75CF8
:10CDD800002F00D188E60233E25C002A00D0A3E0ED
:10CDE8005E4BE35C022B30D15D4BE35C002B27D11B
:10CDF8005C4BE35C022B00D08BE63E005A4BE35CB5
:10CE0800002B00D17AE6FF239B00E25C002A00D1C8
:10CE18007FE60022E2541C3BE01800F0CDF978E6EA
:10CE2800524BE75C002F00D159E60233E25C002A3E
:10CE380016D13E0053E64A4BE35C002B00D158E67E
:10CE4800EF239B00E25C002A75D1464BE35C022B82
:10CE580000D05EE6444BE35C002B00D159E6D2E7F4
:10CE68000022E2541C3BE01800F0A6F93E0036E62A
:10CE780020000022A030E2543E0000F09DF9F8E5C1
:10CE8800200000226030E2543E0000F095F9EBE506
:10CE98000022E2541C3BE01800F08EF93E0014E634
:10CEA8000022E2541C3BE01800F086F93E0002E63E
:10CEB8000022E2541C3BE01800F07EF93E0009E62F
:10CEC80020000022A130FF30E2543E0000F074F947
:10CED800E6E5200000222130FF30E2543E0000F059
:10CEE8006BF9D1E50022E2541C3BE01800F064F92C
:10CEF8003E00E5E5200000226130FF30E2543E00AC
:10CF080000F05AF9C6E520000022E130FF30E25473
:10CF18003E0000F051F9C9E520000022E030E2545B
:10CF28003E0000F049F9A9E50022E2541C3BE01854
:10CF380000F042F954E70022E2541C3BE01800F0EC
:10CF48003BF982E731000A48694001F07DFAC046A2
:10CF58003A020000BA0200007A030000BB03000096
:10CF6800BA030000FB030000FA0300003A030000C4
:10CF7800209A0110F0B5C64600B50200838A008BDE
:10CF88008C46011C984200D9191CD47880252000B1
:10CF9800461EB04189B2ED000D43400328430125E8
:10CFA8006C405B1AD47054789BB29382002C31D1B8
:10CFB8006446D568A4014E1E2D19B046146900298F
:10CFC80023D0062E32D92B0023439B072ED1631C76
:10CFD800EB1A022B2AD900238F08BF00E658EE501F
:10CFE80004339F42FAD14346ED19DB1BE419B942D9
:10CFF80009D026782E70002B05D066786E70012B2C
:10D0080001D0A378AB701469938A641814618022E4
:10D0180012021043002B02D18023DB011843634620
:10D02800002B00D0000480BCB846F0BD0023E65CAD
:10D03800EE5401339942FAD1E5E7C0468368F0B56A
:10D048001A680400002900D0120C63789205900D2C
:10D05800002B08D1E38AC318E382238B834201D9CA
:10D068000023A382F0BDE368890125695E18471E85
:10D07800002822D0062F26D901315B18EB1A022B83
:10D0880021D92B0033439B071DD10023120E920098
:10D09800F158E95004339A42FAD1BF1AAD18B618BC
:10D0A800904209D032782A70002F05D072786A70C1
:10D0B800012F01D0B278AA702569E38A2D18C31808
:10D0C800E3822561C9E70022B35CAB540132904288
:10D0D800FAD12569F1E7C04610B50400836800213C
:10D0E8001B68FFF7ABFF63681B685B0002D5238BE7
:10D0F800834200D010BD01212000FFF79FFFF9E710
:10D10800084A0300126C0020920703D49A78D209C7
:10D11800012A00D07047D87E023843425841C0B235
:10D12800F8E7C0460000115010B5FFF7E9FF0028E6
:10D138000CD00749074B8C46074A9B6A1268634420
:10D148009B1A0020C6229A424041C0B210BDC04678
:10D15800E0FCFFFF004005403C35002000238376BB
:10D16800436103617047C04610B58368002901D048
:10D178001C682140002A12D08024E4001143224276
:10D188000DD01A6822420CD1084A0A401A60084A8F
:10D19800126C920703D40C23033BFDD283681960F9
:10D1A80010BD8178034801F04FF9C046FFFBFFFF2F
:10D1B80000001150349A0110436870B50021802591
:10D1C80004001E68FFF7D6FE124B6D011A6C05436A
:10D1D800A37892070ED55B060ED00F4B1E40802316
:10D1E8009B05334362680021136020002A00FFF783
:10D1F800BBFF70BDDB09F0D0A38A002BEDD0012165
:10D208002000FFF7B7FEA023044ADB0532400543A0
:10D218001343E7E700001150FFFFFFAFFFFFFFDFF9
:10D2280070B5857E0400002D14D0FFF755FFA38A42
:10D23800002B01D1280070BD2000FFF775FF0028E2
:10D2480003D0012300252377F4E72000FFF7B4FF7C
:10D258000025EFE78178014801F0F6F8549A0110AB
:10D26800F0B5CE46474680B5437805000E0085B038
:10D27800062B08D86C4A9B00D3589F466B4A1378F4
:10D288000133DBB213706A4B1C686269EFF31081DB
:10D2980072B61368002BFCD0BFF35F8FA16120002A
:10D2A800290001F0E1F86269A369BFF35F8F0021EB
:10D2B800116083F31088002804D105B0C0BCB946BA
:10D2C800B046F0BD32006978287801F08DF8F4E7AF
:10D2D8000121584B1A788A431A701A7801318A4307
:10D2E8001A7000225A701A7802318A431A70CAE7F3
:10D2F8005149524F894652490024002388463A78BA
:10D3080012E043461B6861015B18002B06D0DB69FD
:10D31800002B03D06968287898473A780134E4B23A
:10D32800511C2300A14217DBA242EAD89B1A5B01D9
:10D338004B44ECE73F4B1A78D207BED504211A7844
:10D348000A431A709FE73B4B1A78D207B5D50421D8
:10D358001A788A431A7096E7364F3B785B072BD5C5
:10D3680004223B78002193433B706B460632981D9C
:10D3780001F05AF82B7801AC2370052363702C4B0D
:10D388001B6898465A69EFF3108172B61368002B30
:10D39800FCD0BFF35F8F434640469961210001F0FE
:10D3A80063F843465A699B69BFF35F8F0021116098
:10D3B80083F31088002831D1FB78DB0700D47CE7A1
:10D3C8006B460A220021981D01F02EF82B7801AC3B
:10D3D8002370032363706B686360154B1D686A696B
:10D3E800EFF3108172B61368002BFCD0BFF35F8F88
:10D3F800A9612800210001F037F86A69AB69BFF319
:10D408005F8F0021116083F31088002800D154E752
:10D4180032006178207800F0E7FF4EE7320061784B
:10D42800207800F0E1FFC7E7C0AB0110693B00209E
:10D4380038300020E02F0020DCAB0110673B0020D3
:10D44800302E00207047C04603685A0004D5802259
:10D4580012061343C01870475B005B08FAE7C04622
:10D46800F8B54E464546DE46574680469146E0B5F5
:10D4780000292AD04B1E9B469A4600275346FB1884
:10D48800DC0FE41843466410E5005E193000FFF72E
:10D49800DBFFA34510D0484509D80835280040448B
:10D4A800FFF7D2FF0138484508D2671CE6E7A742D4
:10D4B8000BD0631E9A46E1E74845F8D83000F0BC27
:10D4C800BB46B246A946A046F8BD0026F6E7C046C8
:10D4D8000300012808D0022804D00020002B00D126
:10D4E800024870470248FCE70248FAE7051800209E
:10D4F8001D1800201118002030B5214B050085B0FB
:10D508008C1E002B26D0200003A900E000BF0028B5
:10D518001DD003992200FFF7A3FF041E17D0FFF7C1
:10D5280093FF6368A864012B27D0201D002B22DB02
:10D53800FFF78AFF00232B650368E864002B0FDBE5
:10D54800FFF782FF030000202B6105B030BD0023E8
:10D558000920F9E70B4B0C481B1AD9100391D9E79E
:10D568001801000FFFF7B4FF03005A425A4109207F
:10D5780052421040E8E70123DDE700230520E3E7F6
:10D588000000000094C40110E4C00110036810B545
:10D598000400DA0705D49B070AD5503000F0ACFC2C
:10D5A80023685A070AD51A070FD5DB0615D510BD0B
:10D5B800503000F09DFC23685A07F4D42000D8307E
:10D5C80000F09EFC23681A07EFD420005930FF3082
:10D5D80000F09AFC2368DB06E9D42000D930FF303C
:10D5E80000F096FCE3E7C04603000068002800D07E
:10D5F800C01870477047C04670B504000D00200081
:10D60800296CFFF779FF002811D12B6C2A00636180
:10D6180021000120236998470828F0D0072806D15F
:10D628000020296CFFF7E6FF281D00F04BFC00F0F6
:10D6380013FFC046F0B5DE464E4657464546E0B5B0
:10D64800C368314C9946A544836905001600043126
:10D65800402203A89A4600F0B7FE002302937CAB51
:10D668009B4602AC23E0F422236C21006B6152003C
:10D67800584600F0A9FE5A4629002B6940469847AB
:10D688005B469B6B0700A36453462A000193310055
:10D698002B0001200094C84700282CD1F4225946B9
:10D6A8002000520000F090FE0026082F21D128000B
:10D6B800216CFFF721FF0936F3B2071E9846D2D036
:10D6C800A36B1021A36443460B43190053462A0059
:10D6D800019301202B000094C84700280BD1380083
:10D6E800F7239B009D44F0BCBB46B246A946A04622
:10D6F800F0BD072F01D00927F1E73000216CFFF7B3
:10D7080079FF03A800F0DEFB24FCFFFFF0B5CB6B2C
:10D71800FBB005000B640F004022043101A800F0A3
:10D7280053FE01235B426E46009306E03200290057
:10D738002B6998470400082808D12800316CFFF7A6
:10D74800DBFE0028F2D009207BB0F0BD3000FFF7E7
:10D758001DFF062CF7D139002800FFF74DFFC04602
:10D7680010B58261DA6BC1601A6419000022FFF7F4
:10D7780061FF10BD436970B50B64C36804000D00F8
:10D78800002B13D10A0003690100022098470728DB
:10D7980005D008280FD129002000FFF72DFF002011
:10D7A800296CFFF727FF281D00F08CFB0122FFF7EB
:10D7B80041FF00F051FE00F04FFEC046C36810B5AF
:10D7C800002B05D0CB6B00220B64FFF733FF10BD95
:10D7D800FFF79CFF0920FAE77047C04683680100FD
:10D7E80010B5002B01D00120984710BD042908D896
:10D7F80002291AD800290BD0481E431E984101302F
:10D80800704705290FD1436C009A00201360F7E791
:10D81800002B08D10F2A06D8920080184368009A76
:10D8280000201360ECE70220EAE70120E8E7C046A1
:10D8380000B585B003AB0A00009300210023FFF771
:10D84800D5FF039805B000BD042908D802291AD8C5
:10D8580000290BD0481E431E984101307047052906
:10D868000FD1009B1B6843640020F7E7002B08D109
:10D878000F2A06D8009B92001B688018436000207E
:10D88800ECE70220EAE70120E8E7C04600B585B0EA
:10D8980003AB039200930A0000230021FFF7D4FF93
:10D8A80005B000BDF0B5C64600B51B4CD36BA5440A
:10D8B800070013640E0017A8111D402200F084FD14
:10D8C80001235B426D46169316AC13E00C21200031
:10D8D8002A00FFF7DBFF31002000B84700280FD1EE
:10D8E800220029002B69083098478046052809D06E
:10D8F800092805D02800216CFFF7FEFD0028E5D097
:10D90800092398462000FFF741FE404690239B00DC
:10D918009D4480BCB846F0BDC0FDFFFFF0B545464C
:10D9280057464E46DE46E0B50D000321EC6C8BB041
:10D93800160004CC07AF9446B84601400894002B63
:10D9480021D0170C42465772624612040792FF22F2
:10D958003A409200A418022247463A72022900D19E
:10D96800AC6B2A6DD20713D54146300000F076FB28
:10D97800002800D0D6E008200BB0F0BCBB46B24669
:10D98800A946A046F0BD120207927B720322E3E784
:10D9980022689346002AE7D0082202400392002218
:10D9A8000127AA46B146049202910193019B022BDA
:10D9B80048D0238865889B46043453462E009B6CC8
:10D9C8000F214846BE43F618FFF732FF0023864270
:10D9D80005D85B46BB439B1998429B415B42022298
:10D9E8006D0015405A463A401543012D44D0022D8A
:10D9F8002BD0002D00D095E0029A002A02D0002BEF
:10DA080000D0B8E0043423689B46002BCED14E46A4
:10DA18004146300000F022FB002800D082E0049B41
:10DA2800002BA8D00F213000FFF702FF0E210200C3
:10DA38003000FFF72BFF30000F216D4AFFF726FF5C
:10DA4800072099E765680834B7E725686A0052082F
:10DA58009346029A002A49D1002B05D0039B002B3C
:10DA680062D05B46002B5FD0002D00DA04345B46A1
:10DA780001339B00E418C6E7029A002A19D1002B4B
:10DA880015D025686368ED0F9A1C4BD05246583262
:10DA98000692013300D19AE0201DFFF7A5FD2A0068
:10DAA800010006AB504600F087FC002877D1083407
:10DAB800A9E753460D2148461D6AFFF7B9FE85427E
:10DAC800F5D153469B6A9C42F1D155464E462000FB
:10DAD800FFF7BAFC0F2102003000FFF7D7FE300035
:10DAE8002A000021FFF7D2FE072045E753460D2103
:10DAF80048461E6AFFF79CFE8642B5D153469B6A8C
:10DB08009C42B1D153465A469A6252460023D36288
:10DB180004331363231D53632368002B61DB012344
:10DB28000493A4E7092027E75823534405935B4649
:10DB3800261DA34600251C000EE0059B3000069319
:10DB4800FFF752FD0022010006AB504600F034FCFE
:10DB580001350436002835D1A542EED14E460D21B7
:10DB68003000FFF765FE55465C46069B28626B62EF
:10DB78000620AC6200E72000FFF766FC5546043437
:10DB88000700AC6328004E4600F036FC0028C9D0D8
:10DB980030003A000F21FFF779FE0720ECE64E46E9
:10DBA80081460D213000FFF743FE55464B46069F40
:10DBB8002862022B02D1EF622F002C3706206F62F9
:10DBC800AC62D9E623005C469B4625684CE74E4686
:10DBD8000D21300055469246FFF72AFE5746286227
:10DBE800ECE758460130800055464E4620186FE74E
:10DBF8001554011010B50023FFF790FE10BDC04664
:10DC080010B50123FFF78AFE10BDC04610B50223E8
:10DC1800FFF784FE10BDC046F0B54646D6464F46CF
:10DC2800C0B5050014001E00C2B0052907D8A44BD2
:10DC380089005B589F461B19102B00D8B2E00220C0
:10DC480042B0E0BCBA46B146A846F0BD836B002A94
:10DC5800F5D104CB426483630020F1E7002EEED1B6
:10DC6800002301271604826B360C011D38009840EA
:10DC7800064201D001CA086001330431102BF5D1E6
:10DC8800A404E9D40020AA63DAE7032ED7D1140448
:10DC9800160C240C3319102BD1D8082203681A4209
:10DCA80000D0D6E020AF380000F030F9AB6B61004F
:10DCB8009C46F6004A1E00290AD0F61A043EBE19F0
:10DCC8001800006804339851013AF9D2E400A444DA
:10DCD80063463800AB6300F017F90020B0E7130C77
:10DCE80014049846240C012EA5D0052EA7D11F197F
:10DCF800202FA4D80F2B00D88CE0002CACD0042205
:10DD08000368A2461A4204D093430360D83000F057
:10DD1800F9F8E946684600F0F5F8A96B5346474616
:10DD28005C00102F00D21027013C22000023103F76
:10DD3800FF004F44C858F8500433013AFAD204316E
:10DD4800A400091920AF012E00D1A5E04346A9631C
:10DD58000F2B00D8A7E0484600F0D2F800206FE764
:10DD6800002E00D06BE7102A00D968E7102203685C
:10DD78001A4267D120AF380000F0CCF801263900EC
:10DD88000023AA6B30009840044201D001CA086001
:10DD980001330431042BF5D13800AA6300F0B8F838
:10DDA80000204DE74346102B00D148E703681E4288
:10DDB80006D00322280093432B60503000F09AF8D5
:10DDC80020AF380000F096F8A96B002C64D000232F
:10DDD8009A4643466200DC00531E99461A00002307
:10DDE8003C19C858E0500433013AFAD24B46043182
:10DDF8009B0059185346E946002B8FD1012E4BD072
:10DE08004346A9630F2B00D926E7380000F074F8C1
:10DE1800002015E70122110003681940102F1FD8B0
:10DE2800002907D093430222280013432B60503067
:10DE380000F064F820AF380000F060F8002CE4D05F
:10DE4800A96BC4E793430360D930FF3000F062F850
:10DE580090E7934303605930FF3000F057F821E70B
:10DE6800002907D09343022213430360503000F087
:10DE780045F82B685A071AD410235B429A46BA44CD
:10DE880020AF380000F03AF8684600F03BF810245C
:10DE98004346A96BE41A9CE704313800A96300F0F3
:10DEA80027F80020CCE620A800F026F853E7042243
:10DEB800280093432B60D83000F024F8DCE7C046F4
:10DEC800882000200100343138C9043B9C461D607D
:10DED800A646010020313CC990469946A246AB4669
:10DEE80001000831FCC941680068E54600BDC0462C
:10DEF8007047C0467047C0467047C0467047C04626
:10DF08007047C0467047C0467047C0467047C04615
:10DF18007047C0467047C04601B401A801B585B036
:10DF2800FFB408A841464A4653465C4665463EC08B
:10DF380001A83EC80F98009000230CB401A9FFF770
:10DF4800E5FB109B12B0184701B401A801B585B0D4
:10DF5800FFB408A841464A4653465C4665463EC05B
:10DF680001A83EC80F98009000230CB401A9FFF740
:10DF780001FC109B12B0184701B401A801B585B087
:10DF8800FFB408A841464A4653465C4665463EC02B
:10DF980001A83EC80F98009000230CB401A9FFF710
:10DFA8000DFC109B12B0184701B401A801B585B04B
:10DFB800FFB408A841464A4653465C4665463EC0FB
:10DFC80001A83EC80F98009000230CB401ABFFF7DE
:10DFD800C7FB109B12B0184701B401A801B585B062
:10DFE800FFB408A841464A4653465C4665463EC0CB
:10DFF80001A83EC80F98009000230CB401AAFFF7AF
:10E0080051FC109B12B01847027A0300002A0BD16A
:10E01800427A002A0FD0013A42724268111D4160CB
:10E0280003211268017202E0013A02720268100EBE
:10E0380012021A607047B020FCE7C04600B585B0F0
:10E0480003AB00930C2200230021FFF7CFFB0398BA
:10E0580005B000BD10B5FFF7F1FF10BDF0B5002306
:10E06800454657464E46DE469846E0B506000D0042
:10E078000F2785B02800FFF7C7FF0400B02800D19C
:10E0880028E1030637D50300BB43DBB2A02B00D140
:10E098008DE012D8802B69D0902B24D10D2303401A
:10E0A8000D2B20D00F2202AC0240002300213000AB
:10E0B8000094FFF79BFB009433E0B02B6DD0C02B8E
:10E0C80039D0072203009343DBB2D02B0BD1802336
:10E0D800024001321B031A43012105233000FFF7D8
:10E0E8009BFD0028C6D0092005B0F0BCBB46B2464F
:10E0F800A946A046F0BDFF238200134004339A4688
:10E1080002AB0D2200939946002100233000FFF74F
:10E118006DFB5346029A9B18640609D402934B463A
:10E12800009300230D2200213000FFF78DFBA1E7AB
:10E138005346D31AF2E7C62800D1ACE0C72800D16D
:10E14800CDE0F8230340C02B00D1DAE0C82800D185
:10E15800DDE0C928C7D12800FFF756FFF0220303E6
:10E16800120313400F2202400132B4E704022800D0
:10E17800FFF74AFF802304431B029C42B3D02405C7
:10E18800002300213000220CFFF746FD0028AAD109
:10E198004346E40F234398466CE703004F33DBB252
:10E1A800042B00D98BE0694A9B00D3589F46FF2176
:10E1B800072309010A0083431A410A40240702D5AC
:10E1C8008023DB011A43002300213000FFF724FDE0
:10E1D800002800D14EE786E7002300220521300001
:10E1E800FFF71AFD002800D144E77CE72800FFF775
:10E1F8000BFFF0220303120313400F2202400132E7
:10E208001A43012101233000FFF706FD002800D141
:10E2180030E768E702AB0D220021009399463000F1
:10E228000023FFF7E3FA2800FFF7EEFE43B2029C53
:10E23800002B00DB87E002239A467D339B465B4632
:10E2480018405346984007239C46241828000294F7
:10E25800E244FFF7D9FE43B2002BF0DB5346984067
:10E2680081239B009C464B4664440019029000930E
:10E2780057E72800FFF7C8FE431EDBB202000E2B4B
:10E28800A1D930E703AB00930D2200230021300011
:10E29800FFF7ACFAEEE62800FFF7B6FEF02203031C
:10E2A800120313400F22024001321A4303210323B1
:10E2B8003000FFF7B1FC002800D1DBE613E7FC23B0
:10E2C8000340B42B00D10EE707238022034001331B
:10E2D800120395E74346002B25D0002004E72800C9
:10E2E800FFF792FE431EDBB202000E2B00D9FAE6BE
:10E2F800002304213000FFF78FFC002800D1B9E685
:10E30800F1E6A022B13B034001331203CDE7280018
:10E31800FFF77AFE0F2302009A43D2B2103203406D
:10E3280012030133D7E602AC0E220021300000941C
:10E33800FFF75CFA00230F22002130000094FFF75A
:10E3480083FA0020D0E602239A4687E7A02000201F
:10E35800030010B5DA6C84B05368080008320292E2
:10E36800032201A91C021B0E01940A724B72FFF7CB
:10E3780075FE04B010BDC04610B5FFF76BFE806C8B
:10E3880010BDC04610B5FFF765FEC06CC3799B0091
:10E398000833C01810BDC04610B500F05DF810B5C0
:10E3A800FFF7FAFF0000000001B40248844601BCF0
:10E3B800604700BF5566001001B40248844601BC9E
:10E3C800604700BF49CA001001B40248844601BC36
:10E3D800604700BF297C001001B40248844601BC94
:10E3E800604700BFDD6A001001B40248844601BCE2
:10E3F800604700BF35A6001001B40248844601BC3E
:10E40800604700BF09CB001001B40248844601BC34
:10E41800604700BF5979001001B40248844601BC26
:10E42800604700BF6955001001B40248844601BC2A
:10E43800604700BF1D7C001001B40248844601BC3F
:10E44800604700BF2565001001B40248844601BC3E
:10E45800604700BF7555001001B40248844601BCEE
:10E46800604700BF5157011001B40248844601BCFF
:10E47800604700BF95C000106C180020EE180020FF
:10E488004E1800209A180020701900205C180020EF
:10E49800821E0020241E0020FC1D0020E81D0020F4
:10E4A800941E0020C092011010000000000000001F
:10E4B8000000010000000000000000000000020051
:10E4C8000000000000000000000003000000000041
:10E4D800000000000000FF000000000001B54868CF
:10E4E80001318E460047704609380149884701BD09
:10E4F800A55B001000000000000000000000000004
:10E5080000000000000000001027002000000000AC
:10E51800503300004C3300005433000052330000E5
:10E528004D5300004D4300005334000043340000B5
:10E53800F59D0010A99D00101D9D0010959C0010D0
:10E5480000000000000100003C30002010000C001A
:10E5580000000000000000000000000000000000B3
:10E5680000000000FF000000004004400000000020
:10E57800DDD20010EDD40010FFFFFFFF0000020005
:10E5880000000000000000009021002090210020E1
:10E598009821002098210020A0210020A0210020FF
:10E5A800A8210020A8210020B0210020B0210020AF
:10E5B800B8210020B8210020C0210020C02100205F
:10E5C800C8210020C8210020D0210020D02100200F
:10E5D800D8210020D8210020E0210020E0210020BF
:10E5E800E8210020E8210020F0210020F02100206F
:10E5F800F8210020F821002000220020002200201D
:10E6080008220020082200201022002010220020CA
:10E61800182200201822002020220020202200207A
:10E62800282200202822002030220020302200202A
:10E6380038220020382200204022002040220020DA
:10E64800482200204822002050220020502200208A
:10E65800582200205822002060220020602200203A
:10E6680068220020682200207022002070220020EA
:10E67800782200207822002080220020802200209A
:10E68800882200208822002090220020902200204A
:10E698009822002098220020A0220020A0220020FA
:10E6A800A8220020A8220020B0220020B0220020AA
:10E6B800B8220020B8220020C0220020C02200205A
:10E6C800C8220020C8220020D0220020D02200200A
:10E6D800D8220020D8220020E0220020E0220020BA
:10E6E800E8220020E8220020F0220020F02200206A
:10E6F800F8220020F8220020002300200023002018
:10E7080008230020082300201023002010230020C5
:10E718001823002018230020202300202023002075
:10E728002823002028230020302300203023002025
:10E7380038230020382300204023002040230020D5
:10E748004823002048230020502300205023002085
:10E758005823002058230020602300206023002035
:10E7680068230020682300207023002070230020E5
:10E778007823002078230020802300208023002095
:10E788008823002088230020902300209023002045
:10E798009823002098230020A0230020A0230020F5
:10E7A800A8230020A8230020B0230020B0230020A5
:10E7B800B8230020B8230020C0230020C023002055
:10E7C800C8230020C8230020D0230020D023002005
:10E7D800D8230020D8230020E0230020E0230020B5
:10E7E800E8230020E8230020F0230020F023002065
:10E7F800F8230020F8230020002400200024002013
:10E8080008240020082400201024002010240020C0
:10E818001824002018240020202400202024002070
:10E828002824002028240020302400203024002020
:10E8380038240020382400204024002040240020D0
:10E848004824002048240020502400205024002080
:10E858005824002058240020602400206024002030
:10E8680068240020682400207024002070240020E0
:10E878007824002078240020802400208024002090
:10E888008824002088240020902400209024002040
:10E898009824002098240020A0240020A0240020F0
:10E8A800A8240020A8240020B0240020B0240020A0
:10E8B800B8240020B8240020C0240020C024002050
:10E8C800C8240020C8240020D0240020D024002000
:10E8D800D8240020D8240020E0240020E0240020B0
:10E8E800E8240020E8240020F0240020F024002060
:10E8F800F8240020F824002000250020002500200E
:10E9080008250020082500201025002010250020BB
:10E91800182500201825002020250020202500206B
:10E92800282500202825002030250020302500201B
:10E9380038250020382500204025002040250020CB
:10E94800482500204825002050250020502500207B
:10E95800582500205825002060250020602500202B
:10E9680068250020682500207025002070250020DB
:10E97800782500207825002080250020802500208B
:10E988008825002088250020A02500200000000000
:10E9980000000000F42C00205C2D0020C42D002075
:10E9A800000000000000000000000000000000005F
:10E9B800000000000000000000000000000000004F
:10E9C800000000000000000000000000000000003F
:10E9D800000000000000000000000000000000002F
:10E9E800000000000000000000000000000000001F
:10E9F800000000000000000000000000000000000F
:10EA080000000000000000000000000000000000FE
:10EA180000000000000000000000000000000000EE
:10EA280000000000000000000100000000000000DD
:10EA38000E33CDAB34126DE6ECDE05000B000000A2
:10EA480000000000000000000000000000000000BE
:10EA580000000000000000000000000000000000AE
:10EA6800000000000000000000000000000000009E
:10EA7800000000000000000000000000000000008E
:10EA8800000000000000000000000000000000007E
:10EA9800000000000000000000000000000000006E
:10EAA800000000000000000000000000000000005E
:10EAB800000000000000000000000000000000004E
:10EAC800000000000000000000000000000000003E
:10EAD800F03A00200000000003000000F42C0020A1
:10EAE800000000000000000000000000000000001E
:04000005100001E9FD
:00000001FF
